date,item,store,sales,predicted_sales
2015-06-04,HOBBIES_1_001,CA_1,0.0,0.06377805013333768
2015-06-04,HOBBIES_1_001,CA_1,0.0,0.06377805013333768
2015-06-05,HOBBIES_1_001,CA_1,0.0,0.08671628461273806
2015-06-05,HOBBIES_1_001,CA_1,0.0,0.08671628461273806
2015-06-06,HOBBIES_1_001,CA_1,0.0,0.1050550723814981
2015-06-06,HOBBIES_1_001,CA_1,0.0,0.1050550723814981
2015-06-07,HOBBIES_1_001,CA_1,1.0,0.1050550723814981
2015-06-07,HOBBIES_1_001,CA_1,1.0,0.7732388791235649
2015-06-08,HOBBIES_1_001,CA_1,1.0,0.6549225356212229
2015-06-08,HOBBIES_1_001,CA_1,1.0,0.6614719081454156
2015-06-09,HOBBIES_1_001,CA_1,0.0,0.6606217920766211
2015-06-09,HOBBIES_1_001,CA_1,0.0,0.11001926048971902
2015-06-10,HOBBIES_1_001,CA_1,0.0,0.11001926048971902
2015-06-10,HOBBIES_1_001,CA_1,0.0,0.11409755476912603
2015-06-11,HOBBIES_1_001,CA_1,0.0,0.11991548928452117
2015-06-11,HOBBIES_1_001,CA_1,0.0,0.11991548928452117
2015-06-12,HOBBIES_1_001,CA_1,0.0,0.17088920135876579
2015-06-12,HOBBIES_1_001,CA_1,0.0,0.11262256092736005
2015-06-13,HOBBIES_1_001,CA_1,0.0,0.13485265549160044
2015-06-13,HOBBIES_1_001,CA_1,0.0,0.13485265549160044
2015-06-14,HOBBIES_1_001,CA_1,0.0,0.13485265549160044
2015-06-14,HOBBIES_1_001,CA_1,0.0,0.13485265549160044
2015-06-15,HOBBIES_1_001,CA_1,0.0,0.08785753159136596
2015-06-15,HOBBIES_1_001,CA_1,0.0,0.08785753159136596
2015-06-16,HOBBIES_1_001,CA_1,0.0,0.08968432644795966
2015-06-16,HOBBIES_1_001,CA_1,0.0,0.08968432644795966
2015-06-17,HOBBIES_1_001,CA_1,0.0,0.0928253500379667
2015-06-17,HOBBIES_1_001,CA_1,0.0,0.0928253500379667
2015-06-18,HOBBIES_1_001,CA_1,1.0,0.08968432644795966
2015-06-18,HOBBIES_1_001,CA_1,1.0,0.6885121644126962
2015-06-19,HOBBIES_1_001,CA_1,3.0,0.7403595273805489
2015-06-19,HOBBIES_1_001,CA_1,3.0,2.0487097858876804
2015-06-20,HOBBIES_1_001,CA_1,1.0,2.045411047753226
2015-06-20,HOBBIES_1_001,CA_1,1.0,0.7979921414194341
2015-06-21,HOBBIES_1_001,CA_1,1.0,0.8200901314373806
2015-06-21,HOBBIES_1_001,CA_1,1.0,0.8241684257167876
2015-06-22,HOBBIES_1_001,CA_1,0.0,0.692886780529308
2015-06-22,HOBBIES_1_001,CA_1,0.0,0.13012645445972343
2015-06-23,HOBBIES_1_001,CA_1,1.0,0.09926024231106424
2015-06-23,HOBBIES_1_001,CA_1,1.0,0.7156420684474015
2015-06-24,HOBBIES_1_001,CA_1,1.0,0.7310698981046414
2015-06-24,HOBBIES_1_001,CA_1,1.0,0.7310698981046414
2015-06-25,HOBBIES_1_001,CA_1,0.0,0.7310698981046414
2015-06-25,HOBBIES_1_001,CA_1,0.0,0.17638907223833286
2015-06-26,HOBBIES_1_001,CA_1,0.0,0.3076069576369549
2015-06-26,HOBBIES_1_001,CA_1,0.0,0.3116852519163619
2015-06-27,HOBBIES_1_001,CA_1,0.0,0.27170412615128403
2015-06-27,HOBBIES_1_001,CA_1,0.0,0.27170412615128403
2015-06-28,HOBBIES_1_001,CA_1,1.0,0.2841066462453918
2015-06-28,HOBBIES_1_001,CA_1,1.0,0.941747915198181
2015-06-29,HOBBIES_1_001,CA_1,1.0,0.7980212416573848
2015-06-29,HOBBIES_1_001,CA_1,1.0,0.7980212416573848
2015-06-30,HOBBIES_1_001,CA_1,2.0,0.7971711255885903
2015-06-30,HOBBIES_1_001,CA_1,2.0,1.2812594694298638
2015-07-01,HOBBIES_1_001,CA_1,0.0,1.2812594694298638
2015-07-01,HOBBIES_1_001,CA_1,0.0,0.30477223337432796
2015-07-02,HOBBIES_1_001,CA_1,0.0,0.31458341732504175
2015-07-02,HOBBIES_1_001,CA_1,0.0,0.31458341732504175
2015-07-03,HOBBIES_1_001,CA_1,0.0,0.4694926475132167
2015-07-03,HOBBIES_1_001,CA_1,0.0,0.3796461409949423
2015-07-04,HOBBIES_1_001,CA_1,1.0,0.27837428651199075
2015-07-04,HOBBIES_1_001,CA_1,1.0,0.88133706912633
2015-07-05,HOBBIES_1_001,CA_1,0.0,0.8720755726222293
2015-07-05,HOBBIES_1_001,CA_1,0.0,0.2774370158225908
2015-07-06,HOBBIES_1_001,CA_1,2.0,0.17723918830712726
2015-07-06,HOBBIES_1_001,CA_1,2.0,1.2593294896532923
2015-07-07,HOBBIES_1_001,CA_1,1.0,1.2877825403372063
2015-07-07,HOBBIES_1_001,CA_1,1.0,0.7847146505581738
2015-07-08,HOBBIES_1_001,CA_1,0.0,0.7680341207392645
2015-07-08,HOBBIES_1_001,CA_1,0.0,0.17190994109557728
2015-07-09,HOBBIES_1_001,CA_1,1.0,0.1333625891588862
2015-07-09,HOBBIES_1_001,CA_1,1.0,0.7389847839886569
2015-07-10,HOBBIES_1_001,CA_1,1.0,0.8248011984329914
2015-07-10,HOBBIES_1_001,CA_1,1.0,0.8678276815124378
2015-07-11,HOBBIES_1_001,CA_1,0.0,0.9702710918145625
2015-07-11,HOBBIES_1_001,CA_1,0.0,0.4103239812935173
2015-07-12,HOBBIES_1_001,CA_1,0.0,0.4201351652442311
2015-07-12,HOBBIES_1_001,CA_1,0.0,0.3927490406200424
2015-07-13,HOBBIES_1_001,CA_1,0.0,0.2947527032428545
2015-07-13,HOBBIES_1_001,CA_1,0.0,0.23654536434213475
2015-07-14,HOBBIES_1_001,CA_1,1.0,0.20849900507795646
2015-07-14,HOBBIES_1_001,CA_1,1.0,0.755023242385451
2015-07-15,HOBBIES_1_001,CA_1,1.0,0.7328095383406296
2015-07-15,HOBBIES_1_001,CA_1,1.0,0.7328095383406296
2015-07-16,HOBBIES_1_001,CA_1,1.0,0.7269916038252344
2015-07-16,HOBBIES_1_001,CA_1,1.0,0.7779329727886963
2015-07-17,HOBBIES_1_001,CA_1,3.0,0.8207229041535844
2015-07-17,HOBBIES_1_001,CA_1,3.0,1.8594079260041547
2015-07-18,HOBBIES_1_001,CA_1,1.0,2.0967687701416327
2015-07-18,HOBBIES_1_001,CA_1,1.0,0.9730177312888063
2015-07-19,HOBBIES_1_001,CA_1,1.0,0.9663475709280995
2015-07-19,HOBBIES_1_001,CA_1,1.0,0.9663475709280995
2015-07-20,HOBBIES_1_001,CA_1,0.0,0.8571812271268193
2015-07-20,HOBBIES_1_001,CA_1,0.0,0.3128856340529982
2015-07-21,HOBBIES_1_001,CA_1,0.0,0.3178534524995989
2015-07-21,HOBBIES_1_001,CA_1,0.0,0.29922781278981003
2015-07-22,HOBBIES_1_001,CA_1,2.0,0.2952345633544914
2015-07-22,HOBBIES_1_001,CA_1,2.0,1.3283642467887178
2015-07-23,HOBBIES_1_001,CA_1,0.0,1.3381754307394316
2015-07-23,HOBBIES_1_001,CA_1,0.0,0.3535316061250814
2015-07-24,HOBBIES_1_001,CA_1,1.0,0.4942081549926394
2015-07-24,HOBBIES_1_001,CA_1,1.0,0.9906465190636056
2015-07-25,HOBBIES_1_001,CA_1,0.0,0.9622692766486926
2015-07-25,HOBBIES_1_001,CA_1,0.0,0.42975788010815613
2015-07-26,HOBBIES_1_001,CA_1,0.0,0.4727843631876028
2015-07-26,HOBBIES_1_001,CA_1,0.0,0.4745240034235909
2015-07-27,HOBBIES_1_001,CA_1,0.0,0.34457053824316203
2015-07-27,HOBBIES_1_001,CA_1,0.0,0.34864883252256906
2015-07-28,HOBBIES_1_001,CA_1,2.0,0.3758303550139913
2015-07-28,HOBBIES_1_001,CA_1,2.0,1.3729339257042217
2015-07-29,HOBBIES_1_001,CA_1,0.0,1.3507776662789337
2015-07-29,HOBBIES_1_001,CA_1,0.0,0.3702121359439907
2015-07-30,HOBBIES_1_001,CA_1,0.0,0.3535316061250814
2015-07-30,HOBBIES_1_001,CA_1,0.0,0.295149518510403
2015-07-31,HOBBIES_1_001,CA_1,0.0,0.40703226561913103
2015-07-31,HOBBIES_1_001,CA_1,0.0,0.32143880209422243
2015-08-01,HOBBIES_1_001,CA_1,4.0,0.2815153101019978
2015-08-01,HOBBIES_1_001,CA_1,4.0,2.939142011449828
2015-08-02,HOBBIES_1_001,CA_1,2.0,2.724469181712663
2015-08-02,HOBBIES_1_001,CA_1,2.0,1.5390285216395543
2015-08-03,HOBBIES_1_001,CA_1,1.0,1.2452719770229084
2015-08-03,HOBBIES_1_001,CA_1,1.0,0.7819875604527121
2015-08-04,HOBBIES_1_001,CA_1,0.0,0.794540175384502
2015-08-04,HOBBIES_1_001,CA_1,0.0,0.3093348392312598
2015-08-05,HOBBIES_1_001,CA_1,0.0,0.3178534524995989
2015-08-05,HOBBIES_1_001,CA_1,0.0,0.31458341732504175
2015-08-06,HOBBIES_1_001,CA_1,0.0,0.28941662883909625
2015-08-06,HOBBIES_1_001,CA_1,0.0,0.2952345633544914
2015-08-07,HOBBIES_1_001,CA_1,0.0,0.380524843452988
2015-08-07,HOBBIES_1_001,CA_1,0.0,0.2907937841179868
2015-08-08,HOBBIES_1_001,CA_1,2.0,0.4531397855385992
2015-08-08,HOBBIES_1_001,CA_1,2.0,1.692284431245435
2015-08-09,HOBBIES_1_001,CA_1,1.0,1.627978723174656
2015-08-09,HOBBIES_1_001,CA_1,1.0,1.0610306621345078
2015-08-10,HOBBIES_1_001,CA_1,0.0,0.7882797862555266
2015-08-10,HOBBIES_1_001,CA_1,0.0,0.2957261206483202
2015-08-11,HOBBIES_1_001,CA_1,1.0,0.3105051230456347
2015-08-11,HOBBIES_1_001,CA_1,1.0,0.807137082932248
2015-08-12,HOBBIES_1_001,CA_1,1.0,0.7973258989815343
2015-08-12,HOBBIES_1_001,CA_1,1.0,0.8403523820609807
2015-08-13,HOBBIES_1_001,CA_1,0.0,0.8403523820609807
2015-08-13,HOBBIES_1_001,CA_1,0.0,0.3437204221743676
2015-08-14,HOBBIES_1_001,CA_1,0.0,0.40679699822804266
2015-08-14,HOBBIES_1_001,CA_1,0.0,0.4108752925074497
2015-08-15,HOBBIES_1_001,CA_1,0.0,0.6116338219520621
2015-08-15,HOBBIES_1_001,CA_1,0.0,0.5532517343373837
2015-08-16,HOBBIES_1_001,CA_1,1.0,0.29391783019610557
2015-08-16,HOBBIES_1_001,CA_1,1.0,0.884478092716337
2015-08-17,HOBBIES_1_001,CA_1,2.0,0.7376529038447427
2015-08-17,HOBBIES_1_001,CA_1,2.0,1.269140673604006
2015-08-18,HOBBIES_1_001,CA_1,1.0,1.2459982731779862
2015-08-18,HOBBIES_1_001,CA_1,1.0,0.7349064897092499
2015-08-19,HOBBIES_1_001,CA_1,1.0,0.7541446425091438
2015-08-19,HOBBIES_1_001,CA_1,1.0,0.7582229367885508
2015-08-20,HOBBIES_1_001,CA_1,0.0,0.7582229367885508
2015-08-20,HOBBIES_1_001,CA_1,0.0,0.24639014575964968
2015-08-21,HOBBIES_1_001,CA_1,0.0,0.30946672181332463
2015-08-21,HOBBIES_1_001,CA_1,0.0,0.3524932048927713
2015-08-22,HOBBIES_1_001,CA_1,2.0,0.4300313940390333
2015-08-22,HOBBIES_1_001,CA_1,2.0,1.566164656136128
2015-08-23,HOBBIES_1_001,CA_1,0.0,1.566164656136128
2015-08-23,HOBBIES_1_001,CA_1,0.0,0.38867074634063536
2015-08-24,HOBBIES_1_001,CA_1,2.0,0.27504529049733856
2015-08-24,HOBBIES_1_001,CA_1,2.0,1.248276089782352
2015-08-25,HOBBIES_1_001,CA_1,2.0,1.2910706533805774
2015-08-25,HOBBIES_1_001,CA_1,2.0,1.2951489476599847
2015-08-26,HOBBIES_1_001,CA_1,0.0,1.2951489476599847
2015-08-26,HOBBIES_1_001,CA_1,0.0,0.3105051230456347
2015-08-27,HOBBIES_1_001,CA_1,0.0,0.3006939390949209
2015-08-27,HOBBIES_1_001,CA_1,0.0,0.30477223337432796
2015-08-28,HOBBIES_1_001,CA_1,0.0,0.367848809428003
2015-08-28,HOBBIES_1_001,CA_1,0.0,0.4108752925074497
2015-08-29,HOBBIES_1_001,CA_1,1.0,0.5343372001093663
2015-08-29,HOBBIES_1_001,CA_1,1.0,1.0792511167440106
2015-08-30,HOBBIES_1_001,CA_1,1.0,1.0209248781942484
2015-08-30,HOBBIES_1_001,CA_1,1.0,1.0209248781942484
2015-08-31,HOBBIES_1_001,CA_1,0.0,0.8577979831045961
2015-08-31,HOBBIES_1_001,CA_1,0.0,0.36524431749739
2015-09-01,HOBBIES_1_001,CA_1,2.0,0.3118300483293123
2015-09-01,HOBBIES_1_001,CA_1,2.0,1.3118294774788943
2015-09-02,HOBBIES_1_001,CA_1,0.0,1.2951489476599847
2015-09-02,HOBBIES_1_001,CA_1,0.0,0.25620132971036336
2015-09-03,HOBBIES_1_001,CA_1,1.0,0.28941662883909625
2015-09-03,HOBBIES_1_001,CA_1,1.0,0.8171397684508708
2015-09-04,HOBBIES_1_001,CA_1,1.0,0.8692845298155044
2015-09-04,HOBBIES_1_001,CA_1,1.0,0.8733628240949114
2015-09-05,HOBBIES_1_001,CA_1,2.0,0.9761587548788133
2015-09-05,HOBBIES_1_001,CA_1,2.0,1.5390285216395543
2015-09-06,HOBBIES_1_001,CA_1,0.0,1.5292173376888407
2015-09-06,HOBBIES_1_001,CA_1,0.0,0.42975788010815613
2015-09-07,HOBBIES_1_001,CA_1,1.0,0.3193463977230854
2015-09-07,HOBBIES_1_001,CA_1,1.0,0.8119000633302916
2015-09-08,HOBBIES_1_001,CA_1,0.0,0.8238176127511573
2015-09-08,HOBBIES_1_001,CA_1,0.0,0.2728818595292727
2015-09-09,HOBBIES_1_001,CA_1,0.0,0.267410873404437
2015-09-09,HOBBIES_1_001,CA_1,0.0,0.2691505136404251
2015-09-10,HOBBIES_1_001,CA_1,0.0,0.2691505136404251
2015-09-10,HOBBIES_1_001,CA_1,0.0,0.2732288079198321
2015-09-11,HOBBIES_1_001,CA_1,2.0,0.33924924059867845
2015-09-11,HOBBIES_1_001,CA_1,2.0,1.4618443081411658
2015-09-12,HOBBIES_1_001,CA_1,1.0,1.6377899071253699
2015-09-12,HOBBIES_1_001,CA_1,1.0,1.0708418460852216
2015-09-13,HOBBIES_1_001,CA_1,0.0,0.9720804605994063
2015-09-13,HOBBIES_1_001,CA_1,0.0,0.37710868216478444
2015-09-14,HOBBIES_1_001,CA_1,1.0,0.23734403303364188
2015-09-14,HOBBIES_1_001,CA_1,1.0,0.7732237612042306
2015-09-15,HOBBIES_1_001,CA_1,1.0,0.807137082932248
2015-09-15,HOBBIES_1_001,CA_1,1.0,0.8310292466809915
2015-09-16,HOBBIES_1_001,CA_1,2.0,0.8012494198679972
2015-09-16,HOBBIES_1_001,CA_1,2.0,1.2812594694298638
2015-09-17,HOBBIES_1_001,CA_1,0.0,1.2910706533805774
2015-09-17,HOBBIES_1_001,CA_1,0.0,0.31458341732504175
2015-09-18,HOBBIES_1_001,CA_1,0.0,0.43339489578508544
2015-09-18,HOBBIES_1_001,CA_1,0.0,0.37501280817040705
2015-09-19,HOBBIES_1_001,CA_1,0.0,0.42421345952363815
2015-09-19,HOBBIES_1_001,CA_1,0.0,0.3927490406200424
2015-09-20,HOBBIES_1_001,CA_1,0.0,0.27170412615128403
2015-09-20,HOBBIES_1_001,CA_1,0.0,0.2258400058139863
2015-09-21,HOBBIES_1_001,CA_1,0.0,0.16403852729069351
2015-09-21,HOBBIES_1_001,CA_1,0.0,0.16403852729069351
2015-09-22,HOBBIES_1_001,CA_1,0.0,0.15919516178658058
2015-09-22,HOBBIES_1_001,CA_1,0.0,0.15919516178658058
2015-09-23,HOBBIES_1_001,CA_1,0.0,0.17587569160549002
2015-09-23,HOBBIES_1_001,CA_1,0.0,0.17587569160549002
2015-09-24,HOBBIES_1_001,CA_1,1.0,0.15605413819657354
2015-09-24,HOBBIES_1_001,CA_1,1.0,0.7420710348447302
2015-09-25,HOBBIES_1_001,CA_1,0.0,0.8091989839357839
2015-09-25,HOBBIES_1_001,CA_1,0.0,0.24563610328918026
2015-09-26,HOBBIES_1_001,CA_1,1.0,0.2359863395208048
2015-09-26,HOBBIES_1_001,CA_1,1.0,0.8306248963204437
2015-09-27,HOBBIES_1_001,CA_1,0.0,0.8149957778543347
2015-09-27,HOBBIES_1_001,CA_1,0.0,0.22443551533410305
2015-09-28,HOBBIES_1_001,CA_1,1.0,0.149677990235462
2015-09-28,HOBBIES_1_001,CA_1,1.0,0.696202227542957
2015-09-29,HOBBIES_1_001,CA_1,0.0,0.6953521114741625
2015-09-29,HOBBIES_1_001,CA_1,0.0,0.1488278741666676
2015-09-30,HOBBIES_1_001,CA_1,3.0,0.15464580868206274
2015-09-30,HOBBIES_1_001,CA_1,3.0,1.9521214656246857
2015-10-01,HOBBIES_1_001,CA_1,1.0,1.704210267790224
2015-10-01,HOBBIES_1_001,CA_1,1.0,0.6726155853679551
2015-10-02,HOBBIES_1_001,CA_1,1.0,0.7546216766696355
2015-10-02,HOBBIES_1_001,CA_1,1.0,0.7505433823902286
2015-10-03,HOBBIES_1_001,CA_1,0.0,0.813419971076674
2015-10-03,HOBBIES_1_001,CA_1,0.0,0.22612974373099953
2015-10-04,HOBBIES_1_001,CA_1,1.0,0.22612974373099953
2015-10-04,HOBBIES_1_001,CA_1,1.0,0.9276057548680852
2015-10-05,HOBBIES_1_001,CA_1,1.0,0.7962816014213966
2015-10-05,HOBBIES_1_001,CA_1,1.0,0.7962816014213966
2015-10-06,HOBBIES_1_001,CA_1,2.0,0.8012494198679972
2015-10-06,HOBBIES_1_001,CA_1,2.0,1.2812594694298638
2015-10-07,HOBBIES_1_001,CA_1,0.0,1.3107294190603453
2015-10-07,HOBBIES_1_001,CA_1,0.0,0.3433178336007523
2015-10-08,HOBBIES_1_001,CA_1,0.0,0.31458341732504175
2015-10-08,HOBBIES_1_001,CA_1,0.0,0.31458341732504175
2015-10-09,HOBBIES_1_001,CA_1,0.0,0.4108752925074497
2015-10-09,HOBBIES_1_001,CA_1,0.0,0.4108752925074497
2015-10-10,HOBBIES_1_001,CA_1,0.0,0.48841348165371173
2015-10-10,HOBBIES_1_001,CA_1,0.0,0.3841672737017356
2015-10-11,HOBBIES_1_001,CA_1,1.0,0.3743560897510218
2015-10-11,HOBBIES_1_001,CA_1,1.0,1.004381895006939
2015-10-12,HOBBIES_1_001,CA_1,1.0,0.8566661866457264
2015-10-12,HOBBIES_1_001,CA_1,1.0,0.8566661866457264
2015-10-13,HOBBIES_1_001,CA_1,0.0,0.8529546176004832
2015-10-13,HOBBIES_1_001,CA_1,0.0,0.36040095199327693
2015-10-14,HOBBIES_1_001,CA_1,0.0,0.40233777718013447
2015-10-14,HOBBIES_1_001,CA_1,0.0,0.32602822841020374
2015-10-15,HOBBIES_1_001,CA_1,0.0,0.19609648498384874
2015-10-15,HOBBIES_1_001,CA_1,0.0,0.19609648498384874
2015-10-16,HOBBIES_1_001,CA_1,0.0,0.262116917662695
2015-10-16,HOBBIES_1_001,CA_1,0.0,0.18842244757404952
2015-10-17,HOBBIES_1_001,CA_1,3.0,0.18438932951220033
2015-10-17,HOBBIES_1_001,CA_1,3.0,2.3223478508811715
2015-10-18,HOBBIES_1_001,CA_1,0.0,2.1318558025707275
2015-10-18,HOBBIES_1_001,CA_1,0.0,0.27346840368282216
2015-10-19,HOBBIES_1_001,CA_1,1.0,0.13820595466299915
2015-10-19,HOBBIES_1_001,CA_1,1.0,0.688808486249901
2015-10-20,HOBBIES_1_001,CA_1,0.0,0.6937763046965016
2015-10-20,HOBBIES_1_001,CA_1,0.0,0.1505221025635641
2015-10-21,HOBBIES_1_001,CA_1,0.0,0.14228672539051107
2015-10-21,HOBBIES_1_001,CA_1,0.0,0.140756330451942
2015-10-22,HOBBIES_1_001,CA_1,0.0,0.140756330451942
2015-10-22,HOBBIES_1_001,CA_1,0.0,0.14483462473134906
2015-10-23,HOBBIES_1_001,CA_1,0.0,0.2108550574101954
2015-10-23,HOBBIES_1_001,CA_1,0.0,0.1525884169787898
2015-10-24,HOBBIES_1_001,CA_1,1.0,0.261989302326084
2015-10-24,HOBBIES_1_001,CA_1,1.0,0.9277634013263242
2015-10-25,HOBBIES_1_001,CA_1,1.0,0.8720755726222293
2015-10-25,HOBBIES_1_001,CA_1,1.0,0.8720755726222293
2015-10-26,HOBBIES_1_001,CA_1,1.0,0.7318349693293476
2015-10-26,HOBBIES_1_001,CA_1,1.0,0.7318349693293476
2015-10-27,HOBBIES_1_001,CA_1,0.0,0.683965120745788
2015-10-27,HOBBIES_1_001,CA_1,0.0,0.13744088343829328
2015-10-28,HOBBIES_1_001,CA_1,1.0,0.18046736651773992
2015-10-28,HOBBIES_1_001,CA_1,1.0,0.7310698981046414
2015-10-29,HOBBIES_1_001,CA_1,0.0,0.7310698981046414
2015-10-29,HOBBIES_1_001,CA_1,0.0,0.18046736651773992
2015-10-30,HOBBIES_1_001,CA_1,2.0,0.23990321361787367
2015-10-30,HOBBIES_1_001,CA_1,2.0,1.413548855428032
2015-10-31,HOBBIES_1_001,CA_1,0.0,1.5399634818373045
2015-10-31,HOBBIES_1_001,CA_1,0.0,0.30707220795817924
2015-11-01,HOBBIES_1_001,CA_1,0.0,0.2658861916358889
2015-11-01,HOBBIES_1_001,CA_1,0.0,0.26180789735648186
2015-11-02,HOBBIES_1_001,CA_1,0.0,0.1812324377424458
2015-11-02,HOBBIES_1_001,CA_1,0.0,0.16988290236461293
2015-11-03,HOBBIES_1_001,CA_1,0.0,0.14483462473134906
2015-11-03,HOBBIES_1_001,CA_1,0.0,0.11774448548479453
2015-11-04,HOBBIES_1_001,CA_1,2.0,0.11774448548479453
2015-11-04,HOBBIES_1_001,CA_1,2.0,1.3278615455016303
2015-11-05,HOBBIES_1_001,CA_1,0.0,1.2890247562574328
2015-11-05,HOBBIES_1_001,CA_1,0.0,0.17638907223833286
2015-11-06,HOBBIES_1_001,CA_1,0.0,0.28574188722943994
2015-11-06,HOBBIES_1_001,CA_1,0.0,0.28574188722943994
2015-11-07,HOBBIES_1_001,CA_1,0.0,0.27161908130719564
2015-11-07,HOBBIES_1_001,CA_1,0.0,0.2756973755866027
2015-11-08,HOBBIES_1_001,CA_1,0.0,0.2815153101019978
2015-11-08,HOBBIES_1_001,CA_1,0.0,0.22022336010746005
2015-11-09,HOBBIES_1_001,CA_1,1.0,0.12258785098890754
2015-11-09,HOBBIES_1_001,CA_1,1.0,0.7086047476370647
2015-11-10,HOBBIES_1_001,CA_1,1.0,0.6913588620388439
2015-11-10,HOBBIES_1_001,CA_1,1.0,0.7173817086833897
2015-11-11,HOBBIES_1_001,CA_1,2.0,0.7503422940048504
2015-11-11,HOBBIES_1_001,CA_1,2.0,1.2693489633576023
2015-11-12,HOBBIES_1_001,CA_1,0.0,1.2459982731779862
2015-11-12,HOBBIES_1_001,CA_1,0.0,0.13744088343829328
2015-11-13,HOBBIES_1_001,CA_1,0.0,0.20086997997374564
2015-11-13,HOBBIES_1_001,CA_1,0.0,0.20086997997374564
2015-11-14,HOBBIES_1_001,CA_1,0.0,0.22443551533410305
2015-11-14,HOBBIES_1_001,CA_1,0.0,0.22443551533410305
2015-11-15,HOBBIES_1_001,CA_1,0.0,0.2302534498494982
2015-11-15,HOBBIES_1_001,CA_1,0.0,0.18438932951220033
2015-11-16,HOBBIES_1_001,CA_1,2.0,0.11277666703819379
2015-11-16,HOBBIES_1_001,CA_1,2.0,1.2981662788974897
2015-11-17,HOBBIES_1_001,CA_1,0.0,1.2890247562574328
2015-11-17,HOBBIES_1_001,CA_1,0.0,0.17638907223833286
2015-11-18,HOBBIES_1_001,CA_1,0.0,0.20288078600795592
2015-11-18,HOBBIES_1_001,CA_1,0.0,0.20288078600795592
2015-11-19,HOBBIES_1_001,CA_1,1.0,0.13493839593654686
2015-11-19,HOBBIES_1_001,CA_1,1.0,0.7156420684474015
2015-11-20,HOBBIES_1_001,CA_1,1.0,0.797648159749082
2015-11-20,HOBBIES_1_001,CA_1,1.0,0.7993877999850701
2015-11-21,HOBBIES_1_001,CA_1,1.0,0.8564464541561204
2015-11-21,HOBBIES_1_001,CA_1,1.0,0.9235274605886782
2015-11-22,HOBBIES_1_001,CA_1,1.0,0.9137076509867726
2015-11-22,HOBBIES_1_001,CA_1,1.0,0.9177859452661796
2015-11-23,HOBBIES_1_001,CA_1,0.0,0.7797468321115731
2015-11-23,HOBBIES_1_001,CA_1,0.0,0.24590828564801281
2015-11-24,HOBBIES_1_001,CA_1,0.0,0.27722205735515076
2015-11-24,HOBBIES_1_001,CA_1,0.0,0.219014718454431
2015-11-25,HOBBIES_1_001,CA_1,0.0,0.19609648498384874
2015-11-25,HOBBIES_1_001,CA_1,0.0,0.19609648498384874
2015-11-26,HOBBIES_1_001,CA_1,0.0,0.15409612123544975
2015-11-26,HOBBIES_1_001,CA_1,0.0,0.1146034618947875
2015-11-27,HOBBIES_1_001,CA_1,0.0,0.1525884169787898
2015-11-27,HOBBIES_1_001,CA_1,0.0,0.1525884169787898
2015-11-28,HOBBIES_1_001,CA_1,1.0,0.18438932951220033
2015-11-28,HOBBIES_1_001,CA_1,1.0,0.8592390791083834
2015-11-29,HOBBIES_1_001,CA_1,2.0,0.8622643886715156
2015-11-29,HOBBIES_1_001,CA_1,2.0,1.4974158029007307
2015-11-30,HOBBIES_1_001,CA_1,2.0,1.2414067439141563
2015-11-30,HOBBIES_1_001,CA_1,2.0,1.2414067439141563
2015-12-01,HOBBIES_1_001,CA_1,0.0,1.261290826567583
2015-12-01,HOBBIES_1_001,CA_1,0.0,0.22438439032499044
2015-12-02,HOBBIES_1_001,CA_1,1.0,0.22438439032499044
2015-12-02,HOBBIES_1_001,CA_1,1.0,0.7582229367885508
2015-12-03,HOBBIES_1_001,CA_1,0.0,0.7680341207392645
2015-12-03,HOBBIES_1_001,CA_1,0.0,0.23419557427570417
2015-12-04,HOBBIES_1_001,CA_1,0.0,0.33083996993988934
2015-12-04,HOBBIES_1_001,CA_1,0.0,0.27437227127515756
2015-12-05,HOBBIES_1_001,CA_1,0.0,0.2774370158225908
2015-12-05,HOBBIES_1_001,CA_1,0.0,0.2815153101019978
2015-12-06,HOBBIES_1_001,CA_1,0.0,0.3496527326024742
2015-12-06,HOBBIES_1_001,CA_1,0.0,0.2759582625138289
2015-12-07,HOBBIES_1_001,CA_1,1.0,0.1294571968571033
2015-12-07,HOBBIES_1_001,CA_1,1.0,0.7414969401498062
2015-12-08,HOBBIES_1_001,CA_1,2.0,0.7328095383406296
2015-12-08,HOBBIES_1_001,CA_1,2.0,1.2890247562574328
2015-12-09,HOBBIES_1_001,CA_1,1.0,1.261290826567583
2015-12-09,HOBBIES_1_001,CA_1,1.0,0.7541446425091438
2015-12-10,HOBBIES_1_001,CA_1,0.0,0.7541446425091438
2015-12-10,HOBBIES_1_001,CA_1,0.0,0.24639014575964968
2015-12-11,HOBBIES_1_001,CA_1,0.0,0.30946672181332463
2015-12-11,HOBBIES_1_001,CA_1,0.0,0.30946672181332463
2015-12-12,HOBBIES_1_001,CA_1,0.0,0.42421345952363815
2015-12-12,HOBBIES_1_001,CA_1,0.0,0.39856697513543754
2015-12-13,HOBBIES_1_001,CA_1,0.0,0.4109694952295453
2015-12-13,HOBBIES_1_001,CA_1,0.0,0.23565118976469998
2015-12-14,HOBBIES_1_001,CA_1,0.0,0.17376932613533785
2015-12-14,HOBBIES_1_001,CA_1,0.0,0.1323186498335519
2015-12-15,HOBBIES_1_001,CA_1,1.0,0.13442501530370404
2015-12-15,HOBBIES_1_001,CA_1,1.0,0.720441911951861
2015-12-16,HOBBIES_1_001,CA_1,0.0,0.7011700459895577
2015-12-16,HOBBIES_1_001,CA_1,0.0,0.15056751440265567
2015-12-17,HOBBIES_1_001,CA_1,3.0,0.140756330451942
2015-12-17,HOBBIES_1_001,CA_1,3.0,1.942310281673972
2015-12-18,HOBBIES_1_001,CA_1,0.0,1.8106097720039327
2015-12-18,HOBBIES_1_001,CA_1,0.0,0.19105879602303197
2015-12-19,HOBBIES_1_001,CA_1,1.0,0.22285970855644238
2015-12-19,HOBBIES_1_001,CA_1,1.0,0.8805009775092317
2015-12-20,HOBBIES_1_001,CA_1,2.0,0.9137076509867726
2015-12-20,HOBBIES_1_001,CA_1,2.0,1.5165970242805247
2015-12-21,HOBBIES_1_001,CA_1,1.0,1.2687237162304017
2015-12-21,HOBBIES_1_001,CA_1,1.0,0.7980909702062403
2015-12-22,HOBBIES_1_001,CA_1,0.0,0.803058788652841
2015-12-22,HOBBIES_1_001,CA_1,0.0,0.25620132971036336
2015-12-23,HOBBIES_1_001,CA_1,3.0,0.23419557427570417
2015-12-23,HOBBIES_1_001,CA_1,3.0,1.7333922994099422
2015-12-24,HOBBIES_1_001,CA_1,0.0,1.7388009578327277
2015-12-24,HOBBIES_1_001,CA_1,0.0,0.3433178336007523
2015-12-25,HOBBIES_1_001,CA_1,0.0,0.36470778583799596
2015-12-25,HOBBIES_1_001,CA_1,0.0,0.3606294915585889
2015-12-26,HOBBIES_1_001,CA_1,0.0,0.4256795858287491
2015-12-26,HOBBIES_1_001,CA_1,0.0,0.4330279152827133
2015-12-27,HOBBIES_1_001,CA_1,1.0,0.5376072352839233
2015-12-27,HOBBIES_1_001,CA_1,1.0,1.0792511167440106
2015-12-28,HOBBIES_1_001,CA_1,0.0,0.8371242038503682
2015-12-28,HOBBIES_1_001,CA_1,0.0,0.34457053824316203
2015-12-29,HOBBIES_1_001,CA_1,2.0,0.35934954064047653
2015-12-29,HOBBIES_1_001,CA_1,2.0,1.3340971364600243
2015-12-30,HOBBIES_1_001,CA_1,2.0,1.3107294190603453
2015-12-30,HOBBIES_1_001,CA_1,2.0,1.3234591348186804
2015-12-31,HOBBIES_1_001,CA_1,1.0,1.3541060228546666
2015-12-31,HOBBIES_1_001,CA_1,1.0,0.9069064368920741
2016-01-01,HOBBIES_1_001,CA_1,0.0,0.9211554688666694
2016-01-01,HOBBIES_1_001,CA_1,0.0,0.41971974847916815
2016-01-02,HOBBIES_1_001,CA_1,0.0,0.49458102670004156
2016-01-02,HOBBIES_1_001,CA_1,0.0,0.4395690640588699
2016-01-03,HOBBIES_1_001,CA_1,1.0,0.4825955471383166
2016-01-03,HOBBIES_1_001,CA_1,1.0,1.0250031724736557
2016-01-04,HOBBIES_1_001,CA_1,2.0,0.851013682080489
2016-01-04,HOBBIES_1_001,CA_1,2.0,1.3044018698558837
2016-01-05,HOBBIES_1_001,CA_1,0.0,1.297939999248773
2016-01-05,HOBBIES_1_001,CA_1,0.0,0.31737446891383025
2016-01-06,HOBBIES_1_001,CA_1,1.0,0.41081072822562237
2016-01-06,HOBBIES_1_001,CA_1,1.0,0.8988207811763163
2016-01-07,HOBBIES_1_001,CA_1,0.0,0.7550819131985438
2016-01-07,HOBBIES_1_001,CA_1,0.0,0.24324912216964265
2016-01-08,HOBBIES_1_001,CA_1,1.0,0.3524932048927713
2016-01-08,HOBBIES_1_001,CA_1,1.0,0.8989946280796429
2016-01-09,HOBBIES_1_001,CA_1,4.0,1.0052957597281396
2016-01-09,HOBBIES_1_001,CA_1,4.0,2.7387049349036365
2016-01-10,HOBBIES_1_001,CA_1,0.0,2.747847288307356
2016-01-10,HOBBIES_1_001,CA_1,0.0,0.5270549620670187
2016-01-11,HOBBIES_1_001,CA_1,0.0,0.3760700345873292
2016-01-11,HOBBIES_1_001,CA_1,0.0,0.3801483288667362
2016-01-12,HOBBIES_1_001,CA_1,5.0,0.3782468014451414
2016-01-12,HOBBIES_1_001,CA_1,5.0,2.809584193895001
2016-01-13,HOBBIES_1_001,CA_1,0.0,2.821463327185751
2016-01-13,HOBBIES_1_001,CA_1,0.0,0.37416850716573435
2016-01-14,HOBBIES_1_001,CA_1,0.0,0.37416850716573435
2016-01-14,HOBBIES_1_001,CA_1,0.0,0.37416850716573435
2016-01-15,HOBBIES_1_001,CA_1,0.0,0.45533470743615206
2016-01-15,HOBBIES_1_001,CA_1,0.0,0.46268303689011625
2016-01-16,HOBBIES_1_001,CA_1,0.0,0.6778667053408889
2016-01-16,HOBBIES_1_001,CA_1,0.0,0.6345504843444292
2016-01-17,HOBBIES_1_001,CA_1,0.0,0.5341135536039696
2016-01-17,HOBBIES_1_001,CA_1,0.0,0.49756132395758584
2016-01-18,HOBBIES_1_001,CA_1,0.0,0.39611263871254465
2016-01-18,HOBBIES_1_001,CA_1,0.0,0.34110067607137284
2016-01-19,HOBBIES_1_001,CA_1,2.0,0.39614736040844933
2016-01-19,HOBBIES_1_001,CA_1,2.0,1.4236679398433993
2016-01-20,HOBBIES_1_001,CA_1,1.0,1.3340971364600243
2016-01-20,HOBBIES_1_001,CA_1,1.0,0.9010972343734596
2016-01-21,HOBBIES_1_001,CA_1,2.0,0.8482595673432993
2016-01-21,HOBBIES_1_001,CA_1,2.0,1.2899108909087915
2016-01-22,HOBBIES_1_001,CA_1,1.0,1.4564344818735202
2016-01-22,HOBBIES_1_001,CA_1,1.0,0.9848595899298012
2016-01-23,HOBBIES_1_001,CA_1,0.0,1.1253174933886765
2016-01-23,HOBBIES_1_001,CA_1,0.0,0.5272475602859987
2016-01-24,HOBBIES_1_001,CA_1,0.0,0.42975788010815613
2016-01-24,HOBBIES_1_001,CA_1,0.0,0.42975788010815613
2016-01-25,HOBBIES_1_001,CA_1,0.0,0.3428308980071739
2016-01-25,HOBBIES_1_001,CA_1,0.0,0.34864883252256906
2016-01-26,HOBBIES_1_001,CA_1,1.0,0.47613596019397897
2016-01-26,HOBBIES_1_001,CA_1,1.0,0.9168864623928752
2016-01-27,HOBBIES_1_001,CA_1,1.0,0.7328095383406296
2016-01-27,HOBBIES_1_001,CA_1,1.0,0.7328095383406296
2016-01-28,HOBBIES_1_001,CA_1,1.0,0.7436721336441439
2016-01-28,HOBBIES_1_001,CA_1,1.0,0.7946135026076058
2016-01-29,HOBBIES_1_001,CA_1,0.0,0.8207229041535844
2016-01-29,HOBBIES_1_001,CA_1,0.0,0.2780023029097289
2016-01-30,HOBBIES_1_001,CA_1,0.0,0.3829378566693286
2016-01-30,HOBBIES_1_001,CA_1,0.0,0.3829378566693286
2016-01-31,HOBBIES_1_001,CA_1,1.0,0.38875579118472375
2016-01-31,HOBBIES_1_001,CA_1,1.0,0.9666303628610212
2016-02-01,HOBBIES_1_001,CA_1,1.0,0.8020995359367917
2016-02-01,HOBBIES_1_001,CA_1,1.0,0.8179898845196653
2016-02-02,HOBBIES_1_001,CA_1,1.0,0.8460852717322875
2016-02-02,HOBBIES_1_001,CA_1,1.0,0.8269509524015846
2016-02-03,HOBBIES_1_001,CA_1,1.0,0.7639558264598575
2016-02-03,HOBBIES_1_001,CA_1,1.0,0.7680341207392645
2016-02-04,HOBBIES_1_001,CA_1,1.0,0.7680341207392645
2016-02-04,HOBBIES_1_001,CA_1,1.0,0.7680341207392645
2016-02-05,HOBBIES_1_001,CA_1,0.0,0.834612382383705
2016-02-05,HOBBIES_1_001,CA_1,0.0,0.22960614795972287
2016-02-06,HOBBIES_1_001,CA_1,0.0,0.2658861916358889
2016-02-06,HOBBIES_1_001,CA_1,0.0,0.2658861916358889
2016-02-07,HOBBIES_1_001,CA_1,0.0,0.26856310256127697
2016-02-07,HOBBIES_1_001,CA_1,0.0,0.26856310256127697
2016-02-08,HOBBIES_1_001,CA_1,2.0,0.19372000268064204
2016-02-08,HOBBIES_1_001,CA_1,2.0,1.3134588322870868
2016-02-09,HOBBIES_1_001,CA_1,2.0,1.3141284935977438
2016-02-09,HOBBIES_1_001,CA_1,2.0,1.2910706533805774
2016-02-10,HOBBIES_1_001,CA_1,0.0,1.2879296297905702
2016-02-10,HOBBIES_1_001,CA_1,0.0,0.2489820118409493
2016-02-11,HOBBIES_1_001,CA_1,0.0,0.2521230354309563
2016-02-11,HOBBIES_1_001,CA_1,0.0,0.23419557427570417
2016-02-12,HOBBIES_1_001,CA_1,1.0,0.2780023029097289
2016-02-12,HOBBIES_1_001,CA_1,1.0,0.8678276815124378
2016-02-13,HOBBIES_1_001,CA_1,4.0,0.9702710918145625
2016-02-13,HOBBIES_1_001,CA_1,4.0,2.765859499954678
2016-02-14,HOBBIES_1_001,CA_1,0.0,2.657460235151369
2016-02-14,HOBBIES_1_001,CA_1,0.0,0.48736170883062746
2016-02-15,HOBBIES_1_001,CA_1,0.0,0.3869605959037596
2016-02-15,HOBBIES_1_001,CA_1,0.0,0.3360269275419947
2016-02-16,HOBBIES_1_001,CA_1,0.0,0.3312639471439511
2016-02-16,HOBBIES_1_001,CA_1,0.0,0.3345339823185082
2016-02-17,HOBBIES_1_001,CA_1,0.0,0.3577389119890385
2016-02-17,HOBBIES_1_001,CA_1,0.0,0.2748145844686438
2016-02-18,HOBBIES_1_001,CA_1,1.0,0.2779556080586509
2016-02-18,HOBBIES_1_001,CA_1,1.0,0.8252027641488069
2016-02-19,HOBBIES_1_001,CA_1,1.0,0.8790259852173624
2016-02-19,HOBBIES_1_001,CA_1,1.0,0.8989946280796429
2016-02-20,HOBBIES_1_001,CA_1,2.0,1.10646822382337
2016-02-20,HOBBIES_1_001,CA_1,2.0,1.6303898017840714
2016-02-21,HOBBIES_1_001,CA_1,0.0,1.5292173376888407
2016-02-21,HOBBIES_1_001,CA_1,0.0,0.48476984274932783
2016-02-22,HOBBIES_1_001,CA_1,4.0,0.3646275615196129
2016-02-22,HOBBIES_1_001,CA_1,4.0,2.0791804610267737
2016-02-23,HOBBIES_1_001,CA_1,0.0,2.0567693913546243
2016-02-23,HOBBIES_1_001,CA_1,0.0,0.37195457564232687
2016-02-24,HOBBIES_1_001,CA_1,1.0,0.3597841960154998
2016-02-24,HOBBIES_1_001,CA_1,1.0,0.8482595673432993
2016-02-25,HOBBIES_1_001,CA_1,0.0,0.8569109888222272
2016-02-25,HOBBIES_1_001,CA_1,0.0,0.37170565266898475
2016-02-26,HOBBIES_1_001,CA_1,1.0,0.47249422084082987
2016-02-26,HOBBIES_1_001,CA_1,1.0,1.0195043236486165
2016-02-27,HOBBIES_1_001,CA_1,4.0,1.2212695693288407
2016-02-27,HOBBIES_1_001,CA_1,4.0,2.8050104233838784
2016-02-28,HOBBIES_1_001,CA_1,2.0,2.7044861847843733
2016-02-28,HOBBIES_1_001,CA_1,2.0,1.593027261104679
2016-02-29,HOBBIES_1_001,CA_1,0.0,1.3170671462725074
2016-02-29,HOBBIES_1_001,CA_1,0.0,0.4192735820150064
2016-03-01,HOBBIES_1_001,CA_1,2.0,0.3621433916916131
2016-03-01,HOBBIES_1_001,CA_1,2.0,1.3053178340086316
2016-03-02,HOBBIES_1_001,CA_1,0.0,1.3144135673423518
2016-03-02,HOBBIES_1_001,CA_1,0.0,0.3684356174944276
2016-03-03,HOBBIES_1_001,CA_1,1.0,0.3782468014451414
2016-03-03,HOBBIES_1_001,CA_1,1.0,0.9331952286347978
2016-03-04,HOBBIES_1_001,CA_1,1.0,0.994106478836185
2016-03-04,HOBBIES_1_001,CA_1,1.0,0.9981847731155921
2016-03-05,HOBBIES_1_001,CA_1,0.0,1.2367214182447954
2016-03-05,HOBBIES_1_001,CA_1,0.0,0.6803295598376384
2016-03-06,HOBBIES_1_001,CA_1,1.0,0.6160051636021202
2016-03-06,HOBBIES_1_001,CA_1,1.0,1.2244991556846665
2016-03-07,HOBBIES_1_001,CA_1,0.0,0.9724899685867369
2016-03-07,HOBBIES_1_001,CA_1,0.0,0.46511163713304055
2016-03-08,HOBBIES_1_001,CA_1,0.0,0.425309143429251
2016-03-08,HOBBIES_1_001,CA_1,0.0,0.421230849149844
2016-03-09,HOBBIES_1_001,CA_1,1.0,0.4143615032816484
2016-03-09,HOBBIES_1_001,CA_1,1.0,0.9109934631682617
2016-03-10,HOBBIES_1_001,CA_1,1.0,0.9011822792175479
2016-03-10,HOBBIES_1_001,CA_1,1.0,0.8971039849381409
2016-03-11,HOBBIES_1_001,CA_1,3.0,1.0136863891332215
2016-03-11,HOBBIES_1_001,CA_1,3.0,1.9267018815016226
2016-03-12,HOBBIES_1_001,CA_1,0.0,2.1736328625736308
2016-03-12,HOBBIES_1_001,CA_1,0.0,0.563799789932383
2016-03-13,HOBBIES_1_001,CA_1,0.0,0.4395690640588699
2016-03-13,HOBBIES_1_001,CA_1,0.0,0.4395690640588699
2016-03-14,HOBBIES_1_001,CA_1,0.0,0.24142232731304894
2016-03-14,HOBBIES_1_001,CA_1,0.0,0.24469236248760612
2016-03-15,HOBBIES_1_001,CA_1,1.0,0.3083157824797623
2016-03-15,HOBBIES_1_001,CA_1,1.0,0.8252027641488069
2016-03-16,HOBBIES_1_001,CA_1,1.0,0.8029890601039854
2016-03-16,HOBBIES_1_001,CA_1,1.0,0.8029890601039854
2016-03-17,HOBBIES_1_001,CA_1,1.0,0.803841285949297
2016-03-17,HOBBIES_1_001,CA_1,1.0,0.803841285949297
2016-03-18,HOBBIES_1_001,CA_1,3.0,0.9085170737911755
2016-03-18,HOBBIES_1_001,CA_1,3.0,1.9240145177204675
2016-03-19,HOBBIES_1_001,CA_1,1.0,2.090098609780926
2016-03-19,HOBBIES_1_001,CA_1,1.0,0.9663475709280995
2016-03-20,HOBBIES_1_001,CA_1,3.0,1.0311707175199856
2016-03-20,HOBBIES_1_001,CA_1,3.0,2.113824384827917
2016-03-21,HOBBIES_1_001,CA_1,1.0,1.6800556938764422
2016-03-21,HOBBIES_1_001,CA_1,1.0,0.854024930289676
2016-03-22,HOBBIES_1_001,CA_1,2.0,0.8680884820699968
2016-03-22,HOBBIES_1_001,CA_1,2.0,1.3111435321677944
2016-03-23,HOBBIES_1_001,CA_1,2.0,1.3209547161185085
2016-03-23,HOBBIES_1_001,CA_1,2.0,1.3151290179593456
2016-03-24,HOBBIES_1_001,CA_1,0.0,1.3274153067318164
2016-03-24,HOBBIES_1_001,CA_1,0.0,0.3751057778551343
2016-03-25,HOBBIES_1_001,CA_1,1.0,0.6623304371367067
2016-03-25,HOBBIES_1_001,CA_1,1.0,1.1735934670541652
2016-03-26,HOBBIES_1_001,CA_1,1.0,1.0914616827879249
2016-03-26,HOBBIES_1_001,CA_1,1.0,1.1257377701988511
2016-03-27,HOBBIES_1_001,CA_1,1.0,1.1911210688267848
2016-03-27,HOBBIES_1_001,CA_1,1.0,1.2300692576268244
2016-03-28,HOBBIES_1_001,CA_1,1.0,0.8753897431580369
2016-03-28,HOBBIES_1_001,CA_1,1.0,0.8794680374374438
2016-03-29,HOBBIES_1_001,CA_1,0.0,0.9172591486824252
2016-03-29,HOBBIES_1_001,CA_1,0.0,0.3949273312640507
2016-03-30,HOBBIES_1_001,CA_1,0.0,0.4379538143434974
2016-03-30,HOBBIES_1_001,CA_1,0.0,0.4379538143434974
2016-03-31,HOBBIES_1_001,CA_1,0.0,0.4270912190399832
2016-03-31,HOBBIES_1_001,CA_1,0.0,0.4270912190399832
2016-04-01,HOBBIES_1_001,CA_1,0.0,0.5792772944102749
2016-04-01,HOBBIES_1_001,CA_1,0.0,0.5210106539788694
2016-04-02,HOBBIES_1_001,CA_1,0.0,0.49756132395758584
2016-04-02,HOBBIES_1_001,CA_1,0.0,0.44254936131641404
2016-04-03,HOBBIES_1_001,CA_1,1.0,0.4752158949023713
2016-04-03,HOBBIES_1_001,CA_1,1.0,1.057372024938394
2016-04-04,HOBBIES_1_001,CA_1,0.0,0.8078324256080985
2016-04-04,HOBBIES_1_001,CA_1,0.0,0.27399387914453815
2016-04-05,HOBBIES_1_001,CA_1,4.0,0.27896169759113887
2016-04-05,HOBBIES_1_001,CA_1,4.0,2.150280399938938
2016-04-06,HOBBIES_1_001,CA_1,2.0,2.2726154982722173
2016-04-06,HOBBIES_1_001,CA_1,2.0,1.28885672185717
2016-04-07,HOBBIES_1_001,CA_1,3.0,1.2790455379064565
2016-04-07,HOBBIES_1_001,CA_1,3.0,1.689864754786304
2016-04-08,HOBBIES_1_001,CA_1,0.0,1.8357409233187538
2016-04-08,HOBBIES_1_001,CA_1,0.0,0.42055403205791153
2016-04-09,HOBBIES_1_001,CA_1,1.0,0.48246310273806403
2016-04-09,HOBBIES_1_001,CA_1,1.0,1.0311707175199856
2016-04-10,HOBBIES_1_001,CA_1,2.0,1.0311707175199856
2016-04-10,HOBBIES_1_001,CA_1,2.0,1.546376851093519
2016-04-11,HOBBIES_1_001,CA_1,0.0,1.2773751377093294
2016-04-11,HOBBIES_1_001,CA_1,0.0,0.36054926724020586
2016-04-12,HOBBIES_1_001,CA_1,0.0,0.42689964383980705
2016-04-12,HOBBIES_1_001,CA_1,0.0,0.4309779381192141
2016-04-13,HOBBIES_1_001,CA_1,0.0,0.4194912089138559
2016-04-13,HOBBIES_1_001,CA_1,0.0,0.4194912089138559
2016-04-14,HOBBIES_1_001,CA_1,1.0,0.44717421383676603
2016-04-14,HOBBIES_1_001,CA_1,1.0,0.9389764546627304
2016-04-15,HOBBIES_1_001,CA_1,1.0,1.0096931396979028
2016-04-15,HOBBIES_1_001,CA_1,1.0,1.0198145292945229
2016-04-16,HOBBIES_1_001,CA_1,3.0,1.1304098715879642
2016-04-16,HOBBIES_1_001,CA_1,3.0,2.239504748833517
2016-04-17,HOBBIES_1_001,CA_1,0.0,2.2258703112885447
2016-04-17,HOBBIES_1_001,CA_1,0.0,0.5868681587527943
2016-04-18,HOBBIES_1_001,CA_1,1.0,0.3634677990478269
2016-04-18,HOBBIES_1_001,CA_1,1.0,0.8794680374374438
2016-04-19,HOBBIES_1_001,CA_1,1.0,0.9344313039538911
2016-04-19,HOBBIES_1_001,CA_1,1.0,0.9377013391284481
2016-04-20,HOBBIES_1_001,CA_1,1.0,0.884191891823525
2016-04-20,HOBBIES_1_001,CA_1,1.0,0.9198700454490074
2016-04-21,HOBBIES_1_001,CA_1,3.0,0.9069064368920741
2016-04-21,HOBBIES_1_001,CA_1,3.0,1.7992317282096082
2016-04-22,HOBBIES_1_001,CA_1,0.0,1.845395992783982
2016-04-22,HOBBIES_1_001,CA_1,0.0,0.4594130017155591
2016-04-23,HOBBIES_1_001,CA_1,1.0,0.6087332291603093
2016-04-23,HOBBIES_1_001,CA_1,1.0,1.1362472693843109
2016-04-24,HOBBIES_1_001,CA_1,1.0,1.0677229471663696
2016-04-24,HOBBIES_1_001,CA_1,1.0,1.034440752694543
2015-06-04,HOBBIES_1_002,CA_1,0.0,0.6976156554037611
2015-06-04,HOBBIES_1_002,CA_1,0.0,0.14171359251509394
2015-06-05,HOBBIES_1_002,CA_1,0.0,0.18495430494542586
2015-06-05,HOBBIES_1_002,CA_1,0.0,0.1808760106660188
2015-06-06,HOBBIES_1_002,CA_1,0.0,0.21267692319942932
2015-06-06,HOBBIES_1_002,CA_1,0.0,0.2167552174788364
2015-06-07,HOBBIES_1_002,CA_1,0.0,0.22487236978281655
2015-06-07,HOBBIES_1_002,CA_1,0.0,0.16660572935141096
2015-06-08,HOBBIES_1_002,CA_1,0.0,0.10851129062181811
2015-06-08,HOBBIES_1_002,CA_1,0.0,0.10851129062181811
2015-06-09,HOBBIES_1_002,CA_1,0.0,0.09085698380112583
2015-06-09,HOBBIES_1_002,CA_1,0.0,0.09085698380112583
2015-06-10,HOBBIES_1_002,CA_1,0.0,0.09085698380112583
2015-06-10,HOBBIES_1_002,CA_1,0.0,0.09085698380112583
2015-06-11,HOBBIES_1_002,CA_1,0.0,0.09085698380112583
2015-06-11,HOBBIES_1_002,CA_1,0.0,0.09085698380112583
2015-06-12,HOBBIES_1_002,CA_1,0.0,0.11241655706930645
2015-06-12,HOBBIES_1_002,CA_1,0.0,0.11241655706930645
2015-06-13,HOBBIES_1_002,CA_1,1.0,0.1346466516335468
2015-06-13,HOBBIES_1_002,CA_1,1.0,0.8248104578842207
2015-06-14,HOBBIES_1_002,CA_1,1.0,0.8166933055802406
2015-06-14,HOBBIES_1_002,CA_1,1.0,0.8166933055802406
2015-06-15,HOBBIES_1_002,CA_1,0.0,0.6957888605471675
2015-06-15,HOBBIES_1_002,CA_1,0.0,0.13580850337909317
2015-06-16,HOBBIES_1_002,CA_1,0.0,0.1278241142849732
2015-06-16,HOBBIES_1_002,CA_1,0.0,0.13190240856438026
2015-06-17,HOBBIES_1_002,CA_1,0.0,0.14485461610510098
2015-06-17,HOBBIES_1_002,CA_1,0.0,0.14485461610510098
2015-06-18,HOBBIES_1_002,CA_1,1.0,0.12720861955178112
2015-06-18,HOBBIES_1_002,CA_1,1.0,0.6959216237570276
2015-06-19,HOBBIES_1_002,CA_1,0.0,0.7538167168937951
2015-06-19,HOBBIES_1_002,CA_1,0.0,0.1808760106660188
2015-06-20,HOBBIES_1_002,CA_1,1.0,0.21267692319942932
2015-06-20,HOBBIES_1_002,CA_1,1.0,0.8166933055802406
2015-06-21,HOBBIES_1_002,CA_1,1.0,0.8135522819902336
2015-06-21,HOBBIES_1_002,CA_1,1.0,0.8352081725723762
2015-06-22,HOBBIES_1_002,CA_1,0.0,0.7021641650061092
2015-06-22,HOBBIES_1_002,CA_1,0.0,0.1381055135586279
2015-06-23,HOBBIES_1_002,CA_1,0.0,0.14307333200522865
2015-06-23,HOBBIES_1_002,CA_1,0.0,0.1471516262846357
2015-06-24,HOBBIES_1_002,CA_1,0.0,0.1471516262846357
2015-06-24,HOBBIES_1_002,CA_1,0.0,0.1471516262846357
2015-06-25,HOBBIES_1_002,CA_1,0.0,0.15526877858861587
2015-06-25,HOBBIES_1_002,CA_1,0.0,0.11577611924795364
2015-06-26,HOBBIES_1_002,CA_1,0.0,0.15238241312073617
2015-06-26,HOBBIES_1_002,CA_1,0.0,0.15238241312073617
2015-06-27,HOBBIES_1_002,CA_1,0.0,0.19399450960486037
2015-06-27,HOBBIES_1_002,CA_1,0.0,0.19399450960486037
2015-06-28,HOBBIES_1_002,CA_1,0.0,0.17641691330212464
2015-06-28,HOBBIES_1_002,CA_1,0.0,0.17641691330212464
2015-06-29,HOBBIES_1_002,CA_1,0.0,0.09870010667110435
2015-06-29,HOBBIES_1_002,CA_1,0.0,0.09870010667110435
2015-06-30,HOBBIES_1_002,CA_1,0.0,0.10366792511770509
2015-06-30,HOBBIES_1_002,CA_1,0.0,0.10366792511770509
2015-07-01,HOBBIES_1_002,CA_1,0.0,0.10366792511770509
2015-07-01,HOBBIES_1_002,CA_1,0.0,0.10366792511770509
2015-07-02,HOBBIES_1_002,CA_1,0.0,0.11347910906841885
2015-07-02,HOBBIES_1_002,CA_1,0.0,0.11347910906841885
2015-07-03,HOBBIES_1_002,CA_1,1.0,0.11241655706930645
2015-07-03,HOBBIES_1_002,CA_1,1.0,0.7619338691977753
2015-07-04,HOBBIES_1_002,CA_1,1.0,0.8233634659409472
2015-07-04,HOBBIES_1_002,CA_1,1.0,0.8233634659409472
2015-07-05,HOBBIES_1_002,CA_1,1.0,0.8265044895309542
2015-07-05,HOBBIES_1_002,CA_1,1.0,0.8265044895309542
2015-07-06,HOBBIES_1_002,CA_1,0.0,0.6859776765964538
2015-07-06,HOBBIES_1_002,CA_1,0.0,0.13007561370778656
2015-07-07,HOBBIES_1_002,CA_1,1.0,0.1350434321543873
2015-07-07,HOBBIES_1_002,CA_1,1.0,0.6950237893224614
2015-07-08,HOBBIES_1_002,CA_1,0.0,0.6950237893224614
2015-07-08,HOBBIES_1_002,CA_1,0.0,0.1350434321543873
2015-07-09,HOBBIES_1_002,CA_1,0.0,0.1350434321543873
2015-07-09,HOBBIES_1_002,CA_1,0.0,0.13096513787498024
2015-07-10,HOBBIES_1_002,CA_1,0.0,0.1808760106660188
2015-07-10,HOBBIES_1_002,CA_1,0.0,0.18495430494542586
2015-07-11,HOBBIES_1_002,CA_1,0.0,0.22487236978281655
2015-07-11,HOBBIES_1_002,CA_1,0.0,0.16660572935141096
2015-07-12,HOBBIES_1_002,CA_1,0.0,0.16660572935141096
2015-07-12,HOBBIES_1_002,CA_1,0.0,0.16660572935141096
2015-07-13,HOBBIES_1_002,CA_1,0.0,0.09870010667110435
2015-07-13,HOBBIES_1_002,CA_1,0.0,0.09870010667110435
2015-07-14,HOBBIES_1_002,CA_1,0.0,0.10366792511770509
2015-07-14,HOBBIES_1_002,CA_1,0.0,0.10366792511770509
2015-07-15,HOBBIES_1_002,CA_1,2.0,0.10366792511770509
2015-07-15,HOBBIES_1_002,CA_1,2.0,1.3065375179072867
2015-07-16,HOBBIES_1_002,CA_1,1.0,1.3065375179072867
2015-07-16,HOBBIES_1_002,CA_1,1.0,0.7290765358178487
2015-07-17,HOBBIES_1_002,CA_1,0.0,0.8226561734490302
2015-07-17,HOBBIES_1_002,CA_1,0.0,0.2342876375640143
2015-07-18,HOBBIES_1_002,CA_1,0.0,0.2369246798628717
2015-07-18,HOBBIES_1_002,CA_1,0.0,0.24100297414227875
2015-07-19,HOBBIES_1_002,CA_1,0.0,0.2441439977322858
2015-07-19,HOBBIES_1_002,CA_1,0.0,0.2441439977322858
2015-07-20,HOBBIES_1_002,CA_1,0.0,0.13819276601176672
2015-07-20,HOBBIES_1_002,CA_1,0.0,0.09870010667110435
2015-07-21,HOBBIES_1_002,CA_1,0.0,0.11347910906841885
2015-07-21,HOBBIES_1_002,CA_1,0.0,0.11347910906841885
2015-07-22,HOBBIES_1_002,CA_1,1.0,0.12034845493661467
2015-07-22,HOBBIES_1_002,CA_1,1.0,0.7157431771659439
2015-07-23,HOBBIES_1_002,CA_1,0.0,0.6909454950430545
2015-07-23,HOBBIES_1_002,CA_1,0.0,0.13096513787498024
2015-07-24,HOBBIES_1_002,CA_1,0.0,0.1808760106660188
2015-07-24,HOBBIES_1_002,CA_1,0.0,0.1808760106660188
2015-07-25,HOBBIES_1_002,CA_1,1.0,0.21267692319942932
2015-07-25,HOBBIES_1_002,CA_1,1.0,0.8383491961623832
2015-07-26,HOBBIES_1_002,CA_1,1.0,0.8383491961623832
2015-07-26,HOBBIES_1_002,CA_1,1.0,0.8342709018829763
2015-07-27,HOBBIES_1_002,CA_1,0.0,0.6980858707267023
2015-07-27,HOBBIES_1_002,CA_1,0.0,0.1381055135586279
2015-07-28,HOBBIES_1_002,CA_1,2.0,0.14307333200522865
2015-07-28,HOBBIES_1_002,CA_1,2.0,1.310615812186694
2015-07-29,HOBBIES_1_002,CA_1,0.0,1.3204269961374078
2015-07-29,HOBBIES_1_002,CA_1,0.0,0.1984134865371354
2015-07-30,HOBBIES_1_002,CA_1,2.0,0.1569628102353494
2015-07-30,HOBBIES_1_002,CA_1,2.0,1.3163487018580005
2015-07-31,HOBBIES_1_002,CA_1,1.0,1.417531426067076
2015-07-31,HOBBIES_1_002,CA_1,1.0,0.8169232837777235
2015-08-01,HOBBIES_1_002,CA_1,0.0,0.8797998724641689
2015-08-01,HOBBIES_1_002,CA_1,0.0,0.27170519580395097
2015-08-02,HOBBIES_1_002,CA_1,1.0,0.27170519580395097
2015-08-02,HOBBIES_1_002,CA_1,1.0,0.9468808788967267
2015-08-03,HOBBIES_1_002,CA_1,0.0,0.8137943630712507
2015-08-03,HOBBIES_1_002,CA_1,0.0,0.27057799102651814
2015-08-04,HOBBIES_1_002,CA_1,0.0,0.2922263392920282
2015-08-04,HOBBIES_1_002,CA_1,0.0,0.28814804501262115
2015-08-05,HOBBIES_1_002,CA_1,0.0,0.2812786991444256
2015-08-05,HOBBIES_1_002,CA_1,0.0,0.22714965452311278
2015-08-06,HOBBIES_1_002,CA_1,2.0,0.21339998470931126
2015-08-06,HOBBIES_1_002,CA_1,2.0,1.3385106011157932
2015-08-07,HOBBIES_1_002,CA_1,1.0,1.4422826429256095
2015-08-07,HOBBIES_1_002,CA_1,1.0,0.9124518175928893
2015-08-08,HOBBIES_1_002,CA_1,1.0,1.0343820677074944
2015-08-08,HOBBIES_1_002,CA_1,1.0,1.0343820677074944
2015-08-09,HOBBIES_1_002,CA_1,1.0,1.0343820677074944
2015-08-09,HOBBIES_1_002,CA_1,1.0,1.0384603619869017
2015-08-10,HOBBIES_1_002,CA_1,0.0,0.8528973252642342
2015-08-10,HOBBIES_1_002,CA_1,0.0,0.3509658340758558
2015-08-11,HOBBIES_1_002,CA_1,0.0,0.3657448364731703
2015-08-11,HOBBIES_1_002,CA_1,0.0,0.3073627488584919
2015-08-12,HOBBIES_1_002,CA_1,0.0,0.27554580947311885
2015-08-12,HOBBIES_1_002,CA_1,0.0,0.27554580947311885
2015-08-13,HOBBIES_1_002,CA_1,1.0,0.31015467554672216
2015-08-13,HOBBIES_1_002,CA_1,1.0,0.8300546005121536
2015-08-14,HOBBIES_1_002,CA_1,0.0,0.8226561734490302
2015-08-14,HOBBIES_1_002,CA_1,0.0,0.24971546722125418
2015-08-15,HOBBIES_1_002,CA_1,1.0,0.27170519580395097
2015-08-15,HOBBIES_1_002,CA_1,1.0,0.8757215781847619
2015-08-16,HOBBIES_1_002,CA_1,0.0,0.8855327621354756
2015-08-16,HOBBIES_1_002,CA_1,0.0,0.2855946740340718
2015-08-17,HOBBIES_1_002,CA_1,0.0,0.18363448413982097
2015-08-17,HOBBIES_1_002,CA_1,0.0,0.1795561898604139
2015-08-18,HOBBIES_1_002,CA_1,0.0,0.18452400830701465
2015-08-18,HOBBIES_1_002,CA_1,0.0,0.18860230258642172
2015-08-19,HOBBIES_1_002,CA_1,1.0,0.19671945489040188
2015-08-19,HOBBIES_1_002,CA_1,1.0,0.7526215177790687
2015-08-20,HOBBIES_1_002,CA_1,0.0,0.7543155494258023
2015-08-20,HOBBIES_1_002,CA_1,0.0,0.19433519225772833
2015-08-21,HOBBIES_1_002,CA_1,0.0,0.2082647909194682
2015-08-21,HOBBIES_1_002,CA_1,0.0,0.2082647909194682
2015-08-22,HOBBIES_1_002,CA_1,1.0,0.24006570345287873
2015-08-22,HOBBIES_1_002,CA_1,1.0,0.8481603801130969
2015-08-23,HOBBIES_1_002,CA_1,1.0,0.8481603801130969
2015-08-23,HOBBIES_1_002,CA_1,1.0,0.8440820858336899
2015-08-24,HOBBIES_1_002,CA_1,0.0,0.6980858707267023
2015-08-24,HOBBIES_1_002,CA_1,0.0,0.1381055135586279
2015-08-25,HOBBIES_1_002,CA_1,0.0,0.14307333200522865
2015-08-25,HOBBIES_1_002,CA_1,0.0,0.1471516262846357
2015-08-26,HOBBIES_1_002,CA_1,0.0,0.1471516262846357
2015-08-26,HOBBIES_1_002,CA_1,0.0,0.1471516262846357
2015-08-27,HOBBIES_1_002,CA_1,3.0,0.16507996253932955
2015-08-27,HOBBIES_1_002,CA_1,3.0,1.8713717281113604
2015-08-28,HOBBIES_1_002,CA_1,4.0,1.9697224107531424
2015-08-28,HOBBIES_1_002,CA_1,4.0,2.5081487329246945
2015-08-29,HOBBIES_1_002,CA_1,0.0,2.7480658592969096
2015-08-29,HOBBIES_1_002,CA_1,0.0,0.3959349691842633
2015-08-30,HOBBIES_1_002,CA_1,0.0,0.3861237852335495
2015-08-30,HOBBIES_1_002,CA_1,0.0,0.3934721146875137
2015-08-31,HOBBIES_1_002,CA_1,0.0,0.29585378163573456
2015-08-31,HOBBIES_1_002,CA_1,0.0,0.29585378163573456
2015-09-01,HOBBIES_1_002,CA_1,0.0,0.30082160008233527
2015-09-01,HOBBIES_1_002,CA_1,0.0,0.26617605787109627
2015-09-02,HOBBIES_1_002,CA_1,1.0,0.27598724182181006
2015-09-02,HOBBIES_1_002,CA_1,1.0,0.8326122234931382
2015-09-03,HOBBIES_1_002,CA_1,0.0,0.8441538368689262
2015-09-03,HOBBIES_1_002,CA_1,0.0,0.3320188708547953
2015-09-04,HOBBIES_1_002,CA_1,0.0,0.46856032375200657
2015-09-04,HOBBIES_1_002,CA_1,0.0,0.46856032375200657
2015-09-05,HOBBIES_1_002,CA_1,0.0,0.43003246369170023
2015-09-05,HOBBIES_1_002,CA_1,0.0,0.4026463390675115
2015-09-06,HOBBIES_1_002,CA_1,0.0,0.4107634913714917
2015-09-06,HOBBIES_1_002,CA_1,0.0,0.28032099136171973
2015-09-07,HOBBIES_1_002,CA_1,0.0,0.16198977594778327
2015-09-07,HOBBIES_1_002,CA_1,0.0,0.16198977594778327
2015-09-08,HOBBIES_1_002,CA_1,0.0,0.15722679554973967
2015-09-08,HOBBIES_1_002,CA_1,0.0,0.15722679554973967
2015-09-09,HOBBIES_1_002,CA_1,0.0,0.15722679554973967
2015-09-09,HOBBIES_1_002,CA_1,0.0,0.15722679554973967
2015-09-10,HOBBIES_1_002,CA_1,0.0,0.23113670394510386
2015-09-10,HOBBIES_1_002,CA_1,0.0,0.2157088742878638
2015-09-11,HOBBIES_1_002,CA_1,1.0,0.2262923215161003
2015-09-11,HOBBIES_1_002,CA_1,1.0,0.8272218706572201
2015-09-12,HOBBIES_1_002,CA_1,0.0,0.7847342278623765
2015-09-12,HOBBIES_1_002,CA_1,0.0,0.18071784548156516
2015-09-13,HOBBIES_1_002,CA_1,0.0,0.18071784548156516
2015-09-13,HOBBIES_1_002,CA_1,0.0,0.18071784548156516
2015-09-14,HOBBIES_1_002,CA_1,0.0,0.11318637811180013
2015-09-14,HOBBIES_1_002,CA_1,0.0,0.11726467239120714
2015-09-15,HOBBIES_1_002,CA_1,1.0,0.13034964314178815
2015-09-15,HOBBIES_1_002,CA_1,1.0,0.6990626473470346
2015-09-16,HOBBIES_1_002,CA_1,1.0,0.7007566789937681
2015-09-16,HOBBIES_1_002,CA_1,1.0,0.7007566789937681
2015-09-17,HOBBIES_1_002,CA_1,0.0,0.6909454950430545
2015-09-17,HOBBIES_1_002,CA_1,0.0,0.13096513787498024
2015-09-18,HOBBIES_1_002,CA_1,0.0,0.1808760106660188
2015-09-18,HOBBIES_1_002,CA_1,0.0,0.18495430494542586
2015-09-19,HOBBIES_1_002,CA_1,1.0,0.2167552174788364
2015-09-19,HOBBIES_1_002,CA_1,1.0,0.8207715998596475
2015-09-20,HOBBIES_1_002,CA_1,1.0,0.8207715998596475
2015-09-20,HOBBIES_1_002,CA_1,1.0,0.8342709018829763
2015-09-21,HOBBIES_1_002,CA_1,0.0,0.6980858707267023
2015-09-21,HOBBIES_1_002,CA_1,0.0,0.1381055135586279
2015-09-22,HOBBIES_1_002,CA_1,0.0,0.14307333200522865
2015-09-22,HOBBIES_1_002,CA_1,0.0,0.1471516262846357
2015-09-23,HOBBIES_1_002,CA_1,0.0,0.1471516262846357
2015-09-23,HOBBIES_1_002,CA_1,0.0,0.1471516262846357
2015-09-24,HOBBIES_1_002,CA_1,0.0,0.15212775499860884
2015-09-24,HOBBIES_1_002,CA_1,0.0,0.1126350956579466
2015-09-25,HOBBIES_1_002,CA_1,0.0,0.16219359707144984
2015-09-25,HOBBIES_1_002,CA_1,0.0,0.16219359707144984
2015-09-26,HOBBIES_1_002,CA_1,0.0,0.16660572935141096
2015-09-26,HOBBIES_1_002,CA_1,0.0,0.16660572935141096
2015-09-27,HOBBIES_1_002,CA_1,0.0,0.16660572935141096
2015-09-27,HOBBIES_1_002,CA_1,0.0,0.16660572935141096
2015-09-28,HOBBIES_1_002,CA_1,2.0,0.09870010667110435
2015-09-28,HOBBIES_1_002,CA_1,2.0,1.276842251303146
2015-09-29,HOBBIES_1_002,CA_1,1.0,1.3163487018580005
2015-09-29,HOBBIES_1_002,CA_1,1.0,0.7128648731240166
2015-09-30,HOBBIES_1_002,CA_1,0.0,0.7128648731240166
2015-09-30,HOBBIES_1_002,CA_1,0.0,0.15288451595594232
2015-10-01,HOBBIES_1_002,CA_1,0.0,0.14307333200522865
2015-10-01,HOBBIES_1_002,CA_1,0.0,0.1471516262846357
2015-10-02,HOBBIES_1_002,CA_1,1.0,0.2025319012481616
2015-10-02,HOBBIES_1_002,CA_1,1.0,0.7754726074759378
2015-10-03,HOBBIES_1_002,CA_1,0.0,0.8481603801130969
2015-10-03,HOBBIES_1_002,CA_1,0.0,0.24006570345287873
2015-10-04,HOBBIES_1_002,CA_1,0.0,0.24006570345287873
2015-10-04,HOBBIES_1_002,CA_1,0.0,0.24006570345287873
2015-10-05,HOBBIES_1_002,CA_1,0.0,0.1426778492472889
2015-10-05,HOBBIES_1_002,CA_1,0.0,0.14675614352669597
2015-10-06,HOBBIES_1_002,CA_1,0.0,0.14316058445836746
2015-10-06,HOBBIES_1_002,CA_1,0.0,0.10366792511770509
2015-10-07,HOBBIES_1_002,CA_1,0.0,0.10366792511770509
2015-10-07,HOBBIES_1_002,CA_1,0.0,0.10366792511770509
2015-10-08,HOBBIES_1_002,CA_1,0.0,0.10366792511770509
2015-10-08,HOBBIES_1_002,CA_1,0.0,0.10366792511770509
2015-10-09,HOBBIES_1_002,CA_1,0.0,0.13480481681800044
2015-10-09,HOBBIES_1_002,CA_1,0.0,0.13480481681800044
2015-10-10,HOBBIES_1_002,CA_1,0.0,0.16660572935141096
2015-10-10,HOBBIES_1_002,CA_1,0.0,0.16660572935141096
2015-10-11,HOBBIES_1_002,CA_1,3.0,0.16660572935141096
2015-10-11,HOBBIES_1_002,CA_1,3.0,2.2045236865024354
2015-10-12,HOBBIES_1_002,CA_1,0.0,1.8695996480046218
2015-10-12,HOBBIES_1_002,CA_1,0.0,0.15764749635398592
2015-10-13,HOBBIES_1_002,CA_1,0.0,0.15288451595594232
2015-10-13,HOBBIES_1_002,CA_1,0.0,0.15288451595594232
2015-10-14,HOBBIES_1_002,CA_1,0.0,0.13096513787498024
2015-10-14,HOBBIES_1_002,CA_1,0.0,0.13831346732894445
2015-10-15,HOBBIES_1_002,CA_1,0.0,0.13831346732894445
2015-10-15,HOBBIES_1_002,CA_1,0.0,0.10366792511770509
2015-10-16,HOBBIES_1_002,CA_1,0.0,0.14461600076871411
2015-10-16,HOBBIES_1_002,CA_1,0.0,0.14461600076871411
2015-10-17,HOBBIES_1_002,CA_1,0.0,0.16660572935141096
2015-10-17,HOBBIES_1_002,CA_1,0.0,0.16660572935141096
2015-10-18,HOBBIES_1_002,CA_1,0.0,0.24420570216529464
2015-10-18,HOBBIES_1_002,CA_1,0.0,0.24420570216529464
2015-10-19,HOBBIES_1_002,CA_1,0.0,0.09870010667110435
2015-10-19,HOBBIES_1_002,CA_1,0.0,0.09870010667110435
2015-10-20,HOBBIES_1_002,CA_1,0.0,0.10366792511770509
2015-10-20,HOBBIES_1_002,CA_1,0.0,0.10366792511770509
2015-10-21,HOBBIES_1_002,CA_1,0.0,0.10366792511770509
2015-10-21,HOBBIES_1_002,CA_1,0.0,0.10366792511770509
2015-10-22,HOBBIES_1_002,CA_1,1.0,0.10366792511770509
2015-10-22,HOBBIES_1_002,CA_1,1.0,0.6990626473470346
2015-10-23,HOBBIES_1_002,CA_1,0.0,0.7538167168937951
2015-10-23,HOBBIES_1_002,CA_1,0.0,0.1808760106660188
2015-10-24,HOBBIES_1_002,CA_1,2.0,0.21267692319942932
2015-10-24,HOBBIES_1_002,CA_1,2.0,1.5166909269293718
2015-10-25,HOBBIES_1_002,CA_1,1.0,1.5819789283888166
2015-10-25,HOBBIES_1_002,CA_1,1.0,0.903637197621828
2015-10-26,HOBBIES_1_002,CA_1,0.0,0.6900559708758608
2015-10-26,HOBBIES_1_002,CA_1,0.0,0.1259973194283795
2015-10-27,HOBBIES_1_002,CA_1,0.0,0.13096513787498024
2015-10-27,HOBBIES_1_002,CA_1,0.0,0.1350434321543873
2015-10-28,HOBBIES_1_002,CA_1,0.0,0.1350434321543873
2015-10-28,HOBBIES_1_002,CA_1,0.0,0.1350434321543873
2015-10-29,HOBBIES_1_002,CA_1,1.0,0.14316058445836746
2015-10-29,HOBBIES_1_002,CA_1,1.0,0.711170841477283
2015-10-30,HOBBIES_1_002,CA_1,1.0,0.7713943131965308
2015-10-30,HOBBIES_1_002,CA_1,1.0,0.7713943131965308
2015-10-31,HOBBIES_1_002,CA_1,0.0,0.8868647806993378
2015-10-31,HOBBIES_1_002,CA_1,0.0,0.2828483983185266
2015-11-01,HOBBIES_1_002,CA_1,0.0,0.23025451950216505
2015-11-01,HOBBIES_1_002,CA_1,0.0,0.2343328137815721
2015-11-02,HOBBIES_1_002,CA_1,0.0,0.14218380783803497
2015-11-02,HOBBIES_1_002,CA_1,0.0,0.14218380783803497
2015-11-03,HOBBIES_1_002,CA_1,0.0,0.15526877858861587
2015-11-03,HOBBIES_1_002,CA_1,0.0,0.11577611924795364
2015-11-04,HOBBIES_1_002,CA_1,1.0,0.11577611924795364
2015-11-04,HOBBIES_1_002,CA_1,1.0,0.7371936881218288
2015-11-05,HOBBIES_1_002,CA_1,1.0,0.7543155494258023
2015-11-05,HOBBIES_1_002,CA_1,1.0,0.7543155494258023
2015-11-06,HOBBIES_1_002,CA_1,0.0,0.8128449894983165
2015-11-06,HOBBIES_1_002,CA_1,0.0,0.23990428327054053
2015-11-07,HOBBIES_1_002,CA_1,1.0,0.28151637975466476
2015-11-07,HOBBIES_1_002,CA_1,1.0,0.8741832267576427
2015-11-08,HOBBIES_1_002,CA_1,0.0,0.8481603801130969
2015-11-08,HOBBIES_1_002,CA_1,0.0,0.2441439977322858
2015-11-09,HOBBIES_1_002,CA_1,1.0,0.14218380783803497
2015-11-09,HOBBIES_1_002,CA_1,1.0,0.6980858707267023
2015-11-10,HOBBIES_1_002,CA_1,1.0,0.7030536891733029
2015-11-10,HOBBIES_1_002,CA_1,1.0,0.7331548300972557
2015-11-11,HOBBIES_1_002,CA_1,0.0,0.7454416361644886
2015-11-11,HOBBIES_1_002,CA_1,0.0,0.18138298471700762
2015-11-12,HOBBIES_1_002,CA_1,0.0,0.19433519225772833
2015-11-12,HOBBIES_1_002,CA_1,0.0,0.18298565687989546
2015-11-13,HOBBIES_1_002,CA_1,0.0,0.21234308519887526
2015-11-13,HOBBIES_1_002,CA_1,0.0,0.21234308519887526
2015-11-14,HOBBIES_1_002,CA_1,0.0,0.24244996608555228
2015-11-14,HOBBIES_1_002,CA_1,0.0,0.1841833256541467
2015-11-15,HOBBIES_1_002,CA_1,0.0,0.1841833256541467
2015-11-15,HOBBIES_1_002,CA_1,0.0,0.1841833256541467
2015-11-16,HOBBIES_1_002,CA_1,1.0,0.1108083008013529
2015-11-16,HOBBIES_1_002,CA_1,1.0,0.7062030230306824
2015-11-17,HOBBIES_1_002,CA_1,0.0,0.7030536891733029
2015-11-17,HOBBIES_1_002,CA_1,0.0,0.14307333200522865
2015-11-18,HOBBIES_1_002,CA_1,1.0,0.15288451595594232
2015-11-18,HOBBIES_1_002,CA_1,1.0,0.7128648731240166
2015-11-19,HOBBIES_1_002,CA_1,1.0,0.7128648731240166
2015-11-19,HOBBIES_1_002,CA_1,1.0,0.7169431674034236
2015-11-20,HOBBIES_1_002,CA_1,0.0,0.7754726074759378
2015-11-20,HOBBIES_1_002,CA_1,0.0,0.19845360696875453
2015-11-21,HOBBIES_1_002,CA_1,3.0,0.24006570345287873
2015-11-21,HOBBIES_1_002,CA_1,3.0,2.218413164732556
2015-11-22,HOBBIES_1_002,CA_1,0.0,2.177369121451394
2015-11-22,HOBBIES_1_002,CA_1,0.0,0.275783490083358
2015-11-23,HOBBIES_1_002,CA_1,0.0,0.19344566809053465
2015-11-23,HOBBIES_1_002,CA_1,0.0,0.1893673738111276
2015-11-24,HOBBIES_1_002,CA_1,0.0,0.19433519225772833
2015-11-24,HOBBIES_1_002,CA_1,0.0,0.1862556920544526
2015-11-25,HOBBIES_1_002,CA_1,0.0,0.15042166145919286
2015-11-25,HOBBIES_1_002,CA_1,0.0,0.11577611924795364
2015-11-26,HOBBIES_1_002,CA_1,0.0,0.1126350956579466
2015-11-26,HOBBIES_1_002,CA_1,0.0,0.1126350956579466
2015-11-27,HOBBIES_1_002,CA_1,0.0,0.15238241312073617
2015-11-27,HOBBIES_1_002,CA_1,0.0,0.15238241312073617
2015-11-28,HOBBIES_1_002,CA_1,0.0,0.2617832984680304
2015-11-28,HOBBIES_1_002,CA_1,0.0,0.2617832984680304
2015-11-29,HOBBIES_1_002,CA_1,1.0,0.1841833256541467
2015-11-29,HOBBIES_1_002,CA_1,1.0,0.8684109008315022
2015-11-30,HOBBIES_1_002,CA_1,0.0,0.7493477309792016
2015-11-30,HOBBIES_1_002,CA_1,0.0,0.17393954415388765
2015-12-01,HOBBIES_1_002,CA_1,0.0,0.14307333200522865
2015-12-01,HOBBIES_1_002,CA_1,0.0,0.14307333200522865
2015-12-02,HOBBIES_1_002,CA_1,0.0,0.15288451595594232
2015-12-02,HOBBIES_1_002,CA_1,0.0,0.1569628102353494
2015-12-03,HOBBIES_1_002,CA_1,0.0,0.16507996253932955
2015-12-03,HOBBIES_1_002,CA_1,0.0,0.1255873031986674
2015-12-04,HOBBIES_1_002,CA_1,0.0,0.13480481681800044
2015-12-04,HOBBIES_1_002,CA_1,0.0,0.13480481681800044
2015-12-05,HOBBIES_1_002,CA_1,2.0,0.24051563774677492
2015-12-05,HOBBIES_1_002,CA_1,2.0,1.5738864492891869
2015-12-06,HOBBIES_1_002,CA_1,1.0,1.508598447829742
2015-12-06,HOBBIES_1_002,CA_1,1.0,0.8166933055802406
2015-12-07,HOBBIES_1_002,CA_1,0.0,0.6859776765964538
2015-12-07,HOBBIES_1_002,CA_1,0.0,0.1259973194283795
2015-12-08,HOBBIES_1_002,CA_1,0.0,0.13096513787498024
2015-12-08,HOBBIES_1_002,CA_1,0.0,0.1350434321543873
2015-12-09,HOBBIES_1_002,CA_1,1.0,0.1350434321543873
2015-12-09,HOBBIES_1_002,CA_1,1.0,0.7071319834527099
2015-12-10,HOBBIES_1_002,CA_1,1.0,0.7071319834527099
2015-12-10,HOBBIES_1_002,CA_1,1.0,0.7030536891733029
2015-12-11,HOBBIES_1_002,CA_1,0.0,0.7713943131965308
2015-12-11,HOBBIES_1_002,CA_1,0.0,0.19845360696875453
2015-12-12,HOBBIES_1_002,CA_1,2.0,0.28598942190853366
2015-12-12,HOBBIES_1_002,CA_1,2.0,1.5765041236151478
2015-12-13,HOBBIES_1_002,CA_1,0.0,1.530580405159493
2015-12-13,HOBBIES_1_002,CA_1,0.0,0.2855946740340718
2015-12-14,HOBBIES_1_002,CA_1,1.0,0.19336528298446531
2015-12-14,HOBBIES_1_002,CA_1,1.0,0.7492673458731323
2015-12-15,HOBBIES_1_002,CA_1,0.0,0.7445043654750886
2015-12-15,HOBBIES_1_002,CA_1,0.0,0.18860230258642172
2015-12-16,HOBBIES_1_002,CA_1,2.0,0.18860230258642172
2015-12-16,HOBBIES_1_002,CA_1,2.0,1.3218300712968838
2015-12-17,HOBBIES_1_002,CA_1,1.0,1.3218300712968838
2015-12-17,HOBBIES_1_002,CA_1,1.0,0.8387308243801319
2015-12-18,HOBBIES_1_002,CA_1,1.0,0.9356644312029994
2015-12-18,HOBBIES_1_002,CA_1,1.0,0.9315861369235924
2015-12-19,HOBBIES_1_002,CA_1,5.0,1.0901169701138627
2015-12-19,HOBBIES_1_002,CA_1,5.0,3.572352177506518
2015-12-20,HOBBIES_1_002,CA_1,0.0,3.3362615873286905
2015-12-20,HOBBIES_1_002,CA_1,0.0,0.5499595433659044
2015-12-21,HOBBIES_1_002,CA_1,1.0,0.39906760270225516
2015-12-21,HOBBIES_1_002,CA_1,1.0,0.9111204834872538
2015-12-22,HOBBIES_1_002,CA_1,0.0,0.9160883019338545
2015-12-22,HOBBIES_1_002,CA_1,0.0,0.40730545632341303
2015-12-23,HOBBIES_1_002,CA_1,3.0,0.4493587855867364
2015-12-23,HOBBIES_1_002,CA_1,3.0,1.9391213655970192
2015-12-24,HOBBIES_1_002,CA_1,5.0,1.9045331596334523
2015-12-24,HOBBIES_1_002,CA_1,5.0,3.090980250990242
2015-12-25,HOBBIES_1_002,CA_1,0.0,2.9829799334058493
2015-12-25,HOBBIES_1_002,CA_1,0.0,0.5496342190093363
2015-12-26,HOBBIES_1_002,CA_1,0.0,0.7626700913234364
2015-12-26,HOBBIES_1_002,CA_1,0.0,0.727956240756398
2015-12-27,HOBBIES_1_002,CA_1,1.0,0.5962123320342952
2015-12-27,HOBBIES_1_002,CA_1,1.0,1.2255674709123072
2015-12-28,HOBBIES_1_002,CA_1,0.0,0.9787951111223072
2015-12-28,HOBBIES_1_002,CA_1,0.0,0.42669368689602005
2015-12-29,HOBBIES_1_002,CA_1,0.0,0.421850321391907
2015-12-29,HOBBIES_1_002,CA_1,0.0,0.421850321391907
2015-12-30,HOBBIES_1_002,CA_1,0.0,0.47020710556904505
2015-12-30,HOBBIES_1_002,CA_1,0.0,0.4679538208196943
2015-12-31,HOBBIES_1_002,CA_1,0.0,0.5087191150009636
2015-12-31,HOBBIES_1_002,CA_1,0.0,0.46922645566030186
2016-01-01,HOBBIES_1_002,CA_1,0.0,0.46885745547575625
2016-01-01,HOBBIES_1_002,CA_1,0.0,0.46885745547575625
2016-01-02,HOBBIES_1_002,CA_1,0.0,0.5665740833318734
2016-01-02,HOBBIES_1_002,CA_1,0.0,0.47500989104431773
2016-01-03,HOBBIES_1_002,CA_1,0.0,0.3741500858929682
2016-01-03,HOBBIES_1_002,CA_1,0.0,0.3741500858929682
2016-01-04,HOBBIES_1_002,CA_1,0.0,0.27101942337520935
2016-01-04,HOBBIES_1_002,CA_1,0.0,0.24901366794055008
2016-01-05,HOBBIES_1_002,CA_1,0.0,0.24417030243643703
2016-01-05,HOBBIES_1_002,CA_1,0.0,0.24417030243643703
2016-01-06,HOBBIES_1_002,CA_1,0.0,0.30278765744220376
2016-01-06,HOBBIES_1_002,CA_1,0.0,0.23113670394510386
2016-01-07,HOBBIES_1_002,CA_1,0.0,0.18654500405331062
2016-01-07,HOBBIES_1_002,CA_1,0.0,0.1744368099230622
2016-01-08,HOBBIES_1_002,CA_1,0.0,0.10586718454511387
2016-01-08,HOBBIES_1_002,CA_1,0.0,0.10586718454511387
2016-01-09,HOBBIES_1_002,CA_1,1.0,0.12420597231387398
2016-01-09,HOBBIES_1_002,CA_1,1.0,0.7928513801663566
2016-01-10,HOBBIES_1_002,CA_1,0.0,0.7945454118130901
2016-01-10,HOBBIES_1_002,CA_1,0.0,0.19052902943227884
2016-01-11,HOBBIES_1_002,CA_1,0.0,0.10663700558760753
2016-01-11,HOBBIES_1_002,CA_1,0.0,0.10663700558760753
2016-01-12,HOBBIES_1_002,CA_1,0.0,0.11160482403420827
2016-01-12,HOBBIES_1_002,CA_1,0.0,0.11568311831361527
2016-01-13,HOBBIES_1_002,CA_1,0.0,0.12380027061759558
2016-01-13,HOBBIES_1_002,CA_1,0.0,0.08430761127693326
2016-01-14,HOBBIES_1_002,CA_1,0.0,0.08430761127693326
2016-01-14,HOBBIES_1_002,CA_1,0.0,0.08430761127693326
2016-01-15,HOBBIES_1_002,CA_1,1.0,0.10586718454511387
2016-01-15,HOBBIES_1_002,CA_1,1.0,0.7395456094490814
2016-01-16,HOBBIES_1_002,CA_1,0.0,0.7847342278623765
2016-01-16,HOBBIES_1_002,CA_1,0.0,0.18071784548156516
2016-01-17,HOBBIES_1_002,CA_1,0.0,0.18071784548156516
2016-01-17,HOBBIES_1_002,CA_1,0.0,0.18071784548156516
2016-01-18,HOBBIES_1_002,CA_1,1.0,0.12291717695644447
2016-01-18,HOBBIES_1_002,CA_1,1.0,0.6997867697205051
2016-01-19,HOBBIES_1_002,CA_1,0.0,0.6950237893224614
2016-01-19,HOBBIES_1_002,CA_1,0.0,0.13096513787498024
2016-01-20,HOBBIES_1_002,CA_1,0.0,0.13096513787498024
2016-01-20,HOBBIES_1_002,CA_1,0.0,0.13096513787498024
2016-01-21,HOBBIES_1_002,CA_1,0.0,0.13096513787498024
2016-01-21,HOBBIES_1_002,CA_1,0.0,0.1350434321543873
2016-01-22,HOBBIES_1_002,CA_1,0.0,0.19307145724940603
2016-01-22,HOBBIES_1_002,CA_1,0.0,0.13480481681800044
2016-01-23,HOBBIES_1_002,CA_1,0.0,0.17641691330212464
2016-01-23,HOBBIES_1_002,CA_1,0.0,0.17641691330212464
2016-01-24,HOBBIES_1_002,CA_1,0.0,0.1346466516335468
2016-01-24,HOBBIES_1_002,CA_1,0.0,0.1346466516335468
2016-01-25,HOBBIES_1_002,CA_1,0.0,0.0858891653545251
2016-01-25,HOBBIES_1_002,CA_1,0.0,0.0858891653545251
2016-01-26,HOBBIES_1_002,CA_1,0.0,0.09085698380112583
2016-01-26,HOBBIES_1_002,CA_1,0.0,0.09085698380112583
2016-01-27,HOBBIES_1_002,CA_1,0.0,0.09085698380112583
2016-01-27,HOBBIES_1_002,CA_1,0.0,0.09085698380112583
2016-01-28,HOBBIES_1_002,CA_1,1.0,0.09085698380112583
2016-01-28,HOBBIES_1_002,CA_1,1.0,0.6990626473470346
2016-01-29,HOBBIES_1_002,CA_1,0.0,0.7636279008445088
2016-01-29,HOBBIES_1_002,CA_1,0.0,0.19068719461673247
2016-01-30,HOBBIES_1_002,CA_1,0.0,0.18071784548156516
2016-01-30,HOBBIES_1_002,CA_1,0.0,0.18071784548156516
2016-01-31,HOBBIES_1_002,CA_1,0.0,0.18071784548156516
2016-01-31,HOBBIES_1_002,CA_1,0.0,0.18479613976097223
2016-02-01,HOBBIES_1_002,CA_1,1.0,0.13519300864590109
2016-02-01,HOBBIES_1_002,CA_1,1.0,0.6910950715345683
2016-02-02,HOBBIES_1_002,CA_1,0.0,0.6781345537264751
2016-02-02,HOBBIES_1_002,CA_1,0.0,0.11815419655840087
2016-02-03,HOBBIES_1_002,CA_1,0.0,0.11815419655840087
2016-02-03,HOBBIES_1_002,CA_1,0.0,0.11815419655840087
2016-02-04,HOBBIES_1_002,CA_1,0.0,0.11815419655840087
2016-02-04,HOBBIES_1_002,CA_1,0.0,0.12223249083780788
2016-02-05,HOBBIES_1_002,CA_1,0.0,0.17068319750071215
2016-02-05,HOBBIES_1_002,CA_1,0.0,0.11241655706930645
2016-02-06,HOBBIES_1_002,CA_1,0.0,0.1346466516335468
2016-02-06,HOBBIES_1_002,CA_1,0.0,0.1346466516335468
2016-02-07,HOBBIES_1_002,CA_1,0.0,0.13150562804353977
2016-02-07,HOBBIES_1_002,CA_1,0.0,0.13150562804353977
2016-02-08,HOBBIES_1_002,CA_1,1.0,0.0858891653545251
2016-02-08,HOBBIES_1_002,CA_1,1.0,0.694094828900434
2016-02-09,HOBBIES_1_002,CA_1,0.0,0.6909454950430545
2016-02-09,HOBBIES_1_002,CA_1,0.0,0.13096513787498024
2016-02-10,HOBBIES_1_002,CA_1,0.0,0.1278241142849732
2016-02-10,HOBBIES_1_002,CA_1,0.0,0.1278241142849732
2016-02-11,HOBBIES_1_002,CA_1,0.0,0.1407763218256939
2016-02-11,HOBBIES_1_002,CA_1,0.0,0.14485461610510098
2016-02-12,HOBBIES_1_002,CA_1,0.0,0.17068319750071215
2016-02-12,HOBBIES_1_002,CA_1,0.0,0.11241655706930645
2016-02-13,HOBBIES_1_002,CA_1,0.0,0.1346466516335468
2016-02-13,HOBBIES_1_002,CA_1,0.0,0.1346466516335468
2016-02-14,HOBBIES_1_002,CA_1,0.0,0.13150562804353977
2016-02-14,HOBBIES_1_002,CA_1,0.0,0.13150562804353977
2016-02-15,HOBBIES_1_002,CA_1,0.0,0.10543114814988314
2016-02-15,HOBBIES_1_002,CA_1,0.0,0.10543114814988314
2016-02-16,HOBBIES_1_002,CA_1,1.0,0.08430761127693326
2016-02-16,HOBBIES_1_002,CA_1,1.0,0.6862517060304553
2016-02-17,HOBBIES_1_002,CA_1,0.0,0.6749935301364681
2016-02-17,HOBBIES_1_002,CA_1,0.0,0.11501317296839383
2016-02-18,HOBBIES_1_002,CA_1,0.0,0.11815419655840087
2016-02-18,HOBBIES_1_002,CA_1,0.0,0.11815419655840087
2016-02-19,HOBBIES_1_002,CA_1,0.0,0.15848775091732492
2016-02-19,HOBBIES_1_002,CA_1,0.0,0.16256604519673198
2016-02-20,HOBBIES_1_002,CA_1,1.0,0.1929132920649524
2016-02-20,HOBBIES_1_002,CA_1,1.0,0.8248104578842207
2016-02-21,HOBBIES_1_002,CA_1,0.0,0.8166933055802406
2016-02-21,HOBBIES_1_002,CA_1,0.0,0.21267692319942932
2016-02-22,HOBBIES_1_002,CA_1,0.0,0.13580850337909317
2016-02-22,HOBBIES_1_002,CA_1,0.0,0.13580850337909317
2016-02-23,HOBBIES_1_002,CA_1,0.0,0.11815419655840087
2016-02-23,HOBBIES_1_002,CA_1,0.0,0.12223249083780788
2016-02-24,HOBBIES_1_002,CA_1,0.0,0.13034964314178815
2016-02-24,HOBBIES_1_002,CA_1,0.0,0.09085698380112583
2016-02-25,HOBBIES_1_002,CA_1,1.0,0.09085698380112583
2016-02-25,HOBBIES_1_002,CA_1,1.0,0.6990626473470346
2016-02-26,HOBBIES_1_002,CA_1,0.0,0.7538167168937951
2016-02-26,HOBBIES_1_002,CA_1,0.0,0.1808760106660188
2016-02-27,HOBBIES_1_002,CA_1,0.0,0.21267692319942932
2016-02-27,HOBBIES_1_002,CA_1,0.0,0.21267692319942932
2016-02-28,HOBBIES_1_002,CA_1,0.0,0.21267692319942932
2016-02-28,HOBBIES_1_002,CA_1,0.0,0.2167552174788364
2016-02-29,HOBBIES_1_002,CA_1,0.0,0.13819276601176672
2016-02-29,HOBBIES_1_002,CA_1,0.0,0.09870010667110435
2016-03-01,HOBBIES_1_002,CA_1,0.0,0.11347910906841885
2016-03-01,HOBBIES_1_002,CA_1,0.0,0.11347910906841885
2016-03-02,HOBBIES_1_002,CA_1,0.0,0.09085698380112583
2016-03-02,HOBBIES_1_002,CA_1,0.0,0.09085698380112583
2016-03-03,HOBBIES_1_002,CA_1,1.0,0.09085698380112583
2016-03-03,HOBBIES_1_002,CA_1,1.0,0.6990626473470346
2016-03-04,HOBBIES_1_002,CA_1,0.0,0.7538167168937951
2016-03-04,HOBBIES_1_002,CA_1,0.0,0.1808760106660188
2016-03-05,HOBBIES_1_002,CA_1,0.0,0.222488107150143
2016-03-05,HOBBIES_1_002,CA_1,0.0,0.222488107150143
2016-03-06,HOBBIES_1_002,CA_1,1.0,0.18071784548156516
2016-03-06,HOBBIES_1_002,CA_1,1.0,0.8207715998596475
2016-03-07,HOBBIES_1_002,CA_1,1.0,0.6900559708758608
2016-03-07,HOBBIES_1_002,CA_1,1.0,0.6859776765964538
2016-03-08,HOBBIES_1_002,CA_1,0.0,0.6909454950430545
2016-03-08,HOBBIES_1_002,CA_1,0.0,0.13096513787498024
2016-03-09,HOBBIES_1_002,CA_1,0.0,0.13096513787498024
2016-03-09,HOBBIES_1_002,CA_1,0.0,0.1350434321543873
2016-03-10,HOBBIES_1_002,CA_1,1.0,0.14485461610510098
2016-03-10,HOBBIES_1_002,CA_1,1.0,0.7048349732731751
2016-03-11,HOBBIES_1_002,CA_1,0.0,0.7578950111732021
2016-03-11,HOBBIES_1_002,CA_1,0.0,0.1808760106660188
2016-03-12,HOBBIES_1_002,CA_1,1.0,0.21267692319942932
2016-03-12,HOBBIES_1_002,CA_1,1.0,0.8342709018829763
2016-03-13,HOBBIES_1_002,CA_1,0.0,0.8342709018829763
2016-03-13,HOBBIES_1_002,CA_1,0.0,0.2343328137815721
2016-03-14,HOBBIES_1_002,CA_1,0.0,0.14218380783803497
2016-03-14,HOBBIES_1_002,CA_1,0.0,0.1381055135586279
2016-03-15,HOBBIES_1_002,CA_1,0.0,0.14307333200522865
2016-03-15,HOBBIES_1_002,CA_1,0.0,0.1471516262846357
2016-03-16,HOBBIES_1_002,CA_1,0.0,0.15526877858861587
2016-03-16,HOBBIES_1_002,CA_1,0.0,0.11577611924795364
2016-03-17,HOBBIES_1_002,CA_1,0.0,0.12244627960866036
2016-03-17,HOBBIES_1_002,CA_1,0.0,0.12244627960866036
2016-03-18,HOBBIES_1_002,CA_1,0.0,0.13480481681800044
2016-03-18,HOBBIES_1_002,CA_1,0.0,0.13480481681800044
2016-03-19,HOBBIES_1_002,CA_1,0.0,0.16660572935141096
2016-03-19,HOBBIES_1_002,CA_1,0.0,0.16660572935141096
2016-03-20,HOBBIES_1_002,CA_1,0.0,0.17641691330212464
2016-03-20,HOBBIES_1_002,CA_1,0.0,0.17641691330212464
2016-03-21,HOBBIES_1_002,CA_1,0.0,0.10851129062181811
2016-03-21,HOBBIES_1_002,CA_1,0.0,0.10851129062181811
2016-03-22,HOBBIES_1_002,CA_1,0.0,0.09085698380112583
2016-03-22,HOBBIES_1_002,CA_1,0.0,0.09085698380112583
2016-03-23,HOBBIES_1_002,CA_1,0.0,0.09085698380112583
2016-03-23,HOBBIES_1_002,CA_1,0.0,0.09085698380112583
2016-03-24,HOBBIES_1_002,CA_1,1.0,0.0975271441618325
2016-03-24,HOBBIES_1_002,CA_1,1.0,0.6929218663911619
2016-03-25,HOBBIES_1_002,CA_1,1.0,0.7314284571451013
2016-03-25,HOBBIES_1_002,CA_1,1.0,0.7538167168937951
2016-03-26,HOBBIES_1_002,CA_1,1.0,0.8265044895309542
2016-03-26,HOBBIES_1_002,CA_1,1.0,0.8265044895309542
2016-03-27,HOBBIES_1_002,CA_1,1.0,0.8135522819902336
2016-03-27,HOBBIES_1_002,CA_1,1.0,0.8176305762696405
2016-03-28,HOBBIES_1_002,CA_1,1.0,0.6900559708758608
2016-03-28,HOBBIES_1_002,CA_1,1.0,0.7021641650061092
2016-03-29,HOBBIES_1_002,CA_1,0.0,0.7071319834527099
2016-03-29,HOBBIES_1_002,CA_1,0.0,0.1471516262846357
2016-03-30,HOBBIES_1_002,CA_1,0.0,0.1471516262846357
2016-03-30,HOBBIES_1_002,CA_1,0.0,0.1471516262846357
2016-03-31,HOBBIES_1_002,CA_1,0.0,0.1471516262846357
2016-03-31,HOBBIES_1_002,CA_1,0.0,0.1471516262846357
2016-04-01,HOBBIES_1_002,CA_1,0.0,0.21064905355214175
2016-04-01,HOBBIES_1_002,CA_1,0.0,0.15238241312073617
2016-04-02,HOBBIES_1_002,CA_1,0.0,0.1841833256541467
2016-04-02,HOBBIES_1_002,CA_1,0.0,0.1841833256541467
2016-04-03,HOBBIES_1_002,CA_1,0.0,0.1841833256541467
2016-04-03,HOBBIES_1_002,CA_1,0.0,0.1841833256541467
2016-04-04,HOBBIES_1_002,CA_1,0.0,0.1108083008013529
2016-04-04,HOBBIES_1_002,CA_1,0.0,0.1108083008013529
2016-04-05,HOBBIES_1_002,CA_1,0.0,0.11577611924795364
2016-04-05,HOBBIES_1_002,CA_1,0.0,0.11577611924795364
2016-04-06,HOBBIES_1_002,CA_1,0.0,0.11577611924795364
2016-04-06,HOBBIES_1_002,CA_1,0.0,0.11577611924795364
2016-04-07,HOBBIES_1_002,CA_1,0.0,0.1255873031986674
2016-04-07,HOBBIES_1_002,CA_1,0.0,0.1255873031986674
2016-04-08,HOBBIES_1_002,CA_1,0.0,0.14461600076871411
2016-04-08,HOBBIES_1_002,CA_1,0.0,0.14461600076871411
2016-04-09,HOBBIES_1_002,CA_1,0.0,0.17641691330212464
2016-04-09,HOBBIES_1_002,CA_1,0.0,0.17641691330212464
2016-04-10,HOBBIES_1_002,CA_1,0.0,0.14445783558426048
2016-04-10,HOBBIES_1_002,CA_1,0.0,0.14445783558426048
2016-04-11,HOBBIES_1_002,CA_1,0.0,0.08915097678104622
2016-04-11,HOBBIES_1_002,CA_1,0.0,0.08915097678104622
2016-04-12,HOBBIES_1_002,CA_1,0.0,0.06495070748650385
2016-04-12,HOBBIES_1_002,CA_1,0.0,0.06495070748650385
2016-04-13,HOBBIES_1_002,CA_1,0.0,0.06495070748650385
2016-04-13,HOBBIES_1_002,CA_1,0.0,0.06495070748650385
2016-04-14,HOBBIES_1_002,CA_1,0.0,0.06495070748650385
2016-04-14,HOBBIES_1_002,CA_1,0.0,0.06495070748650385
2016-04-15,HOBBIES_1_002,CA_1,0.0,0.08651028075468446
2016-04-15,HOBBIES_1_002,CA_1,0.0,0.08651028075468446
2016-04-16,HOBBIES_1_002,CA_1,0.0,0.10484906852344446
2016-04-16,HOBBIES_1_002,CA_1,0.0,0.10484906852344446
2016-04-17,HOBBIES_1_002,CA_1,0.0,0.10484906852344446
2016-04-17,HOBBIES_1_002,CA_1,0.0,0.10484906852344446
2016-04-18,HOBBIES_1_002,CA_1,0.0,0.05998288903990311
2016-04-18,HOBBIES_1_002,CA_1,0.0,0.05998288903990311
2016-04-19,HOBBIES_1_002,CA_1,0.0,0.06495070748650385
2016-04-19,HOBBIES_1_002,CA_1,0.0,0.06495070748650385
2016-04-20,HOBBIES_1_002,CA_1,1.0,0.06495070748650385
2016-04-20,HOBBIES_1_002,CA_1,1.0,0.6797023335062626
2016-04-21,HOBBIES_1_002,CA_1,0.0,0.6715851812022825
2016-04-21,HOBBIES_1_002,CA_1,0.0,0.11160482403420827
2016-04-22,HOBBIES_1_002,CA_1,0.0,0.15193837839313237
2016-04-22,HOBBIES_1_002,CA_1,0.0,0.15193837839313237
2016-04-23,HOBBIES_1_002,CA_1,0.0,0.1702771661618924
2016-04-23,HOBBIES_1_002,CA_1,0.0,0.17435546044129946
2016-04-24,HOBBIES_1_002,CA_1,0.0,0.18247261274527962
2016-04-24,HOBBIES_1_002,CA_1,0.0,0.12420597231387398
2015-06-04,HOBBIES_1_003,CA_1,0.0,0.7777384807314303
2015-06-04,HOBBIES_1_003,CA_1,0.0,0.20233029390611637
2015-06-05,HOBBIES_1_003,CA_1,0.0,0.22501756186438954
2015-06-05,HOBBIES_1_003,CA_1,0.0,0.22501756186438954
2015-06-06,HOBBIES_1_003,CA_1,1.0,0.3223645607548824
2015-06-06,HOBBIES_1_003,CA_1,1.0,0.9304592374151005
2015-06-07,HOBBIES_1_003,CA_1,0.0,0.8649131510580182
2015-06-07,HOBBIES_1_003,CA_1,0.0,0.2568184743978
2015-06-08,HOBBIES_1_003,CA_1,0.0,0.1744806524049766
2015-06-08,HOBBIES_1_003,CA_1,0.0,0.1744806524049766
2015-06-09,HOBBIES_1_003,CA_1,0.0,0.16963728690086366
2015-06-09,HOBBIES_1_003,CA_1,0.0,0.17371558118027072
2015-06-10,HOBBIES_1_003,CA_1,1.0,0.19164391743496456
2015-06-10,HOBBIES_1_003,CA_1,1.0,0.7475459803236317
2015-06-11,HOBBIES_1_003,CA_1,0.0,0.7296176440689379
2015-06-11,HOBBIES_1_003,CA_1,0.0,0.16963728690086366
2015-06-12,HOBBIES_1_003,CA_1,0.0,0.22501756186438954
2015-06-12,HOBBIES_1_003,CA_1,0.0,0.22501756186438954
2015-06-13,HOBBIES_1_003,CA_1,2.0,0.26662965834851377
2015-06-13,HOBBIES_1_003,CA_1,2.0,1.5571443600551278
2015-06-14,HOBBIES_1_003,CA_1,0.0,1.547333176104414
2015-06-14,HOBBIES_1_003,CA_1,0.0,0.2568184743978
2015-06-15,HOBBIES_1_003,CA_1,0.0,0.16466946845426292
2015-06-15,HOBBIES_1_003,CA_1,0.0,0.16466946845426292
2015-06-16,HOBBIES_1_003,CA_1,0.0,0.16649626331085662
2015-06-16,HOBBIES_1_003,CA_1,0.0,0.1705745575902637
2015-06-17,HOBBIES_1_003,CA_1,0.0,0.1835267651309844
2015-06-17,HOBBIES_1_003,CA_1,0.0,0.1521512580943024
2015-06-18,HOBBIES_1_003,CA_1,1.0,0.12709085642333326
2015-06-18,HOBBIES_1_003,CA_1,1.0,0.734593772782911
2015-06-19,HOBBIES_1_003,CA_1,1.0,0.7979582680921659
2015-06-19,HOBBIES_1_003,CA_1,1.0,0.7979582680921659
2015-06-20,HOBBIES_1_003,CA_1,1.0,0.9263809431356935
2015-06-20,HOBBIES_1_003,CA_1,1.0,0.9263809431356935
2015-06-21,HOBBIES_1_003,CA_1,0.0,0.8576938331886043
2015-06-21,HOBBIES_1_003,CA_1,0.0,0.25775574508719995
2015-06-22,HOBBIES_1_003,CA_1,0.0,0.16874776273366998
2015-06-22,HOBBIES_1_003,CA_1,0.0,0.16874776273366998
2015-06-23,HOBBIES_1_003,CA_1,0.0,0.17371558118027072
2015-06-23,HOBBIES_1_003,CA_1,0.0,0.17371558118027072
2015-06-24,HOBBIES_1_003,CA_1,0.0,0.19164391743496456
2015-06-24,HOBBIES_1_003,CA_1,0.0,0.1521512580943024
2015-06-25,HOBBIES_1_003,CA_1,0.0,0.14234007414358874
2015-06-25,HOBBIES_1_003,CA_1,0.0,0.14234007414358874
2015-06-26,HOBBIES_1_003,CA_1,0.0,0.17894636801637118
2015-06-26,HOBBIES_1_003,CA_1,0.0,0.17894636801637118
2015-06-27,HOBBIES_1_003,CA_1,1.0,0.22055846450049538
2015-06-27,HOBBIES_1_003,CA_1,1.0,0.8787631930333051
2015-06-28,HOBBIES_1_003,CA_1,0.0,0.8432572604758756
2015-06-28,HOBBIES_1_003,CA_1,0.0,0.23924087809506434
2015-06-29,HOBBIES_1_003,CA_1,1.0,0.1525612743240145
2015-06-29,HOBBIES_1_003,CA_1,1.0,0.7246498256223373
2015-06-30,HOBBIES_1_003,CA_1,0.0,0.7296176440689379
2015-06-30,HOBBIES_1_003,CA_1,0.0,0.17371558118027072
2015-07-01,HOBBIES_1_003,CA_1,0.0,0.17371558118027072
2015-07-01,HOBBIES_1_003,CA_1,0.0,0.16963728690086366
2015-07-02,HOBBIES_1_003,CA_1,2.0,0.17944847085157734
2015-07-02,HOBBIES_1_003,CA_1,2.0,1.3469909510330427
2015-07-03,HOBBIES_1_003,CA_1,1.0,1.457984859192832
2015-07-03,HOBBIES_1_003,CA_1,1.0,0.8077694520428795
2015-07-04,HOBBIES_1_003,CA_1,0.0,0.8675050171393179
2015-07-04,HOBBIES_1_003,CA_1,0.0,0.2634886347585067
2015-07-05,HOBBIES_1_003,CA_1,0.0,0.2568184743978
2015-07-05,HOBBIES_1_003,CA_1,0.0,0.260896768677207
2015-07-06,HOBBIES_1_003,CA_1,0.0,0.16874776273366998
2015-07-06,HOBBIES_1_003,CA_1,0.0,0.16874776273366998
2015-07-07,HOBBIES_1_003,CA_1,0.0,0.18183273348425089
2015-07-07,HOBBIES_1_003,CA_1,0.0,0.14234007414358874
2015-07-08,HOBBIES_1_003,CA_1,1.0,0.14234007414358874
2015-07-08,HOBBIES_1_003,CA_1,1.0,0.7377347963729181
2015-07-09,HOBBIES_1_003,CA_1,0.0,0.7462981738878472
2015-07-09,HOBBIES_1_003,CA_1,0.0,0.1863178167197731
2015-07-10,HOBBIES_1_003,CA_1,2.0,0.22501756186438954
2015-07-10,HOBBIES_1_003,CA_1,2.0,1.4440953809627108
2015-07-11,HOBBIES_1_003,CA_1,0.0,1.5530660657757205
2015-07-11,HOBBIES_1_003,CA_1,0.0,0.31215862892970675
2015-07-12,HOBBIES_1_003,CA_1,0.0,0.30234744497899296
2015-07-12,HOBBIES_1_003,CA_1,0.0,0.2982691506995859
2015-07-13,HOBBIES_1_003,CA_1,0.0,0.2159313287067626
2015-07-13,HOBBIES_1_003,CA_1,0.0,0.20458179332892973
2015-07-14,HOBBIES_1_003,CA_1,0.0,0.17371558118027072
2015-07-14,HOBBIES_1_003,CA_1,0.0,0.14234007414358874
2015-07-15,HOBBIES_1_003,CA_1,0.0,0.14234007414358874
2015-07-15,HOBBIES_1_003,CA_1,0.0,0.14234007414358874
2015-07-16,HOBBIES_1_003,CA_1,0.0,0.1521512580943024
2015-07-16,HOBBIES_1_003,CA_1,0.0,0.1521512580943024
2015-07-17,HOBBIES_1_003,CA_1,0.0,0.22691485807071785
2015-07-17,HOBBIES_1_003,CA_1,0.0,0.22691485807071785
2015-07-18,HOBBIES_1_003,CA_1,1.0,0.19002866065703894
2015-07-18,HOBBIES_1_003,CA_1,1.0,0.8482333891898487
2015-07-19,HOBBIES_1_003,CA_1,0.0,0.8432572604758756
2015-07-19,HOBBIES_1_003,CA_1,0.0,0.23924087809506434
2015-07-20,HOBBIES_1_003,CA_1,0.0,0.1525612743240145
2015-07-20,HOBBIES_1_003,CA_1,0.0,0.1525612743240145
2015-07-21,HOBBIES_1_003,CA_1,0.0,0.15752909277061525
2015-07-21,HOBBIES_1_003,CA_1,0.0,0.1616073870500223
2015-07-22,HOBBIES_1_003,CA_1,0.0,0.17953572330471615
2015-07-22,HOBBIES_1_003,CA_1,0.0,0.14004306396405397
2015-07-23,HOBBIES_1_003,CA_1,1.0,0.1302318800133403
2015-07-23,HOBBIES_1_003,CA_1,1.0,0.7256266022426696
2015-07-24,HOBBIES_1_003,CA_1,1.0,0.7901918557401438
2015-07-24,HOBBIES_1_003,CA_1,1.0,0.7901918557401438
2015-07-25,HOBBIES_1_003,CA_1,0.0,0.8432572604758756
2015-07-25,HOBBIES_1_003,CA_1,0.0,0.23924087809506434
2015-07-26,HOBBIES_1_003,CA_1,1.0,0.23924087809506434
2015-07-26,HOBBIES_1_003,CA_1,1.0,0.8473355547552825
2015-07-27,HOBBIES_1_003,CA_1,0.0,0.7166199257714958
2015-07-27,HOBBIES_1_003,CA_1,0.0,0.15663956860342157
2015-07-28,HOBBIES_1_003,CA_1,0.0,0.1616073870500223
2015-07-28,HOBBIES_1_003,CA_1,0.0,0.15752909277061525
2015-07-29,HOBBIES_1_003,CA_1,0.0,0.15752909277061525
2015-07-29,HOBBIES_1_003,CA_1,0.0,0.1616073870500223
2015-07-30,HOBBIES_1_003,CA_1,0.0,0.16972453935400247
2015-07-30,HOBBIES_1_003,CA_1,0.0,0.1302318800133403
2015-07-31,HOBBIES_1_003,CA_1,0.0,0.16136877171363545
2015-07-31,HOBBIES_1_003,CA_1,0.0,0.16136877171363545
2015-08-01,HOBBIES_1_003,CA_1,3.0,0.20298086819775965
2015-08-01,HOBBIES_1_003,CA_1,3.0,2.2681580598152866
2015-08-02,HOBBIES_1_003,CA_1,0.0,2.258346875864573
2015-08-02,HOBBIES_1_003,CA_1,0.0,0.2568184743978
2015-08-03,HOBBIES_1_003,CA_1,0.0,0.16466946845426292
2015-08-03,HOBBIES_1_003,CA_1,0.0,0.16466946845426292
2015-08-04,HOBBIES_1_003,CA_1,0.0,0.16963728690086366
2015-08-04,HOBBIES_1_003,CA_1,0.0,0.17698561635482787
2015-08-05,HOBBIES_1_003,CA_1,0.0,0.17698561635482787
2015-08-05,HOBBIES_1_003,CA_1,0.0,0.14234007414358874
2015-08-06,HOBBIES_1_003,CA_1,0.0,0.1521512580943024
2015-08-06,HOBBIES_1_003,CA_1,0.0,0.1521512580943024
2015-08-07,HOBBIES_1_003,CA_1,0.0,0.18875755196708485
2015-08-07,HOBBIES_1_003,CA_1,0.0,0.18875755196708485
2015-08-08,HOBBIES_1_003,CA_1,1.0,0.2707696570609295
2015-08-08,HOBBIES_1_003,CA_1,1.0,0.9374763313005322
2015-08-09,HOBBIES_1_003,CA_1,0.0,0.8706460407293249
2015-08-09,HOBBIES_1_003,CA_1,0.0,0.26662965834851377
2015-08-10,HOBBIES_1_003,CA_1,0.0,0.1525612743240145
2015-08-10,HOBBIES_1_003,CA_1,0.0,0.1525612743240145
2015-08-11,HOBBIES_1_003,CA_1,1.0,0.15752909277061525
2015-08-11,HOBBIES_1_003,CA_1,1.0,0.7336959383483449
2015-08-12,HOBBIES_1_003,CA_1,1.0,0.7336959383483449
2015-08-12,HOBBIES_1_003,CA_1,1.0,0.7296176440689379
2015-08-13,HOBBIES_1_003,CA_1,1.0,0.7296176440689379
2015-08-13,HOBBIES_1_003,CA_1,1.0,0.7556404907134837
2015-08-14,HOBBIES_1_003,CA_1,1.0,0.8394089443939515
2015-08-14,HOBBIES_1_003,CA_1,1.0,0.8434872386733585
2015-08-15,HOBBIES_1_003,CA_1,0.0,0.9716518288192486
2015-08-15,HOBBIES_1_003,CA_1,0.0,0.360829523717117
2015-08-16,HOBBIES_1_003,CA_1,1.0,0.260896768677207
2015-08-16,HOBBIES_1_003,CA_1,1.0,0.8649131510580182
2015-08-17,HOBBIES_1_003,CA_1,1.0,0.7287281199017442
2015-08-17,HOBBIES_1_003,CA_1,1.0,0.75475096654629
2015-08-18,HOBBIES_1_003,CA_1,0.0,0.7751466146501306
2015-08-18,HOBBIES_1_003,CA_1,0.0,0.21108796320264966
2015-08-19,HOBBIES_1_003,CA_1,0.0,0.21108796320264966
2015-08-19,HOBBIES_1_003,CA_1,0.0,0.21516625748205673
2015-08-20,HOBBIES_1_003,CA_1,0.0,0.21516625748205673
2015-08-20,HOBBIES_1_003,CA_1,0.0,0.21516625748205673
2015-08-21,HOBBIES_1_003,CA_1,0.0,0.2786636847495626
2015-08-21,HOBBIES_1_003,CA_1,0.0,0.22039704431815718
2015-08-22,HOBBIES_1_003,CA_1,0.0,0.2620091408022813
2015-08-22,HOBBIES_1_003,CA_1,0.0,0.24658131114504142
2015-08-23,HOBBIES_1_003,CA_1,0.0,0.2107472805497817
2015-08-23,HOBBIES_1_003,CA_1,0.0,0.2107472805497817
2015-08-24,HOBBIES_1_003,CA_1,0.0,0.137372255696988
2015-08-24,HOBBIES_1_003,CA_1,0.0,0.137372255696988
2015-08-25,HOBBIES_1_003,CA_1,0.0,0.1521512580943024
2015-08-25,HOBBIES_1_003,CA_1,0.0,0.1521512580943024
2015-08-26,HOBBIES_1_003,CA_1,0.0,0.1521512580943024
2015-08-26,HOBBIES_1_003,CA_1,0.0,0.1521512580943024
2015-08-27,HOBBIES_1_003,CA_1,1.0,0.14004306396405397
2015-08-27,HOBBIES_1_003,CA_1,1.0,0.7354377861933833
2015-08-28,HOBBIES_1_003,CA_1,0.0,0.7901918557401438
2015-08-28,HOBBIES_1_003,CA_1,0.0,0.2172511495123675
2015-08-29,HOBBIES_1_003,CA_1,1.0,0.23924087809506434
2015-08-29,HOBBIES_1_003,CA_1,1.0,0.8432572604758756
2015-08-30,HOBBIES_1_003,CA_1,0.0,0.8530684444265892
2015-08-30,HOBBIES_1_003,CA_1,0.0,0.253130356325185
2015-08-31,HOBBIES_1_003,CA_1,0.0,0.16645075255413525
2015-08-31,HOBBIES_1_003,CA_1,0.0,0.16237245827472818
2015-09-01,HOBBIES_1_003,CA_1,0.0,0.14471815145403594
2015-09-01,HOBBIES_1_003,CA_1,0.0,0.148796445733443
2015-09-02,HOBBIES_1_003,CA_1,0.0,0.15691359803742316
2015-09-02,HOBBIES_1_003,CA_1,0.0,0.11742093869676082
2015-09-03,HOBBIES_1_003,CA_1,0.0,0.11742093869676082
2015-09-03,HOBBIES_1_003,CA_1,0.0,0.11742093869676082
2015-09-04,HOBBIES_1_003,CA_1,0.0,0.13898051196494157
2015-09-04,HOBBIES_1_003,CA_1,0.0,0.13898051196494157
2015-09-05,HOBBIES_1_003,CA_1,2.0,0.16121060652918182
2015-09-05,HOBBIES_1_003,CA_1,2.0,1.535162402725377
2015-09-06,HOBBIES_1_003,CA_1,1.0,1.535162402725377
2015-09-06,HOBBIES_1_003,CA_1,1.0,0.8608348567786113
2015-09-07,HOBBIES_1_003,CA_1,0.0,0.7343806244669816
2015-09-07,HOBBIES_1_003,CA_1,0.0,0.17440026729890726
2015-09-08,HOBBIES_1_003,CA_1,3.0,0.16963728690086366
2015-09-08,HOBBIES_1_003,CA_1,3.0,1.8556529854545702
2015-09-09,HOBBIES_1_003,CA_1,0.0,1.789666851043259
2015-09-09,HOBBIES_1_003,CA_1,0.0,0.20984930893138637
2015-09-10,HOBBIES_1_003,CA_1,1.0,0.2249774414327704
2015-09-10,HOBBIES_1_003,CA_1,1.0,0.7808795043214373
2015-09-11,HOBBIES_1_003,CA_1,2.0,0.8340919958432812
2015-09-11,HOBBIES_1_003,CA_1,2.0,1.4296519309635543
2015-09-12,HOBBIES_1_003,CA_1,0.0,1.6656917240906597
2015-09-12,HOBBIES_1_003,CA_1,0.0,0.4808669020901081
2015-09-13,HOBBIES_1_003,CA_1,3.0,0.41532081573302565
2015-09-13,HOBBIES_1_003,CA_1,3.0,2.2734441456639156
2015-09-14,HOBBIES_1_003,CA_1,1.0,1.7952327806909962
2015-09-14,HOBBIES_1_003,CA_1,1.0,0.8423769473171505
2015-09-15,HOBBIES_1_003,CA_1,0.0,0.931826678035405
2015-09-15,HOBBIES_1_003,CA_1,0.0,0.46665992745561036
2015-09-16,HOBBIES_1_003,CA_1,0.0,0.42811432722918596
2015-09-16,HOBBIES_1_003,CA_1,0.0,0.43546265668315015
2015-09-17,HOBBIES_1_003,CA_1,1.0,0.4407796052338205
2015-09-17,HOBBIES_1_003,CA_1,1.0,0.9394410612476419
2015-09-18,HOBBIES_1_003,CA_1,0.0,1.1095274807925597
2015-09-18,HOBBIES_1_003,CA_1,0.0,0.5905573462650712
2015-09-19,HOBBIES_1_003,CA_1,1.0,0.6065426984895695
2015-09-19,HOBBIES_1_003,CA_1,1.0,1.115957985244301
2015-09-20,HOBBIES_1_003,CA_1,0.0,1.184482307462242
2015-09-20,HOBBIES_1_003,CA_1,0.0,0.596656773295304
2015-09-21,HOBBIES_1_003,CA_1,0.0,0.37752978897149075
2015-09-21,HOBBIES_1_003,CA_1,0.0,0.3734514946920837
2015-09-22,HOBBIES_1_003,CA_1,0.0,0.4370366681444513
2015-09-22,HOBBIES_1_003,CA_1,0.0,0.38273287480917983
2015-09-23,HOBBIES_1_003,CA_1,0.0,0.310226916672734
2015-09-23,HOBBIES_1_003,CA_1,0.0,0.27073425733207196
2015-09-24,HOBBIES_1_003,CA_1,2.0,0.2774044176927787
2015-09-24,HOBBIES_1_003,CA_1,2.0,1.3550641865532254
2015-09-25,HOBBIES_1_003,CA_1,0.0,1.4786577817719582
2015-09-25,HOBBIES_1_003,CA_1,0.0,0.3632229290035864
2015-09-26,HOBBIES_1_003,CA_1,1.0,0.2982691506995859
2015-09-26,HOBBIES_1_003,CA_1,1.0,0.9693665395129547
2015-09-27,HOBBIES_1_003,CA_1,0.0,1.0364290235912474
2015-09-27,HOBBIES_1_003,CA_1,0.0,0.37625735337435695
2015-09-28,HOBBIES_1_003,CA_1,1.0,0.17855894668438366
2015-09-28,HOBBIES_1_003,CA_1,1.0,0.7344610095730509
2015-09-29,HOBBIES_1_003,CA_1,0.0,0.7296176440689379
2015-09-29,HOBBIES_1_003,CA_1,0.0,0.17371558118027072
2015-09-30,HOBBIES_1_003,CA_1,1.0,0.17371558118027072
2015-09-30,HOBBIES_1_003,CA_1,1.0,0.7556404907134837
2015-10-01,HOBBIES_1_003,CA_1,1.0,0.7975600341403466
2015-10-01,HOBBIES_1_003,CA_1,1.0,0.8016383284197536
2015-10-02,HOBBIES_1_003,CA_1,0.0,0.8434872386733585
2015-10-02,HOBBIES_1_003,CA_1,0.0,0.2664682381661754
2015-10-03,HOBBIES_1_003,CA_1,1.0,0.3080803346502997
2015-10-03,HOBBIES_1_003,CA_1,1.0,0.9161750113105176
2015-10-04,HOBBIES_1_003,CA_1,0.0,0.9063638273598039
2015-10-04,HOBBIES_1_003,CA_1,0.0,0.30234744497899296
2015-10-05,HOBBIES_1_003,CA_1,1.0,0.210198439035456
2015-10-05,HOBBIES_1_003,CA_1,1.0,0.7661005019241229
2015-10-06,HOBBIES_1_003,CA_1,0.0,0.7710683203707236
2015-10-06,HOBBIES_1_003,CA_1,0.0,0.21516625748205673
2015-10-07,HOBBIES_1_003,CA_1,0.0,0.21516625748205673
2015-10-07,HOBBIES_1_003,CA_1,0.0,0.21108796320264966
2015-10-08,HOBBIES_1_003,CA_1,0.0,0.22089914715336334
2015-10-08,HOBBIES_1_003,CA_1,0.0,0.2249774414327704
2015-10-09,HOBBIES_1_003,CA_1,1.0,0.23721300844777676
2015-10-09,HOBBIES_1_003,CA_1,1.0,0.8320982670406918
2015-10-10,HOBBIES_1_003,CA_1,2.0,0.9120967170311106
2015-10-10,HOBBIES_1_003,CA_1,2.0,1.5530660657757205
2015-10-11,HOBBIES_1_003,CA_1,0.0,1.5432548818250067
2015-10-11,HOBBIES_1_003,CA_1,0.0,0.2982691506995859
2015-10-12,HOBBIES_1_003,CA_1,0.0,0.22566212755140694
2015-10-12,HOBBIES_1_003,CA_1,0.0,0.229740421830814
2015-10-13,HOBBIES_1_003,CA_1,0.0,0.21516625748205673
2015-10-13,HOBBIES_1_003,CA_1,0.0,0.21516625748205673
2015-10-14,HOBBIES_1_003,CA_1,1.0,0.2249774414327704
2015-10-14,HOBBIES_1_003,CA_1,1.0,0.7889966566254174
2015-10-15,HOBBIES_1_003,CA_1,0.0,0.7808795043214373
2015-10-15,HOBBIES_1_003,CA_1,0.0,0.2054713174961234
2015-10-16,HOBBIES_1_003,CA_1,1.0,0.22501756186438954
2015-10-16,HOBBIES_1_003,CA_1,1.0,0.8239811147367117
2015-10-17,HOBBIES_1_003,CA_1,1.0,0.9678316194374792
2015-10-17,HOBBIES_1_003,CA_1,1.0,0.9719099137168862
2015-10-18,HOBBIES_1_003,CA_1,1.0,0.9063638273598039
2015-10-18,HOBBIES_1_003,CA_1,1.0,0.9022855330803969
2015-10-19,HOBBIES_1_003,CA_1,1.0,0.7759116858748366
2015-10-19,HOBBIES_1_003,CA_1,1.0,0.7799899801542436
2015-10-20,HOBBIES_1_003,CA_1,0.0,0.7751466146501306
2015-10-20,HOBBIES_1_003,CA_1,0.0,0.21516625748205673
2015-10-21,HOBBIES_1_003,CA_1,0.0,0.21516625748205673
2015-10-21,HOBBIES_1_003,CA_1,0.0,0.21516625748205673
2015-10-22,HOBBIES_1_003,CA_1,0.0,0.21516625748205673
2015-10-22,HOBBIES_1_003,CA_1,0.0,0.21516625748205673
2015-10-23,HOBBIES_1_003,CA_1,0.0,0.2884748687002764
2015-10-23,HOBBIES_1_003,CA_1,0.0,0.23020822826887086
2015-10-24,HOBBIES_1_003,CA_1,0.0,0.2620091408022813
2015-10-24,HOBBIES_1_003,CA_1,0.0,0.22055846450049538
2015-10-25,HOBBIES_1_003,CA_1,0.0,0.2107472805497817
2015-10-25,HOBBIES_1_003,CA_1,0.0,0.2107472805497817
2015-10-26,HOBBIES_1_003,CA_1,2.0,0.137372255696988
2015-10-26,HOBBIES_1_003,CA_1,2.0,1.303406206198781
2015-10-27,HOBBIES_1_003,CA_1,0.0,1.3331014728029216
2015-10-27,HOBBIES_1_003,CA_1,0.0,0.21108796320264966
2015-10-28,HOBBIES_1_003,CA_1,1.0,0.22089914715336334
2015-10-28,HOBBIES_1_003,CA_1,1.0,0.7808795043214373
2015-10-29,HOBBIES_1_003,CA_1,0.0,0.7710683203707236
2015-10-29,HOBBIES_1_003,CA_1,0.0,0.21516625748205673
2015-10-30,HOBBIES_1_003,CA_1,0.0,0.2803577163962962
2015-10-30,HOBBIES_1_003,CA_1,0.0,0.2608515924596492
2015-10-31,HOBBIES_1_003,CA_1,2.0,0.2634886347585067
2015-10-31,HOBBIES_1_003,CA_1,2.0,1.5540033364651207
2015-11-01,HOBBIES_1_003,CA_1,0.0,1.5571443600551278
2015-11-01,HOBBIES_1_003,CA_1,0.0,0.2926525049930597
2015-11-02,HOBBIES_1_003,CA_1,0.0,0.19116118222388603
2015-11-02,HOBBIES_1_003,CA_1,0.0,0.19116118222388603
2015-11-03,HOBBIES_1_003,CA_1,0.0,0.16963728690086366
2015-11-03,HOBBIES_1_003,CA_1,0.0,0.17371558118027072
2015-11-04,HOBBIES_1_003,CA_1,1.0,0.17371558118027072
2015-11-04,HOBBIES_1_003,CA_1,1.0,0.7377347963729181
2015-11-05,HOBBIES_1_003,CA_1,0.0,0.7296176440689379
2015-11-05,HOBBIES_1_003,CA_1,0.0,0.16963728690086366
2015-11-06,HOBBIES_1_003,CA_1,0.0,0.22501756186438954
2015-11-06,HOBBIES_1_003,CA_1,0.0,0.22501756186438954
2015-11-07,HOBBIES_1_003,CA_1,1.0,0.3125533768041686
2015-11-07,HOBBIES_1_003,CA_1,1.0,0.9466709001089326
2015-11-08,HOBBIES_1_003,CA_1,0.0,0.9063638273598039
2015-11-08,HOBBIES_1_003,CA_1,0.0,0.2982691506995859
2015-11-09,HOBBIES_1_003,CA_1,0.0,0.2159313287067626
2015-11-09,HOBBIES_1_003,CA_1,0.0,0.1744806524049766
2015-11-10,HOBBIES_1_003,CA_1,2.0,0.16963728690086366
2015-11-10,HOBBIES_1_003,CA_1,2.0,1.3371797670823289
2015-11-11,HOBBIES_1_003,CA_1,0.0,1.3438499274430356
2015-11-11,HOBBIES_1_003,CA_1,0.0,0.20233029390611637
2015-11-12,HOBBIES_1_003,CA_1,0.0,0.16963728690086366
2015-11-12,HOBBIES_1_003,CA_1,0.0,0.16963728690086366
2015-11-13,HOBBIES_1_003,CA_1,0.0,0.22501756186438954
2015-11-13,HOBBIES_1_003,CA_1,0.0,0.2290958561437966
2015-11-14,HOBBIES_1_003,CA_1,0.0,0.2707079526279208
2015-11-14,HOBBIES_1_003,CA_1,0.0,0.22055846450049538
2015-11-15,HOBBIES_1_003,CA_1,0.0,0.19316968424704598
2015-11-15,HOBBIES_1_003,CA_1,0.0,0.19316968424704598
2015-11-16,HOBBIES_1_003,CA_1,0.0,0.12526406156673953
2015-11-16,HOBBIES_1_003,CA_1,0.0,0.12526406156673953
2015-11-17,HOBBIES_1_003,CA_1,0.0,0.14691240983224974
2015-11-17,HOBBIES_1_003,CA_1,0.0,0.14691240983224974
2015-11-18,HOBBIES_1_003,CA_1,0.0,0.14004306396405397
2015-11-18,HOBBIES_1_003,CA_1,0.0,0.14004306396405397
2015-11-19,HOBBIES_1_003,CA_1,2.0,0.1302318800133403
2015-11-19,HOBBIES_1_003,CA_1,2.0,1.330478395875779
2015-11-20,HOBBIES_1_003,CA_1,0.0,1.4440953809627108
2015-11-20,HOBBIES_1_003,CA_1,0.0,0.22501756186438954
2015-11-21,HOBBIES_1_003,CA_1,2.0,0.26662965834851377
2015-11-21,HOBBIES_1_003,CA_1,2.0,1.5530660657757205
2015-11-22,HOBBIES_1_003,CA_1,3.0,1.5379379332743364
2015-11-22,HOBBIES_1_003,CA_1,3.0,2.132629993385047
2015-11-23,HOBBIES_1_003,CA_1,0.0,1.7597025223350151
2015-11-23,HOBBIES_1_003,CA_1,0.0,0.25597931880002744
2015-11-24,HOBBIES_1_003,CA_1,1.0,0.27075832119734194
2015-11-24,HOBBIES_1_003,CA_1,1.0,0.7988148347215874
2015-11-25,HOBBIES_1_003,CA_1,3.0,0.7380622818074118
2015-11-25,HOBBIES_1_003,CA_1,3.0,1.8082294396074134
2015-11-26,HOBBIES_1_003,CA_1,1.0,1.8417375886985965
2015-11-26,HOBBIES_1_003,CA_1,1.0,0.8885733620052949
2015-11-27,HOBBIES_1_003,CA_1,2.0,0.9210657589765087
2015-11-27,HOBBIES_1_003,CA_1,2.0,1.4402475866265134
2015-11-28,HOBBIES_1_003,CA_1,2.0,1.6618023776883049
2015-11-28,HOBBIES_1_003,CA_1,2.0,1.6800864534213942
2015-11-29,HOBBIES_1_003,CA_1,3.0,1.7114117522467034
2015-11-29,HOBBIES_1_003,CA_1,3.0,2.334724627406788
2015-11-30,HOBBIES_1_003,CA_1,0.0,1.7965999598129796
2015-11-30,HOBBIES_1_003,CA_1,0.0,0.37634292477019265
2015-12-01,HOBBIES_1_003,CA_1,1.0,0.39984662223053
2015-12-01,HOBBIES_1_003,CA_1,1.0,0.9407863016950192
2015-12-02,HOBBIES_1_003,CA_1,1.0,0.9896312821270354
2015-12-02,HOBBIES_1_003,CA_1,1.0,1.0246687015936418
2015-12-03,HOBBIES_1_003,CA_1,0.0,1.0261267473112987
2015-12-03,HOBBIES_1_003,CA_1,0.0,0.48844594933220814
2015-12-04,HOBBIES_1_003,CA_1,0.0,0.596888925293829
2015-12-04,HOBBIES_1_003,CA_1,0.0,0.600967219573236
2015-12-05,HOBBIES_1_003,CA_1,0.0,0.7006139536061559
2015-12-05,HOBBIES_1_003,CA_1,0.0,0.6663558951753451
2015-12-06,HOBBIES_1_003,CA_1,0.0,0.795704759074295
2015-12-06,HOBBIES_1_003,CA_1,0.0,0.5812869550261204
2015-12-07,HOBBIES_1_003,CA_1,2.0,0.40981766605490844
2015-12-07,HOBBIES_1_003,CA_1,2.0,1.3574402135262065
2015-12-08,HOBBIES_1_003,CA_1,3.0,1.3969466640810608
2015-12-08,HOBBIES_1_003,CA_1,3.0,1.9895892083260374
2015-12-09,HOBBIES_1_003,CA_1,1.0,1.899978295686239
2015-12-09,HOBBIES_1_003,CA_1,1.0,0.9803718764567008
2015-12-10,HOBBIES_1_003,CA_1,1.0,0.9113008136580775
2015-12-10,HOBBIES_1_003,CA_1,1.0,0.9153791079374844
2015-12-11,HOBBIES_1_003,CA_1,4.0,1.0210792035971061
2015-12-11,HOBBIES_1_003,CA_1,4.0,2.4776287529183842
2015-12-12,HOBBIES_1_003,CA_1,3.0,2.812719817786985
2015-12-12,HOBBIES_1_003,CA_1,3.0,2.2712045245781676
2015-12-13,HOBBIES_1_003,CA_1,2.0,2.329507209659016
2015-12-13,HOBBIES_1_003,CA_1,2.0,1.689213413852146
2015-12-14,HOBBIES_1_003,CA_1,1.0,1.3482655799575598
2015-12-14,HOBBIES_1_003,CA_1,1.0,0.9250707735503345
2015-12-15,HOBBIES_1_003,CA_1,2.0,0.9492399759433338
2015-12-15,HOBBIES_1_003,CA_1,2.0,1.3822398780299
2015-12-16,HOBBIES_1_003,CA_1,2.0,1.39068083821469
2015-12-16,HOBBIES_1_003,CA_1,2.0,1.3874108030401326
2015-12-17,HOBBIES_1_003,CA_1,0.0,1.3933994819361735
2015-12-17,HOBBIES_1_003,CA_1,0.0,0.48769090683918515
2015-12-18,HOBBIES_1_003,CA_1,1.0,0.7224461524223253
2015-12-18,HOBBIES_1_003,CA_1,1.0,1.2146011393902094
2015-12-19,HOBBIES_1_003,CA_1,5.0,1.347243657948945
2015-12-19,HOBBIES_1_003,CA_1,5.0,3.733675829206459
2015-12-20,HOBBIES_1_003,CA_1,2.0,3.3579360133849185
2015-12-20,HOBBIES_1_003,CA_1,2.0,1.820841560683355
2015-12-21,HOBBIES_1_003,CA_1,0.0,1.3550512383966844
2015-12-21,HOBBIES_1_003,CA_1,0.0,0.48036905906382976
2015-12-22,HOBBIES_1_003,CA_1,1.0,0.6165237453648327
2015-12-22,HOBBIES_1_003,CA_1,1.0,1.0816598932867079
2015-12-23,HOBBIES_1_003,CA_1,2.0,1.0098729566945717
2015-12-23,HOBBIES_1_003,CA_1,2.0,1.471370207898627
2015-12-24,HOBBIES_1_003,CA_1,3.0,1.4546896780797176
2015-12-24,HOBBIES_1_003,CA_1,3.0,1.9714366510625454
2015-12-25,HOBBIES_1_003,CA_1,0.0,2.150584300662699
2015-12-25,HOBBIES_1_003,CA_1,0.0,0.7337889844228971
2015-12-26,HOBBIES_1_003,CA_1,1.0,1.049902554549283
2015-12-26,HOBBIES_1_003,CA_1,1.0,1.6088907449350667
2015-12-27,HOBBIES_1_003,CA_1,2.0,1.3124980377960385
2015-12-27,HOBBIES_1_003,CA_1,2.0,1.827704171369572
2015-12-28,HOBBIES_1_003,CA_1,1.0,1.4241144342430525
2015-12-28,HOBBIES_1_003,CA_1,1.0,1.0138105994107331
2015-12-29,HOBBIES_1_003,CA_1,3.0,1.0134614693066637
2015-12-29,HOBBIES_1_003,CA_1,3.0,1.9053787985235593
2015-12-30,HOBBIES_1_003,CA_1,0.0,1.9064977128487683
2015-12-30,HOBBIES_1_003,CA_1,0.0,0.49862100511510754
2015-12-31,HOBBIES_1_003,CA_1,1.0,0.5262365070656092
2015-12-31,HOBBIES_1_003,CA_1,1.0,1.037198529265839
2016-01-01,HOBBIES_1_003,CA_1,1.0,1.1200988356556854
2016-01-01,HOBBIES_1_003,CA_1,1.0,1.1233688708302427
2016-01-02,HOBBIES_1_003,CA_1,1.0,1.412673463890748
2016-01-02,HOBBIES_1_003,CA_1,1.0,1.3190910637922033
2016-01-03,HOBBIES_1_003,CA_1,1.0,1.276071124280249
2016-01-03,HOBBIES_1_003,CA_1,1.0,1.2801494185596562
2016-01-04,HOBBIES_1_003,CA_1,0.0,0.9665712370623795
2016-01-04,HOBBIES_1_003,CA_1,0.0,0.4411931730915904
2016-01-05,HOBBIES_1_003,CA_1,0.0,0.49451777571532923
2016-01-05,HOBBIES_1_003,CA_1,0.0,0.49451777571532923
2016-01-06,HOBBIES_1_003,CA_1,0.0,0.4559721754889049
2016-01-06,HOBBIES_1_003,CA_1,0.0,0.4559721754889049
2016-01-07,HOBBIES_1_003,CA_1,0.0,0.5097544752579308
2016-01-07,HOBBIES_1_003,CA_1,0.0,0.40659843179716937
2016-01-08,HOBBIES_1_003,CA_1,0.0,0.39718705772312846
2016-01-08,HOBBIES_1_003,CA_1,0.0,0.39718705772312846
2016-01-09,HOBBIES_1_003,CA_1,0.0,0.4689073123539954
2016-01-09,HOBBIES_1_003,CA_1,0.0,0.41052522473931696
2016-01-10,HOBBIES_1_003,CA_1,0.0,0.41052522473931696
2016-01-10,HOBBIES_1_003,CA_1,0.0,0.3790608058357212
2016-01-11,HOBBIES_1_003,CA_1,1.0,0.18863411594948762
2016-01-11,HOBBIES_1_003,CA_1,1.0,0.7840288381788167
2016-01-12,HOBBIES_1_003,CA_1,0.0,0.8363563218301685
2016-01-12,HOBBIES_1_003,CA_1,0.0,0.2695700419407736
2016-01-13,HOBBIES_1_003,CA_1,1.0,0.16963728690086366
2016-01-13,HOBBIES_1_003,CA_1,1.0,0.7296176440689379
2016-01-14,HOBBIES_1_003,CA_1,0.0,0.7394288280196516
2016-01-14,HOBBIES_1_003,CA_1,0.0,0.1835267651309844
2016-01-15,HOBBIES_1_003,CA_1,0.0,0.23890704009451028
2016-01-15,HOBBIES_1_003,CA_1,0.0,0.2348287458151032
2016-01-16,HOBBIES_1_003,CA_1,0.0,0.249052062045778
2016-01-16,HOBBIES_1_003,CA_1,0.0,0.253130356325185
2016-01-17,HOBBIES_1_003,CA_1,0.0,0.2612475086291651
2016-01-17,HOBBIES_1_003,CA_1,0.0,0.20298086819775965
2016-01-18,HOBBIES_1_003,CA_1,0.0,0.12218391909480442
2016-01-18,HOBBIES_1_003,CA_1,0.0,0.12218391909480442
2016-01-19,HOBBIES_1_003,CA_1,0.0,0.11742093869676082
2016-01-19,HOBBIES_1_003,CA_1,0.0,0.11742093869676082
2016-01-20,HOBBIES_1_003,CA_1,0.0,0.11742093869676082
2016-01-20,HOBBIES_1_003,CA_1,0.0,0.11742093869676082
2016-01-21,HOBBIES_1_003,CA_1,0.0,0.11742093869676082
2016-01-21,HOBBIES_1_003,CA_1,0.0,0.11742093869676082
2016-01-22,HOBBIES_1_003,CA_1,0.0,0.13898051196494157
2016-01-22,HOBBIES_1_003,CA_1,0.0,0.13898051196494157
2016-01-23,HOBBIES_1_003,CA_1,0.0,0.16121060652918182
2016-01-23,HOBBIES_1_003,CA_1,0.0,0.16121060652918182
2016-01-24,HOBBIES_1_003,CA_1,0.0,0.16121060652918182
2016-01-24,HOBBIES_1_003,CA_1,0.0,0.16121060652918182
2016-01-25,HOBBIES_1_003,CA_1,0.0,0.12226430420087392
2016-01-25,HOBBIES_1_003,CA_1,0.0,0.12226430420087392
2016-01-26,HOBBIES_1_003,CA_1,0.0,0.11087156617256826
2016-01-26,HOBBIES_1_003,CA_1,0.0,0.11087156617256826
2016-01-27,HOBBIES_1_003,CA_1,0.0,0.12068275012328196
2016-01-27,HOBBIES_1_003,CA_1,0.0,0.12068275012328196
2016-01-28,HOBBIES_1_003,CA_1,0.0,0.09151466238213883
2016-01-28,HOBBIES_1_003,CA_1,0.0,0.09151466238213883
2016-01-29,HOBBIES_1_003,CA_1,0.0,0.11307423565031953
2016-01-29,HOBBIES_1_003,CA_1,0.0,0.11307423565031953
2016-01-30,HOBBIES_1_003,CA_1,1.0,0.13141302341907962
2016-01-30,HOBBIES_1_003,CA_1,1.0,0.8089746557423187
2016-01-31,HOBBIES_1_003,CA_1,0.0,0.8008575034383386
2016-01-31,HOBBIES_1_003,CA_1,0.0,0.1968411210575274
2016-02-01,HOBBIES_1_003,CA_1,0.0,0.13320096048324265
2016-02-01,HOBBIES_1_003,CA_1,0.0,0.13320096048324265
2016-02-02,HOBBIES_1_003,CA_1,0.0,0.1381687789298434
2016-02-02,HOBBIES_1_003,CA_1,0.0,0.14224707320925045
2016-02-03,HOBBIES_1_003,CA_1,0.0,0.15036422551323061
2016-02-03,HOBBIES_1_003,CA_1,0.0,0.11087156617256826
2016-02-04,HOBBIES_1_003,CA_1,0.0,0.11087156617256826
2016-02-04,HOBBIES_1_003,CA_1,0.0,0.11087156617256826
2016-02-05,HOBBIES_1_003,CA_1,0.0,0.13243113944074902
2016-02-05,HOBBIES_1_003,CA_1,0.0,0.13243113944074902
2016-02-06,HOBBIES_1_003,CA_1,0.0,0.15076992720950905
2016-02-06,HOBBIES_1_003,CA_1,0.0,0.15076992720950905
2016-02-07,HOBBIES_1_003,CA_1,1.0,0.147628903619502
2016-02-07,HOBBIES_1_003,CA_1,1.0,0.8162743114719846
2016-02-08,HOBBIES_1_003,CA_1,0.0,0.6997306901755095
2016-02-08,HOBBIES_1_003,CA_1,0.0,0.1397503330074352
2016-02-09,HOBBIES_1_003,CA_1,1.0,0.14471815145403594
2016-02-09,HOBBIES_1_003,CA_1,1.0,0.7175094499386895
2016-02-10,HOBBIES_1_003,CA_1,1.0,0.7143684263486825
2016-02-10,HOBBIES_1_003,CA_1,1.0,0.7184467206280895
2016-02-11,HOBBIES_1_003,CA_1,1.0,0.7215877442180965
2016-02-11,HOBBIES_1_003,CA_1,1.0,0.7296176440689379
2016-02-12,HOBBIES_1_003,CA_1,1.0,0.7979582680921659
2016-02-12,HOBBIES_1_003,CA_1,1.0,0.8020365623715728
2016-02-13,HOBBIES_1_003,CA_1,1.0,0.8747243350087319
2016-02-13,HOBBIES_1_003,CA_1,1.0,0.8747243350087319
2016-02-14,HOBBIES_1_003,CA_1,0.0,0.8617721274680112
2016-02-14,HOBBIES_1_003,CA_1,0.0,0.25775574508719995
2016-02-15,HOBBIES_1_003,CA_1,0.0,0.17847856157831432
2016-02-15,HOBBIES_1_003,CA_1,0.0,0.17847856157831432
2016-02-16,HOBBIES_1_003,CA_1,0.0,0.17371558118027072
2016-02-16,HOBBIES_1_003,CA_1,0.0,0.17371558118027072
2016-02-17,HOBBIES_1_003,CA_1,1.0,0.17869170989424385
2016-02-17,HOBBIES_1_003,CA_1,1.0,0.7606166194274568
2016-02-18,HOBBIES_1_003,CA_1,0.0,0.7710683203707236
2016-02-18,HOBBIES_1_003,CA_1,0.0,0.21108796320264966
2016-02-19,HOBBIES_1_003,CA_1,1.0,0.2664682381661754
2016-02-19,HOBBIES_1_003,CA_1,1.0,0.8394089443939515
2016-02-20,HOBBIES_1_003,CA_1,0.0,0.9022855330803969
2016-02-20,HOBBIES_1_003,CA_1,0.0,0.30234744497899296
2016-02-21,HOBBIES_1_003,CA_1,1.0,0.31215862892970675
2016-02-21,HOBBIES_1_003,CA_1,1.0,0.9120967170311106
2016-02-22,HOBBIES_1_003,CA_1,0.0,0.7661005019241229
2016-02-22,HOBBIES_1_003,CA_1,0.0,0.210198439035456
2016-02-23,HOBBIES_1_003,CA_1,0.0,0.2249774414327704
2016-02-23,HOBBIES_1_003,CA_1,0.0,0.22089914715336334
2016-02-24,HOBBIES_1_003,CA_1,0.0,0.22089914715336334
2016-02-24,HOBBIES_1_003,CA_1,0.0,0.20954961177553047
2016-02-25,HOBBIES_1_003,CA_1,0.0,0.19164391743496456
2016-02-25,HOBBIES_1_003,CA_1,0.0,0.1521512580943024
2016-02-26,HOBBIES_1_003,CA_1,0.0,0.18875755196708485
2016-02-26,HOBBIES_1_003,CA_1,0.0,0.18875755196708485
2016-02-27,HOBBIES_1_003,CA_1,0.0,0.20298086819775965
2016-02-27,HOBBIES_1_003,CA_1,0.0,0.20298086819775965
2016-02-28,HOBBIES_1_003,CA_1,0.0,0.19316968424704598
2016-02-28,HOBBIES_1_003,CA_1,0.0,0.19316968424704598
2016-02-29,HOBBIES_1_003,CA_1,0.0,0.12526406156673953
2016-02-29,HOBBIES_1_003,CA_1,0.0,0.12526406156673953
2016-03-01,HOBBIES_1_003,CA_1,0.0,0.1302318800133403
2016-03-01,HOBBIES_1_003,CA_1,0.0,0.1302318800133403
2016-03-02,HOBBIES_1_003,CA_1,0.0,0.14004306396405397
2016-03-02,HOBBIES_1_003,CA_1,0.0,0.14004306396405397
2016-03-03,HOBBIES_1_003,CA_1,0.0,0.11742093869676082
2016-03-03,HOBBIES_1_003,CA_1,0.0,0.11742093869676082
2016-03-04,HOBBIES_1_003,CA_1,0.0,0.14879169591565525
2016-03-04,HOBBIES_1_003,CA_1,0.0,0.14879169591565525
2016-03-05,HOBBIES_1_003,CA_1,6.0,0.15076992720950905
2016-03-05,HOBBIES_1_003,CA_1,6.0,4.5237570668289075
2016-03-06,HOBBIES_1_003,CA_1,1.0,4.189084884851224
2016-03-06,HOBBIES_1_003,CA_1,1.0,0.8594507686946915
2016-03-07,HOBBIES_1_003,CA_1,1.0,0.694918674573967
2016-03-07,HOBBIES_1_003,CA_1,1.0,0.694918674573967
2016-03-08,HOBBIES_1_003,CA_1,2.0,0.6998864930205677
2016-03-08,HOBBIES_1_003,CA_1,2.0,1.286638151353129
2016-03-09,HOBBIES_1_003,CA_1,0.0,1.2923538217431416
2016-03-09,HOBBIES_1_003,CA_1,0.0,0.31879857125274275
2016-03-10,HOBBIES_1_003,CA_1,0.0,0.3241155198034131
2016-03-10,HOBBIES_1_003,CA_1,0.0,0.3241155198034131
2016-03-11,HOBBIES_1_003,CA_1,0.0,0.3889544582358754
2016-03-11,HOBBIES_1_003,CA_1,0.0,0.3889544582358754
2016-03-12,HOBBIES_1_003,CA_1,1.0,0.5595387501893213
2016-03-12,HOBBIES_1_003,CA_1,1.0,1.139717242303043
2016-03-13,HOBBIES_1_003,CA_1,1.0,1.0511348386524155
2016-03-13,HOBBIES_1_003,CA_1,1.0,1.0511348386524155
2016-03-14,HOBBIES_1_003,CA_1,0.0,0.8753829858804623
2016-03-14,HOBBIES_1_003,CA_1,0.0,0.3734514946920837
2016-03-15,HOBBIES_1_003,CA_1,0.0,0.39509984295759376
2016-03-15,HOBBIES_1_003,CA_1,0.0,0.3991781372370008
2016-03-16,HOBBIES_1_003,CA_1,0.0,0.38249760741809147
2016-03-16,HOBBIES_1_003,CA_1,0.0,0.38249760741809147
2016-03-17,HOBBIES_1_003,CA_1,0.0,0.3874737361320646
2016-03-17,HOBBIES_1_003,CA_1,0.0,0.3479810767914025
2016-03-18,HOBBIES_1_003,CA_1,1.0,0.39718705772312846
2016-03-18,HOBBIES_1_003,CA_1,1.0,0.9662672441232075
2016-03-19,HOBBIES_1_003,CA_1,0.0,1.1400026118943387
2016-03-19,HOBBIES_1_003,CA_1,0.0,0.4892629521732923
2016-03-20,HOBBIES_1_003,CA_1,0.0,0.3080803346502997
2016-03-20,HOBBIES_1_003,CA_1,0.0,0.2926525049930597
2016-03-21,HOBBIES_1_003,CA_1,0.0,0.1744806524049766
2016-03-21,HOBBIES_1_003,CA_1,0.0,0.17855894668438366
2016-03-22,HOBBIES_1_003,CA_1,0.0,0.19164391743496456
2016-03-22,HOBBIES_1_003,CA_1,0.0,0.14004306396405397
2016-03-23,HOBBIES_1_003,CA_1,0.0,0.1302318800133403
2016-03-23,HOBBIES_1_003,CA_1,0.0,0.1302318800133403
2016-03-24,HOBBIES_1_003,CA_1,0.0,0.12709085642333326
2016-03-24,HOBBIES_1_003,CA_1,0.0,0.12709085642333326
2016-03-25,HOBBIES_1_003,CA_1,1.0,0.16136877171363545
2016-03-25,HOBBIES_1_003,CA_1,1.0,0.7884978240934103
2016-03-26,HOBBIES_1_003,CA_1,1.0,0.8530684444265892
2016-03-26,HOBBIES_1_003,CA_1,1.0,0.8530684444265892
2016-03-27,HOBBIES_1_003,CA_1,0.0,0.8499274208365822
2016-03-27,HOBBIES_1_003,CA_1,0.0,0.24591103845577097
2016-03-28,HOBBIES_1_003,CA_1,0.0,0.1525612743240145
2016-03-28,HOBBIES_1_003,CA_1,0.0,0.15663956860342157
2016-03-29,HOBBIES_1_003,CA_1,0.0,0.1616073870500223
2016-03-29,HOBBIES_1_003,CA_1,0.0,0.1616073870500223
2016-03-30,HOBBIES_1_003,CA_1,0.0,0.16972453935400247
2016-03-30,HOBBIES_1_003,CA_1,0.0,0.1302318800133403
2016-03-31,HOBBIES_1_003,CA_1,0.0,0.1302318800133403
2016-03-31,HOBBIES_1_003,CA_1,0.0,0.1302318800133403
2016-04-01,HOBBIES_1_003,CA_1,0.0,0.17117995566434913
2016-04-01,HOBBIES_1_003,CA_1,0.0,0.17117995566434913
2016-04-02,HOBBIES_1_003,CA_1,0.0,0.16121060652918182
2016-04-02,HOBBIES_1_003,CA_1,0.0,0.16121060652918182
2016-04-03,HOBBIES_1_003,CA_1,1.0,0.16121060652918182
2016-04-03,HOBBIES_1_003,CA_1,1.0,0.8513744127798557
2016-04-04,HOBBIES_1_003,CA_1,0.0,0.7125416314920888
2016-04-04,HOBBIES_1_003,CA_1,0.0,0.1525612743240145
2016-04-05,HOBBIES_1_003,CA_1,0.0,0.15752909277061525
2016-04-05,HOBBIES_1_003,CA_1,0.0,0.15752909277061525
2016-04-06,HOBBIES_1_003,CA_1,0.0,0.15752909277061525
2016-04-06,HOBBIES_1_003,CA_1,0.0,0.1616073870500223
2016-04-07,HOBBIES_1_003,CA_1,1.0,0.16972453935400247
2016-04-07,HOBBIES_1_003,CA_1,1.0,0.7256266022426696
2016-04-08,HOBBIES_1_003,CA_1,0.0,0.7901918557401438
2016-04-08,HOBBIES_1_003,CA_1,0.0,0.2172511495123675
2016-04-09,HOBBIES_1_003,CA_1,0.0,0.249052062045778
2016-04-09,HOBBIES_1_003,CA_1,0.0,0.249052062045778
2016-04-10,HOBBIES_1_003,CA_1,0.0,0.20728180037720018
2016-04-10,HOBBIES_1_003,CA_1,0.0,0.21136009465660724
2016-04-11,HOBBIES_1_003,CA_1,0.0,0.15194577959082242
2016-04-11,HOBBIES_1_003,CA_1,0.0,0.11245312025016008
2016-04-12,HOBBIES_1_003,CA_1,0.0,0.11742093869676082
2016-04-12,HOBBIES_1_003,CA_1,0.0,0.11742093869676082
2016-04-13,HOBBIES_1_003,CA_1,1.0,0.11742093869676082
2016-04-13,HOBBIES_1_003,CA_1,1.0,0.7256266022426696
2016-04-14,HOBBIES_1_003,CA_1,2.0,0.7175094499386895
2016-04-14,HOBBIES_1_003,CA_1,2.0,1.330478395875779
2016-04-15,HOBBIES_1_003,CA_1,2.0,1.4440953809627108
2016-04-15,HOBBIES_1_003,CA_1,2.0,1.4387784324120405
2016-04-16,HOBBIES_1_003,CA_1,1.0,1.5061705489822883
2016-04-16,HOBBIES_1_003,CA_1,1.0,0.8692794945170852
2016-04-17,HOBBIES_1_003,CA_1,2.0,0.8790906784677989
2016-04-17,HOBBIES_1_003,CA_1,2.0,1.5359306025774022
2016-04-18,HOBBIES_1_003,CA_1,1.0,1.2701311055313667
2016-04-18,HOBBIES_1_003,CA_1,1.0,0.803273985124167
2016-04-19,HOBBIES_1_003,CA_1,1.0,0.8082418035707677
2016-04-19,HOBBIES_1_003,CA_1,1.0,0.8599778307250966
2016-04-20,HOBBIES_1_003,CA_1,1.0,0.8791121500557996
2016-04-20,HOBBIES_1_003,CA_1,1.0,0.8791121500557996
2016-04-21,HOBBIES_1_003,CA_1,0.0,0.9056038638254226
2016-04-21,HOBBIES_1_003,CA_1,0.0,0.4089893211877146
2016-04-22,HOBBIES_1_003,CA_1,1.0,0.5030714482569222
2016-04-22,HOBBIES_1_003,CA_1,1.0,1.0179632885050034
2016-04-23,HOBBIES_1_003,CA_1,1.0,1.0552131329318228
2016-04-23,HOBBIES_1_003,CA_1,1.0,1.0552131329318228
2016-04-24,HOBBIES_1_003,CA_1,1.0,1.1659599979793631
2016-04-24,HOBBIES_1_003,CA_1,1.0,1.1618817036999558
2015-06-04,HOBBIES_1_004,CA_1,5.0,1.4927557493169443
2015-06-04,HOBBIES_1_004,CA_1,5.0,3.375072819764593
2015-06-05,HOBBIES_1_004,CA_1,3.0,3.537025657266088
2015-06-05,HOBBIES_1_004,CA_1,3.0,2.6068267360079167
2015-06-06,HOBBIES_1_004,CA_1,2.0,3.3073484975155667
2015-06-06,HOBBIES_1_004,CA_1,2.0,2.6092708904204964
2015-06-07,HOBBIES_1_004,CA_1,5.0,2.6120686944456364
2015-06-07,HOBBIES_1_004,CA_1,5.0,3.6659603696592176
2015-06-08,HOBBIES_1_004,CA_1,1.0,2.55680379702329
2015-06-08,HOBBIES_1_004,CA_1,1.0,1.3299591851670807
2015-06-09,HOBBIES_1_004,CA_1,0.0,1.3518852205535694
2015-06-09,HOBBIES_1_004,CA_1,0.0,0.8587191795063791
2015-06-10,HOBBIES_1_004,CA_1,2.0,0.8587191795063791
2015-06-10,HOBBIES_1_004,CA_1,2.0,1.5965763895442953
2015-06-11,HOBBIES_1_004,CA_1,1.0,1.6740824401886016
2015-06-11,HOBBIES_1_004,CA_1,1.0,1.256236706932654
2015-06-12,HOBBIES_1_004,CA_1,0.0,1.3965265462983123
2015-06-12,HOBBIES_1_004,CA_1,0.0,1.0685520767731769
2015-06-13,HOBBIES_1_004,CA_1,0.0,1.8233941443467705
2015-06-13,HOBBIES_1_004,CA_1,0.0,1.8274724386261778
2015-06-14,HOBBIES_1_004,CA_1,12.0,2.227794820382448
2015-06-14,HOBBIES_1_004,CA_1,12.0,10.16394490895285
2015-06-15,HOBBIES_1_004,CA_1,0.0,7.209694980415293
2015-06-15,HOBBIES_1_004,CA_1,0.0,0.6803936302507237
2015-06-16,HOBBIES_1_004,CA_1,1.0,0.6822204251073174
2015-06-16,HOBBIES_1_004,CA_1,1.0,1.064828284384125
2015-06-17,HOBBIES_1_004,CA_1,0.0,0.9882980791255739
2015-06-17,HOBBIES_1_004,CA_1,0.0,0.49574499464965766
2015-06-18,HOBBIES_1_004,CA_1,2.0,1.6800742991811157
2015-06-18,HOBBIES_1_004,CA_1,2.0,1.6411016192405352
2015-06-19,HOBBIES_1_004,CA_1,2.0,1.7776291224227518
2015-06-19,HOBBIES_1_004,CA_1,2.0,1.7817074167021592
2015-06-20,HOBBIES_1_004,CA_1,4.0,2.3502807831332633
2015-06-20,HOBBIES_1_004,CA_1,4.0,3.120562915559771
2015-06-21,HOBBIES_1_004,CA_1,1.0,3.844317806796347
2015-06-21,HOBBIES_1_004,CA_1,1.0,1.855047895809677
2015-06-22,HOBBIES_1_004,CA_1,3.0,1.0201192462875106
2015-06-22,HOBBIES_1_004,CA_1,3.0,1.9149982173595075
2015-06-23,HOBBIES_1_004,CA_1,1.0,1.9348823000129343
2015-06-23,HOBBIES_1_004,CA_1,1.0,1.018545915957955
2015-06-24,HOBBIES_1_004,CA_1,1.0,1.0283570999086689
2015-06-24,HOBBIES_1_004,CA_1,1.0,1.0404750238706464
2015-06-25,HOBBIES_1_004,CA_1,4.0,1.0571555536895558
2015-06-25,HOBBIES_1_004,CA_1,4.0,2.5107712990975752
2015-06-26,HOBBIES_1_004,CA_1,1.0,2.7913806576576956
2015-06-26,HOBBIES_1_004,CA_1,1.0,1.3676337167332115
2015-06-27,HOBBIES_1_004,CA_1,4.0,2.104738343300535
2015-06-27,HOBBIES_1_004,CA_1,4.0,3.651281978114712
2015-06-28,HOBBIES_1_004,CA_1,2.0,3.9255581616437842
2015-06-28,HOBBIES_1_004,CA_1,2.0,2.8460477107365225
2015-06-29,HOBBIES_1_004,CA_1,2.0,1.451320501070861
2015-06-29,HOBBIES_1_004,CA_1,2.0,1.4480504658963036
2015-06-30,HOBBIES_1_004,CA_1,0.0,1.4580869668206762
2015-06-30,HOBBIES_1_004,CA_1,0.0,0.5578690802254315
2015-07-01,HOBBIES_1_004,CA_1,2.0,0.557153629608438
2015-07-01,HOBBIES_1_004,CA_1,2.0,1.4636637420064973
2015-07-02,HOBBIES_1_004,CA_1,3.0,1.5355930174649826
2015-07-02,HOBBIES_1_004,CA_1,3.0,2.1673996095546153
2015-07-03,HOBBIES_1_004,CA_1,1.0,2.294074963228116
2015-07-03,HOBBIES_1_004,CA_1,1.0,1.2087572387349552
2015-07-04,HOBBIES_1_004,CA_1,0.0,1.882765359784966
2015-07-04,HOBBIES_1_004,CA_1,0.0,1.3456377324994768
2015-07-05,HOBBIES_1_004,CA_1,2.0,1.3434096738978671
2015-07-05,HOBBIES_1_004,CA_1,2.0,2.417519286568159
2015-07-06,HOBBIES_1_004,CA_1,9.0,1.5696146554461108
2015-07-06,HOBBIES_1_004,CA_1,9.0,6.280926994124853
2015-07-07,HOBBIES_1_004,CA_1,2.0,4.602099857537085
2015-07-07,HOBBIES_1_004,CA_1,2.0,1.492356190006236
2015-07-08,HOBBIES_1_004,CA_1,2.0,1.4126849611576777
2015-07-08,HOBBIES_1_004,CA_1,2.0,1.416763255437085
2015-07-09,HOBBIES_1_004,CA_1,0.0,1.5673183096437036
2015-07-09,HOBBIES_1_004,CA_1,0.0,0.7540638702672999
2015-07-10,HOBBIES_1_004,CA_1,0.0,0.9849900973335235
2015-07-10,HOBBIES_1_004,CA_1,0.0,0.7657687622083346
2015-07-11,HOBBIES_1_004,CA_1,10.0,1.4978015727761655
2015-07-11,HOBBIES_1_004,CA_1,10.0,7.705266022535112
2015-07-12,HOBBIES_1_004,CA_1,2.0,6.282541080183773
2015-07-12,HOBBIES_1_004,CA_1,2.0,2.51468461920728
2015-07-13,HOBBIES_1_004,CA_1,0.0,1.5444379188073127
2015-07-13,HOBBIES_1_004,CA_1,0.0,0.7489750424106506
2015-07-14,HOBBIES_1_004,CA_1,1.0,0.7020419785162337
2015-07-14,HOBBIES_1_004,CA_1,1.0,1.1223371691597683
2015-07-15,HOBBIES_1_004,CA_1,0.0,1.2290202231945766
2015-07-15,HOBBIES_1_004,CA_1,0.0,0.8907876684618231
2015-07-16,HOBBIES_1_004,CA_1,3.0,0.9223556691825102
2015-07-16,HOBBIES_1_004,CA_1,3.0,2.2410427896667726
2015-07-17,HOBBIES_1_004,CA_1,2.0,2.330507644870787
2015-07-17,HOBBIES_1_004,CA_1,2.0,1.7852312062983222
2015-07-18,HOBBIES_1_004,CA_1,4.0,2.463974391279665
2015-07-18,HOBBIES_1_004,CA_1,4.0,3.459065301118337
2015-07-19,HOBBIES_1_004,CA_1,7.0,3.7026108309409502
2015-07-19,HOBBIES_1_004,CA_1,7.0,4.143632664162256
2015-07-20,HOBBIES_1_004,CA_1,1.0,2.717945006882979
2015-07-20,HOBBIES_1_004,CA_1,1.0,1.1900503617845257
2015-07-21,HOBBIES_1_004,CA_1,0.0,0.9855070275367847
2015-07-21,HOBBIES_1_004,CA_1,0.0,0.6855274186886221
2015-07-22,HOBBIES_1_004,CA_1,1.0,0.8450309977410484
2015-07-22,HOBBIES_1_004,CA_1,1.0,1.1840783145197065
2015-07-23,HOBBIES_1_004,CA_1,3.0,1.246344070971388
2015-07-23,HOBBIES_1_004,CA_1,3.0,2.225153226022271
2015-07-24,HOBBIES_1_004,CA_1,3.0,2.3667807431535053
2015-07-24,HOBBIES_1_004,CA_1,3.0,2.5136181678611447
2015-07-25,HOBBIES_1_004,CA_1,5.0,3.8368647970000667
2015-07-25,HOBBIES_1_004,CA_1,5.0,4.396893001529862
2015-07-26,HOBBIES_1_004,CA_1,0.0,3.6623933813844776
2015-07-26,HOBBIES_1_004,CA_1,0.0,1.4728885274946986
2015-07-27,HOBBIES_1_004,CA_1,0.0,0.8472102122836218
2015-07-27,HOBBIES_1_004,CA_1,0.0,0.8472102122836218
2015-07-28,HOBBIES_1_004,CA_1,0.0,0.8710849480146563
2015-07-28,HOBBIES_1_004,CA_1,0.0,0.6481155377871056
2015-07-29,HOBBIES_1_004,CA_1,0.0,0.5634458554112525
2015-07-29,HOBBIES_1_004,CA_1,0.0,0.5260946832925844
2015-07-30,HOBBIES_1_004,CA_1,1.0,0.5646878451839188
2015-07-30,HOBBIES_1_004,CA_1,1.0,1.2090438360133182
2015-07-31,HOBBIES_1_004,CA_1,0.0,1.2388046604646687
2015-07-31,HOBBIES_1_004,CA_1,0.0,0.7644319423176716
2015-08-01,HOBBIES_1_004,CA_1,2.0,1.5539948589582877
2015-08-01,HOBBIES_1_004,CA_1,2.0,2.5627424816962634
2015-08-02,HOBBIES_1_004,CA_1,5.0,2.42559761796573
2015-08-02,HOBBIES_1_004,CA_1,5.0,4.075056058109893
2015-08-03,HOBBIES_1_004,CA_1,0.0,2.786829631748775
2015-08-03,HOBBIES_1_004,CA_1,0.0,0.48155847107589544
2015-08-04,HOBBIES_1_004,CA_1,0.0,0.4767151055717826
2015-08-04,HOBBIES_1_004,CA_1,0.0,0.48079339985118963
2015-08-05,HOBBIES_1_004,CA_1,1.0,0.4997003171356233
2015-08-05,HOBBIES_1_004,CA_1,1.0,1.0237951837913675
2015-08-06,HOBBIES_1_004,CA_1,1.0,1.0850565739464404
2015-08-06,HOBBIES_1_004,CA_1,1.0,1.0372560876550014
2015-08-07,HOBBIES_1_004,CA_1,0.0,1.1648081172817322
2015-08-07,HOBBIES_1_004,CA_1,0.0,0.6350916111871595
2015-08-08,HOBBIES_1_004,CA_1,7.0,0.907506828899082
2015-08-08,HOBBIES_1_004,CA_1,7.0,5.436211013419489
2015-08-09,HOBBIES_1_004,CA_1,4.0,5.1367808146976675
2015-08-09,HOBBIES_1_004,CA_1,4.0,3.1357293996821083
2015-08-10,HOBBIES_1_004,CA_1,1.0,2.0519268049400425
2015-08-10,HOBBIES_1_004,CA_1,1.0,0.9673145425145251
2015-08-11,HOBBIES_1_004,CA_1,1.0,0.9101757040128139
2015-08-11,HOBBIES_1_004,CA_1,1.0,0.9196016565235793
2015-08-12,HOBBIES_1_004,CA_1,4.0,1.0164735266076745
2015-08-12,HOBBIES_1_004,CA_1,4.0,2.3925754410207616
2015-08-13,HOBBIES_1_004,CA_1,0.0,2.4023866249714754
2015-08-13,HOBBIES_1_004,CA_1,0.0,0.5636947783845946
2015-08-14,HOBBIES_1_004,CA_1,0.0,0.6810990798324814
2015-08-14,HOBBIES_1_004,CA_1,0.0,0.6810990798324814
2015-08-15,HOBBIES_1_004,CA_1,0.0,1.249044794544136
2015-08-15,HOBBIES_1_004,CA_1,0.0,1.3569733068547314
2015-08-16,HOBBIES_1_004,CA_1,5.0,1.598593307696529
2015-08-16,HOBBIES_1_004,CA_1,5.0,4.453403587809862
2015-08-17,HOBBIES_1_004,CA_1,1.0,3.046670860017529
2015-08-17,HOBBIES_1_004,CA_1,1.0,1.0174677147868425
2015-08-18,HOBBIES_1_004,CA_1,1.0,1.0202933198377107
2015-08-18,HOBBIES_1_004,CA_1,1.0,1.0202933198377107
2015-08-19,HOBBIES_1_004,CA_1,0.0,1.0831268619624757
2015-08-19,HOBBIES_1_004,CA_1,0.0,0.6290628223291455
2015-08-20,HOBBIES_1_004,CA_1,0.0,0.5732570393619661
2015-08-20,HOBBIES_1_004,CA_1,0.0,0.5480547229594402
2015-08-21,HOBBIES_1_004,CA_1,0.0,0.6591667986045125
2015-08-21,HOBBIES_1_004,CA_1,0.0,0.6591667986045125
2015-08-22,HOBBIES_1_004,CA_1,11.0,1.3274492270142721
2015-08-22,HOBBIES_1_004,CA_1,11.0,10.2634501240949
2015-08-23,HOBBIES_1_004,CA_1,2.0,8.438339985973968
2015-08-23,HOBBIES_1_004,CA_1,2.0,2.3663076999485217
2015-08-24,HOBBIES_1_004,CA_1,2.0,1.231089777185566
2015-08-24,HOBBIES_1_004,CA_1,2.0,1.231089777185566
2015-08-25,HOBBIES_1_004,CA_1,1.0,1.2410497637414755
2015-08-25,HOBBIES_1_004,CA_1,1.0,0.81652838225412
2015-08-26,HOBBIES_1_004,CA_1,1.0,1.08136450848522
2015-08-26,HOBBIES_1_004,CA_1,1.0,1.0801016474743232
2015-08-27,HOBBIES_1_004,CA_1,2.0,1.0265138275128507
2015-08-27,HOBBIES_1_004,CA_1,2.0,1.4636637420064973
2015-08-28,HOBBIES_1_004,CA_1,1.0,1.6402006347985467
2015-08-28,HOBBIES_1_004,CA_1,1.0,1.1645474485754213
2015-08-29,HOBBIES_1_004,CA_1,1.0,1.5384275119971944
2015-08-29,HOBBIES_1_004,CA_1,1.0,1.5384275119971944
2015-08-30,HOBBIES_1_004,CA_1,2.0,2.1700758548392693
2015-08-30,HOBBIES_1_004,CA_1,2.0,2.5960630193733025
2015-08-31,HOBBIES_1_004,CA_1,1.0,1.46046018917198
2015-08-31,HOBBIES_1_004,CA_1,1.0,1.052187735242955
2015-09-01,HOBBIES_1_004,CA_1,1.0,1.0404750238706464
2015-09-01,HOBBIES_1_004,CA_1,1.0,1.0404750238706464
2015-09-02,HOBBIES_1_004,CA_1,0.0,1.0306638399199326
2015-09-02,HOBBIES_1_004,CA_1,0.0,0.5601758202366954
2015-09-03,HOBBIES_1_004,CA_1,3.0,0.5768563500556048
2015-09-03,HOBBIES_1_004,CA_1,3.0,2.0324023984180917
2015-09-04,HOBBIES_1_004,CA_1,0.0,2.144813347406873
2015-09-04,HOBBIES_1_004,CA_1,0.0,0.6810990798324814
2015-09-05,HOBBIES_1_004,CA_1,2.0,1.7114613212666574
2015-09-05,HOBBIES_1_004,CA_1,2.0,2.678775252201511
2015-09-06,HOBBIES_1_004,CA_1,14.0,2.330601666240007
2015-09-06,HOBBIES_1_004,CA_1,14.0,9.875228032738828
2015-09-07,HOBBIES_1_004,CA_1,0.0,5.564010112730939
2015-09-07,HOBBIES_1_004,CA_1,0.0,0.43094024797561786
2015-09-08,HOBBIES_1_004,CA_1,0.0,0.1220571331220699
2015-09-08,HOBBIES_1_004,CA_1,0.0,0.15814615860118705
2015-09-09,HOBBIES_1_004,CA_1,0.0,0.23992765597481636
2015-09-09,HOBBIES_1_004,CA_1,0.0,0.18475551432595774
2015-09-10,HOBBIES_1_004,CA_1,3.0,1.2063414722271357
2015-09-10,HOBBIES_1_004,CA_1,3.0,2.050924707900971
2015-09-11,HOBBIES_1_004,CA_1,3.0,2.1817790964086283
2015-09-11,HOBBIES_1_004,CA_1,3.0,2.15054623707818
2015-09-12,HOBBIES_1_004,CA_1,1.0,3.0577597892132
2015-09-12,HOBBIES_1_004,CA_1,1.0,2.0650336712829795
2015-09-13,HOBBIES_1_004,CA_1,1.0,2.1355150169917216
2015-09-13,HOBBIES_1_004,CA_1,1.0,1.8436548715177183
2015-09-14,HOBBIES_1_004,CA_1,1.0,1.0324850147957882
2015-09-14,HOBBIES_1_004,CA_1,1.0,1.0387772405986029
2015-09-15,HOBBIES_1_004,CA_1,1.0,1.0437450590452038
2015-09-15,HOBBIES_1_004,CA_1,1.0,1.0404750238706464
2015-09-16,HOBBIES_1_004,CA_1,0.0,1.0306638399199326
2015-09-16,HOBBIES_1_004,CA_1,0.0,0.5601758202366954
2015-09-17,HOBBIES_1_004,CA_1,3.0,0.754920145744799
2015-09-17,HOBBIES_1_004,CA_1,3.0,2.1927686365754235
2015-09-18,HOBBIES_1_004,CA_1,3.0,2.199608755172471
2015-09-18,HOBBIES_1_004,CA_1,3.0,2.3453514128458144
2015-09-19,HOBBIES_1_004,CA_1,1.0,3.0198320955385816
2015-09-19,HOBBIES_1_004,CA_1,1.0,2.0092987688766106
2015-09-20,HOBBIES_1_004,CA_1,7.0,2.2824187340054927
2015-09-20,HOBBIES_1_004,CA_1,7.0,5.076911621860583
2015-09-21,HOBBIES_1_004,CA_1,3.0,3.1501975307446624
2015-09-21,HOBBIES_1_004,CA_1,3.0,1.8115851984992566
2015-09-22,HOBBIES_1_004,CA_1,1.0,1.8412804651033972
2015-09-22,HOBBIES_1_004,CA_1,1.0,0.9805106676476144
2015-09-23,HOBBIES_1_004,CA_1,0.0,0.9805106676476144
2015-09-23,HOBBIES_1_004,CA_1,0.0,0.43578038028751753
2015-09-24,HOBBIES_1_004,CA_1,0.0,0.7396611981928144
2015-09-24,HOBBIES_1_004,CA_1,0.0,0.7550491573293491
2015-09-25,HOBBIES_1_004,CA_1,1.0,1.0102367874518245
2015-09-25,HOBBIES_1_004,CA_1,1.0,1.4685675510812621
2015-09-26,HOBBIES_1_004,CA_1,0.0,1.8021838533623582
2015-09-26,HOBBIES_1_004,CA_1,0.0,1.2214198111653054
2015-09-27,HOBBIES_1_004,CA_1,1.0,1.221675122342813
2015-09-27,HOBBIES_1_004,CA_1,1.0,1.7892852196645157
2015-09-28,HOBBIES_1_004,CA_1,1.0,1.056748848368038
2015-09-28,HOBBIES_1_004,CA_1,1.0,1.0608271426474454
2015-09-29,HOBBIES_1_004,CA_1,0.0,1.0363250114635645
2015-09-29,HOBBIES_1_004,CA_1,0.0,0.5439764286800333
2015-09-30,HOBBIES_1_004,CA_1,0.0,0.5341652447293196
2015-09-30,HOBBIES_1_004,CA_1,0.0,0.5382435390087266
2015-10-01,HOBBIES_1_004,CA_1,2.0,0.5963032534990365
2015-10-01,HOBBIES_1_004,CA_1,2.0,1.5147864408584477
2015-10-02,HOBBIES_1_004,CA_1,1.0,1.6913233336504971
2015-10-02,HOBBIES_1_004,CA_1,1.0,1.17113969631049
2015-10-03,HOBBIES_1_004,CA_1,4.0,1.398080011985042
2015-10-03,HOBBIES_1_004,CA_1,4.0,3.440825200883242
2015-10-04,HOBBIES_1_004,CA_1,4.0,3.081561101575655
2015-10-04,HOBBIES_1_004,CA_1,4.0,3.085639395855062
2015-10-05,HOBBIES_1_004,CA_1,3.0,2.094033301662154
2015-10-05,HOBBIES_1_004,CA_1,3.0,1.8925677794546245
2015-10-06,HOBBIES_1_004,CA_1,0.0,1.864271785743737
2015-10-06,HOBBIES_1_004,CA_1,0.0,0.342967411809748
2015-10-07,HOBBIES_1_004,CA_1,2.0,0.4475113669030365
2015-10-07,HOBBIES_1_004,CA_1,2.0,1.4058893329603903
2015-10-08,HOBBIES_1_004,CA_1,0.0,1.4289014418080577
2015-10-08,HOBBIES_1_004,CA_1,0.0,0.4859114348872383
2015-10-09,HOBBIES_1_004,CA_1,0.0,0.5999653486148282
2015-10-09,HOBBIES_1_004,CA_1,0.0,0.5862854401321064
2015-10-10,HOBBIES_1_004,CA_1,1.0,0.8847234193411907
2015-10-10,HOBBIES_1_004,CA_1,1.0,1.6152486174731049
2015-10-11,HOBBIES_1_004,CA_1,3.0,1.8681814238092995
2015-10-11,HOBBIES_1_004,CA_1,3.0,3.041217012293587
2015-10-12,HOBBIES_1_004,CA_1,3.0,2.0137697560567
2015-10-12,HOBBIES_1_004,CA_1,3.0,1.9795510059374364
2015-10-13,HOBBIES_1_004,CA_1,0.0,1.9266539933264448
2015-10-13,HOBBIES_1_004,CA_1,0.0,0.5228555798721919
2015-10-14,HOBBIES_1_004,CA_1,2.0,0.5486318430248214
2015-10-14,HOBBIES_1_004,CA_1,2.0,1.4640763354563473
2015-10-15,HOBBIES_1_004,CA_1,1.0,1.4704527353289538
2015-10-15,HOBBIES_1_004,CA_1,1.0,1.0395950466381219
2015-10-16,HOBBIES_1_004,CA_1,2.0,1.1734786552936105
2015-10-16,HOBBIES_1_004,CA_1,2.0,1.6417835120627713
2015-10-17,HOBBIES_1_004,CA_1,4.0,2.4699920151916284
2015-10-17,HOBBIES_1_004,CA_1,4.0,3.130033793080961
2015-10-18,HOBBIES_1_004,CA_1,7.0,3.2167104041420314
2015-10-18,HOBBIES_1_004,CA_1,7.0,5.100395265704214
2015-10-19,HOBBIES_1_004,CA_1,0.0,2.99339304818039
2015-10-19,HOBBIES_1_004,CA_1,0.0,0.4396282591338366
2015-10-20,HOBBIES_1_004,CA_1,2.0,0.36832606510784716
2015-10-20,HOBBIES_1_004,CA_1,2.0,1.3546739479604253
2015-10-21,HOBBIES_1_004,CA_1,1.0,1.4432723186783605
2015-10-21,HOBBIES_1_004,CA_1,1.0,1.0471152527843797
2015-10-22,HOBBIES_1_004,CA_1,0.0,1.0414327394834084
2015-10-22,HOBBIES_1_004,CA_1,0.0,0.5560975259572885
2015-10-23,HOBBIES_1_004,CA_1,5.0,0.732755687959443
2015-10-23,HOBBIES_1_004,CA_1,5.0,3.4671062946661135
2015-10-24,HOBBIES_1_004,CA_1,5.0,4.0600856732481105
2015-10-24,HOBBIES_1_004,CA_1,5.0,4.0600856732481105
2015-10-25,HOBBIES_1_004,CA_1,2.0,3.9244765314805328
2015-10-25,HOBBIES_1_004,CA_1,2.0,3.0266092457290155
2015-10-26,HOBBIES_1_004,CA_1,2.0,1.5022875470057724
2015-10-26,HOBBIES_1_004,CA_1,2.0,1.4132841177922693
2015-10-27,HOBBIES_1_004,CA_1,4.0,1.5686805222767084
2015-10-27,HOBBIES_1_004,CA_1,4.0,2.2856840567373387
2015-10-28,HOBBIES_1_004,CA_1,1.0,2.6495742410920573
2015-10-28,HOBBIES_1_004,CA_1,1.0,1.348615185379012
2015-10-29,HOBBIES_1_004,CA_1,0.0,1.348615185379012
2015-10-29,HOBBIES_1_004,CA_1,0.0,1.009641579001013
2015-10-30,HOBBIES_1_004,CA_1,0.0,1.0989862871270595
2015-10-30,HOBBIES_1_004,CA_1,0.0,1.1085485481044315
2015-10-31,HOBBIES_1_004,CA_1,3.0,2.146258613220185
2015-10-31,HOBBIES_1_004,CA_1,3.0,3.703829028694252
2015-11-01,HOBBIES_1_004,CA_1,1.0,3.7037735772662357
2015-11-01,HOBBIES_1_004,CA_1,1.0,2.1659975605598625
2015-11-02,HOBBIES_1_004,CA_1,0.0,1.0382982570128338
2015-11-02,HOBBIES_1_004,CA_1,0.0,0.5678102373295971
2015-11-03,HOBBIES_1_004,CA_1,0.0,0.6371024520117161
2015-11-03,HOBBIES_1_004,CA_1,0.0,0.6444507814656801
2015-11-04,HOBBIES_1_004,CA_1,0.0,0.5513247581339973
2015-11-04,HOBBIES_1_004,CA_1,0.0,0.5480547229594402
2015-11-05,HOBBIES_1_004,CA_1,3.0,0.5436550614052776
2015-11-05,HOBBIES_1_004,CA_1,3.0,2.007493561912693
2015-11-06,HOBBIES_1_004,CA_1,1.0,2.3134746943615263
2015-11-06,HOBBIES_1_004,CA_1,1.0,1.2978259237925445
2015-11-07,HOBBIES_1_004,CA_1,3.0,2.0803248525760645
2015-11-07,HOBBIES_1_004,CA_1,3.0,2.8821388172222955
2015-11-08,HOBBIES_1_004,CA_1,3.0,2.5824606161982375
2015-11-08,HOBBIES_1_004,CA_1,3.0,2.5898089456522015
2015-11-09,HOBBIES_1_004,CA_1,0.0,1.9141182401269827
2015-11-09,HOBBIES_1_004,CA_1,0.0,0.4856367653553024
2015-11-10,HOBBIES_1_004,CA_1,0.0,0.5182859990967238
2015-11-10,HOBBIES_1_004,CA_1,0.0,0.5152244552425229
2015-11-11,HOBBIES_1_004,CA_1,4.0,0.46956948640027785
2015-11-11,HOBBIES_1_004,CA_1,4.0,2.4168012324667116
2015-11-12,HOBBIES_1_004,CA_1,1.0,2.4892188374507906
2015-11-12,HOBBIES_1_004,CA_1,1.0,1.010399010186878
2015-11-13,HOBBIES_1_004,CA_1,1.0,1.1211442482406424
2015-11-13,HOBBIES_1_004,CA_1,1.0,1.1211442482406424
2015-11-14,HOBBIES_1_004,CA_1,1.0,1.6853695994522104
2015-11-14,HOBBIES_1_004,CA_1,1.0,1.6208268688788292
2015-11-15,HOBBIES_1_004,CA_1,1.0,1.473952663656948
2015-11-15,HOBBIES_1_004,CA_1,1.0,1.4706826284823906
2015-11-16,HOBBIES_1_004,CA_1,3.0,0.9800395363892024
2015-11-16,HOBBIES_1_004,CA_1,3.0,1.9154688366092216
2015-11-17,HOBBIES_1_004,CA_1,3.0,1.946120246742387
2015-11-17,HOBBIES_1_004,CA_1,3.0,1.9398280209395724
2015-11-18,HOBBIES_1_004,CA_1,1.0,2.0463463097530945
2015-11-18,HOBBIES_1_004,CA_1,1.0,1.0732439598840873
2015-11-19,HOBBIES_1_004,CA_1,0.0,1.0647136883377883
2015-11-19,HOBBIES_1_004,CA_1,0.0,0.5841853295370588
2015-11-20,HOBBIES_1_004,CA_1,3.0,0.6722480177297833
2015-11-20,HOBBIES_1_004,CA_1,3.0,2.1195258040057987
2015-11-21,HOBBIES_1_004,CA_1,0.0,2.7365527281192925
2015-11-21,HOBBIES_1_004,CA_1,0.0,1.349675972864435
2015-11-22,HOBBIES_1_004,CA_1,1.0,1.349675972864435
2015-11-22,HOBBIES_1_004,CA_1,1.0,1.8274274489221731
2015-11-23,HOBBIES_1_004,CA_1,3.0,1.0117627707690346
2015-11-23,HOBBIES_1_004,CA_1,3.0,1.9333651020965312
2015-11-24,HOBBIES_1_004,CA_1,3.0,1.978860231547426
2015-11-24,HOBBIES_1_004,CA_1,3.0,1.9715119020934613
2015-11-25,HOBBIES_1_004,CA_1,3.0,1.9802418132879172
2015-11-25,HOBBIES_1_004,CA_1,3.0,1.980170095160242
2015-11-26,HOBBIES_1_004,CA_1,2.0,1.9374024479665588
2015-11-26,HOBBIES_1_004,CA_1,2.0,1.4371077490582567
2015-11-27,HOBBIES_1_004,CA_1,2.0,1.706418217005224
2015-11-27,HOBBIES_1_004,CA_1,2.0,1.706418217005224
2015-11-28,HOBBIES_1_004,CA_1,2.0,2.0439674683487974
2015-11-28,HOBBIES_1_004,CA_1,2.0,2.0439674683487974
2015-11-29,HOBBIES_1_004,CA_1,4.0,2.0439674683487974
2015-11-29,HOBBIES_1_004,CA_1,4.0,3.115545476505458
2015-11-30,HOBBIES_1_004,CA_1,3.0,2.4574041355661316
2015-11-30,HOBBIES_1_004,CA_1,3.0,2.262195209177644
2015-12-01,HOBBIES_1_004,CA_1,0.0,2.274932258841897
2015-12-01,HOBBIES_1_004,CA_1,0.0,0.7395321866082644
2015-12-02,HOBBIES_1_004,CA_1,5.0,0.5931446452772987
2015-12-02,HOBBIES_1_004,CA_1,5.0,3.0170829480786643
2015-12-03,HOBBIES_1_004,CA_1,1.0,2.8411001275605425
2015-12-03,HOBBIES_1_004,CA_1,1.0,1.1888700373311007
2015-12-04,HOBBIES_1_004,CA_1,3.0,1.5695726079735577
2015-12-04,HOBBIES_1_004,CA_1,3.0,2.5208603290178093
2015-12-05,HOBBIES_1_004,CA_1,3.0,3.0388528719287664
2015-12-05,HOBBIES_1_004,CA_1,3.0,3.029242984442843
2015-12-06,HOBBIES_1_004,CA_1,2.0,3.154945877661775
2015-12-06,HOBBIES_1_004,CA_1,2.0,2.696803432143038
2015-12-07,HOBBIES_1_004,CA_1,0.0,1.8286844156228323
2015-12-07,HOBBIES_1_004,CA_1,0.0,1.0419545377917259
2015-12-08,HOBBIES_1_004,CA_1,0.0,0.9193334785542527
2015-12-08,HOBBIES_1_004,CA_1,0.0,0.9256257043570673
2015-12-09,HOBBIES_1_004,CA_1,1.0,1.1322186314271456
2015-12-09,HOBBIES_1_004,CA_1,1.0,1.2776189239484583
2015-12-10,HOBBIES_1_004,CA_1,1.0,1.0404750238706464
2015-12-10,HOBBIES_1_004,CA_1,1.0,1.036396729591239
2015-12-11,HOBBIES_1_004,CA_1,0.0,1.2388046604646687
2015-12-11,HOBBIES_1_004,CA_1,0.0,0.7644319423176716
2015-12-12,HOBBIES_1_004,CA_1,2.0,1.3611964500259748
2015-12-12,HOBBIES_1_004,CA_1,2.0,2.427038671205174
2015-12-13,HOBBIES_1_004,CA_1,2.0,2.5960630193733025
2015-12-13,HOBBIES_1_004,CA_1,2.0,2.551668622147403
2015-12-14,HOBBIES_1_004,CA_1,2.0,1.5071794570470674
2015-12-14,HOBBIES_1_004,CA_1,2.0,1.50310116276766
2015-12-15,HOBBIES_1_004,CA_1,3.0,1.4491432095171934
2015-12-15,HOBBIES_1_004,CA_1,3.0,1.9307322876058521
2015-12-16,HOBBIES_1_004,CA_1,2.0,1.9843201075673245
2015-12-16,HOBBIES_1_004,CA_1,2.0,1.4935635780172711
2015-12-17,HOBBIES_1_004,CA_1,1.0,1.4539369544135943
2015-12-17,HOBBIES_1_004,CA_1,1.0,1.0209370523270296
2015-12-18,HOBBIES_1_004,CA_1,2.0,1.2865162589354169
2015-12-18,HOBBIES_1_004,CA_1,2.0,1.7654394803330997
2015-12-19,HOBBIES_1_004,CA_1,0.0,2.2462174748426866
2015-12-19,HOBBIES_1_004,CA_1,0.0,1.2764357766281083
2015-12-20,HOBBIES_1_004,CA_1,5.0,0.8440996852865067
2015-12-20,HOBBIES_1_004,CA_1,5.0,4.102573729488416
2015-12-21,HOBBIES_1_004,CA_1,0.0,2.7936989776169705
2015-12-21,HOBBIES_1_004,CA_1,0.0,0.5345682912445006
2015-12-22,HOBBIES_1_004,CA_1,1.0,0.5704969134323363
2015-12-22,HOBBIES_1_004,CA_1,1.0,1.0519054828639252
2015-12-23,HOBBIES_1_004,CA_1,0.0,1.042635021200252
2015-12-23,HOBBIES_1_004,CA_1,0.0,0.5617130621500921
2015-12-24,HOBBIES_1_004,CA_1,0.0,0.5513247581339973
2015-12-24,HOBBIES_1_004,CA_1,0.0,0.5019142486590308
2015-12-25,HOBBIES_1_004,CA_1,0.0,0.6656202031204647
2015-12-25,HOBBIES_1_004,CA_1,0.0,0.6696984973998716
2015-12-26,HOBBIES_1_004,CA_1,3.0,1.1612091795735473
2015-12-26,HOBBIES_1_004,CA_1,3.0,2.9657291414609426
2015-12-27,HOBBIES_1_004,CA_1,4.0,2.9575900898092793
2015-12-27,HOBBIES_1_004,CA_1,4.0,3.466803586309416
2015-12-28,HOBBIES_1_004,CA_1,0.0,2.1933749515855787
2015-12-28,HOBBIES_1_004,CA_1,0.0,0.5236206510968979
2015-12-29,HOBBIES_1_004,CA_1,0.0,0.5768370000830948
2015-12-29,HOBBIES_1_004,CA_1,0.0,0.5124603009375607
2015-12-30,HOBBIES_1_004,CA_1,1.0,0.4727105099902849
2015-12-30,HOBBIES_1_004,CA_1,1.0,0.9980885739610738
2015-12-31,HOBBIES_1_004,CA_1,5.0,0.9980885739610738
2015-12-31,HOBBIES_1_004,CA_1,5.0,3.3194469849428048
2016-01-01,HOBBIES_1_004,CA_1,3.0,3.260282582210169
2016-01-01,HOBBIES_1_004,CA_1,3.0,2.0936484918252933
2016-01-02,HOBBIES_1_004,CA_1,2.0,2.643244702859876
2016-01-02,HOBBIES_1_004,CA_1,2.0,2.038057957275681
2016-01-03,HOBBIES_1_004,CA_1,2.0,2.263524301511112
2016-01-03,HOBBIES_1_004,CA_1,2.0,2.2489873404897747
2016-01-04,HOBBIES_1_004,CA_1,0.0,1.4177005390332973
2016-01-04,HOBBIES_1_004,CA_1,0.0,0.5211577966001483
2016-01-05,HOBBIES_1_004,CA_1,1.0,0.5513247581339973
2016-01-05,HOBBIES_1_004,CA_1,1.0,1.0363250114635645
2016-01-06,HOBBIES_1_004,CA_1,1.0,1.0265138275128507
2016-01-06,HOBBIES_1_004,CA_1,1.0,1.0265138275128507
2016-01-07,HOBBIES_1_004,CA_1,0.0,1.083918002012735
2016-01-07,HOBBIES_1_004,CA_1,0.0,0.6006450698251464
2016-01-08,HOBBIES_1_004,CA_1,2.0,0.7326884771389891
2016-01-08,HOBBIES_1_004,CA_1,2.0,1.7045749446094058
2016-01-09,HOBBIES_1_004,CA_1,1.0,2.8611418407427154
2016-01-09,HOBBIES_1_004,CA_1,1.0,2.349205742343738
2016-01-10,HOBBIES_1_004,CA_1,0.0,2.349205742343738
2016-01-10,HOBBIES_1_004,CA_1,0.0,1.6645672192637766
2016-01-11,HOBBIES_1_004,CA_1,2.0,0.4505831781390062
2016-01-11,HOBBIES_1_004,CA_1,2.0,1.3946435693469852
2016-01-12,HOBBIES_1_004,CA_1,4.0,1.4437138667526608
2016-01-12,HOBBIES_1_004,CA_1,4.0,2.2886607877250422
2016-01-13,HOBBIES_1_004,CA_1,0.0,2.404062310723556
2016-01-13,HOBBIES_1_004,CA_1,0.0,0.5376842028772187
2016-01-14,HOBBIES_1_004,CA_1,0.0,0.585932733416815
2016-01-14,HOBBIES_1_004,CA_1,0.0,0.5695836142266157
2016-01-15,HOBBIES_1_004,CA_1,0.0,0.72972371217896
2016-01-15,HOBBIES_1_004,CA_1,0.0,0.7329937473535171
2016-01-16,HOBBIES_1_004,CA_1,3.0,0.9818751996713804
2016-01-16,HOBBIES_1_004,CA_1,3.0,2.737467751415548
2016-01-17,HOBBIES_1_004,CA_1,2.0,2.737467751415548
2016-01-17,HOBBIES_1_004,CA_1,2.0,2.0659804045897774
2016-01-18,HOBBIES_1_004,CA_1,4.0,1.415512229169341
2016-01-18,HOBBIES_1_004,CA_1,4.0,2.228167483951176
2016-01-19,HOBBIES_1_004,CA_1,3.0,2.4252221737593356
2016-01-19,HOBBIES_1_004,CA_1,3.0,2.042469311938478
2016-01-20,HOBBIES_1_004,CA_1,1.0,1.9268552897912354
2016-01-20,HOBBIES_1_004,CA_1,1.0,1.0209370523270296
2016-01-21,HOBBIES_1_004,CA_1,2.0,1.0111258683763158
2016-01-21,HOBBIES_1_004,CA_1,2.0,1.4473958056374379
2016-01-22,HOBBIES_1_004,CA_1,3.0,1.633743882380201
2016-01-22,HOBBIES_1_004,CA_1,3.0,2.1041378448692645
2016-01-23,HOBBIES_1_004,CA_1,0.0,2.7047986134904525
2016-01-23,HOBBIES_1_004,CA_1,0.0,0.9943768957793222
2016-01-24,HOBBIES_1_004,CA_1,8.0,0.9689928672239081
2016-01-24,HOBBIES_1_004,CA_1,8.0,5.935313399482091
2016-01-25,HOBBIES_1_004,CA_1,2.0,3.908469208459497
2016-01-25,HOBBIES_1_004,CA_1,2.0,1.5321273443638317
2016-01-26,HOBBIES_1_004,CA_1,1.0,1.7290467604340407
2016-01-26,HOBBIES_1_004,CA_1,1.0,1.3249297290945805
2016-01-27,HOBBIES_1_004,CA_1,2.0,0.9764323733682074
2016-01-27,HOBBIES_1_004,CA_1,2.0,1.4919709585662884
2016-01-28,HOBBIES_1_004,CA_1,2.0,1.6055233584692923
2016-01-28,HOBBIES_1_004,CA_1,2.0,1.6092714335716538
2016-01-29,HOBBIES_1_004,CA_1,5.0,1.8376521187627348
2016-01-29,HOBBIES_1_004,CA_1,5.0,3.297869152286002
2016-01-30,HOBBIES_1_004,CA_1,2.0,3.893029495918212
2016-01-30,HOBBIES_1_004,CA_1,2.0,2.6942287115917223
2016-01-31,HOBBIES_1_004,CA_1,6.0,2.685799305195876
2016-01-31,HOBBIES_1_004,CA_1,6.0,4.345738483441291
2016-02-01,HOBBIES_1_004,CA_1,1.0,2.4749304046594656
2016-02-01,HOBBIES_1_004,CA_1,1.0,1.2762587342738891
2016-02-02,HOBBIES_1_004,CA_1,0.0,1.3567466310214638
2016-02-02,HOBBIES_1_004,CA_1,0.0,1.0578901095406092
2016-02-03,HOBBIES_1_004,CA_1,3.0,0.8753997093252884
2016-02-03,HOBBIES_1_004,CA_1,3.0,2.3318175489128343
2016-02-04,HOBBIES_1_004,CA_1,5.0,2.337533219302847
2016-02-04,HOBBIES_1_004,CA_1,5.0,3.248666569029685
2016-02-05,HOBBIES_1_004,CA_1,1.0,3.4703292724284287
2016-02-05,HOBBIES_1_004,CA_1,1.0,1.7989579027755236
2016-02-06,HOBBIES_1_004,CA_1,1.0,2.2160112830892102
2016-02-06,HOBBIES_1_004,CA_1,1.0,2.2233596125431743
2016-02-07,HOBBIES_1_004,CA_1,6.0,2.29099463322855
2016-02-07,HOBBIES_1_004,CA_1,6.0,4.162187877261027
2016-02-08,HOBBIES_1_004,CA_1,4.0,3.0573084162042083
2016-02-08,HOBBIES_1_004,CA_1,4.0,2.4487908743926496
2016-02-09,HOBBIES_1_004,CA_1,3.0,2.4606791448008956
2016-02-09,HOBBIES_1_004,CA_1,3.0,2.2129174907784726
2016-02-10,HOBBIES_1_004,CA_1,2.0,2.1046917186421457
2016-02-10,HOBBIES_1_004,CA_1,2.0,1.4893164911555816
2016-02-11,HOBBIES_1_004,CA_1,2.0,1.6235350383471476
2016-02-11,HOBBIES_1_004,CA_1,2.0,1.7013710684345529
2016-02-12,HOBBIES_1_004,CA_1,3.0,1.9644436846116162
2016-02-12,HOBBIES_1_004,CA_1,3.0,2.605079332128161
2016-02-13,HOBBIES_1_004,CA_1,2.0,3.1991408664857284
2016-02-13,HOBBIES_1_004,CA_1,2.0,2.5956309680478076
2016-02-14,HOBBIES_1_004,CA_1,1.0,2.7091897071888367
2016-02-14,HOBBIES_1_004,CA_1,1.0,2.287724598053993
2016-02-15,HOBBIES_1_004,CA_1,0.0,1.2456117281941628
2016-02-15,HOBBIES_1_004,CA_1,0.0,0.9470416705164141
2016-02-16,HOBBIES_1_004,CA_1,0.0,0.9061115900931815
2016-02-16,HOBBIES_1_004,CA_1,0.0,0.9028415549186245
2016-02-17,HOBBIES_1_004,CA_1,0.0,1.0021529829073095
2016-02-17,HOBBIES_1_004,CA_1,0.0,1.0021529829073095
2016-02-18,HOBBIES_1_004,CA_1,2.0,1.0107055288938682
2016-02-18,HOBBIES_1_004,CA_1,2.0,1.5919615925962867
2016-02-19,HOBBIES_1_004,CA_1,0.0,1.7144578466877942
2016-02-19,HOBBIES_1_004,CA_1,0.0,0.7644319423176716
2016-02-20,HOBBIES_1_004,CA_1,5.0,1.6488045982137713
2016-02-20,HOBBIES_1_004,CA_1,5.0,4.5656937906731185
2016-02-21,HOBBIES_1_004,CA_1,4.0,3.8889512016388053
2016-02-21,HOBBIES_1_004,CA_1,4.0,3.130033793080961
2016-02-22,HOBBIES_1_004,CA_1,2.0,2.098183314069236
2016-02-22,HOBBIES_1_004,CA_1,2.0,1.4469818126009173
2016-02-23,HOBBIES_1_004,CA_1,1.0,1.4588700830091632
2016-02-23,HOBBIES_1_004,CA_1,1.0,1.0332185103765632
2016-02-24,HOBBIES_1_004,CA_1,1.0,1.024207087501587
2016-02-24,HOBBIES_1_004,CA_1,1.0,1.024207087501587
2016-02-25,HOBBIES_1_004,CA_1,2.0,1.0499833506542167
2016-02-25,HOBBIES_1_004,CA_1,2.0,1.4860054433690386
2016-02-26,HOBBIES_1_004,CA_1,3.0,1.7775574042950772
2016-02-26,HOBBIES_1_004,CA_1,3.0,2.2479513667841395
2016-02-27,HOBBIES_1_004,CA_1,0.0,2.7647001515845484
2016-02-27,HOBBIES_1_004,CA_1,0.0,1.0393512023006855
2016-02-28,HOBBIES_1_004,CA_1,6.0,1.033317263459427
2016-02-28,HOBBIES_1_004,CA_1,6.0,4.7608684605168685
2016-02-29,HOBBIES_1_004,CA_1,0.0,2.969203582590656
2016-02-29,HOBBIES_1_004,CA_1,0.0,0.5597706076470265
2016-03-01,HOBBIES_1_004,CA_1,0.0,0.5480578962747178
2016-03-01,HOBBIES_1_004,CA_1,0.0,0.5498053001544739
2016-03-02,HOBBIES_1_004,CA_1,0.0,0.5498053001544739
2016-03-02,HOBBIES_1_004,CA_1,0.0,0.5709447198001711
2016-03-03,HOBBIES_1_004,CA_1,1.0,0.6192342238730556
2016-03-03,HOBBIES_1_004,CA_1,1.0,1.0584887818066997
2016-03-04,HOBBIES_1_004,CA_1,0.0,1.228993476513955
2016-03-04,HOBBIES_1_004,CA_1,0.0,0.754620758366958
2016-03-05,HOBBIES_1_004,CA_1,1.0,1.5270071816104402
2016-03-05,HOBBIES_1_004,CA_1,1.0,2.03289435654538
2016-03-06,HOBBIES_1_004,CA_1,5.0,2.003076539303223
2016-03-06,HOBBIES_1_004,CA_1,5.0,4.254185929615977
2016-03-07,HOBBIES_1_004,CA_1,3.0,2.942768563378735
2016-03-07,HOBBIES_1_004,CA_1,3.0,1.906769910673018
2016-03-08,HOBBIES_1_004,CA_1,1.0,1.9364651772771586
2016-03-08,HOBBIES_1_004,CA_1,1.0,1.0209370523270296
2016-03-09,HOBBIES_1_004,CA_1,0.0,1.0209370523270296
2016-03-09,HOBBIES_1_004,CA_1,0.0,0.5359367989974626
2016-03-10,HOBBIES_1_004,CA_1,0.0,0.5450325323311828
2016-03-10,HOBBIES_1_004,CA_1,0.0,0.5513247581339973
2016-03-11,HOBBIES_1_004,CA_1,0.0,0.7000691347997733
2016-03-11,HOBBIES_1_004,CA_1,0.0,0.6391699054665665
2016-03-12,HOBBIES_1_004,CA_1,1.0,0.7563268530792613
2016-03-12,HOBBIES_1_004,CA_1,1.0,1.3660420821841655
2016-03-13,HOBBIES_1_004,CA_1,2.0,1.4966994658381643
2016-03-13,HOBBIES_1_004,CA_1,2.0,1.974359476826214
2016-03-14,HOBBIES_1_004,CA_1,3.0,1.3902570728868913
2016-03-14,HOBBIES_1_004,CA_1,3.0,1.9212037297457467
2016-03-15,HOBBIES_1_004,CA_1,0.0,1.8942432539831187
2016-03-15,HOBBIES_1_004,CA_1,0.0,0.45333706506219945
2016-03-16,HOBBIES_1_004,CA_1,1.0,0.459629290865014
2016-03-16,HOBBIES_1_004,CA_1,1.0,0.985007354835803
2016-03-17,HOBBIES_1_004,CA_1,3.0,0.9916775151965097
2016-03-17,HOBBIES_1_004,CA_1,3.0,1.920885548629363
2016-03-18,HOBBIES_1_004,CA_1,4.0,2.0939147572083305
2016-03-18,HOBBIES_1_004,CA_1,4.0,2.567010653383737
2016-03-19,HOBBIES_1_004,CA_1,2.0,3.0670727850001525
2016-03-19,HOBBIES_1_004,CA_1,2.0,1.9963030359483418
2016-03-20,HOBBIES_1_004,CA_1,1.0,2.278246103560309
2016-03-20,HOBBIES_1_004,CA_1,1.0,1.72518564310999
2016-03-21,HOBBIES_1_004,CA_1,4.0,1.186474853080514
2016-03-21,HOBBIES_1_004,CA_1,4.0,2.2765627505409998
2016-03-22,HOBBIES_1_004,CA_1,1.0,2.2304185476436835
2016-03-22,HOBBIES_1_004,CA_1,1.0,1.0209370523270296
2016-03-23,HOBBIES_1_004,CA_1,3.0,1.0111258683763158
2016-03-23,HOBBIES_1_004,CA_1,3.0,1.9307322876058521
2016-03-24,HOBBIES_1_004,CA_1,5.0,1.9612112260534085
2016-03-24,HOBBIES_1_004,CA_1,5.0,2.709426563760613
2016-03-25,HOBBIES_1_004,CA_1,0.0,3.1649949163414437
2016-03-25,HOBBIES_1_004,CA_1,0.0,1.0800793698426254
2016-03-26,HOBBIES_1_004,CA_1,6.0,1.5277002726178688
2016-03-26,HOBBIES_1_004,CA_1,6.0,4.279459753537487
2016-03-27,HOBBIES_1_004,CA_1,6.0,4.103441571020709
2016-03-27,HOBBIES_1_004,CA_1,6.0,4.080828634918345
2016-03-28,HOBBIES_1_004,CA_1,0.0,2.843503963530102
2016-03-28,HOBBIES_1_004,CA_1,0.0,0.9821253840382183
2016-03-29,HOBBIES_1_004,CA_1,0.0,0.8362838481919578
2016-03-29,HOBBIES_1_004,CA_1,0.0,0.8287162572893432
2016-03-30,HOBBIES_1_004,CA_1,0.0,1.053534837458796
2016-03-30,HOBBIES_1_004,CA_1,0.0,1.074344037927448
2016-03-31,HOBBIES_1_004,CA_1,0.0,1.0476719988517997
2016-03-31,HOBBIES_1_004,CA_1,0.0,0.7157758805812645
2016-04-01,HOBBIES_1_004,CA_1,3.0,1.0824927850926642
2016-04-01,HOBBIES_1_004,CA_1,3.0,2.493436102154133
2016-04-02,HOBBIES_1_004,CA_1,1.0,3.357754112835772
2016-04-02,HOBBIES_1_004,CA_1,1.0,2.3115320642660824
2016-04-03,HOBBIES_1_004,CA_1,2.0,2.2553927411179155
2016-04-03,HOBBIES_1_004,CA_1,2.0,2.748904635511719
2016-04-04,HOBBIES_1_004,CA_1,1.0,1.6082551504235871
2016-04-04,HOBBIES_1_004,CA_1,1.0,1.1105885388876926
2016-04-05,HOBBIES_1_004,CA_1,3.0,1.0437450590452038
2016-04-05,HOBBIES_1_004,CA_1,3.0,1.960081443100183
2016-04-06,HOBBIES_1_004,CA_1,1.0,2.1733772486936536
2016-04-06,HOBBIES_1_004,CA_1,1.0,1.0738094216715086
2016-04-07,HOBBIES_1_004,CA_1,0.0,1.0738094216715086
2016-04-07,HOBBIES_1_004,CA_1,0.0,0.6182355347270053
2016-04-08,HOBBIES_1_004,CA_1,2.0,0.7367667714183961
2016-04-08,HOBBIES_1_004,CA_1,2.0,1.7078449797839632
2016-04-09,HOBBIES_1_004,CA_1,5.0,2.596573181624219
2016-04-09,HOBBIES_1_004,CA_1,5.0,4.075056058109893
2016-04-10,HOBBIES_1_004,CA_1,4.0,3.843331339565047
2016-04-10,HOBBIES_1_004,CA_1,4.0,3.1235670895296805
2016-04-11,HOBBIES_1_004,CA_1,2.0,2.0478485106606357
2016-04-11,HOBBIES_1_004,CA_1,2.0,1.3175586337746454
2016-04-12,HOBBIES_1_004,CA_1,0.0,1.3767238500092678
2016-04-12,HOBBIES_1_004,CA_1,0.0,0.45031607622917125
2016-04-13,HOBBIES_1_004,CA_1,3.0,0.5261256150467489
2016-04-13,HOBBIES_1_004,CA_1,3.0,1.9381523351874916
2016-04-14,HOBBIES_1_004,CA_1,0.0,1.9381523351874916
2016-04-14,HOBBIES_1_004,CA_1,0.0,0.5601758202366954
2016-04-15,HOBBIES_1_004,CA_1,1.0,0.9532204785742785
2016-04-15,HOBBIES_1_004,CA_1,1.0,1.4239686461018917
2016-04-16,HOBBIES_1_004,CA_1,0.0,1.788106311924851
2016-04-16,HOBBIES_1_004,CA_1,0.0,1.183450146831214
2016-04-17,HOBBIES_1_004,CA_1,5.0,1.4582490922890696
2016-04-17,HOBBIES_1_004,CA_1,5.0,4.489006730742518
2016-04-18,HOBBIES_1_004,CA_1,4.0,2.955370798918237
2016-04-18,HOBBIES_1_004,CA_1,4.0,2.218283788090977
2016-04-19,HOBBIES_1_004,CA_1,1.0,2.425748249244318
2016-04-19,HOBBIES_1_004,CA_1,1.0,1.060635394058381
2016-04-20,HOBBIES_1_004,CA_1,0.0,1.033520503145298
2016-04-20,HOBBIES_1_004,CA_1,0.0,0.579456463511968
2016-04-21,HOBBIES_1_004,CA_1,1.0,0.5480578962747178
2016-04-21,HOBBIES_1_004,CA_1,1.0,1.03393387509449
2016-04-22,HOBBIES_1_004,CA_1,3.0,1.1776286677006924
2016-04-22,HOBBIES_1_004,CA_1,3.0,2.185857390688035
2016-04-23,HOBBIES_1_004,CA_1,7.0,3.319506567809928
2016-04-23,HOBBIES_1_004,CA_1,7.0,5.2662698699971795
2016-04-24,HOBBIES_1_004,CA_1,2.0,5.036426552120768
2016-04-24,HOBBIES_1_004,CA_1,2.0,2.779751941275726
2015-06-04,HOBBIES_1_005,CA_1,0.0,0.2120252338920497
2015-06-04,HOBBIES_1_005,CA_1,0.0,0.2120252338920497
2015-06-05,HOBBIES_1_005,CA_1,0.0,0.2786636847495626
2015-06-05,HOBBIES_1_005,CA_1,0.0,0.22039704431815718
2015-06-06,HOBBIES_1_005,CA_1,0.0,0.30793285925793634
2015-06-06,HOBBIES_1_005,CA_1,0.0,0.30793285925793634
2015-06-07,HOBBIES_1_005,CA_1,5.0,0.3261078652469317
2015-06-07,HOBBIES_1_005,CA_1,5.0,3.873353015460596
2015-06-08,HOBBIES_1_005,CA_1,1.0,3.0477340410250675
2015-06-08,HOBBIES_1_005,CA_1,1.0,0.8090068747954737
2015-06-09,HOBBIES_1_005,CA_1,2.0,0.7886018937976603
2015-06-09,HOBBIES_1_005,CA_1,2.0,1.2971808417046435
2015-06-10,HOBBIES_1_005,CA_1,1.0,1.2971808417046435
2015-06-10,HOBBIES_1_005,CA_1,1.0,0.8165173064308712
2015-06-11,HOBBIES_1_005,CA_1,0.0,0.89006514808578
2015-06-11,HOBBIES_1_005,CA_1,0.0,0.432192621508593
2015-06-12,HOBBIES_1_005,CA_1,1.0,0.502348508491726
2015-06-12,HOBBIES_1_005,CA_1,1.0,1.0172403487398072
2015-06-13,HOBBIES_1_005,CA_1,1.0,1.1565885091700925
2015-06-13,HOBBIES_1_005,CA_1,1.0,1.1200362795237082
2015-06-14,HOBBIES_1_005,CA_1,1.0,1.221208743618939
2015-06-14,HOBBIES_1_005,CA_1,1.0,1.2171304493395316
2015-06-15,HOBBIES_1_005,CA_1,0.0,0.940206132472348
2015-06-15,HOBBIES_1_005,CA_1,0.0,0.38734097292220454
2015-06-16,HOBBIES_1_005,CA_1,0.0,0.39603711364699373
2015-06-16,HOBBIES_1_005,CA_1,0.0,0.39603711364699373
2015-06-17,HOBBIES_1_005,CA_1,2.0,0.38249760741809147
2015-06-17,HOBBIES_1_005,CA_1,2.0,1.3724409633342065
2015-06-18,HOBBIES_1_005,CA_1,1.0,1.3779513612231271
2015-06-18,HOBBIES_1_005,CA_1,1.0,0.9509945544537759
2015-06-19,HOBBIES_1_005,CA_1,0.0,1.0598356737034038
2015-06-19,HOBBIES_1_005,CA_1,0.0,0.5348224438587026
2015-06-20,HOBBIES_1_005,CA_1,1.0,0.5967315145388559
2015-06-20,HOBBIES_1_005,CA_1,1.0,1.1803272447916475
2015-06-21,HOBBIES_1_005,CA_1,0.0,1.211042031802392
2015-06-21,HOBBIES_1_005,CA_1,0.0,0.6035942731185425
2015-06-22,HOBBIES_1_005,CA_1,0.0,0.38734097292220454
2015-06-22,HOBBIES_1_005,CA_1,0.0,0.3248805910281191
2015-06-23,HOBBIES_1_005,CA_1,1.0,0.32984840947471983
2015-06-23,HOBBIES_1_005,CA_1,1.0,0.8551373203642001
2015-06-24,HOBBIES_1_005,CA_1,1.0,0.8718178501831094
2015-06-24,HOBBIES_1_005,CA_1,1.0,0.8677395559037024
2015-06-25,HOBBIES_1_005,CA_1,0.0,0.8412478421340794
2015-06-25,HOBBIES_1_005,CA_1,0.0,0.2980314700893468
2015-06-26,HOBBIES_1_005,CA_1,0.0,0.3632229290035864
2015-06-26,HOBBIES_1_005,CA_1,0.0,0.30909388438227353
2015-06-27,HOBBIES_1_005,CA_1,3.0,0.31215862892970675
2015-06-27,HOBBIES_1_005,CA_1,3.0,2.317637065631033
2015-06-28,HOBBIES_1_005,CA_1,3.0,2.327095729099969
2015-06-28,HOBBIES_1_005,CA_1,3.0,2.2791770353352225
2015-06-29,HOBBIES_1_005,CA_1,1.0,1.7755928709178885
2015-06-29,HOBBIES_1_005,CA_1,1.0,0.8227370375440431
2015-06-30,HOBBIES_1_005,CA_1,1.0,0.8641809396180791
2015-06-30,HOBBIES_1_005,CA_1,1.0,0.8715292690720432
2015-07-01,HOBBIES_1_005,CA_1,0.0,0.9085277535154215
2015-07-01,HOBBIES_1_005,CA_1,0.0,0.4135064563418156
2015-07-02,HOBBIES_1_005,CA_1,3.0,0.3955788265433624
2015-07-02,HOBBIES_1_005,CA_1,3.0,1.9645344080047824
2015-07-03,HOBBIES_1_005,CA_1,2.0,2.028741528666973
2015-07-03,HOBBIES_1_005,CA_1,2.0,1.5024828213632182
2015-07-04,HOBBIES_1_005,CA_1,2.0,1.730373492926553
2015-07-04,HOBBIES_1_005,CA_1,2.0,1.7450096705643716
2015-07-05,HOBBIES_1_005,CA_1,3.0,1.719803631189928
2015-07-05,HOBBIES_1_005,CA_1,3.0,2.3194587835676086
2015-07-06,HOBBIES_1_005,CA_1,3.0,1.8192450257890715
2015-07-06,HOBBIES_1_005,CA_1,3.0,1.8317748534612677
2015-07-07,HOBBIES_1_005,CA_1,2.0,1.871281304016122
2015-07-07,HOBBIES_1_005,CA_1,2.0,1.3846747868731504
2015-07-08,HOBBIES_1_005,CA_1,1.0,1.3846747868731504
2015-07-08,HOBBIES_1_005,CA_1,1.0,0.9549449199611416
2015-07-09,HOBBIES_1_005,CA_1,0.0,0.97460368564091
2015-07-09,HOBBIES_1_005,CA_1,0.0,0.5139449267464659
2015-07-10,HOBBIES_1_005,CA_1,0.0,0.6712029753120777
2015-07-10,HOBBIES_1_005,CA_1,0.0,0.673249888688191
2015-07-11,HOBBIES_1_005,CA_1,1.0,0.9633322976367299
2015-07-11,HOBBIES_1_005,CA_1,1.0,1.531396138618456
2015-07-12,HOBBIES_1_005,CA_1,2.0,1.576066761725501
2015-07-12,HOBBIES_1_005,CA_1,2.0,2.0839245658450722
2015-07-13,HOBBIES_1_005,CA_1,1.0,1.45155300297024
2015-07-13,HOBBIES_1_005,CA_1,1.0,1.043280549041215
2015-07-14,HOBBIES_1_005,CA_1,1.0,1.0301419991255731
2015-07-14,HOBBIES_1_005,CA_1,1.0,1.0342202934049805
2015-07-15,HOBBIES_1_005,CA_1,0.0,1.0077285796353572
2015-07-15,HOBBIES_1_005,CA_1,0.0,0.5194582911312333
2015-07-16,HOBBIES_1_005,CA_1,2.0,0.5828349541722135
2015-07-16,HOBBIES_1_005,CA_1,2.0,1.5013181415316246
2015-07-17,HOBBIES_1_005,CA_1,1.0,1.5884101311727337
2015-07-17,HOBBIES_1_005,CA_1,1.0,1.0933819141480732
2015-07-18,HOBBIES_1_005,CA_1,1.0,1.2555315509940914
2015-07-18,HOBBIES_1_005,CA_1,1.0,1.2171951982838731
2015-07-19,HOBBIES_1_005,CA_1,0.0,1.3296177066856414
2015-07-19,HOBBIES_1_005,CA_1,0.0,0.728524384516657
2015-07-20,HOBBIES_1_005,CA_1,0.0,0.4998105280973573
2015-07-20,HOBBIES_1_005,CA_1,0.0,0.49115910661842954
2015-07-21,HOBBIES_1_005,CA_1,2.0,0.39230879136880525
2015-07-21,HOBBIES_1_005,CA_1,2.0,1.3822521472849203
2015-07-22,HOBBIES_1_005,CA_1,1.0,1.3822521472849203
2015-07-22,HOBBIES_1_005,CA_1,1.0,0.8901619882777766
2015-07-23,HOBBIES_1_005,CA_1,0.0,0.8970313341459722
2015-07-23,HOBBIES_1_005,CA_1,0.0,0.39509984295759376
2015-07-24,HOBBIES_1_005,CA_1,0.0,0.44325825157114673
2015-07-24,HOBBIES_1_005,CA_1,0.0,0.44733654585055377
2015-07-25,HOBBIES_1_005,CA_1,0.0,0.5190568004814204
2015-07-25,HOBBIES_1_005,CA_1,0.0,0.5190568004814204
2015-07-26,HOBBIES_1_005,CA_1,0.0,0.5271739527854007
2015-07-26,HOBBIES_1_005,CA_1,0.0,0.41052522473931696
2015-07-27,HOBBIES_1_005,CA_1,0.0,0.27557762283618503
2015-07-27,HOBBIES_1_005,CA_1,0.0,0.21737028393546504
2015-07-28,HOBBIES_1_005,CA_1,1.0,0.2102824642149978
2015-07-28,HOBBIES_1_005,CA_1,1.0,0.8056771864443267
2015-07-29,HOBBIES_1_005,CA_1,1.0,0.7710683203707236
2015-07-29,HOBBIES_1_005,CA_1,1.0,0.8220096893341855
2015-07-30,HOBBIES_1_005,CA_1,0.0,0.8510590260847931
2015-07-30,HOBBIES_1_005,CA_1,0.0,0.22089914715336334
2015-07-31,HOBBIES_1_005,CA_1,1.0,0.27627942211688916
2015-07-31,HOBBIES_1_005,CA_1,1.0,0.8532984226240722
2015-08-01,HOBBIES_1_005,CA_1,1.0,0.9161750113105176
2015-08-01,HOBBIES_1_005,CA_1,1.0,0.9161750113105176
2015-08-02,HOBBIES_1_005,CA_1,1.0,0.9063638273598039
2015-08-02,HOBBIES_1_005,CA_1,1.0,0.9022855330803969
2015-08-03,HOBBIES_1_005,CA_1,2.0,0.7661005019241229
2015-08-03,HOBBIES_1_005,CA_1,2.0,1.317460105317115
2015-08-04,HOBBIES_1_005,CA_1,1.0,1.3569665558719695
2015-08-04,HOBBIES_1_005,CA_1,1.0,0.8498203718135298
2015-08-05,HOBBIES_1_005,CA_1,2.0,0.8498203718135298
2015-08-05,HOBBIES_1_005,CA_1,2.0,1.3251991715799214
2015-08-06,HOBBIES_1_005,CA_1,1.0,1.3153879876292076
2015-08-06,HOBBIES_1_005,CA_1,1.0,0.8282104464330482
2015-08-07,HOBBIES_1_005,CA_1,0.0,0.9251440532559156
2015-08-07,HOBBIES_1_005,CA_1,0.0,0.44201959729988344
2015-08-08,HOBBIES_1_005,CA_1,2.0,0.5092456165307068
2015-08-08,HOBBIES_1_005,CA_1,2.0,1.6168442454213003
2015-08-09,HOBBIES_1_005,CA_1,2.0,1.6168442454213003
2015-08-09,HOBBIES_1_005,CA_1,2.0,1.6533964750676846
2015-08-10,HOBBIES_1_005,CA_1,1.0,1.372882089073853
2015-08-10,HOBBIES_1_005,CA_1,1.0,0.9605313408654212
2015-08-11,HOBBIES_1_005,CA_1,0.0,0.9268624291517779
2015-08-11,HOBBIES_1_005,CA_1,0.0,0.4188878426461863
2015-08-12,HOBBIES_1_005,CA_1,3.0,0.4673357567571439
2015-08-12,HOBBIES_1_005,CA_1,3.0,1.9332138068909428
2015-08-13,HOBBIES_1_005,CA_1,3.0,1.854061141895799
2015-08-13,HOBBIES_1_005,CA_1,3.0,1.854061141895799
2015-08-14,HOBBIES_1_005,CA_1,3.0,2.0061581453253785
2015-08-14,HOBBIES_1_005,CA_1,3.0,1.9993438348789896
2015-08-15,HOBBIES_1_005,CA_1,4.0,2.378565170331886
2015-08-15,HOBBIES_1_005,CA_1,4.0,2.6931248877353426
2015-08-16,HOBBIES_1_005,CA_1,1.0,2.7375192849612415
2015-08-16,HOBBIES_1_005,CA_1,1.0,1.2832210977177307
2015-08-17,HOBBIES_1_005,CA_1,2.0,0.9541271139216229
2015-08-17,HOBBIES_1_005,CA_1,2.0,1.362399567850649
2015-08-18,HOBBIES_1_005,CA_1,0.0,1.3920948344547897
2015-08-18,HOBBIES_1_005,CA_1,0.0,0.46667463145701926
2015-08-19,HOBBIES_1_005,CA_1,2.0,0.5393177261908799
2015-08-19,HOBBIES_1_005,CA_1,2.0,1.4800096153031175
2015-08-20,HOBBIES_1_005,CA_1,0.0,1.4800096153031175
2015-08-20,HOBBIES_1_005,CA_1,0.0,0.5678150753083713
2015-08-21,HOBBIES_1_005,CA_1,5.0,0.695114959095706
2015-08-21,HOBBIES_1_005,CA_1,5.0,3.5587869131534773
2015-08-22,HOBBIES_1_005,CA_1,2.0,3.5032074090076035
2015-08-22,HOBBIES_1_005,CA_1,2.0,1.8801686006023381
2015-08-23,HOBBIES_1_005,CA_1,0.0,1.7789961365071074
2015-08-23,HOBBIES_1_005,CA_1,0.0,0.7040782647319652
2015-08-24,HOBBIES_1_005,CA_1,0.0,0.4929712946033322
2015-08-24,HOBBIES_1_005,CA_1,0.0,0.5003196240572961
2015-08-25,HOBBIES_1_005,CA_1,1.0,0.5446606075337592
2015-08-25,HOBBIES_1_005,CA_1,1.0,1.0171955405931095
2015-08-26,HOBBIES_1_005,CA_1,0.0,1.1495716854623061
2015-08-26,HOBBIES_1_005,CA_1,0.0,0.6616949972076126
2015-08-27,HOBBIES_1_005,CA_1,3.0,0.5787566598928066
2015-08-27,HOBBIES_1_005,CA_1,3.0,2.0707223046067633
2015-08-28,HOBBIES_1_005,CA_1,1.0,2.473242976880092
2015-08-28,HOBBIES_1_005,CA_1,1.0,1.4915071062601855
2015-08-29,HOBBIES_1_005,CA_1,0.0,1.5260791900677857
2015-08-29,HOBBIES_1_005,CA_1,0.0,0.7587041486680608
2015-08-30,HOBBIES_1_005,CA_1,1.0,0.6012257499388992
2015-08-30,HOBBIES_1_005,CA_1,1.0,1.2223676027771746
2015-08-31,HOBBIES_1_005,CA_1,0.0,0.9796524561876502
2015-08-31,HOBBIES_1_005,CA_1,0.0,0.4510043570423042
2015-09-01,HOBBIES_1_005,CA_1,2.0,0.4461609915381911
2015-09-01,HOBBIES_1_005,CA_1,2.0,1.387135480130347
2015-09-02,HOBBIES_1_005,CA_1,1.0,1.4102718472668512
2015-09-02,HOBBIES_1_005,CA_1,1.0,0.9813502394596938
2015-09-03,HOBBIES_1_005,CA_1,0.0,0.9876838219536717
2015-09-03,HOBBIES_1_005,CA_1,0.0,0.4806282974852084
2015-09-04,HOBBIES_1_005,CA_1,0.0,0.5934397988644694
2015-09-04,HOBBIES_1_005,CA_1,0.0,0.5609658634974921
2015-09-05,HOBBIES_1_005,CA_1,1.0,0.5190568004814204
2015-09-05,HOBBIES_1_005,CA_1,1.0,1.0458899975518337
2015-09-06,HOBBIES_1_005,CA_1,3.0,1.0161101707388394
2015-09-06,HOBBIES_1_005,CA_1,3.0,2.3331748937321293
2015-09-07,HOBBIES_1_005,CA_1,1.0,1.885063807320302
2015-09-07,HOBBIES_1_005,CA_1,1.0,0.9348087988156083
2015-09-08,HOBBIES_1_005,CA_1,1.0,0.9334215693740671
2015-09-08,HOBBIES_1_005,CA_1,1.0,0.937499863653474
2015-09-09,HOBBIES_1_005,CA_1,0.0,0.911008149883851
2015-09-09,HOBBIES_1_005,CA_1,0.0,0.41234669387002965
2015-09-10,HOBBIES_1_005,CA_1,4.0,0.5080483817185149
2015-09-10,HOBBIES_1_005,CA_1,4.0,2.482886672227949
2015-09-11,HOBBIES_1_005,CA_1,0.0,2.5510665291355688
2015-09-11,HOBBIES_1_005,CA_1,0.0,0.5116275892461045
2015-09-12,HOBBIES_1_005,CA_1,2.0,0.5954928602675925
2015-09-12,HOBBIES_1_005,CA_1,2.0,1.651100716068498
2015-09-13,HOBBIES_1_005,CA_1,1.0,1.7138746067434525
2015-09-13,HOBBIES_1_005,CA_1,1.0,1.209286837798441
2015-09-14,HOBBIES_1_005,CA_1,2.0,0.9194317562084275
2015-09-14,HOBBIES_1_005,CA_1,2.0,1.3654484481613265
2015-09-15,HOBBIES_1_005,CA_1,4.0,1.3731875144241328
2015-09-15,HOBBIES_1_005,CA_1,4.0,2.157886344928683
2015-09-16,HOBBIES_1_005,CA_1,0.0,2.3257044098493926
2015-09-16,HOBBIES_1_005,CA_1,0.0,0.39112192716750716
2015-09-17,HOBBIES_1_005,CA_1,1.0,0.47104036433424396
2015-09-17,HOBBIES_1_005,CA_1,1.0,0.9873427777090897
2015-09-18,HOBBIES_1_005,CA_1,0.0,1.0502998126624756
2015-09-18,HOBBIES_1_005,CA_1,0.0,0.5416385085926583
2015-09-19,HOBBIES_1_005,CA_1,0.0,0.7341044778746655
2015-09-19,HOBBIES_1_005,CA_1,0.0,0.6965356593267489
2015-09-20,HOBBIES_1_005,CA_1,3.0,0.6734672905063376
2015-09-20,HOBBIES_1_005,CA_1,3.0,2.493399880925385
2015-09-21,HOBBIES_1_005,CA_1,1.0,1.9869843448489717
2015-09-21,HOBBIES_1_005,CA_1,1.0,0.9953162355813532
2015-09-22,HOBBIES_1_005,CA_1,2.0,1.0404046671661455
2015-09-22,HOBBIES_1_005,CA_1,2.0,1.4416371849606622
2015-09-23,HOBBIES_1_005,CA_1,2.0,1.3735213248100115
2015-09-23,HOBBIES_1_005,CA_1,2.0,1.378133638096994
2015-09-24,HOBBIES_1_005,CA_1,0.0,1.4429663010751144
2015-09-24,HOBBIES_1_005,CA_1,0.0,0.5221821842698816
2015-09-25,HOBBIES_1_005,CA_1,1.0,0.5335837895874392
2015-09-25,HOBBIES_1_005,CA_1,1.0,1.0719222026179311
2015-09-26,HOBBIES_1_005,CA_1,1.0,1.2533556260334282
2015-09-26,HOBBIES_1_005,CA_1,1.0,1.2244145161532876
2015-09-27,HOBBIES_1_005,CA_1,0.0,1.2929388383712286
2015-09-27,HOBBIES_1_005,CA_1,0.0,0.6841426713034531
2015-09-28,HOBBIES_1_005,CA_1,4.0,0.44692606276289715
2015-09-28,HOBBIES_1_005,CA_1,4.0,2.284210207313386
2015-09-29,HOBBIES_1_005,CA_1,0.0,2.2790881859006267
2015-09-29,HOBBIES_1_005,CA_1,0.0,0.5191934478261732
2015-09-30,HOBBIES_1_005,CA_1,0.0,0.4575245728064301
2015-09-30,HOBBIES_1_005,CA_1,0.0,0.4534462785270231
2015-10-01,HOBBIES_1_005,CA_1,4.0,0.44657693265882753
2015-10-01,HOBBIES_1_005,CA_1,4.0,2.3475103240376862
2015-10-02,HOBBIES_1_005,CA_1,0.0,2.486353447981407
2015-10-02,HOBBIES_1_005,CA_1,0.0,0.5295054953080323
2015-10-03,HOBBIES_1_005,CA_1,2.0,0.5914145659881855
2015-10-03,HOBBIES_1_005,CA_1,2.0,1.7196348619102353
2015-10-04,HOBBIES_1_005,CA_1,2.0,1.7783812138547608
2015-10-04,HOBBIES_1_005,CA_1,2.0,1.7267415074575143
2015-10-05,HOBBIES_1_005,CA_1,2.0,1.403728632316786
2015-10-05,HOBBIES_1_005,CA_1,2.0,1.4119419183565216
2015-10-06,HOBBIES_1_005,CA_1,1.0,1.3833325087607253
2015-10-06,HOBBIES_1_005,CA_1,1.0,0.9350358701520325
2015-10-07,HOBBIES_1_005,CA_1,2.0,0.9350358701520325
2015-10-07,HOBBIES_1_005,CA_1,2.0,1.3680357722385976
2015-10-08,HOBBIES_1_005,CA_1,1.0,1.4203426797956553
2015-10-08,HOBBIES_1_005,CA_1,1.0,1.002904393202791
2015-10-09,HOBBIES_1_005,CA_1,1.0,1.0756726121068898
2015-10-09,HOBBIES_1_005,CA_1,1.0,1.1074399963989379
2015-10-10,HOBBIES_1_005,CA_1,1.0,1.328465559241332
2015-10-10,HOBBIES_1_005,CA_1,1.0,1.328465559241332
2015-10-11,HOBBIES_1_005,CA_1,4.0,1.3186543752906181
2015-10-11,HOBBIES_1_005,CA_1,4.0,2.931677581193272
2015-10-12,HOBBIES_1_005,CA_1,0.0,2.2058189902300924
2015-10-12,HOBBIES_1_005,CA_1,0.0,0.6178903235486441
2015-10-13,HOBBIES_1_005,CA_1,2.0,0.4456287268181828
2015-10-13,HOBBIES_1_005,CA_1,2.0,1.3933994819361735
2015-10-14,HOBBIES_1_005,CA_1,1.0,1.410080011755083
2015-10-14,HOBBIES_1_005,CA_1,1.0,0.9803501448430745
2015-10-15,HOBBIES_1_005,CA_1,2.0,1.0286690380722572
2015-10-15,HOBBIES_1_005,CA_1,2.0,1.4860879949969052
2015-10-16,HOBBIES_1_005,CA_1,0.0,1.5532361829466488
2015-10-16,HOBBIES_1_005,CA_1,0.0,0.5804306534391037
2015-10-17,HOBBIES_1_005,CA_1,0.0,0.711844771764072
2015-10-17,HOBBIES_1_005,CA_1,0.0,0.6750995402937399
2015-10-18,HOBBIES_1_005,CA_1,1.0,0.7551271658909605
2015-10-18,HOBBIES_1_005,CA_1,1.0,1.3255869802485183
2015-10-19,HOBBIES_1_005,CA_1,0.0,0.9763824210130931
2015-10-19,HOBBIES_1_005,CA_1,0.0,0.44692606276289715
2015-10-20,HOBBIES_1_005,CA_1,1.0,0.4685744110284072
2015-10-20,HOBBIES_1_005,CA_1,1.0,0.9806272918134059
2015-10-21,HOBBIES_1_005,CA_1,1.0,0.9639467619944966
2015-10-21,HOBBIES_1_005,CA_1,1.0,0.9680250562739036
2015-10-22,HOBBIES_1_005,CA_1,2.0,0.9847055860928129
2015-10-22,HOBBIES_1_005,CA_1,2.0,1.4136271938999703
2015-10-23,HOBBIES_1_005,CA_1,2.0,1.5399830953265727
2015-10-23,HOBBIES_1_005,CA_1,2.0,1.5256191884997223
2015-10-24,HOBBIES_1_005,CA_1,3.0,1.6992662817095454
2015-10-24,HOBBIES_1_005,CA_1,3.0,2.289740403591904
2015-10-25,HOBBIES_1_005,CA_1,1.0,2.329507209659016
2015-10-25,HOBBIES_1_005,CA_1,1.0,1.1772773154531697
2015-10-26,HOBBIES_1_005,CA_1,0.0,0.8820642265264335
2015-10-26,HOBBIES_1_005,CA_1,0.0,0.3885472247551715
2015-10-27,HOBBIES_1_005,CA_1,2.0,0.4188878426461863
2015-10-27,HOBBIES_1_005,CA_1,2.0,1.3672106606923071
2015-10-28,HOBBIES_1_005,CA_1,3.0,1.3989780449843552
2015-10-28,HOBBIES_1_005,CA_1,3.0,1.9298584602578241
2015-10-29,HOBBIES_1_005,CA_1,0.0,1.8805528556654223
2015-10-29,HOBBIES_1_005,CA_1,0.0,0.4314900781856886
2015-10-30,HOBBIES_1_005,CA_1,1.0,0.5534730134223524
2015-10-30,HOBBIES_1_005,CA_1,1.0,1.0958897207322518
2015-10-31,HOBBIES_1_005,CA_1,1.0,1.2429022979877893
2015-10-31,HOBBIES_1_005,CA_1,1.0,1.2779397174543947
2015-11-01,HOBBIES_1_005,CA_1,4.0,1.227684551327845
2015-11-01,HOBBIES_1_005,CA_1,4.0,2.9613906173218654
2015-11-02,HOBBIES_1_005,CA_1,0.0,2.132837479108158
2015-11-02,HOBBIES_1_005,CA_1,0.0,0.46716147289888416
2015-11-03,HOBBIES_1_005,CA_1,3.0,0.5141826206088079
2015-11-03,HOBBIES_1_005,CA_1,3.0,1.9064977128487683
2015-11-04,HOBBIES_1_005,CA_1,2.0,1.9007512536466036
2015-11-04,HOBBIES_1_005,CA_1,2.0,1.4174147716781895
2015-11-05,HOBBIES_1_005,CA_1,1.0,1.3879448220477077
2015-11-05,HOBBIES_1_005,CA_1,1.0,0.9816940850146147
2015-11-06,HOBBIES_1_005,CA_1,2.0,1.0718325651805367
2015-11-06,HOBBIES_1_005,CA_1,2.0,1.53629820184389
2015-11-07,HOBBIES_1_005,CA_1,1.0,1.8719636139533056
2015-11-07,HOBBIES_1_005,CA_1,1.0,1.3723190958734723
2015-11-08,HOBBIES_1_005,CA_1,2.0,1.3579355994849005
2015-11-08,HOBBIES_1_005,CA_1,2.0,1.8698716978838767
2015-11-09,HOBBIES_1_005,CA_1,2.0,1.3792658308257333
2015-11-09,HOBBIES_1_005,CA_1,2.0,1.363704215332033
2015-11-10,HOBBIES_1_005,CA_1,1.0,1.432680615517369
2015-11-10,HOBBIES_1_005,CA_1,1.0,1.0152423289245047
2015-11-11,HOBBIES_1_005,CA_1,2.0,1.1051963166224987
2015-11-11,HOBBIES_1_005,CA_1,2.0,1.522634603215363
2015-11-12,HOBBIES_1_005,CA_1,0.0,1.3933994819361735
2015-11-12,HOBBIES_1_005,CA_1,0.0,0.48769090683918515
2015-11-13,HOBBIES_1_005,CA_1,1.0,0.6777441240882344
2015-11-13,HOBBIES_1_005,CA_1,1.0,1.1842917102027315
2015-11-14,HOBBIES_1_005,CA_1,1.0,1.2938474682323882
2015-11-14,HOBBIES_1_005,CA_1,1.0,1.2938474682323882
2015-11-15,HOBBIES_1_005,CA_1,2.0,1.531396138618456
2015-11-15,HOBBIES_1_005,CA_1,2.0,2.0392539427380263
2015-11-16,HOBBIES_1_005,CA_1,0.0,1.4078355878105289
2015-11-16,HOBBIES_1_005,CA_1,0.0,0.48910882248253984
2015-11-17,HOBBIES_1_005,CA_1,2.0,0.5624075407026073
2015-11-17,HOBBIES_1_005,CA_1,2.0,1.45554903614348
2015-11-18,HOBBIES_1_005,CA_1,0.0,1.4320453018432555
2015-11-18,HOBBIES_1_005,CA_1,0.0,0.4673357567571439
2015-11-19,HOBBIES_1_005,CA_1,0.0,0.4559721754889049
2015-11-19,HOBBIES_1_005,CA_1,0.0,0.45189388120949786
2015-11-20,HOBBIES_1_005,CA_1,0.0,0.5446336278094163
2015-11-20,HOBBIES_1_005,CA_1,0.0,0.5487119220888232
2015-11-21,HOBBIES_1_005,CA_1,4.0,0.6106209927689765
2015-11-21,HOBBIES_1_005,CA_1,4.0,2.990923572258559
2015-11-22,HOBBIES_1_005,CA_1,2.0,3.0033966052758907
2015-11-22,HOBBIES_1_005,CA_1,2.0,1.7509228898365068
2015-11-23,HOBBIES_1_005,CA_1,1.0,1.3279306323262918
2015-11-23,HOBBIES_1_005,CA_1,1.0,0.9196581783972672
2015-11-24,HOBBIES_1_005,CA_1,2.0,0.9094454644632501
2015-11-24,HOBBIES_1_005,CA_1,2.0,1.3631188791895696
2015-11-25,HOBBIES_1_005,CA_1,0.0,1.3464383493706602
2015-11-25,HOBBIES_1_005,CA_1,0.0,0.4188878426461863
2015-11-26,HOBBIES_1_005,CA_1,0.0,0.4377030193975137
2015-11-26,HOBBIES_1_005,CA_1,0.0,0.44301996794818405
2015-11-27,HOBBIES_1_005,CA_1,0.0,0.5487119220888232
2015-11-27,HOBBIES_1_005,CA_1,0.0,0.5487119220888232
2015-11-28,HOBBIES_1_005,CA_1,0.0,0.7208691074601498
2015-11-28,HOBBIES_1_005,CA_1,0.0,0.6341673896863401
2015-11-29,HOBBIES_1_005,CA_1,0.0,0.5796541774015355
2015-11-29,HOBBIES_1_005,CA_1,0.0,0.5246422147603639
2015-11-30,HOBBIES_1_005,CA_1,2.0,0.34615428193480885
2015-11-30,HOBBIES_1_005,CA_1,2.0,1.3386674024506586
2015-12-01,HOBBIES_1_005,CA_1,1.0,1.3948543828244224
2015-12-01,HOBBIES_1_005,CA_1,1.0,0.9068425180966859
2015-12-02,HOBBIES_1_005,CA_1,0.0,0.8803508043270629
2015-12-02,HOBBIES_1_005,CA_1,0.0,0.37841931313868443
2015-12-03,HOBBIES_1_005,CA_1,0.0,0.37841931313868443
2015-12-03,HOBBIES_1_005,CA_1,0.0,0.38249760741809147
2015-12-04,HOBBIES_1_005,CA_1,1.0,0.44733654585055377
2015-12-04,HOBBIES_1_005,CA_1,1.0,0.9622283860986344
2015-12-05,HOBBIES_1_005,CA_1,2.0,1.144080906173746
2015-12-05,HOBBIES_1_005,CA_1,2.0,1.651938710293315
2015-12-06,HOBBIES_1_005,CA_1,0.0,1.6278940836432771
2015-12-06,HOBBIES_1_005,CA_1,0.0,0.4565964185873352
2015-12-07,HOBBIES_1_005,CA_1,1.0,0.3195553654123692
2015-12-07,HOBBIES_1_005,CA_1,1.0,0.8668500317365088
2015-12-08,HOBBIES_1_005,CA_1,2.0,0.8551373203642001
2015-12-08,HOBBIES_1_005,CA_1,2.0,1.3569665558719695
2015-12-09,HOBBIES_1_005,CA_1,1.0,1.3471553719212557
2015-12-09,HOBBIES_1_005,CA_1,1.0,0.8412478421340794
2015-12-10,HOBBIES_1_005,CA_1,2.0,0.8359308935834091
2015-12-10,HOBBIES_1_005,CA_1,2.0,1.3353566304914881
2015-12-11,HOBBIES_1_005,CA_1,1.0,1.4558092021202138
2015-12-11,HOBBIES_1_005,CA_1,1.0,0.9251440532559156
2015-12-12,HOBBIES_1_005,CA_1,2.0,1.1288756651366447
2015-12-12,HOBBIES_1_005,CA_1,2.0,1.6773639931820052
2015-12-13,HOBBIES_1_005,CA_1,3.0,1.6551790103479054
2015-12-13,HOBBIES_1_005,CA_1,3.0,2.27992921964119
2015-12-14,HOBBIES_1_005,CA_1,3.0,1.828002751232337
2015-12-14,HOBBIES_1_005,CA_1,3.0,1.828002751232337
2015-12-15,HOBBIES_1_005,CA_1,0.0,1.8527869401867434
2015-12-15,HOBBIES_1_005,CA_1,0.0,0.4014708779576587
2015-12-16,HOBBIES_1_005,CA_1,3.0,0.37497916418803556
2015-12-16,HOBBIES_1_005,CA_1,3.0,1.8295652615916775
2015-12-17,HOBBIES_1_005,CA_1,1.0,1.881420685058875
2015-12-17,HOBBIES_1_005,CA_1,1.0,0.9803501448430745
2015-12-18,HOBBIES_1_005,CA_1,5.0,1.0947425101282018
2015-12-18,HOBBIES_1_005,CA_1,5.0,3.225035886658186
2015-12-19,HOBBIES_1_005,CA_1,3.0,3.3636689030562255
2015-12-19,HOBBIES_1_005,CA_1,3.0,2.3874640190404226
2015-12-20,HOBBIES_1_005,CA_1,2.0,2.390442254901281
2015-12-20,HOBBIES_1_005,CA_1,2.0,1.7948653968030082
2015-12-21,HOBBIES_1_005,CA_1,1.0,1.345755604335247
2015-12-21,HOBBIES_1_005,CA_1,1.0,0.9407531855807783
2015-12-22,HOBBIES_1_005,CA_1,2.0,0.9590949323682235
2015-12-22,HOBBIES_1_005,CA_1,2.0,1.3920948344547897
2015-12-23,HOBBIES_1_005,CA_1,3.0,1.4401006630990083
2015-12-23,HOBBIES_1_005,CA_1,3.0,2.103398552860032
2015-12-24,HOBBIES_1_005,CA_1,4.0,2.055392724215814
2015-12-24,HOBBIES_1_005,CA_1,4.0,2.5098158300490816
2015-12-25,HOBBIES_1_005,CA_1,0.0,2.787255792544608
2015-12-25,HOBBIES_1_005,CA_1,0.0,0.9893038496670208
2015-12-26,HOBBIES_1_005,CA_1,0.0,1.2878640463582516
2015-12-26,HOBBIES_1_005,CA_1,0.0,1.291134081532809
2015-12-27,HOBBIES_1_005,CA_1,1.0,1.49380218054835
2015-12-27,HOBBIES_1_005,CA_1,1.0,1.5737436224682417
2015-12-28,HOBBIES_1_005,CA_1,0.0,1.0649355648754566
2015-12-28,HOBBIES_1_005,CA_1,0.0,0.5957211226741748
2015-12-29,HOBBIES_1_005,CA_1,0.0,0.5593097564493749
2015-12-29,HOBBIES_1_005,CA_1,0.0,0.5593097564493749
2015-12-30,HOBBIES_1_005,CA_1,1.0,0.7373735521385691
2015-12-30,HOBBIES_1_005,CA_1,1.0,1.1900922961622693
2015-12-31,HOBBIES_1_005,CA_1,0.0,1.0849748036445128
2015-12-31,HOBBIES_1_005,CA_1,0.0,0.6017018714569243
2016-01-01,HOBBIES_1_005,CA_1,0.0,0.7604243572519402
2016-01-01,HOBBIES_1_005,CA_1,0.0,0.5966303543032202
2016-01-02,HOBBIES_1_005,CA_1,1.0,0.6392092320755268
2016-01-02,HOBBIES_1_005,CA_1,1.0,1.2141830553923991
2016-01-03,HOBBIES_1_005,CA_1,0.0,1.1901384287423613
2016-01-03,HOBBIES_1_005,CA_1,0.0,0.6065426984895695
2016-01-04,HOBBIES_1_005,CA_1,0.0,0.43827464128396937
2016-01-04,HOBBIES_1_005,CA_1,0.0,0.3832626786427975
2016-01-05,HOBBIES_1_005,CA_1,0.0,0.3882304970893982
2016-01-05,HOBBIES_1_005,CA_1,0.0,0.39230879136880525
2016-01-06,HOBBIES_1_005,CA_1,0.0,0.39085002711316
2016-01-06,HOBBIES_1_005,CA_1,0.0,0.27114427343711883
2016-01-07,HOBBIES_1_005,CA_1,2.0,0.25455963525073166
2016-01-07,HOBBIES_1_005,CA_1,2.0,1.3952484506723593
2016-01-08,HOBBIES_1_005,CA_1,0.0,1.4440953809627108
2016-01-08,HOBBIES_1_005,CA_1,0.0,0.22501756186438954
2016-01-09,HOBBIES_1_005,CA_1,0.0,0.2568184743978
2016-01-09,HOBBIES_1_005,CA_1,0.0,0.2568184743978
2016-01-10,HOBBIES_1_005,CA_1,3.0,0.26662965834851377
2016-01-10,HOBBIES_1_005,CA_1,3.0,2.2722363540946935
2016-01-11,HOBBIES_1_005,CA_1,0.0,1.8259577188504297
2016-01-11,HOBBIES_1_005,CA_1,0.0,0.20612014475604892
2016-01-12,HOBBIES_1_005,CA_1,0.0,0.21108796320264966
2016-01-12,HOBBIES_1_005,CA_1,0.0,0.21108796320264966
2016-01-13,HOBBIES_1_005,CA_1,1.0,0.22089914715336334
2016-01-13,HOBBIES_1_005,CA_1,1.0,0.7882278337754013
2016-01-14,HOBBIES_1_005,CA_1,2.0,0.7950971796435969
2016-01-14,HOBBIES_1_005,CA_1,2.0,1.349782002621831
2016-01-15,HOBBIES_1_005,CA_1,2.0,1.459387934352308
2016-01-15,HOBBIES_1_005,CA_1,2.0,1.463529649270574
2016-01-16,HOBBIES_1_005,CA_1,0.0,1.5908097508005588
2016-01-16,HOBBIES_1_005,CA_1,0.0,0.4235903800240236
2016-01-17,HOBBIES_1_005,CA_1,1.0,0.5231465531792415
2016-01-17,HOBBIES_1_005,CA_1,1.0,1.0992861872683903
2016-01-18,HOBBIES_1_005,CA_1,0.0,0.8838751304538432
2016-01-18,HOBBIES_1_005,CA_1,0.0,0.3872605878161351
2016-01-19,HOBBIES_1_005,CA_1,0.0,0.38249760741809147
2016-01-19,HOBBIES_1_005,CA_1,0.0,0.37841931313868443
2016-01-20,HOBBIES_1_005,CA_1,0.0,0.37841931313868443
2016-01-20,HOBBIES_1_005,CA_1,0.0,0.38249760741809147
2016-01-21,HOBBIES_1_005,CA_1,1.0,0.4171064734916948
2016-01-21,HOBBIES_1_005,CA_1,1.0,0.8958253510699631
2016-01-22,HOBBIES_1_005,CA_1,0.0,0.9747820320326124
2016-01-22,HOBBIES_1_005,CA_1,0.0,0.440611066362837
2016-01-23,HOBBIES_1_005,CA_1,0.0,0.4467852346366214
2016-01-23,HOBBIES_1_005,CA_1,0.0,0.4467852346366214
2016-01-24,HOBBIES_1_005,CA_1,3.0,0.4892629521732923
2016-01-24,HOBBIES_1_005,CA_1,3.0,2.351140355750007
2016-01-25,HOBBIES_1_005,CA_1,0.0,1.9050593145876473
2016-01-25,HOBBIES_1_005,CA_1,0.0,0.31506940707740533
2016-01-26,HOBBIES_1_005,CA_1,0.0,0.32003722552400604
2016-01-26,HOBBIES_1_005,CA_1,0.0,0.32003722552400604
2016-01-27,HOBBIES_1_005,CA_1,1.0,0.32984840947471983
2016-01-27,HOBBIES_1_005,CA_1,1.0,0.8584073555387571
2016-01-28,HOBBIES_1_005,CA_1,1.0,0.8584073555387571
2016-01-28,HOBBIES_1_005,CA_1,1.0,0.8510590260847931
2016-01-29,HOBBIES_1_005,CA_1,0.0,0.919399650108021
2016-01-29,HOBBIES_1_005,CA_1,0.0,0.27627942211688916
2016-01-30,HOBBIES_1_005,CA_1,3.0,0.2982691506995859
2016-01-30,HOBBIES_1_005,CA_1,3.0,2.2938573610026727
2016-01-31,HOBBIES_1_005,CA_1,1.0,2.3180820945179463
2016-01-31,HOBBIES_1_005,CA_1,1.0,1.0891287283568234
2016-02-01,HOBBIES_1_005,CA_1,0.0,0.8350413694162154
2016-02-01,HOBBIES_1_005,CA_1,0.0,0.309752458526735
2016-02-02,HOBBIES_1_005,CA_1,4.0,0.3147202769733357
2016-02-02,HOBBIES_1_005,CA_1,4.0,2.1464345023838525
2016-02-03,HOBBIES_1_005,CA_1,1.0,2.314252567304562
2016-02-03,HOBBIES_1_005,CA_1,1.0,0.9211295394804712
2016-02-04,HOBBIES_1_005,CA_1,2.0,0.9309407234311848
2016-02-04,HOBBIES_1_005,CA_1,2.0,1.344300715744642
2016-02-05,HOBBIES_1_005,CA_1,0.0,1.4643070325763736
2016-02-05,HOBBIES_1_005,CA_1,0.0,0.47098894596251123
2016-02-06,HOBBIES_1_005,CA_1,0.0,0.6445954839639847
2016-02-06,HOBBIES_1_005,CA_1,0.0,0.6784097816321464
2016-02-07,HOBBIES_1_005,CA_1,0.0,0.6401465027649268
2016-02-07,HOBBIES_1_005,CA_1,0.0,0.6401465027649268
2016-02-08,HOBBIES_1_005,CA_1,1.0,0.4325417516126626
2016-02-08,HOBBIES_1_005,CA_1,1.0,0.9385121008256144
2016-02-09,HOBBIES_1_005,CA_1,1.0,1.006132279954934
2016-02-09,HOBBIES_1_005,CA_1,1.0,1.0162536695515538
2016-02-10,HOBBIES_1_005,CA_1,2.0,0.9608057384044896
2016-02-10,HOBBIES_1_005,CA_1,2.0,1.3938056404910537
2016-02-11,HOBBIES_1_005,CA_1,0.0,1.4083102453493
2016-02-11,HOBBIES_1_005,CA_1,0.0,0.4673357567571439
2016-02-12,HOBBIES_1_005,CA_1,0.0,0.5389007381381096
2016-02-12,HOBBIES_1_005,CA_1,0.0,0.5389007381381096
2016-02-13,HOBBIES_1_005,CA_1,5.0,0.6432875263549338
2016-02-13,HOBBIES_1_005,CA_1,5.0,3.8230809308613187
2016-02-14,HOBBIES_1_005,CA_1,2.0,3.467066972301098
2016-02-14,HOBBIES_1_005,CA_1,2.0,1.6764853483464306
2016-02-15,HOBBIES_1_005,CA_1,2.0,1.327506755859243
2016-02-15,HOBBIES_1_005,CA_1,2.0,1.333838334888001
2016-02-16,HOBBIES_1_005,CA_1,2.0,1.4260580199020616
2016-02-16,HOBBIES_1_005,CA_1,2.0,1.3501103145472255
2016-02-17,HOBBIES_1_005,CA_1,1.0,1.3599778555995625
2016-02-17,HOBBIES_1_005,CA_1,1.0,0.9422437973521772
2016-02-18,HOBBIES_1_005,CA_1,0.0,0.9287042911232748
2016-02-18,HOBBIES_1_005,CA_1,0.0,0.4188878426461863
2016-02-19,HOBBIES_1_005,CA_1,0.0,0.5335837895874392
2016-02-19,HOBBIES_1_005,CA_1,0.0,0.5389007381381096
2016-02-20,HOBBIES_1_005,CA_1,0.0,0.709485030091556
2016-02-20,HOBBIES_1_005,CA_1,0.0,0.709485030091556
2016-02-21,HOBBIES_1_005,CA_1,3.0,0.6646618635286116
2016-02-21,HOBBIES_1_005,CA_1,3.0,2.463213705568441
2016-02-22,HOBBIES_1_005,CA_1,0.0,1.9829060505695644
2016-02-22,HOBBIES_1_005,CA_1,0.0,0.4636065925818065
2016-02-23,HOBBIES_1_005,CA_1,0.0,0.4685744110284072
2016-02-23,HOBBIES_1_005,CA_1,0.0,0.4685744110284072
2016-02-24,HOBBIES_1_005,CA_1,0.0,0.45189388120949786
2016-02-24,HOBBIES_1_005,CA_1,0.0,0.45924221066346205
2016-02-25,HOBBIES_1_005,CA_1,3.0,0.44943102671274826
2016-02-25,HOBBIES_1_005,CA_1,3.0,1.9797780243753236
2016-02-26,HOBBIES_1_005,CA_1,1.0,2.1119188495175973
2016-02-26,HOBBIES_1_005,CA_1,1.0,1.0731608568891942
2016-02-27,HOBBIES_1_005,CA_1,1.0,1.2733219584040587
2016-02-27,HOBBIES_1_005,CA_1,1.0,1.2390638999732477
2016-02-28,HOBBIES_1_005,CA_1,1.0,1.2175001238381766
2016-02-28,HOBBIES_1_005,CA_1,1.0,1.2248484532921413
2016-02-29,HOBBIES_1_005,CA_1,1.0,0.9508889348545695
2016-02-29,HOBBIES_1_005,CA_1,1.0,0.944284426751755
2016-03-01,HOBBIES_1_005,CA_1,2.0,0.9492522451983556
2016-03-01,HOBBIES_1_005,CA_1,2.0,1.37693519873425
2016-03-02,HOBBIES_1_005,CA_1,1.0,1.37693519873425
2016-03-02,HOBBIES_1_005,CA_1,1.0,0.9439352966476853
2016-03-03,HOBBIES_1_005,CA_1,0.0,0.9635940623274534
2016-03-03,HOBBIES_1_005,CA_1,0.0,0.4707382217350174
2016-03-04,HOBBIES_1_005,CA_1,0.0,0.502348508491726
2016-03-04,HOBBIES_1_005,CA_1,0.0,0.502348508491726
2016-03-05,HOBBIES_1_005,CA_1,1.0,0.5642575791718786
2016-03-05,HOBBIES_1_005,CA_1,1.0,1.1102250955729944
2016-03-06,HOBBIES_1_005,CA_1,0.0,1.1806331358201303
2016-03-06,HOBBIES_1_005,CA_1,0.0,0.5476450397879709
2016-03-07,HOBBIES_1_005,CA_1,2.0,0.3734514946920837
2016-03-07,HOBBIES_1_005,CA_1,2.0,1.3386674024506586
2016-03-08,HOBBIES_1_005,CA_1,1.0,1.3850431988737086
2016-03-08,HOBBIES_1_005,CA_1,1.0,0.9561215910665513
2016-03-09,HOBBIES_1_005,CA_1,1.0,0.9480924827265698
2016-03-09,HOBBIES_1_005,CA_1,1.0,0.9541355780437829
2016-03-10,HOBBIES_1_005,CA_1,0.0,0.9988140775629594
2016-03-10,HOBBIES_1_005,CA_1,0.0,0.4908099765143599
2016-03-11,HOBBIES_1_005,CA_1,3.0,0.45714772980126755
2016-03-11,HOBBIES_1_005,CA_1,3.0,2.082154938066217
2016-03-12,HOBBIES_1_005,CA_1,1.0,2.303462146513721
2016-03-12,HOBBIES_1_005,CA_1,1.0,1.1512715606194222
2016-03-13,HOBBIES_1_005,CA_1,1.0,1.1512715606194222
2016-03-13,HOBBIES_1_005,CA_1,1.0,1.1471932663400148
2016-03-14,HOBBIES_1_005,CA_1,2.0,0.9284537509274664
2016-03-14,HOBBIES_1_005,CA_1,2.0,1.3386343084133756
2016-03-15,HOBBIES_1_005,CA_1,1.0,1.3672106606923071
2016-03-15,HOBBIES_1_005,CA_1,1.0,0.9627081077232332
2016-03-16,HOBBIES_1_005,CA_1,1.0,0.9525867181266131
2016-03-16,HOBBIES_1_005,CA_1,1.0,0.9525867181266131
2016-03-17,HOBBIES_1_005,CA_1,0.0,0.9396345105858924
2016-03-17,HOBBIES_1_005,CA_1,0.0,0.4377030193975137
2016-03-18,HOBBIES_1_005,CA_1,3.0,0.6165007109519931
2016-03-18,HOBBIES_1_005,CA_1,3.0,2.1574673683768117
2016-03-19,HOBBIES_1_005,CA_1,2.0,2.371288153496916
2016-03-19,HOBBIES_1_005,CA_1,2.0,1.6992662817095454
2016-03-20,HOBBIES_1_005,CA_1,2.0,1.6894550977588316
2016-03-20,HOBBIES_1_005,CA_1,2.0,1.704073246416535
2016-03-21,HOBBIES_1_005,CA_1,2.0,1.3517818929617573
2016-03-21,HOBBIES_1_005,CA_1,2.0,1.359130222415722
2016-03-22,HOBBIES_1_005,CA_1,3.0,1.3721449592009531
2016-03-22,HOBBIES_1_005,CA_1,3.0,1.871281304016122
2016-03-23,HOBBIES_1_005,CA_1,1.0,1.871281304016122
2016-03-23,HOBBIES_1_005,CA_1,1.0,0.9516748847865847
2016-03-24,HOBBIES_1_005,CA_1,0.0,0.9387226772458637
2016-03-24,HOBBIES_1_005,CA_1,0.0,0.4689882677554778
2016-03-25,HOBBIES_1_005,CA_1,0.0,0.9062983258838885
2016-03-25,HOBBIES_1_005,CA_1,0.0,0.8288393575316658
2016-03-26,HOBBIES_1_005,CA_1,0.0,0.7038839887807129
2016-03-26,HOBBIES_1_005,CA_1,0.0,0.6663558951753451
2016-03-27,HOBBIES_1_005,CA_1,0.0,0.6713320238893182
2016-03-27,HOBBIES_1_005,CA_1,0.0,0.6130653834579127
2016-03-28,HOBBIES_1_005,CA_1,1.0,0.4363093798245316
2016-03-28,HOBBIES_1_005,CA_1,1.0,0.997101808856576
2016-03-29,HOBBIES_1_005,CA_1,0.0,0.9934167116249784
2016-03-29,HOBBIES_1_005,CA_1,0.0,0.4904394814359222
2016-03-30,HOBBIES_1_005,CA_1,4.0,0.45189388120949786
2016-03-30,HOBBIES_1_005,CA_1,4.0,2.54145428690645
2016-03-31,HOBBIES_1_005,CA_1,4.0,2.4018479261968038
2016-03-31,HOBBIES_1_005,CA_1,4.0,2.315893225898679
2016-04-01,HOBBIES_1_005,CA_1,0.0,2.48884703431933
2016-04-01,HOBBIES_1_005,CA_1,0.0,0.5798871656729633
2016-04-02,HOBBIES_1_005,CA_1,1.0,0.5696189295702245
2016-04-02,HOBBIES_1_005,CA_1,1.0,1.1565027239776893
2016-04-03,HOBBIES_1_005,CA_1,4.0,1.1565027239776893
2016-04-03,HOBBIES_1_005,CA_1,4.0,2.812719817786985
2016-04-04,HOBBIES_1_005,CA_1,0.0,2.1314611134990993
2016-04-04,HOBBIES_1_005,CA_1,0.0,0.41617330894893634
2016-04-05,HOBBIES_1_005,CA_1,1.0,0.4636157194218324
2016-04-05,HOBBIES_1_005,CA_1,1.0,0.9844501707361077
2016-04-06,HOBBIES_1_005,CA_1,0.0,0.9930588149389553
2016-04-06,HOBBIES_1_005,CA_1,0.0,0.4933516199244574
2016-04-07,HOBBIES_1_005,CA_1,1.0,0.5206247688164618
2016-04-07,HOBBIES_1_005,CA_1,1.0,1.0162536695515538
2016-04-08,HOBBIES_1_005,CA_1,0.0,1.0598356737034038
2016-04-08,HOBBIES_1_005,CA_1,0.0,0.5389007381381096
2016-04-09,HOBBIES_1_005,CA_1,1.0,0.6008098088182628
2016-04-09,HOBBIES_1_005,CA_1,1.0,1.2105250379231665
2016-04-10,HOBBIES_1_005,CA_1,1.0,1.3116975020183972
2016-04-10,HOBBIES_1_005,CA_1,1.0,1.3157757962978045
2016-04-11,HOBBIES_1_005,CA_1,2.0,0.9763824210130931
2016-04-11,HOBBIES_1_005,CA_1,2.0,1.3805765806627106
2016-04-12,HOBBIES_1_005,CA_1,0.0,1.401475293794225
2016-04-12,HOBBIES_1_005,CA_1,0.0,0.44717562201627864
2016-04-13,HOBBIES_1_005,CA_1,1.0,0.5111099255727154
2016-04-13,HOBBIES_1_005,CA_1,1.0,1.0215345035788277
2016-04-14,HOBBIES_1_005,CA_1,1.0,1.0082093203930373
2016-04-14,HOBBIES_1_005,CA_1,1.0,1.0082093203930373
2016-04-15,HOBBIES_1_005,CA_1,2.0,1.0172403487398072
2016-04-15,HOBBIES_1_005,CA_1,2.0,1.5253674703299092
2016-04-16,HOBBIES_1_005,CA_1,1.0,1.69267928431126
2016-04-16,HOBBIES_1_005,CA_1,1.0,1.184821480191691
2016-04-17,HOBBIES_1_005,CA_1,1.0,1.2088661068417288
2016-04-17,HOBBIES_1_005,CA_1,1.0,1.1387639576230757
2016-04-18,HOBBIES_1_005,CA_1,0.0,0.8908248614281082
2016-04-18,HOBBIES_1_005,CA_1,0.0,0.38889337023972975
2016-04-19,HOBBIES_1_005,CA_1,1.0,0.39230879136880525
2016-04-19,HOBBIES_1_005,CA_1,1.0,0.8942402825571836
2016-04-20,HOBBIES_1_005,CA_1,1.0,0.8844290986064699
2016-04-20,HOBBIES_1_005,CA_1,1.0,0.8844290986064699
2016-04-21,HOBBIES_1_005,CA_1,2.0,0.9492522451983556
2016-04-21,HOBBIES_1_005,CA_1,2.0,1.378173853005513
2016-04-22,HOBBIES_1_005,CA_1,2.0,1.5757854241856075
2016-04-22,HOBBIES_1_005,CA_1,2.0,1.558217723769587
2016-04-23,HOBBIES_1_005,CA_1,2.0,1.6649901942986192
2016-04-23,HOBBIES_1_005,CA_1,2.0,1.683704666215845
2016-04-24,HOBBIES_1_005,CA_1,4.0,1.683704666215845
2016-04-24,HOBBIES_1_005,CA_1,4.0,2.809449782612428
2015-06-04,HOBBIES_1_006,CA_1,0.0,0.6065770522448339
2015-06-04,HOBBIES_1_006,CA_1,0.0,0.538122058819893
2015-06-05,HOBBIES_1_006,CA_1,0.0,0.6415185369573019
2015-06-05,HOBBIES_1_006,CA_1,0.0,0.6518115639661605
2015-06-06,HOBBIES_1_006,CA_1,0.0,0.7350176536427456
2015-06-06,HOBBIES_1_006,CA_1,0.0,0.6753822428439842
2015-06-07,HOBBIES_1_006,CA_1,1.0,0.6588532223517308
2015-06-07,HOBBIES_1_006,CA_1,1.0,1.32683509188804
2015-06-08,HOBBIES_1_006,CA_1,5.0,1.224515126235072
2015-06-08,HOBBIES_1_006,CA_1,5.0,3.418931486212106
2015-06-09,HOBBIES_1_006,CA_1,0.0,2.9634772105005056
2015-06-09,HOBBIES_1_006,CA_1,0.0,0.5235384905953282
2015-06-10,HOBBIES_1_006,CA_1,0.0,0.48499289036890425
2015-06-10,HOBBIES_1_006,CA_1,0.0,0.48041976316938345
2015-06-11,HOBBIES_1_006,CA_1,0.0,0.4861701947123701
2015-06-11,HOBBIES_1_006,CA_1,0.0,0.4894402298869273
2015-06-12,HOBBIES_1_006,CA_1,1.0,0.6214752218165552
2015-06-12,HOBBIES_1_006,CA_1,1.0,1.1309199974178736
2015-06-13,HOBBIES_1_006,CA_1,0.0,1.2638256566391834
2015-06-13,HOBBIES_1_006,CA_1,0.0,0.7178581402380679
2015-06-14,HOBBIES_1_006,CA_1,0.0,0.7209514876472419
2015-06-14,HOBBIES_1_006,CA_1,0.0,0.6843992580008577
2015-06-15,HOBBIES_1_006,CA_1,0.0,0.7780915143695009
2015-06-15,HOBBIES_1_006,CA_1,0.0,0.727157846007736
2015-06-16,HOBBIES_1_006,CA_1,0.0,0.49734979417664704
2015-06-16,HOBBIES_1_006,CA_1,0.0,0.3776440405006057
2015-06-17,HOBBIES_1_006,CA_1,0.0,0.29343154109886854
2015-06-17,HOBBIES_1_006,CA_1,0.0,0.29343154109886854
2015-06-18,HOBBIES_1_006,CA_1,2.0,0.2902905175088615
2015-06-18,HOBBIES_1_006,CA_1,2.0,1.4458171273631875
2015-06-19,HOBBIES_1_006,CA_1,0.0,1.575244612502581
2015-06-19,HOBBIES_1_006,CA_1,0.0,0.46926842320314555
2015-06-20,HOBBIES_1_006,CA_1,0.0,0.5364474414322377
2015-06-20,HOBBIES_1_006,CA_1,0.0,0.5364474414322377
2015-06-21,HOBBIES_1_006,CA_1,0.0,0.5363997652514046
2015-06-21,HOBBIES_1_006,CA_1,0.0,0.4683021999524453
2015-06-22,HOBBIES_1_006,CA_1,2.0,0.3999650255810928
2015-06-22,HOBBIES_1_006,CA_1,2.0,1.4845508858084988
2015-06-23,HOBBIES_1_006,CA_1,0.0,1.4489581509531946
2015-06-23,HOBBIES_1_006,CA_1,0.0,0.28549396505113656
2015-06-24,HOBBIES_1_006,CA_1,0.0,0.28549396505113656
2015-06-24,HOBBIES_1_006,CA_1,0.0,0.28549396505113656
2015-06-25,HOBBIES_1_006,CA_1,0.0,0.3021744948700459
2015-06-25,HOBBIES_1_006,CA_1,0.0,0.3062527891494529
2015-06-26,HOBBIES_1_006,CA_1,0.0,0.3547637182447832
2015-06-26,HOBBIES_1_006,CA_1,0.0,0.29839834262057885
2015-06-27,HOBBIES_1_006,CA_1,0.0,0.30808042244947886
2015-06-27,HOBBIES_1_006,CA_1,0.0,0.30808042244947886
2015-06-28,HOBBIES_1_006,CA_1,0.0,0.30136258590793924
2015-06-28,HOBBIES_1_006,CA_1,0.0,0.30136258590793924
2015-06-29,HOBBIES_1_006,CA_1,0.0,0.2515853820391428
2015-06-29,HOBBIES_1_006,CA_1,0.0,0.2515853820391428
2015-06-30,HOBBIES_1_006,CA_1,1.0,0.23987267066683424
2015-06-30,HOBBIES_1_006,CA_1,1.0,0.8473755870264119
2015-07-01,HOBBIES_1_006,CA_1,1.0,0.8454743222192108
2015-07-01,HOBBIES_1_006,CA_1,1.0,0.8454743222192108
2015-07-02,HOBBIES_1_006,CA_1,0.0,0.8552855061699245
2015-07-02,HOBBIES_1_006,CA_1,0.0,0.29530514900185034
2015-07-03,HOBBIES_1_006,CA_1,0.0,0.32329664371192657
2015-07-03,HOBBIES_1_006,CA_1,0.0,0.3273749379913336
2015-07-04,HOBBIES_1_006,CA_1,0.0,0.36130477448367615
2015-07-04,HOBBIES_1_006,CA_1,0.0,0.36130477448367615
2015-07-05,HOBBIES_1_006,CA_1,0.0,0.35962922633934474
2015-07-05,HOBBIES_1_006,CA_1,0.0,0.30136258590793924
2015-07-06,HOBBIES_1_006,CA_1,0.0,0.24471603617094717
2015-07-06,HOBBIES_1_006,CA_1,0.0,0.24471603617094717
2015-07-07,HOBBIES_1_006,CA_1,0.0,0.2270617293502549
2015-07-07,HOBBIES_1_006,CA_1,0.0,0.2270617293502549
2015-07-08,HOBBIES_1_006,CA_1,0.0,0.2270617293502549
2015-07-08,HOBBIES_1_006,CA_1,0.0,0.2270617293502549
2015-07-09,HOBBIES_1_006,CA_1,0.0,0.2270617293502549
2015-07-09,HOBBIES_1_006,CA_1,0.0,0.2270617293502549
2015-07-10,HOBBIES_1_006,CA_1,0.0,0.24862130261843543
2015-07-10,HOBBIES_1_006,CA_1,0.0,0.24862130261843543
2015-07-11,HOBBIES_1_006,CA_1,3.0,0.2761213447316147
2015-07-11,HOBBIES_1_006,CA_1,3.0,2.3325161615974537
2015-07-12,HOBBIES_1_006,CA_1,0.0,2.333890804155544
2015-07-12,HOBBIES_1_006,CA_1,0.0,0.3712272635554724
2015-07-13,HOBBIES_1_006,CA_1,2.0,0.28052614660453584
2015-07-13,HOBBIES_1_006,CA_1,2.0,1.4089698573401952
2015-07-14,HOBBIES_1_006,CA_1,1.0,1.3915732814067425
2015-07-14,HOBBIES_1_006,CA_1,1.0,0.836888458428508
2015-07-15,HOBBIES_1_006,CA_1,0.0,0.8937914849168155
2015-07-15,HOBBIES_1_006,CA_1,0.0,0.32132799564639636
2015-07-16,HOBBIES_1_006,CA_1,0.0,0.28549396505113656
2015-07-16,HOBBIES_1_006,CA_1,0.0,0.2895722593305436
2015-07-17,HOBBIES_1_006,CA_1,1.0,0.3449525342940694
2015-07-17,HOBBIES_1_006,CA_1,1.0,0.9439160871663916
2015-07-18,HOBBIES_1_006,CA_1,0.0,1.0928737516869493
2015-07-18,HOBBIES_1_006,CA_1,0.0,0.4938547256226744
2015-07-19,HOBBIES_1_006,CA_1,0.0,0.4126779398572583
2015-07-19,HOBBIES_1_006,CA_1,0.0,0.4126779398572583
2015-07-20,HOBBIES_1_006,CA_1,2.0,0.33865735272523106
2015-07-20,HOBBIES_1_006,CA_1,2.0,1.4400217084473708
2015-07-21,HOBBIES_1_006,CA_1,0.0,1.468328998622199
2015-07-21,HOBBIES_1_006,CA_1,0.0,0.4138881482396197
2015-07-22,HOBBIES_1_006,CA_1,0.0,0.4138881482396197
2015-07-22,HOBBIES_1_006,CA_1,0.0,0.4138881482396197
2015-07-23,HOBBIES_1_006,CA_1,0.0,0.4138881482396197
2015-07-23,HOBBIES_1_006,CA_1,0.0,0.41796644251902676
2015-07-24,HOBBIES_1_006,CA_1,0.0,0.4733467174825526
2015-07-24,HOBBIES_1_006,CA_1,0.0,0.41698134185834823
2015-07-25,HOBBIES_1_006,CA_1,0.0,0.5266380776241113
2015-07-25,HOBBIES_1_006,CA_1,0.0,0.4410186034493646
2015-07-26,HOBBIES_1_006,CA_1,1.0,0.3189401822106751
2015-07-26,HOBBIES_1_006,CA_1,1.0,1.0031677573880307
2015-07-27,HOBBIES_1_006,CA_1,2.0,0.9084488938440187
2015-07-27,HOBBIES_1_006,CA_1,2.0,1.4457545981186772
2015-07-28,HOBBIES_1_006,CA_1,1.0,1.4587693349039084
2015-07-28,HOBBIES_1_006,CA_1,1.0,0.89673618247171
2015-07-29,HOBBIES_1_006,CA_1,0.0,0.8766319715121378
2015-07-29,HOBBIES_1_006,CA_1,0.0,0.3207299086234708
2015-07-30,HOBBIES_1_006,CA_1,1.0,0.3310229356323295
2015-07-30,HOBBIES_1_006,CA_1,1.0,0.8910032928004034
2015-07-31,HOBBIES_1_006,CA_1,0.0,0.9691551007743449
2015-07-31,HOBBIES_1_006,CA_1,0.0,0.3962143945465691
2015-08-01,HOBBIES_1_006,CA_1,0.0,0.4234740706782049
2015-08-01,HOBBIES_1_006,CA_1,0.0,0.4193957763987979
2015-08-02,HOBBIES_1_006,CA_1,1.0,0.4126779398572583
2015-08-02,HOBBIES_1_006,CA_1,1.0,1.0207726165174766
2015-08-03,HOBBIES_1_006,CA_1,2.0,0.9125271881234257
2015-08-03,HOBBIES_1_006,CA_1,2.0,1.4457545981186772
2015-08-04,HOBBIES_1_006,CA_1,2.0,1.4489581509531946
2015-08-04,HOBBIES_1_006,CA_1,2.0,1.4539576773339329
2015-08-05,HOBBIES_1_006,CA_1,1.0,1.3970546508456259
2015-08-05,HOBBIES_1_006,CA_1,1.0,0.913955403928874
2015-08-06,HOBBIES_1_006,CA_1,0.0,0.9330897232595771
2015-08-06,HOBBIES_1_006,CA_1,0.0,0.4311582320711986
2015-08-07,HOBBIES_1_006,CA_1,0.0,0.5529001969919678
2015-08-07,HOBBIES_1_006,CA_1,0.0,0.5631932240008264
2015-08-08,HOBBIES_1_006,CA_1,0.0,0.6303722422299188
2015-08-08,HOBBIES_1_006,CA_1,0.0,0.6303722422299188
2015-08-09,HOBBIES_1_006,CA_1,0.0,0.6353668544462939
2015-08-09,HOBBIES_1_006,CA_1,0.0,0.5187181264002104
2015-08-10,HOBBIES_1_006,CA_1,2.0,0.42390469874324754
2015-08-10,HOBBIES_1_006,CA_1,2.0,1.4610471515082744
2015-08-11,HOBBIES_1_006,CA_1,0.0,1.490742418112415
2015-08-11,HOBBIES_1_006,CA_1,0.0,0.44037986200924284
2015-08-12,HOBBIES_1_006,CA_1,2.0,0.4138881482396197
2015-08-12,HOBBIES_1_006,CA_1,2.0,1.4642507043427917
2015-08-13,HOBBIES_1_006,CA_1,0.0,1.4837375041469272
2015-08-13,HOBBIES_1_006,CA_1,0.0,0.4394903548955412
2015-08-14,HOBBIES_1_006,CA_1,1.0,0.5048111363861483
2015-08-14,HOBBIES_1_006,CA_1,1.0,1.0548724506387979
2015-08-15,HOBBIES_1_006,CA_1,0.0,1.1722614643516274
2015-08-15,HOBBIES_1_006,CA_1,0.0,0.6303722422299188
2015-08-16,HOBBIES_1_006,CA_1,0.0,0.6334655896390928
2015-08-16,HOBBIES_1_006,CA_1,0.0,0.5710052077450073
2015-08-17,HOBBIES_1_006,CA_1,0.0,0.4574177989973015
2015-08-17,HOBBIES_1_006,CA_1,0.0,0.43949033784204916
2015-08-18,HOBBIES_1_006,CA_1,0.0,0.34273538439024437
2015-08-18,HOBBIES_1_006,CA_1,0.0,0.30324272504958233
2015-08-19,HOBBIES_1_006,CA_1,0.0,0.27847257856670576
2015-08-19,HOBBIES_1_006,CA_1,0.0,0.27847257856670576
2015-08-20,HOBBIES_1_006,CA_1,0.0,0.25198086479708276
2015-08-20,HOBBIES_1_006,CA_1,0.0,0.25198086479708276
2015-08-21,HOBBIES_1_006,CA_1,0.0,0.28858715866986506
2015-08-21,HOBBIES_1_006,CA_1,0.0,0.28858715866986506
2015-08-22,HOBBIES_1_006,CA_1,0.0,0.3256580187522147
2015-08-22,HOBBIES_1_006,CA_1,0.0,0.3256580187522147
2015-08-23,HOBBIES_1_006,CA_1,0.0,0.3189401822106751
2015-08-23,HOBBIES_1_006,CA_1,0.0,0.3189401822106751
2015-08-24,HOBBIES_1_006,CA_1,0.0,0.25682423030119556
2015-08-24,HOBBIES_1_006,CA_1,0.0,0.24471603617094717
2015-08-25,HOBBIES_1_006,CA_1,0.0,0.23987267066683424
2015-08-25,HOBBIES_1_006,CA_1,0.0,0.23987267066683424
2015-08-26,HOBBIES_1_006,CA_1,0.0,0.2496838546175479
2015-08-26,HOBBIES_1_006,CA_1,0.0,0.23687291330096857
2015-08-27,HOBBIES_1_006,CA_1,0.0,0.22051235682606238
2015-08-27,HOBBIES_1_006,CA_1,0.0,0.22051235682606238
2015-08-28,HOBBIES_1_006,CA_1,0.0,0.25188311404495656
2015-08-28,HOBBIES_1_006,CA_1,0.0,0.25188311404495656
2015-08-29,HOBBIES_1_006,CA_1,0.0,0.24632376162151257
2015-08-29,HOBBIES_1_006,CA_1,0.0,0.24632376162151257
2015-08-30,HOBBIES_1_006,CA_1,0.0,0.239605925079973
2015-08-30,HOBBIES_1_006,CA_1,0.0,0.239605925079973
2015-08-31,HOBBIES_1_006,CA_1,0.0,0.1961876345890322
2015-08-31,HOBBIES_1_006,CA_1,0.0,0.1961876345890322
2015-09-01,HOBBIES_1_006,CA_1,0.0,0.20115545303563295
2015-09-01,HOBBIES_1_006,CA_1,0.0,0.20115545303563295
2015-09-02,HOBBIES_1_006,CA_1,0.0,0.20115545303563295
2015-09-02,HOBBIES_1_006,CA_1,0.0,0.20115545303563295
2015-09-03,HOBBIES_1_006,CA_1,0.0,0.20115545303563295
2015-09-03,HOBBIES_1_006,CA_1,0.0,0.20115545303563295
2015-09-04,HOBBIES_1_006,CA_1,0.0,0.22271502630381343
2015-09-04,HOBBIES_1_006,CA_1,0.0,0.22271502630381343
2015-09-05,HOBBIES_1_006,CA_1,0.0,0.24632376162151257
2015-09-05,HOBBIES_1_006,CA_1,0.0,0.24632376162151257
2015-09-06,HOBBIES_1_006,CA_1,0.0,0.239605925079973
2015-09-06,HOBBIES_1_006,CA_1,0.0,0.239605925079973
2015-09-07,HOBBIES_1_006,CA_1,0.0,0.20591843343367655
2015-09-07,HOBBIES_1_006,CA_1,0.0,0.20591843343367655
2015-09-08,HOBBIES_1_006,CA_1,0.0,0.20115545303563295
2015-09-08,HOBBIES_1_006,CA_1,0.0,0.20115545303563295
2015-09-09,HOBBIES_1_006,CA_1,0.0,0.20115545303563295
2015-09-09,HOBBIES_1_006,CA_1,0.0,0.20115545303563295
2015-09-10,HOBBIES_1_006,CA_1,0.0,0.20115545303563295
2015-09-10,HOBBIES_1_006,CA_1,0.0,0.20115545303563295
2015-09-11,HOBBIES_1_006,CA_1,0.0,0.22271502630381343
2015-09-11,HOBBIES_1_006,CA_1,0.0,0.22271502630381343
2015-09-12,HOBBIES_1_006,CA_1,0.0,0.24632376162151257
2015-09-12,HOBBIES_1_006,CA_1,0.0,0.24632376162151257
2015-09-13,HOBBIES_1_006,CA_1,0.0,0.239605925079973
2015-09-13,HOBBIES_1_006,CA_1,0.0,0.239605925079973
2015-09-14,HOBBIES_1_006,CA_1,0.0,0.1961876345890322
2015-09-14,HOBBIES_1_006,CA_1,0.0,0.1961876345890322
2015-09-15,HOBBIES_1_006,CA_1,0.0,0.20115545303563295
2015-09-15,HOBBIES_1_006,CA_1,0.0,0.20115545303563295
2015-09-16,HOBBIES_1_006,CA_1,0.0,0.20115545303563295
2015-09-16,HOBBIES_1_006,CA_1,0.0,0.20115545303563295
2015-09-17,HOBBIES_1_006,CA_1,0.0,0.20115545303563295
2015-09-17,HOBBIES_1_006,CA_1,0.0,0.20115545303563295
2015-09-18,HOBBIES_1_006,CA_1,0.0,0.22271502630381343
2015-09-18,HOBBIES_1_006,CA_1,0.0,0.22271502630381343
2015-09-19,HOBBIES_1_006,CA_1,0.0,0.24632376162151257
2015-09-19,HOBBIES_1_006,CA_1,0.0,0.24632376162151257
2015-09-20,HOBBIES_1_006,CA_1,0.0,0.239605925079973
2015-09-20,HOBBIES_1_006,CA_1,0.0,0.239605925079973
2015-09-21,HOBBIES_1_006,CA_1,0.0,0.1961876345890322
2015-09-21,HOBBIES_1_006,CA_1,0.0,0.1961876345890322
2015-09-22,HOBBIES_1_006,CA_1,0.0,0.20115545303563295
2015-09-22,HOBBIES_1_006,CA_1,0.0,0.20115545303563295
2015-09-23,HOBBIES_1_006,CA_1,0.0,0.20115545303563295
2015-09-23,HOBBIES_1_006,CA_1,0.0,0.20115545303563295
2015-09-24,HOBBIES_1_006,CA_1,0.0,0.19801442944562592
2015-09-24,HOBBIES_1_006,CA_1,0.0,0.19801442944562592
2015-09-25,HOBBIES_1_006,CA_1,0.0,0.22271502630381343
2015-09-25,HOBBIES_1_006,CA_1,0.0,0.22271502630381343
2015-09-26,HOBBIES_1_006,CA_1,0.0,0.24632376162151257
2015-09-26,HOBBIES_1_006,CA_1,0.0,0.24632376162151257
2015-09-27,HOBBIES_1_006,CA_1,0.0,0.239605925079973
2015-09-27,HOBBIES_1_006,CA_1,0.0,0.239605925079973
2015-09-28,HOBBIES_1_006,CA_1,0.0,0.1961876345890322
2015-09-28,HOBBIES_1_006,CA_1,0.0,0.1961876345890322
2015-09-29,HOBBIES_1_006,CA_1,0.0,0.20115545303563295
2015-09-29,HOBBIES_1_006,CA_1,0.0,0.20115545303563295
2015-09-30,HOBBIES_1_006,CA_1,0.0,0.20115545303563295
2015-09-30,HOBBIES_1_006,CA_1,0.0,0.20115545303563295
2015-10-01,HOBBIES_1_006,CA_1,0.0,0.20115545303563295
2015-10-01,HOBBIES_1_006,CA_1,0.0,0.20115545303563295
2015-10-02,HOBBIES_1_006,CA_1,0.0,0.22271502630381343
2015-10-02,HOBBIES_1_006,CA_1,0.0,0.22271502630381343
2015-10-03,HOBBIES_1_006,CA_1,0.0,0.24632376162151257
2015-10-03,HOBBIES_1_006,CA_1,0.0,0.24632376162151257
2015-10-04,HOBBIES_1_006,CA_1,0.0,0.239605925079973
2015-10-04,HOBBIES_1_006,CA_1,0.0,0.239605925079973
2015-10-05,HOBBIES_1_006,CA_1,0.0,0.1961876345890322
2015-10-05,HOBBIES_1_006,CA_1,0.0,0.1961876345890322
2015-10-06,HOBBIES_1_006,CA_1,0.0,0.20115545303563295
2015-10-06,HOBBIES_1_006,CA_1,0.0,0.20115545303563295
2015-10-07,HOBBIES_1_006,CA_1,0.0,0.20115545303563295
2015-10-07,HOBBIES_1_006,CA_1,0.0,0.20115545303563295
2015-10-08,HOBBIES_1_006,CA_1,0.0,0.20115545303563295
2015-10-08,HOBBIES_1_006,CA_1,0.0,0.20115545303563295
2015-10-09,HOBBIES_1_006,CA_1,0.0,0.22271502630381343
2015-10-09,HOBBIES_1_006,CA_1,0.0,0.22271502630381343
2015-10-10,HOBBIES_1_006,CA_1,0.0,0.24632376162151257
2015-10-10,HOBBIES_1_006,CA_1,0.0,0.24632376162151257
2015-10-11,HOBBIES_1_006,CA_1,0.0,0.239605925079973
2015-10-11,HOBBIES_1_006,CA_1,0.0,0.239605925079973
2015-10-12,HOBBIES_1_006,CA_1,0.0,0.20591843343367655
2015-10-12,HOBBIES_1_006,CA_1,0.0,0.20591843343367655
2015-10-13,HOBBIES_1_006,CA_1,0.0,0.20115545303563295
2015-10-13,HOBBIES_1_006,CA_1,0.0,0.20115545303563295
2015-10-14,HOBBIES_1_006,CA_1,0.0,0.20115545303563295
2015-10-14,HOBBIES_1_006,CA_1,0.0,0.20115545303563295
2015-10-15,HOBBIES_1_006,CA_1,0.0,0.20115545303563295
2015-10-15,HOBBIES_1_006,CA_1,0.0,0.20115545303563295
2015-10-16,HOBBIES_1_006,CA_1,0.0,0.22271502630381343
2015-10-16,HOBBIES_1_006,CA_1,0.0,0.22271502630381343
2015-10-17,HOBBIES_1_006,CA_1,0.0,0.24632376162151257
2015-10-17,HOBBIES_1_006,CA_1,0.0,0.24632376162151257
2015-10-18,HOBBIES_1_006,CA_1,0.0,0.239605925079973
2015-10-18,HOBBIES_1_006,CA_1,0.0,0.239605925079973
2015-10-19,HOBBIES_1_006,CA_1,0.0,0.1961876345890322
2015-10-19,HOBBIES_1_006,CA_1,0.0,0.1961876345890322
2015-10-20,HOBBIES_1_006,CA_1,0.0,0.20115545303563295
2015-10-20,HOBBIES_1_006,CA_1,0.0,0.20115545303563295
2015-10-21,HOBBIES_1_006,CA_1,0.0,0.20115545303563295
2015-10-21,HOBBIES_1_006,CA_1,0.0,0.20115545303563295
2015-10-22,HOBBIES_1_006,CA_1,0.0,0.20115545303563295
2015-10-22,HOBBIES_1_006,CA_1,0.0,0.20115545303563295
2015-10-23,HOBBIES_1_006,CA_1,0.0,0.22271502630381343
2015-10-23,HOBBIES_1_006,CA_1,0.0,0.22271502630381343
2015-10-24,HOBBIES_1_006,CA_1,0.0,0.24632376162151257
2015-10-24,HOBBIES_1_006,CA_1,0.0,0.24632376162151257
2015-10-25,HOBBIES_1_006,CA_1,0.0,0.239605925079973
2015-10-25,HOBBIES_1_006,CA_1,0.0,0.239605925079973
2015-10-26,HOBBIES_1_006,CA_1,0.0,0.1961876345890322
2015-10-26,HOBBIES_1_006,CA_1,0.0,0.1961876345890322
2015-10-27,HOBBIES_1_006,CA_1,0.0,0.20115545303563295
2015-10-27,HOBBIES_1_006,CA_1,0.0,0.20115545303563295
2015-10-28,HOBBIES_1_006,CA_1,0.0,0.20115545303563295
2015-10-28,HOBBIES_1_006,CA_1,0.0,0.20115545303563295
2015-10-29,HOBBIES_1_006,CA_1,0.0,0.20115545303563295
2015-10-29,HOBBIES_1_006,CA_1,0.0,0.20115545303563295
2015-10-30,HOBBIES_1_006,CA_1,0.0,0.22271502630381343
2015-10-30,HOBBIES_1_006,CA_1,0.0,0.22271502630381343
2015-10-31,HOBBIES_1_006,CA_1,0.0,0.24318273803150553
2015-10-31,HOBBIES_1_006,CA_1,0.0,0.24318273803150553
2015-11-01,HOBBIES_1_006,CA_1,0.0,0.239605925079973
2015-11-01,HOBBIES_1_006,CA_1,0.0,0.239605925079973
2015-11-02,HOBBIES_1_006,CA_1,0.0,0.1961876345890322
2015-11-02,HOBBIES_1_006,CA_1,0.0,0.1961876345890322
2015-11-03,HOBBIES_1_006,CA_1,0.0,0.20115545303563295
2015-11-03,HOBBIES_1_006,CA_1,0.0,0.20115545303563295
2015-11-04,HOBBIES_1_006,CA_1,0.0,0.20115545303563295
2015-11-04,HOBBIES_1_006,CA_1,0.0,0.20115545303563295
2015-11-05,HOBBIES_1_006,CA_1,0.0,0.20115545303563295
2015-11-05,HOBBIES_1_006,CA_1,0.0,0.20115545303563295
2015-11-06,HOBBIES_1_006,CA_1,0.0,0.22271502630381343
2015-11-06,HOBBIES_1_006,CA_1,0.0,0.22271502630381343
2015-11-07,HOBBIES_1_006,CA_1,0.0,0.24632376162151257
2015-11-07,HOBBIES_1_006,CA_1,0.0,0.24632376162151257
2015-11-08,HOBBIES_1_006,CA_1,0.0,0.239605925079973
2015-11-08,HOBBIES_1_006,CA_1,0.0,0.239605925079973
2015-11-09,HOBBIES_1_006,CA_1,0.0,0.1961876345890322
2015-11-09,HOBBIES_1_006,CA_1,0.0,0.1961876345890322
2015-11-10,HOBBIES_1_006,CA_1,0.0,0.20115545303563295
2015-11-10,HOBBIES_1_006,CA_1,0.0,0.20115545303563295
2015-11-11,HOBBIES_1_006,CA_1,0.0,0.19801442944562592
2015-11-11,HOBBIES_1_006,CA_1,0.0,0.19801442944562592
2015-11-12,HOBBIES_1_006,CA_1,0.0,0.20115545303563295
2015-11-12,HOBBIES_1_006,CA_1,0.0,0.20115545303563295
2015-11-13,HOBBIES_1_006,CA_1,2.0,0.22271502630381343
2015-11-13,HOBBIES_1_006,CA_1,2.0,1.5229219477404679
2015-11-14,HOBBIES_1_006,CA_1,3.0,1.624329950706725
2015-11-14,HOBBIES_1_006,CA_1,3.0,2.3325161615974537
2015-11-15,HOBBIES_1_006,CA_1,2.0,2.1722532343449403
2015-11-15,HOBBIES_1_006,CA_1,2.0,1.5731753295945892
2015-11-16,HOBBIES_1_006,CA_1,0.0,1.3274094820244675
2015-11-16,HOBBIES_1_006,CA_1,0.0,0.23420171486114236
2015-11-17,HOBBIES_1_006,CA_1,0.0,0.2482652666414632
2015-11-17,HOBBIES_1_006,CA_1,0.0,0.26709691730972057
2015-11-18,HOBBIES_1_006,CA_1,0.0,0.33429297080688664
2015-11-18,HOBBIES_1_006,CA_1,0.0,0.3310229356323295
2015-11-19,HOBBIES_1_006,CA_1,1.0,0.3310229356323295
2015-11-19,HOBBIES_1_006,CA_1,1.0,0.8888262633281975
2015-11-20,HOBBIES_1_006,CA_1,2.0,1.0110005249505933
2015-11-20,HOBBIES_1_006,CA_1,2.0,1.6309795149089497
2015-11-21,HOBBIES_1_006,CA_1,1.0,1.787765204747436
2015-11-21,HOBBIES_1_006,CA_1,1.0,1.2216514672388654
2015-11-22,HOBBIES_1_006,CA_1,5.0,1.2092548308103739
2015-11-22,HOBBIES_1_006,CA_1,5.0,3.5742858012458787
2015-11-23,HOBBIES_1_006,CA_1,0.0,2.7426401729646166
2015-11-23,HOBBIES_1_006,CA_1,0.0,0.46519644891727663
2015-11-24,HOBBIES_1_006,CA_1,0.0,0.47016426736387734
2015-11-24,HOBBIES_1_006,CA_1,0.0,0.47926000069759744
2015-11-25,HOBBIES_1_006,CA_1,0.0,0.4948216161912976
2015-11-25,HOBBIES_1_006,CA_1,0.0,0.49809165136585487
2015-11-26,HOBBIES_1_006,CA_1,0.0,0.5621466812730137
2015-11-26,HOBBIES_1_006,CA_1,0.0,0.5212852515649956
2015-11-27,HOBBIES_1_006,CA_1,0.0,0.6639381270212603
2015-11-27,HOBBIES_1_006,CA_1,0.0,0.6639381270212603
2015-11-28,HOBBIES_1_006,CA_1,0.0,0.7080487764299415
2015-11-28,HOBBIES_1_006,CA_1,0.0,0.6164845841423854
2015-11-29,HOBBIES_1_006,CA_1,0.0,0.6873483287060617
2015-11-29,HOBBIES_1_006,CA_1,0.0,0.6289662410913833
2015-11-30,HOBBIES_1_006,CA_1,2.0,0.3754072295389651
2015-11-30,HOBBIES_1_006,CA_1,2.0,1.4345554377386511
2015-12-01,HOBBIES_1_006,CA_1,6.0,1.4842193472050722
2015-12-01,HOBBIES_1_006,CA_1,6.0,3.712892843205421
2015-12-02,HOBBIES_1_006,CA_1,0.0,3.4274540885579103
2015-12-02,HOBBIES_1_006,CA_1,0.0,0.4660859730844703
2015-12-03,HOBBIES_1_006,CA_1,0.0,0.47589715703518415
2015-12-03,HOBBIES_1_006,CA_1,0.0,0.47997545131459113
2015-12-04,HOBBIES_1_006,CA_1,0.0,0.5727151979145095
2015-12-04,HOBBIES_1_006,CA_1,0.0,0.59887205661452
2015-12-05,HOBBIES_1_006,CA_1,0.0,1.000841587451451
2015-12-05,HOBBIES_1_006,CA_1,0.0,0.6388300131975999
2015-12-06,HOBBIES_1_006,CA_1,0.0,0.6647787102420175
2015-12-06,HOBBIES_1_006,CA_1,0.0,0.5513846599861675
2015-12-07,HOBBIES_1_006,CA_1,1.0,0.30514425247117716
2015-12-07,HOBBIES_1_006,CA_1,1.0,0.951480343663968
2015-12-08,HOBBIES_1_006,CA_1,0.0,1.0176497183742441
2015-12-08,HOBBIES_1_006,CA_1,0.0,0.4835089969254536
2015-12-09,HOBBIES_1_006,CA_1,1.0,0.4138881482396197
2015-12-09,HOBBIES_1_006,CA_1,1.0,0.9571045202843526
2015-12-10,HOBBIES_1_006,CA_1,2.0,0.9571045202843526
2015-12-10,HOBBIES_1_006,CA_1,2.0,1.4882976414844795
2015-12-11,HOBBIES_1_006,CA_1,0.0,1.6087502131132052
2015-12-11,HOBBIES_1_006,CA_1,0.0,0.5591149297214194
2015-12-12,HOBBIES_1_006,CA_1,0.0,0.6262939479505119
2015-12-12,HOBBIES_1_006,CA_1,0.0,0.6303722422299188
2015-12-13,HOBBIES_1_006,CA_1,1.0,0.6236544056883792
2015-12-13,HOBBIES_1_006,CA_1,1.0,1.169621922089495
2015-12-14,HOBBIES_1_006,CA_1,0.0,1.0698719037466722
2015-12-14,HOBBIES_1_006,CA_1,0.0,0.5088501556377147
2015-12-15,HOBBIES_1_006,CA_1,0.0,0.552893346294724
2015-12-15,HOBBIES_1_006,CA_1,0.0,0.4008545497482865
2015-12-16,HOBBIES_1_006,CA_1,3.0,0.28549396505113656
2015-12-16,HOBBIES_1_006,CA_1,3.0,1.9964538450857612
2015-12-17,HOBBIES_1_006,CA_1,0.0,2.013134374904671
2015-12-17,HOBBIES_1_006,CA_1,0.0,0.3436251711718318
2015-12-18,HOBBIES_1_006,CA_1,0.0,0.38232491631644827
2015-12-18,HOBBIES_1_006,CA_1,0.0,0.38232491631644827
2015-12-19,HOBBIES_1_006,CA_1,0.0,0.4193957763987979
2015-12-19,HOBBIES_1_006,CA_1,0.0,0.42674410585276207
2015-12-20,HOBBIES_1_006,CA_1,0.0,0.4200262693112225
2015-12-20,HOBBIES_1_006,CA_1,0.0,0.360390858512461
2015-12-21,HOBBIES_1_006,CA_1,0.0,0.2982749066029816
2015-12-21,HOBBIES_1_006,CA_1,0.0,0.2982749066029816
2015-12-22,HOBBIES_1_006,CA_1,0.0,0.29343154109886854
2015-12-22,HOBBIES_1_006,CA_1,0.0,0.29343154109886854
2015-12-23,HOBBIES_1_006,CA_1,0.0,0.3417883252760066
2015-12-23,HOBBIES_1_006,CA_1,0.0,0.32636049561876673
2015-12-24,HOBBIES_1_006,CA_1,0.0,0.2617920487477963
2015-12-24,HOBBIES_1_006,CA_1,0.0,0.2617920487477963
2015-12-25,HOBBIES_1_006,CA_1,0.0,0.26786853877712213
2015-12-25,HOBBIES_1_006,CA_1,0.0,0.26786853877712213
2015-12-26,HOBBIES_1_006,CA_1,0.0,0.30808042244947886
2015-12-26,HOBBIES_1_006,CA_1,0.0,0.30808042244947886
2015-12-27,HOBBIES_1_006,CA_1,0.0,0.311173769858653
2015-12-27,HOBBIES_1_006,CA_1,0.0,0.311173769858653
2015-12-28,HOBBIES_1_006,CA_1,0.0,0.2349048522202335
2015-12-28,HOBBIES_1_006,CA_1,0.0,0.2349048522202335
2015-12-29,HOBBIES_1_006,CA_1,0.0,0.23987267066683424
2015-12-29,HOBBIES_1_006,CA_1,0.0,0.23987267066683424
2015-12-30,HOBBIES_1_006,CA_1,0.0,0.31378257906219814
2015-12-30,HOBBIES_1_006,CA_1,0.0,0.30097163774561886
2015-12-31,HOBBIES_1_006,CA_1,0.0,0.20115545303563295
2015-12-31,HOBBIES_1_006,CA_1,0.0,0.20115545303563295
2016-01-01,HOBBIES_1_006,CA_1,0.0,0.2195740027138064
2016-01-01,HOBBIES_1_006,CA_1,0.0,0.2195740027138064
2016-01-02,HOBBIES_1_006,CA_1,0.0,0.24632376162151257
2016-01-02,HOBBIES_1_006,CA_1,0.0,0.24632376162151257
2016-01-03,HOBBIES_1_006,CA_1,0.0,0.22158458115785154
2016-01-03,HOBBIES_1_006,CA_1,0.0,0.22158458115785154
2016-01-04,HOBBIES_1_006,CA_1,0.0,0.1961876345890322
2016-01-04,HOBBIES_1_006,CA_1,0.0,0.1961876345890322
2016-01-05,HOBBIES_1_006,CA_1,0.0,0.20115545303563295
2016-01-05,HOBBIES_1_006,CA_1,0.0,0.20115545303563295
2016-01-06,HOBBIES_1_006,CA_1,0.0,0.20115545303563295
2016-01-06,HOBBIES_1_006,CA_1,0.0,0.20115545303563295
2016-01-07,HOBBIES_1_006,CA_1,0.0,0.19801442944562592
2016-01-07,HOBBIES_1_006,CA_1,0.0,0.19801442944562592
2016-01-08,HOBBIES_1_006,CA_1,0.0,0.22271502630381343
2016-01-08,HOBBIES_1_006,CA_1,0.0,0.22271502630381343
2016-01-09,HOBBIES_1_006,CA_1,0.0,0.24632376162151257
2016-01-09,HOBBIES_1_006,CA_1,0.0,0.24632376162151257
2016-01-10,HOBBIES_1_006,CA_1,0.0,0.22158458115785154
2016-01-10,HOBBIES_1_006,CA_1,0.0,0.22158458115785154
2016-01-11,HOBBIES_1_006,CA_1,4.0,0.1961876345890322
2016-01-11,HOBBIES_1_006,CA_1,4.0,2.3308360052239023
2016-01-12,HOBBIES_1_006,CA_1,0.0,2.3045570923388143
2016-01-12,HOBBIES_1_006,CA_1,0.0,0.2630927439120293
2016-01-13,HOBBIES_1_006,CA_1,0.0,0.2630927439120293
2016-01-13,HOBBIES_1_006,CA_1,0.0,0.2630927439120293
2016-01-14,HOBBIES_1_006,CA_1,0.0,0.2630927439120293
2016-01-14,HOBBIES_1_006,CA_1,0.0,0.2704410733659935
2016-01-15,HOBBIES_1_006,CA_1,3.0,0.33064497316589075
2016-01-15,HOBBIES_1_006,CA_1,3.0,2.100537417398853
2016-01-16,HOBBIES_1_006,CA_1,4.0,2.3406086406970834
2016-01-16,HOBBIES_1_006,CA_1,4.0,2.819053680221349
2016-01-17,HOBBIES_1_006,CA_1,0.0,2.7050092554202334
2016-01-17,HOBBIES_1_006,CA_1,0.0,0.47156166339110855
2016-01-18,HOBBIES_1_006,CA_1,0.0,0.47837931146612844
2016-01-18,HOBBIES_1_006,CA_1,0.0,0.4857276409200924
2016-01-19,HOBBIES_1_006,CA_1,0.0,0.43442826724575573
2016-01-19,HOBBIES_1_006,CA_1,0.0,0.49133129373406303
2016-01-20,HOBBIES_1_006,CA_1,8.0,0.5016243207429215
2016-01-20,HOBBIES_1_006,CA_1,8.0,6.062262299979006
2016-01-21,HOBBIES_1_006,CA_1,0.0,4.921394186442951
2016-01-21,HOBBIES_1_006,CA_1,0.0,0.47241755211322817
2016-01-22,HOBBIES_1_006,CA_1,2.0,0.6427572715270303
2016-01-22,HOBBIES_1_006,CA_1,2.0,1.66704825098624
2016-01-23,HOBBIES_1_006,CA_1,0.0,1.8663195537873591
2016-01-23,HOBBIES_1_006,CA_1,0.0,0.782773565124119
2016-01-24,HOBBIES_1_006,CA_1,1.0,0.5491699529351279
2016-01-24,HOBBIES_1_006,CA_1,1.0,1.376345435237818
2016-01-25,HOBBIES_1_006,CA_1,0.0,1.169293901164683
2016-01-25,HOBBIES_1_006,CA_1,0.0,0.6732964004062796
2016-01-26,HOBBIES_1_006,CA_1,0.0,0.5620176696884637
2016-01-26,HOBBIES_1_006,CA_1,0.0,0.5579393754090567
2016-01-27,HOBBIES_1_006,CA_1,1.0,0.6683344578518571
2016-01-27,HOBBIES_1_006,CA_1,1.0,1.2207975832980578
2016-01-28,HOBBIES_1_006,CA_1,0.0,1.093727312688011
2016-01-28,HOBBIES_1_006,CA_1,0.0,0.5642709544378145
2016-01-29,HOBBIES_1_006,CA_1,3.0,0.8061818627558937
2016-01-29,HOBBIES_1_006,CA_1,3.0,2.322062586159824
2016-01-30,HOBBIES_1_006,CA_1,0.0,2.50279823067268
2016-01-30,HOBBIES_1_006,CA_1,0.0,0.7541211250452873
2016-01-31,HOBBIES_1_006,CA_1,0.0,0.6971972540538138
2016-01-31,HOBBIES_1_006,CA_1,0.0,0.6931189597744069
2016-02-01,HOBBIES_1_006,CA_1,0.0,0.552971556962456
2016-02-01,HOBBIES_1_006,CA_1,0.0,0.56031988641642
2016-02-02,HOBBIES_1_006,CA_1,1.0,0.5652877048630207
2016-02-02,HOBBIES_1_006,CA_1,1.0,1.0718935210012566
2016-02-03,HOBBIES_1_006,CA_1,3.0,1.119987704263903
2016-02-03,HOBBIES_1_006,CA_1,3.0,2.077632195128084
2016-02-04,HOBBIES_1_006,CA_1,0.0,1.9588516262524227
2016-02-04,HOBBIES_1_006,CA_1,0.0,0.48398296428009885
2016-02-05,HOBBIES_1_006,CA_1,0.0,0.636233059477158
2016-02-05,HOBBIES_1_006,CA_1,0.0,0.5819292661418866
2016-02-06,HOBBIES_1_006,CA_1,1.0,0.5405257357116446
2016-02-06,HOBBIES_1_006,CA_1,1.0,1.1310481681436722
2016-02-07,HOBBIES_1_006,CA_1,0.0,1.122437811509654
2016-02-07,HOBBIES_1_006,CA_1,0.0,0.5183784213292834
2016-02-08,HOBBIES_1_006,CA_1,0.0,0.408920329793019
2016-02-08,HOBBIES_1_006,CA_1,0.0,0.408920329793019
2016-02-09,HOBBIES_1_006,CA_1,3.0,0.4138881482396197
2016-02-09,HOBBIES_1_006,CA_1,3.0,2.0317150413376392
2016-02-10,HOBBIES_1_006,CA_1,3.0,2.067855151328829
2016-02-10,HOBBIES_1_006,CA_1,3.0,1.9949917362436111
2016-02-11,HOBBIES_1_006,CA_1,0.0,1.8578547559694032
2016-02-11,HOBBIES_1_006,CA_1,0.0,0.4751817064181904
2016-02-12,HOBBIES_1_006,CA_1,0.0,0.6265388080238758
2016-02-12,HOBBIES_1_006,CA_1,0.0,0.5423229451902839
2016-02-13,HOBBIES_1_006,CA_1,0.0,0.6233492503956173
2016-02-13,HOBBIES_1_006,CA_1,0.0,0.6336422774044759
2016-02-14,HOBBIES_1_006,CA_1,0.0,0.6057620733508078
2016-02-14,HOBBIES_1_006,CA_1,0.0,0.5461266625520463
2016-02-15,HOBBIES_1_006,CA_1,3.0,0.46552587143294716
2016-02-15,HOBBIES_1_006,CA_1,3.0,2.0258646669514935
2016-02-16,HOBBIES_1_006,CA_1,0.0,2.0726044024576806
2016-02-16,HOBBIES_1_006,CA_1,0.0,0.5976447381072669
2016-02-17,HOBBIES_1_006,CA_1,2.0,0.7100099931738107
2016-02-17,HOBBIES_1_006,CA_1,2.0,1.6169508019080334
2016-02-18,HOBBIES_1_006,CA_1,2.0,1.4170232937079064
2016-02-18,HOBBIES_1_006,CA_1,2.0,1.4088100076681707
2016-02-19,HOBBIES_1_006,CA_1,1.0,1.581376424436981
2016-02-19,HOBBIES_1_006,CA_1,1.0,1.165399324844818
2016-02-20,HOBBIES_1_006,CA_1,0.0,1.2399907066650002
2016-02-20,HOBBIES_1_006,CA_1,0.0,0.6645515649710225
2016-02-21,HOBBIES_1_006,CA_1,0.0,0.6487645252737995
2016-02-21,HOBBIES_1_006,CA_1,0.0,0.6971972540538138
2016-02-22,HOBBIES_1_006,CA_1,0.0,0.5955954514682873
2016-02-22,HOBBIES_1_006,CA_1,0.0,0.5955954514682873
2016-02-23,HOBBIES_1_006,CA_1,0.0,0.6225362895014316
2016-02-23,HOBBIES_1_006,CA_1,0.0,0.5193802460406701
2016-02-24,HOBBIES_1_006,CA_1,9.0,0.5708796801656042
2016-02-24,HOBBIES_1_006,CA_1,9.0,7.2366340884404705
2016-02-25,HOBBIES_1_006,CA_1,1.0,6.382502914605397
2016-02-25,HOBBIES_1_006,CA_1,1.0,1.0081445668741686
2016-02-26,HOBBIES_1_006,CA_1,0.0,1.0411439106311402
2016-02-26,HOBBIES_1_006,CA_1,0.0,0.5028054976006486
2016-02-27,HOBBIES_1_006,CA_1,0.0,0.5699845158297411
2016-02-27,HOBBIES_1_006,CA_1,0.0,0.5659847228871799
2016-02-28,HOBBIES_1_006,CA_1,0.0,0.4676495806709488
2016-02-28,HOBBIES_1_006,CA_1,0.0,0.6971972540538138
2016-02-29,HOBBIES_1_006,CA_1,0.0,0.6175684710548309
2016-02-29,HOBBIES_1_006,CA_1,0.0,0.5780758117141688
2016-03-01,HOBBIES_1_006,CA_1,1.0,0.5244262751550026
2016-03-01,HOBBIES_1_006,CA_1,1.0,1.0718935210012566
2016-03-02,HOBBIES_1_006,CA_1,0.0,1.2948259058210936
2016-03-02,HOBBIES_1_006,CA_1,0.0,0.7597662578400907
2016-03-03,HOBBIES_1_006,CA_1,2.0,0.5677505593597704
2016-03-03,HOBBIES_1_006,CA_1,2.0,1.5026819526347137
2016-03-04,HOBBIES_1_006,CA_1,1.0,1.651035332430896
2016-03-04,HOBBIES_1_006,CA_1,1.0,1.1794604404871778
2016-03-05,HOBBIES_1_006,CA_1,3.0,1.2679039509185908
2016-03-05,HOBBIES_1_006,CA_1,3.0,2.4004082742301915
2016-03-06,HOBBIES_1_006,CA_1,0.0,2.3195524606010833
2016-03-06,HOBBIES_1_006,CA_1,0.0,0.630730256587845
2016-03-07,HOBBIES_1_006,CA_1,0.0,0.4898537977446969
2016-03-07,HOBBIES_1_006,CA_1,0.0,0.5467568242330044
2016-03-08,HOBBIES_1_006,CA_1,0.0,0.5620176696884637
2016-03-08,HOBBIES_1_006,CA_1,0.0,0.5652877048630207
2016-03-09,HOBBIES_1_006,CA_1,1.0,0.6239050598687875
2016-03-09,HOBBIES_1_006,CA_1,1.0,1.1031161579955564
2016-03-10,HOBBIES_1_006,CA_1,3.0,0.9835962340539756
2016-03-10,HOBBIES_1_006,CA_1,3.0,2.0341598179655747
2016-03-11,HOBBIES_1_006,CA_1,0.0,2.076472156313858
2016-03-11,HOBBIES_1_006,CA_1,0.0,0.5488219027125608
2016-03-12,HOBBIES_1_006,CA_1,4.0,0.6936008937555368
2016-03-12,HOBBIES_1_006,CA_1,4.0,2.8358575730337745
2016-03-13,HOBBIES_1_006,CA_1,0.0,2.7768735075136965
2016-03-13,HOBBIES_1_006,CA_1,0.0,0.6249045584286818
2016-03-14,HOBBIES_1_006,CA_1,0.0,0.49312383291925416
2016-03-14,HOBBIES_1_006,CA_1,0.0,0.5426785299535974
2016-03-15,HOBBIES_1_006,CA_1,0.0,0.5574575323509118
2016-03-15,HOBBIES_1_006,CA_1,0.0,0.5648058618048758
2016-03-16,HOBBIES_1_006,CA_1,1.0,0.5652877048630207
2016-03-16,HOBBIES_1_006,CA_1,1.0,1.0718935210012566
2016-03-17,HOBBIES_1_006,CA_1,5.0,1.1061323661852438
2016-03-17,HOBBIES_1_006,CA_1,5.0,3.5173164585616696
2016-03-18,HOBBIES_1_006,CA_1,0.0,3.2504796336851682
2016-03-18,HOBBIES_1_006,CA_1,0.0,0.5777326369688227
2016-03-19,HOBBIES_1_006,CA_1,1.0,0.8016191590015488
2016-03-19,HOBBIES_1_006,CA_1,1.0,1.409954913978405
2016-03-20,HOBBIES_1_006,CA_1,0.0,1.21024769256123
2016-03-20,HOBBIES_1_006,CA_1,0.0,0.6340002917624019
2016-03-21,HOBBIES_1_006,CA_1,0.0,0.56031988641642
2016-03-21,HOBBIES_1_006,CA_1,0.0,0.552971556962456
2016-03-22,HOBBIES_1_006,CA_1,2.0,0.5579393754090567
2016-03-22,HOBBIES_1_006,CA_1,2.0,1.5070704525600274
2016-03-23,HOBBIES_1_006,CA_1,0.0,1.5302068196965315
2016-03-23,HOBBIES_1_006,CA_1,0.0,0.5677505593597704
2016-03-24,HOBBIES_1_006,CA_1,3.0,0.6747264434374962
2016-03-24,HOBBIES_1_006,CA_1,3.0,2.1730160724153675
2016-03-25,HOBBIES_1_006,CA_1,1.0,2.015678586201998
2016-03-25,HOBBIES_1_006,CA_1,1.0,1.1258997758217086
2016-03-26,HOBBIES_1_006,CA_1,1.0,1.3023897150053716
2016-03-26,HOBBIES_1_006,CA_1,1.0,1.320938359803345
2016-03-27,HOBBIES_1_006,CA_1,2.0,1.1850400706132471
2016-03-27,HOBBIES_1_006,CA_1,2.0,1.7223128025447565
2016-03-28,HOBBIES_1_006,CA_1,0.0,1.4134491676332783
2016-03-28,HOBBIES_1_006,CA_1,0.0,0.5467568242330044
2016-03-29,HOBBIES_1_006,CA_1,1.0,0.578698199507373
2016-03-29,HOBBIES_1_006,CA_1,1.0,1.1040762634781625
2016-03-30,HOBBIES_1_006,CA_1,3.0,1.0972069176099668
2016-03-30,HOBBIES_1_006,CA_1,3.0,2.001874199083206
2016-03-31,HOBBIES_1_006,CA_1,0.0,2.0534383228555084
2016-03-31,HOBBIES_1_006,CA_1,0.0,0.7115094112338869
2016-04-01,HOBBIES_1_006,CA_1,0.0,0.6403860950001169
2016-04-01,HOBBIES_1_006,CA_1,0.0,0.6444643892795239
2016-04-02,HOBBIES_1_006,CA_1,0.0,0.7317476184681886
2016-04-02,HOBBIES_1_006,CA_1,0.0,0.6984654239963614
2016-04-03,HOBBIES_1_006,CA_1,0.0,0.7376713059104766
2016-04-03,HOBBIES_1_006,CA_1,0.0,0.6780358951117151
2016-04-04,HOBBIES_1_006,CA_1,0.0,0.5108070352294743
2016-04-04,HOBBIES_1_006,CA_1,0.0,0.5108070352294743
2016-04-05,HOBBIES_1_006,CA_1,0.0,0.5255860376267885
2016-04-05,HOBBIES_1_006,CA_1,0.0,0.4705740749856173
2016-04-06,HOBBIES_1_006,CA_1,3.0,0.4993084912613278
2016-04-06,HOBBIES_1_006,CA_1,3.0,2.057106696688715
2016-04-07,HOBBIES_1_006,CA_1,0.0,2.083318716946335
2016-04-07,HOBBIES_1_006,CA_1,0.0,0.552893346294724
2016-04-08,HOBBIES_1_006,CA_1,1.0,0.5689261136721331
2016-04-08,HOBBIES_1_006,CA_1,1.0,1.0838179539202144
2016-04-09,HOBBIES_1_006,CA_1,0.0,1.1717796212934823
2016-04-09,HOBBIES_1_006,CA_1,0.0,0.5747783467316525
2016-04-10,HOBBIES_1_006,CA_1,0.0,0.5783535371989713
2016-04-10,HOBBIES_1_006,CA_1,0.0,0.5395407888414117
2016-04-11,HOBBIES_1_006,CA_1,1.0,0.32197682290632174
2016-04-11,HOBBIES_1_006,CA_1,1.0,0.9369768433172646
2016-04-12,HOBBIES_1_006,CA_1,4.0,0.9709939985144732
2016-04-12,HOBBIES_1_006,CA_1,4.0,2.40574511688476
2016-04-13,HOBBIES_1_006,CA_1,0.0,2.489495753893547
2016-04-13,HOBBIES_1_006,CA_1,0.0,0.5325609130108016
2016-04-14,HOBBIES_1_006,CA_1,0.0,0.34669209474245366
2016-04-14,HOBBIES_1_006,CA_1,0.0,0.3507703890218607
2016-04-15,HOBBIES_1_006,CA_1,0.0,0.4630536904736939
2016-04-15,HOBBIES_1_006,CA_1,0.0,0.46632372564825103
2016-04-16,HOBBIES_1_006,CA_1,1.0,0.5437957708862017
2016-04-16,HOBBIES_1_006,CA_1,1.0,1.1256011034969087
2016-04-17,HOBBIES_1_006,CA_1,0.0,1.1264406656171042
2016-04-17,HOBBIES_1_006,CA_1,0.0,0.5611940237942936
2016-04-18,HOBBIES_1_006,CA_1,1.0,0.4309260852276784
2016-04-18,HOBBIES_1_006,CA_1,1.0,0.9721053447000324
2016-04-19,HOBBIES_1_006,CA_1,0.0,1.0583255739851072
2016-04-19,HOBBIES_1_006,CA_1,0.0,0.5695480276720781
2016-04-20,HOBBIES_1_006,CA_1,0.0,0.556971640574131
2016-04-20,HOBBIES_1_006,CA_1,0.0,0.47250550324538665
2016-04-21,HOBBIES_1_006,CA_1,0.0,0.32694464135292245
2016-04-21,HOBBIES_1_006,CA_1,0.0,0.3310229356323295
2016-04-22,HOBBIES_1_006,CA_1,2.0,0.3981156593537702
2016-04-22,HOBBIES_1_006,CA_1,2.0,1.5850557964532948
2016-04-23,HOBBIES_1_006,CA_1,0.0,1.7097822190605585
2016-04-23,HOBBIES_1_006,CA_1,0.0,0.5364474414322377
2016-04-24,HOBBIES_1_006,CA_1,0.0,0.5297296048906981
2016-04-24,HOBBIES_1_006,CA_1,0.0,0.5297296048906981
2015-06-04,HOBBIES_1_007,CA_1,0.0,0.10249526776453895
2015-06-04,HOBBIES_1_007,CA_1,0.0,0.10249526776453895
2015-06-05,HOBBIES_1_007,CA_1,0.0,0.13501082067605408
2015-06-05,HOBBIES_1_007,CA_1,0.0,0.13501082067605408
2015-06-06,HOBBIES_1_007,CA_1,0.0,0.17662291716017828
2015-06-06,HOBBIES_1_007,CA_1,0.0,0.17662291716017828
2015-06-07,HOBBIES_1_007,CA_1,0.0,0.1668117332094646
2015-06-07,HOBBIES_1_007,CA_1,0.0,0.1668117332094646
2015-06-08,HOBBIES_1_007,CA_1,0.0,0.10066847290794524
2015-06-08,HOBBIES_1_007,CA_1,0.0,0.10066847290794524
2015-06-09,HOBBIES_1_007,CA_1,0.0,0.1154474753052597
2015-06-09,HOBBIES_1_007,CA_1,0.0,0.1154474753052597
2015-06-10,HOBBIES_1_007,CA_1,0.0,0.10263653398868039
2015-06-10,HOBBIES_1_007,CA_1,0.0,0.10263653398868039
2015-06-11,HOBBIES_1_007,CA_1,1.0,0.09608716146448783
2015-06-11,HOBBIES_1_007,CA_1,1.0,0.6821040581126449
2015-06-12,HOBBIES_1_007,CA_1,0.0,0.7114218951076623
2015-06-12,HOBBIES_1_007,CA_1,0.0,0.14785901446105845
2015-06-13,HOBBIES_1_007,CA_1,0.0,0.16619780222981848
2015-06-13,HOBBIES_1_007,CA_1,0.0,0.16619780222981848
2015-06-14,HOBBIES_1_007,CA_1,1.0,0.16619780222981848
2015-06-14,HOBBIES_1_007,CA_1,1.0,0.7753553326285371
2015-06-15,HOBBIES_1_007,CA_1,0.0,0.6655502024248225
2015-06-15,HOBBIES_1_007,CA_1,0.0,0.11086937655851342
2015-06-16,HOBBIES_1_007,CA_1,1.0,0.11269617141510713
2015-06-16,HOBBIES_1_007,CA_1,1.0,0.6761096443185886
2015-06-17,HOBBIES_1_007,CA_1,0.0,0.6734327333932004
2015-06-17,HOBBIES_1_007,CA_1,0.0,0.1269084960857055
2015-06-18,HOBBIES_1_007,CA_1,1.0,0.1295854070110936
2015-06-18,HOBBIES_1_007,CA_1,1.0,0.6761096443185886
2015-06-19,HOBBIES_1_007,CA_1,0.0,0.7345415928651537
2015-06-19,HOBBIES_1_007,CA_1,0.0,0.1750570064979568
2015-06-20,HOBBIES_1_007,CA_1,0.0,0.21267585354676247
2015-06-20,HOBBIES_1_007,CA_1,0.0,0.2085975592673554
2015-06-21,HOBBIES_1_007,CA_1,0.0,0.20545653567734837
2015-06-21,HOBBIES_1_007,CA_1,0.0,0.20953482995675543
2015-06-22,HOBBIES_1_007,CA_1,0.0,0.14016113224860763
2015-06-22,HOBBIES_1_007,CA_1,0.0,0.10066847290794524
2015-06-23,HOBBIES_1_007,CA_1,0.0,0.10563629135454598
2015-06-23,HOBBIES_1_007,CA_1,0.0,0.10563629135454598
2015-06-24,HOBBIES_1_007,CA_1,0.0,0.10563629135454598
2015-06-24,HOBBIES_1_007,CA_1,0.0,0.10563629135454598
2015-06-25,HOBBIES_1_007,CA_1,1.0,0.1154474753052597
2015-06-25,HOBBIES_1_007,CA_1,1.0,0.7014643719534168
2015-06-26,HOBBIES_1_007,CA_1,0.0,0.7403595273805489
2015-06-26,HOBBIES_1_007,CA_1,0.0,0.17679664673394488
2015-06-27,HOBBIES_1_007,CA_1,1.0,0.2085975592673554
2015-06-27,HOBBIES_1_007,CA_1,1.0,0.8208137123697299
2015-06-28,HOBBIES_1_007,CA_1,0.0,0.8248069618050485
2015-06-28,HOBBIES_1_007,CA_1,0.0,0.23424669928481673
2015-06-29,HOBBIES_1_007,CA_1,0.0,0.1277586121544999
2015-06-29,HOBBIES_1_007,CA_1,0.0,0.12368031787509284
2015-06-30,HOBBIES_1_007,CA_1,0.0,0.13845932027240726
2015-06-30,HOBBIES_1_007,CA_1,0.0,0.14253761455181432
2015-07-01,HOBBIES_1_007,CA_1,0.0,0.14512895069520837
2015-07-01,HOBBIES_1_007,CA_1,0.0,0.10563629135454598
2015-07-02,HOBBIES_1_007,CA_1,0.0,0.1154474753052597
2015-07-02,HOBBIES_1_007,CA_1,0.0,0.1154474753052597
2015-07-03,HOBBIES_1_007,CA_1,0.0,0.11262256092736005
2015-07-03,HOBBIES_1_007,CA_1,0.0,0.11262256092736005
2015-07-04,HOBBIES_1_007,CA_1,0.0,0.1317116319015934
2015-07-04,HOBBIES_1_007,CA_1,0.0,0.1317116319015934
2015-07-05,HOBBIES_1_007,CA_1,1.0,0.13485265549160044
2015-07-05,HOBBIES_1_007,CA_1,1.0,0.815638636161102
2015-07-06,HOBBIES_1_007,CA_1,0.0,0.6742828494619949
2015-07-06,HOBBIES_1_007,CA_1,0.0,0.12368031787509284
2015-07-07,HOBBIES_1_007,CA_1,0.0,0.12864813632169358
2015-07-07,HOBBIES_1_007,CA_1,0.0,0.12864813632169358
2015-07-08,HOBBIES_1_007,CA_1,0.0,0.12864813632169358
2015-07-08,HOBBIES_1_007,CA_1,0.0,0.13272643060110065
2015-07-09,HOBBIES_1_007,CA_1,0.0,0.15494013464592205
2015-07-09,HOBBIES_1_007,CA_1,0.0,0.1154474753052597
2015-07-10,HOBBIES_1_007,CA_1,1.0,0.11262256092736005
2015-07-10,HOBBIES_1_007,CA_1,1.0,0.7527620474746566
2015-07-11,HOBBIES_1_007,CA_1,0.0,0.8130473000177079
2015-07-11,HOBBIES_1_007,CA_1,0.0,0.21840874321806908
2015-07-12,HOBBIES_1_007,CA_1,1.0,0.17663848154949124
2015-07-12,HOBBIES_1_007,CA_1,1.0,0.8032361160669943
2015-07-13,HOBBIES_1_007,CA_1,1.0,0.6684649149465998
2015-07-13,HOBBIES_1_007,CA_1,1.0,0.6725432092260067
2015-07-14,HOBBIES_1_007,CA_1,0.0,0.6775110276726074
2015-07-14,HOBBIES_1_007,CA_1,0.0,0.12283020180629843
2015-07-15,HOBBIES_1_007,CA_1,0.0,0.12283020180629843
2015-07-15,HOBBIES_1_007,CA_1,0.0,0.1269084960857055
2015-07-16,HOBBIES_1_007,CA_1,0.0,0.13272643060110065
2015-07-16,HOBBIES_1_007,CA_1,0.0,0.13272643060110065
2015-07-17,HOBBIES_1_007,CA_1,0.0,0.19327746110745966
2015-07-17,HOBBIES_1_007,CA_1,0.0,0.13501082067605408
2015-07-18,HOBBIES_1_007,CA_1,0.0,0.16367070961945757
2015-07-18,HOBBIES_1_007,CA_1,0.0,0.16367070961945757
2015-07-19,HOBBIES_1_007,CA_1,0.0,0.17662291716017828
2015-07-19,HOBBIES_1_007,CA_1,0.0,0.17662291716017828
2015-07-20,HOBBIES_1_007,CA_1,0.0,0.10066847290794524
2015-07-20,HOBBIES_1_007,CA_1,0.0,0.10066847290794524
2015-07-21,HOBBIES_1_007,CA_1,0.0,0.10563629135454598
2015-07-21,HOBBIES_1_007,CA_1,0.0,0.10563629135454598
2015-07-22,HOBBIES_1_007,CA_1,0.0,0.10563629135454598
2015-07-22,HOBBIES_1_007,CA_1,0.0,0.10563629135454598
2015-07-23,HOBBIES_1_007,CA_1,0.0,0.10563629135454598
2015-07-23,HOBBIES_1_007,CA_1,0.0,0.10563629135454598
2015-07-24,HOBBIES_1_007,CA_1,0.0,0.14482200462676775
2015-07-24,HOBBIES_1_007,CA_1,0.0,0.14482200462676775
2015-07-25,HOBBIES_1_007,CA_1,0.0,0.13485265549160044
2015-07-25,HOBBIES_1_007,CA_1,0.0,0.13485265549160044
2015-07-26,HOBBIES_1_007,CA_1,1.0,0.14466383944231412
2015-07-26,HOBBIES_1_007,CA_1,1.0,0.7934907423939516
2015-07-27,HOBBIES_1_007,CA_1,0.0,0.6712830920961291
2015-07-27,HOBBIES_1_007,CA_1,0.0,0.12068056050922718
2015-07-28,HOBBIES_1_007,CA_1,0.0,0.10928782248092156
2015-07-28,HOBBIES_1_007,CA_1,0.0,0.10928782248092156
2015-07-29,HOBBIES_1_007,CA_1,0.0,0.10928782248092156
2015-07-29,HOBBIES_1_007,CA_1,0.0,0.11336611676032857
2015-07-30,HOBBIES_1_007,CA_1,0.0,0.1257686368544365
2015-07-30,HOBBIES_1_007,CA_1,0.0,0.08627597751377414
2015-07-31,HOBBIES_1_007,CA_1,2.0,0.10607318840316748
2015-07-31,HOBBIES_1_007,CA_1,2.0,1.4066123524343088
2015-08-01,HOBBIES_1_007,CA_1,0.0,1.489323323801101
2015-08-01,HOBBIES_1_007,CA_1,0.0,0.20277962475196026
2015-08-02,HOBBIES_1_007,CA_1,0.0,0.20277962475196026
2015-08-02,HOBBIES_1_007,CA_1,0.0,0.20277962475196026
2015-08-03,HOBBIES_1_007,CA_1,1.0,0.11786238335969769
2015-08-03,HOBBIES_1_007,CA_1,1.0,0.6725432092260067
2015-08-04,HOBBIES_1_007,CA_1,0.0,0.6775110276726074
2015-08-04,HOBBIES_1_007,CA_1,0.0,0.12864813632169358
2015-08-05,HOBBIES_1_007,CA_1,0.0,0.12864813632169358
2015-08-05,HOBBIES_1_007,CA_1,0.0,0.12864813632169358
2015-08-06,HOBBIES_1_007,CA_1,0.0,0.12864813632169358
2015-08-06,HOBBIES_1_007,CA_1,0.0,0.13272643060110065
2015-08-07,HOBBIES_1_007,CA_1,0.0,0.24901236351382822
2015-08-07,HOBBIES_1_007,CA_1,0.0,0.1907457230824228
2015-08-08,HOBBIES_1_007,CA_1,0.0,0.1668117332094646
2015-08-08,HOBBIES_1_007,CA_1,0.0,0.1668117332094646
2015-08-09,HOBBIES_1_007,CA_1,0.0,0.17662291716017828
2015-08-09,HOBBIES_1_007,CA_1,0.0,0.17662291716017828
2015-08-10,HOBBIES_1_007,CA_1,0.0,0.10066847290794524
2015-08-10,HOBBIES_1_007,CA_1,0.0,0.10066847290794524
2015-08-11,HOBBIES_1_007,CA_1,2.0,0.10563629135454598
2015-08-11,HOBBIES_1_007,CA_1,2.0,1.3252384685744878
2015-08-12,HOBBIES_1_007,CA_1,0.0,1.2890247562574328
2015-08-12,HOBBIES_1_007,CA_1,0.0,0.13493839593654686
2015-08-13,HOBBIES_1_007,CA_1,1.0,0.13493839593654686
2015-08-13,HOBBIES_1_007,CA_1,1.0,0.6855409275234488
2015-08-14,HOBBIES_1_007,CA_1,0.0,0.7189038900391566
2015-08-14,HOBBIES_1_007,CA_1,0.0,0.15941930367195953
2015-08-15,HOBBIES_1_007,CA_1,0.0,0.20685791903136733
2015-08-15,HOBBIES_1_007,CA_1,0.0,0.2085975592673554
2015-08-16,HOBBIES_1_007,CA_1,0.0,0.2085975592673554
2015-08-16,HOBBIES_1_007,CA_1,0.0,0.21267585354676247
2015-08-17,HOBBIES_1_007,CA_1,0.0,0.1499723161993213
2015-08-17,HOBBIES_1_007,CA_1,0.0,0.11047965685865896
2015-08-18,HOBBIES_1_007,CA_1,0.0,0.12231682117345559
2015-08-18,HOBBIES_1_007,CA_1,0.0,0.12231682117345559
2015-08-19,HOBBIES_1_007,CA_1,0.0,0.10563629135454598
2015-08-19,HOBBIES_1_007,CA_1,0.0,0.10563629135454598
2015-08-20,HOBBIES_1_007,CA_1,1.0,0.10563629135454598
2015-08-20,HOBBIES_1_007,CA_1,1.0,0.6916531880027033
2015-08-21,HOBBIES_1_007,CA_1,0.0,0.7403595273805489
2015-08-21,HOBBIES_1_007,CA_1,0.0,0.17679664673394488
2015-08-22,HOBBIES_1_007,CA_1,0.0,0.2085975592673554
2015-08-22,HOBBIES_1_007,CA_1,0.0,0.2085975592673554
2015-08-23,HOBBIES_1_007,CA_1,1.0,0.2085975592673554
2015-08-23,HOBBIES_1_007,CA_1,1.0,0.8248920066491369
2015-08-24,HOBBIES_1_007,CA_1,0.0,0.6904693378716502
2015-08-24,HOBBIES_1_007,CA_1,0.0,0.13578851200534126
2015-08-25,HOBBIES_1_007,CA_1,0.0,0.15056751440265567
2015-08-25,HOBBIES_1_007,CA_1,0.0,0.13845932027240726
2015-08-26,HOBBIES_1_007,CA_1,0.0,0.12864813632169358
2015-08-26,HOBBIES_1_007,CA_1,0.0,0.13272643060110065
2015-08-27,HOBBIES_1_007,CA_1,0.0,0.15494013464592205
2015-08-27,HOBBIES_1_007,CA_1,0.0,0.1154474753052597
2015-08-28,HOBBIES_1_007,CA_1,0.0,0.11262256092736005
2015-08-28,HOBBIES_1_007,CA_1,0.0,0.11262256092736005
2015-08-29,HOBBIES_1_007,CA_1,0.0,0.13485265549160044
2015-08-29,HOBBIES_1_007,CA_1,0.0,0.13485265549160044
2015-08-30,HOBBIES_1_007,CA_1,0.0,0.13485265549160044
2015-08-30,HOBBIES_1_007,CA_1,0.0,0.13485265549160044
2015-08-31,HOBBIES_1_007,CA_1,0.0,0.08785753159136596
2015-08-31,HOBBIES_1_007,CA_1,0.0,0.08785753159136596
2015-09-01,HOBBIES_1_007,CA_1,0.0,0.0928253500379667
2015-09-01,HOBBIES_1_007,CA_1,0.0,0.0928253500379667
2015-09-02,HOBBIES_1_007,CA_1,0.0,0.0928253500379667
2015-09-02,HOBBIES_1_007,CA_1,0.0,0.0928253500379667
2015-09-03,HOBBIES_1_007,CA_1,1.0,0.10263653398868039
2015-09-03,HOBBIES_1_007,CA_1,1.0,0.6886534306368375
2015-09-04,HOBBIES_1_007,CA_1,0.0,0.7179712676318549
2015-09-04,HOBBIES_1_007,CA_1,0.0,0.154408386985251
2015-09-05,HOBBIES_1_007,CA_1,0.0,0.17663848154949124
2015-09-05,HOBBIES_1_007,CA_1,0.0,0.17663848154949124
2015-09-06,HOBBIES_1_007,CA_1,0.0,0.18644966550020492
2015-09-06,HOBBIES_1_007,CA_1,0.0,0.19052795977961198
2015-09-07,HOBBIES_1_007,CA_1,0.0,0.1305316172524801
2015-09-07,HOBBIES_1_007,CA_1,0.0,0.09103895791181774
2015-09-08,HOBBIES_1_007,CA_1,0.0,0.08627597751377414
2015-09-08,HOBBIES_1_007,CA_1,0.0,0.08627597751377414
2015-09-09,HOBBIES_1_007,CA_1,0.0,0.08627597751377414
2015-09-09,HOBBIES_1_007,CA_1,0.0,0.08627597751377414
2015-09-10,HOBBIES_1_007,CA_1,0.0,0.08627597751377414
2015-09-10,HOBBIES_1_007,CA_1,0.0,0.08627597751377414
2015-09-11,HOBBIES_1_007,CA_1,0.0,0.10607318840316748
2015-09-11,HOBBIES_1_007,CA_1,0.0,0.10607318840316748
2015-09-12,HOBBIES_1_007,CA_1,0.0,0.12441197617192755
2015-09-12,HOBBIES_1_007,CA_1,0.0,0.12441197617192755
2015-09-13,HOBBIES_1_007,CA_1,1.0,0.12441197617192755
2015-09-13,HOBBIES_1_007,CA_1,1.0,0.7836795584432378
2015-09-14,HOBBIES_1_007,CA_1,0.0,0.6614719081454156
2015-09-14,HOBBIES_1_007,CA_1,0.0,0.11086937655851342
2015-09-15,HOBBIES_1_007,CA_1,0.0,0.11583719500511416
2015-09-15,HOBBIES_1_007,CA_1,0.0,0.11583719500511416
2015-09-16,HOBBIES_1_007,CA_1,0.0,0.11583719500511416
2015-09-16,HOBBIES_1_007,CA_1,0.0,0.11991548928452117
2015-09-17,HOBBIES_1_007,CA_1,0.0,0.14212919332934273
2015-09-17,HOBBIES_1_007,CA_1,0.0,0.10263653398868039
2015-09-18,HOBBIES_1_007,CA_1,1.0,0.10607318840316748
2015-09-18,HOBBIES_1_007,CA_1,1.0,0.7303737877259626
2015-09-19,HOBBIES_1_007,CA_1,0.0,0.7712770383491301
2015-09-19,HOBBIES_1_007,CA_1,0.0,0.17663848154949124
2015-09-20,HOBBIES_1_007,CA_1,0.0,0.17663848154949124
2015-09-20,HOBBIES_1_007,CA_1,0.0,0.17663848154949124
2015-09-21,HOBBIES_1_007,CA_1,1.0,0.11086937655851342
2015-09-21,HOBBIES_1_007,CA_1,1.0,0.6783611437414019
2015-09-22,HOBBIES_1_007,CA_1,0.0,0.6833289621880025
2015-09-22,HOBBIES_1_007,CA_1,0.0,0.12864813632169358
2015-09-23,HOBBIES_1_007,CA_1,0.0,0.12864813632169358
2015-09-23,HOBBIES_1_007,CA_1,0.0,0.12864813632169358
2015-09-24,HOBBIES_1_007,CA_1,0.0,0.12550711273168655
2015-09-24,HOBBIES_1_007,CA_1,0.0,0.1295854070110936
2015-09-25,HOBBIES_1_007,CA_1,0.0,0.19327746110745966
2015-09-25,HOBBIES_1_007,CA_1,0.0,0.13501082067605408
2015-09-26,HOBBIES_1_007,CA_1,0.0,0.1668117332094646
2015-09-26,HOBBIES_1_007,CA_1,0.0,0.1668117332094646
2015-09-27,HOBBIES_1_007,CA_1,1.0,0.17662291716017828
2015-09-27,HOBBIES_1_007,CA_1,1.0,0.8254498201118156
2015-09-28,HOBBIES_1_007,CA_1,3.0,0.6742828494619949
2015-09-28,HOBBIES_1_007,CA_1,3.0,1.9126150150698313
2015-09-29,HOBBIES_1_007,CA_1,1.0,1.704210267790224
2015-09-29,HOBBIES_1_007,CA_1,1.0,0.6685372910885481
2015-09-30,HOBBIES_1_007,CA_1,0.0,0.683965120745788
2015-09-30,HOBBIES_1_007,CA_1,0.0,0.13744088343829328
2015-10-01,HOBBIES_1_007,CA_1,1.0,0.13744088343829328
2015-10-01,HOBBIES_1_007,CA_1,1.0,0.691313450199752
2015-10-02,HOBBIES_1_007,CA_1,0.0,0.7677028957949062
2015-10-02,HOBBIES_1_007,CA_1,0.0,0.24389646305319218
2015-10-03,HOBBIES_1_007,CA_1,1.0,0.27170412615128403
2015-10-03,HOBBIES_1_007,CA_1,1.0,0.8622643886715156
2015-10-04,HOBBIES_1_007,CA_1,0.0,0.8564464541561204
2015-10-04,HOBBIES_1_007,CA_1,0.0,0.2658861916358889
2015-10-05,HOBBIES_1_007,CA_1,0.0,0.22967426676367236
2015-10-05,HOBBIES_1_007,CA_1,0.0,0.2255959724842653
2015-10-06,HOBBIES_1_007,CA_1,0.0,0.182207006753728
2015-10-06,HOBBIES_1_007,CA_1,0.0,0.18628530103313506
2015-10-07,HOBBIES_1_007,CA_1,0.0,0.1986878211272428
2015-10-07,HOBBIES_1_007,CA_1,0.0,0.15919516178658058
2015-10-08,HOBBIES_1_007,CA_1,0.0,0.15919516178658058
2015-10-08,HOBBIES_1_007,CA_1,0.0,0.15919516178658058
2015-10-09,HOBBIES_1_007,CA_1,0.0,0.1940390932805758
2015-10-09,HOBBIES_1_007,CA_1,0.0,0.1940390932805758
2015-10-10,HOBBIES_1_007,CA_1,0.0,0.2258400058139863
2015-10-10,HOBBIES_1_007,CA_1,0.0,0.2258400058139863
2015-10-11,HOBBIES_1_007,CA_1,0.0,0.23565118976469998
2015-10-11,HOBBIES_1_007,CA_1,0.0,0.22022336010746005
2015-10-12,HOBBIES_1_007,CA_1,0.0,0.19641737427820216
2015-10-12,HOBBIES_1_007,CA_1,0.0,0.19641737427820216
2015-10-13,HOBBIES_1_007,CA_1,0.0,0.1154474753052597
2015-10-13,HOBBIES_1_007,CA_1,0.0,0.1154474753052597
2015-10-14,HOBBIES_1_007,CA_1,0.0,0.0928253500379667
2015-10-14,HOBBIES_1_007,CA_1,0.0,0.0928253500379667
2015-10-15,HOBBIES_1_007,CA_1,0.0,0.10263653398868039
2015-10-15,HOBBIES_1_007,CA_1,0.0,0.10263653398868039
2015-10-16,HOBBIES_1_007,CA_1,0.0,0.10607318840316748
2015-10-16,HOBBIES_1_007,CA_1,0.0,0.10607318840316748
2015-10-17,HOBBIES_1_007,CA_1,0.0,0.13422316012264135
2015-10-17,HOBBIES_1_007,CA_1,0.0,0.13422316012264135
2015-10-18,HOBBIES_1_007,CA_1,0.0,0.1050550723814981
2015-10-18,HOBBIES_1_007,CA_1,0.0,0.1050550723814981
2015-10-19,HOBBIES_1_007,CA_1,0.0,0.06195125527674398
2015-10-19,HOBBIES_1_007,CA_1,0.0,0.06195125527674398
2015-10-20,HOBBIES_1_007,CA_1,0.0,0.06691907372334471
2015-10-20,HOBBIES_1_007,CA_1,0.0,0.06691907372334471
2015-10-21,HOBBIES_1_007,CA_1,0.0,0.06691907372334471
2015-10-21,HOBBIES_1_007,CA_1,0.0,0.06691907372334471
2015-10-22,HOBBIES_1_007,CA_1,0.0,0.06691907372334471
2015-10-22,HOBBIES_1_007,CA_1,0.0,0.06691907372334471
2015-10-23,HOBBIES_1_007,CA_1,0.0,0.08671628461273806
2015-10-23,HOBBIES_1_007,CA_1,0.0,0.08671628461273806
2015-10-24,HOBBIES_1_007,CA_1,1.0,0.1050550723814981
2015-10-24,HOBBIES_1_007,CA_1,1.0,0.7732388791235649
2015-10-25,HOBBIES_1_007,CA_1,0.0,0.7608363590294572
2015-10-25,HOBBIES_1_007,CA_1,0.0,0.16619780222981848
2015-10-26,HOBBIES_1_007,CA_1,0.0,0.10432000403432082
2015-10-26,HOBBIES_1_007,CA_1,0.0,0.10432000403432082
2015-10-27,HOBBIES_1_007,CA_1,0.0,0.10928782248092156
2015-10-27,HOBBIES_1_007,CA_1,0.0,0.11336611676032857
2015-10-28,HOBBIES_1_007,CA_1,0.0,0.1257686368544365
2015-10-28,HOBBIES_1_007,CA_1,0.0,0.08627597751377414
2015-10-29,HOBBIES_1_007,CA_1,0.0,0.08627597751377414
2015-10-29,HOBBIES_1_007,CA_1,0.0,0.08627597751377414
2015-10-30,HOBBIES_1_007,CA_1,1.0,0.10607318840316748
2015-10-30,HOBBIES_1_007,CA_1,1.0,0.7303737877259626
2015-10-31,HOBBIES_1_007,CA_1,0.0,0.7681360147591231
2015-10-31,HOBBIES_1_007,CA_1,0.0,0.1734974579594842
2015-11-01,HOBBIES_1_007,CA_1,0.0,0.17663848154949124
2015-11-01,HOBBIES_1_007,CA_1,0.0,0.17663848154949124
2015-11-02,HOBBIES_1_007,CA_1,2.0,0.11086937655851342
2015-11-02,HOBBIES_1_007,CA_1,2.0,1.2607847070055571
2015-11-03,HOBBIES_1_007,CA_1,0.0,1.2904799736096977
2015-11-03,HOBBIES_1_007,CA_1,0.0,0.12283020180629843
2015-11-04,HOBBIES_1_007,CA_1,0.0,0.12283020180629843
2015-11-04,HOBBIES_1_007,CA_1,0.0,0.12283020180629843
2015-11-05,HOBBIES_1_007,CA_1,0.0,0.12283020180629843
2015-11-05,HOBBIES_1_007,CA_1,0.0,0.1269084960857055
2015-11-06,HOBBIES_1_007,CA_1,0.0,0.18087494101335194
2015-11-06,HOBBIES_1_007,CA_1,0.0,0.13501082067605408
2015-11-07,HOBBIES_1_007,CA_1,2.0,0.17662291716017828
2015-11-07,HOBBIES_1_007,CA_1,2.0,1.546063776095642
2015-11-08,HOBBIES_1_007,CA_1,0.0,1.4974158029007307
2015-11-08,HOBBIES_1_007,CA_1,0.0,0.220357221054696
2015-11-09,HOBBIES_1_007,CA_1,3.0,0.14665110730885556
2015-11-09,HOBBIES_1_007,CA_1,3.0,1.7224283903354412
2015-11-10,HOBBIES_1_007,CA_1,0.0,1.6699915176709608
2015-11-10,HOBBIES_1_007,CA_1,0.0,0.13744088343829328
2015-11-11,HOBBIES_1_007,CA_1,1.0,0.13429985984828624
2015-11-11,HOBBIES_1_007,CA_1,1.0,0.7317654661192429
2015-11-12,HOBBIES_1_007,CA_1,0.0,0.7541446425091438
2015-11-12,HOBBIES_1_007,CA_1,0.0,0.2276544254995476
2015-11-13,HOBBIES_1_007,CA_1,0.0,0.3341100051144465
2015-11-13,HOBBIES_1_007,CA_1,0.0,0.27437227127515756
2015-11-14,HOBBIES_1_007,CA_1,0.0,0.32336073427824563
2015-11-14,HOBBIES_1_007,CA_1,0.0,0.32743902855765267
2015-11-15,HOBBIES_1_007,CA_1,0.0,0.2841066462453918
2015-11-15,HOBBIES_1_007,CA_1,0.0,0.2258400058139863
2015-11-16,HOBBIES_1_007,CA_1,0.0,0.2025841275171179
2015-11-16,HOBBIES_1_007,CA_1,0.0,0.2025841275171179
2015-11-17,HOBBIES_1_007,CA_1,0.0,0.11774448548479453
2015-11-17,HOBBIES_1_007,CA_1,0.0,0.11774448548479453
2015-11-18,HOBBIES_1_007,CA_1,0.0,0.11774448548479453
2015-11-18,HOBBIES_1_007,CA_1,0.0,0.11774448548479453
2015-11-19,HOBBIES_1_007,CA_1,0.0,0.11774448548479453
2015-11-19,HOBBIES_1_007,CA_1,0.0,0.11774448548479453
2015-11-20,HOBBIES_1_007,CA_1,0.0,0.1525884169787898
2015-11-20,HOBBIES_1_007,CA_1,0.0,0.1525884169787898
2015-11-21,HOBBIES_1_007,CA_1,0.0,0.194200513462914
2015-11-21,HOBBIES_1_007,CA_1,0.0,0.194200513462914
2015-11-22,HOBBIES_1_007,CA_1,0.0,0.1668117332094646
2015-11-22,HOBBIES_1_007,CA_1,0.0,0.1668117332094646
2015-11-23,HOBBIES_1_007,CA_1,0.0,0.1745783813033094
2015-11-23,HOBBIES_1_007,CA_1,0.0,0.1745783813033094
2015-11-24,HOBBIES_1_007,CA_1,0.0,0.08627597751377414
2015-11-24,HOBBIES_1_007,CA_1,0.0,0.08627597751377414
2015-11-25,HOBBIES_1_007,CA_1,0.0,0.09608716146448783
2015-11-25,HOBBIES_1_007,CA_1,0.0,0.09608716146448783
2015-11-26,HOBBIES_1_007,CA_1,0.0,0.06377805013333768
2015-11-26,HOBBIES_1_007,CA_1,0.0,0.06377805013333768
2015-11-27,HOBBIES_1_007,CA_1,0.0,0.08671628461273806
2015-11-27,HOBBIES_1_007,CA_1,0.0,0.08671628461273806
2015-11-28,HOBBIES_1_007,CA_1,0.0,0.1050550723814981
2015-11-28,HOBBIES_1_007,CA_1,0.0,0.1050550723814981
2015-11-29,HOBBIES_1_007,CA_1,0.0,0.1050550723814981
2015-11-29,HOBBIES_1_007,CA_1,0.0,0.1050550723814981
2015-11-30,HOBBIES_1_007,CA_1,0.0,0.06195125527674398
2015-11-30,HOBBIES_1_007,CA_1,0.0,0.06195125527674398
2015-12-01,HOBBIES_1_007,CA_1,0.0,0.06691907372334471
2015-12-01,HOBBIES_1_007,CA_1,0.0,0.06691907372334471
2015-12-02,HOBBIES_1_007,CA_1,0.0,0.06691907372334471
2015-12-02,HOBBIES_1_007,CA_1,0.0,0.06691907372334471
2015-12-03,HOBBIES_1_007,CA_1,0.0,0.06691907372334471
2015-12-03,HOBBIES_1_007,CA_1,0.0,0.06691907372334471
2015-12-04,HOBBIES_1_007,CA_1,0.0,0.08671628461273806
2015-12-04,HOBBIES_1_007,CA_1,0.0,0.08671628461273806
2015-12-05,HOBBIES_1_007,CA_1,1.0,0.1050550723814981
2015-12-05,HOBBIES_1_007,CA_1,1.0,0.7732388791235649
2015-12-06,HOBBIES_1_007,CA_1,0.0,0.7608363590294572
2015-12-06,HOBBIES_1_007,CA_1,0.0,0.16619780222981848
2015-12-07,HOBBIES_1_007,CA_1,0.0,0.10432000403432082
2015-12-07,HOBBIES_1_007,CA_1,0.0,0.10432000403432082
2015-12-08,HOBBIES_1_007,CA_1,0.0,0.10928782248092156
2015-12-08,HOBBIES_1_007,CA_1,0.0,0.11336611676032857
2015-12-09,HOBBIES_1_007,CA_1,0.0,0.1257686368544365
2015-12-09,HOBBIES_1_007,CA_1,0.0,0.08627597751377414
2015-12-10,HOBBIES_1_007,CA_1,1.0,0.08627597751377414
2015-12-10,HOBBIES_1_007,CA_1,1.0,0.6788422466861239
2015-12-11,HOBBIES_1_007,CA_1,0.0,0.7179712676318549
2015-12-11,HOBBIES_1_007,CA_1,0.0,0.154408386985251
2015-12-12,HOBBIES_1_007,CA_1,0.0,0.17663848154949124
2015-12-12,HOBBIES_1_007,CA_1,0.0,0.17663848154949124
2015-12-13,HOBBIES_1_007,CA_1,0.0,0.17663848154949124
2015-12-13,HOBBIES_1_007,CA_1,0.0,0.1807167758288983
2015-12-14,HOBBIES_1_007,CA_1,0.0,0.13708098977667266
2015-12-14,HOBBIES_1_007,CA_1,0.0,0.0975883304360103
2015-12-15,HOBBIES_1_007,CA_1,1.0,0.0928253500379667
2015-12-15,HOBBIES_1_007,CA_1,1.0,0.6916531880027033
2015-12-16,HOBBIES_1_007,CA_1,0.0,0.6792506679085956
2015-12-16,HOBBIES_1_007,CA_1,0.0,0.12864813632169358
2015-12-17,HOBBIES_1_007,CA_1,0.0,0.12864813632169358
2015-12-17,HOBBIES_1_007,CA_1,0.0,0.12864813632169358
2015-12-18,HOBBIES_1_007,CA_1,1.0,0.17679664673394488
2015-12-18,HOBBIES_1_007,CA_1,1.0,0.7444378216599559
2015-12-19,HOBBIES_1_007,CA_1,1.0,0.8171255942971148
2015-12-19,HOBBIES_1_007,CA_1,1.0,0.8130473000177079
2015-12-20,HOBBIES_1_007,CA_1,1.0,0.7974181815515992
2015-12-20,HOBBIES_1_007,CA_1,1.0,0.8149957778543347
2015-12-21,HOBBIES_1_007,CA_1,0.0,0.6375466259974016
2015-12-21,HOBBIES_1_007,CA_1,0.0,0.09102238868990635
2015-12-22,HOBBIES_1_007,CA_1,2.0,0.13901669021595392
2015-12-22,HOBBIES_1_007,CA_1,2.0,1.2500765674573935
2015-12-23,HOBBIES_1_007,CA_1,1.0,1.2500765674573935
2015-12-23,HOBBIES_1_007,CA_1,1.0,0.688043415025195
2015-12-24,HOBBIES_1_007,CA_1,0.0,0.6978545989759086
2015-12-24,HOBBIES_1_007,CA_1,0.0,0.1431737731095999
2015-12-25,HOBBIES_1_007,CA_1,0.0,0.18383947815361787
2015-12-25,HOBBIES_1_007,CA_1,0.0,0.18791777243302493
2015-12-26,HOBBIES_1_007,CA_1,0.0,0.2658861916358889
2015-12-26,HOBBIES_1_007,CA_1,0.0,0.27170412615128403
2015-12-27,HOBBIES_1_007,CA_1,0.0,0.2841066462453918
2015-12-27,HOBBIES_1_007,CA_1,0.0,0.2258400058139863
2015-12-28,HOBBIES_1_007,CA_1,0.0,0.15422734333997984
2015-12-28,HOBBIES_1_007,CA_1,0.0,0.15422734333997984
2015-12-29,HOBBIES_1_007,CA_1,0.0,0.1856868755562037
2015-12-29,HOBBIES_1_007,CA_1,0.0,0.17025904589896376
2015-12-30,HOBBIES_1_007,CA_1,0.0,0.11774448548479453
2015-12-30,HOBBIES_1_007,CA_1,0.0,0.11774448548479453
2015-12-31,HOBBIES_1_007,CA_1,0.0,0.11774448548479453
2015-12-31,HOBBIES_1_007,CA_1,0.0,0.11774448548479453
2016-01-01,HOBBIES_1_007,CA_1,1.0,0.15925857733949644
2016-01-01,HOBBIES_1_007,CA_1,1.0,0.777009804138099
2016-01-02,HOBBIES_1_007,CA_1,1.0,0.8306248963204437
2016-01-02,HOBBIES_1_007,CA_1,1.0,0.8306248963204437
2016-01-03,HOBBIES_1_007,CA_1,0.0,0.8248069618050485
2016-01-03,HOBBIES_1_007,CA_1,0.0,0.23016840500540967
2016-01-04,HOBBIES_1_007,CA_1,0.0,0.12997057748994612
2016-01-04,HOBBIES_1_007,CA_1,0.0,0.13404887176935318
2016-01-05,HOBBIES_1_007,CA_1,0.0,0.15464580868206274
2016-01-05,HOBBIES_1_007,CA_1,0.0,0.14253761455181432
2016-01-06,HOBBIES_1_007,CA_1,2.0,0.15494013464592205
2016-01-06,HOBBIES_1_007,CA_1,2.0,1.3350496525252016
2016-01-07,HOBBIES_1_007,CA_1,2.0,1.2832606557402833
2016-01-07,HOBBIES_1_007,CA_1,2.0,1.242857249587979
2016-01-08,HOBBIES_1_007,CA_1,0.0,1.3552298189589882
2016-01-08,HOBBIES_1_007,CA_1,0.0,0.1455298254418388
2016-01-09,HOBBIES_1_007,CA_1,2.0,0.17733073797524931
2016-01-09,HOBBIES_1_007,CA_1,2.0,1.4584676141006911
2016-01-10,HOBBIES_1_007,CA_1,1.0,1.4584676141006911
2016-01-10,HOBBIES_1_007,CA_1,1.0,0.8845792717886387
2016-01-11,HOBBIES_1_007,CA_1,0.0,0.7532551183419501
2016-01-11,HOBBIES_1_007,CA_1,0.0,0.21533827759898264
2016-01-12,HOBBIES_1_007,CA_1,0.0,0.22030609604558338
2016-01-12,HOBBIES_1_007,CA_1,0.0,0.22438439032499044
2016-01-13,HOBBIES_1_007,CA_1,0.0,0.2840914032233463
2016-01-13,HOBBIES_1_007,CA_1,0.0,0.28990933773874145
2016-01-14,HOBBIES_1_007,CA_1,0.0,0.3023118578328492
2016-01-14,HOBBIES_1_007,CA_1,0.0,0.26281919849218716
2016-01-15,HOBBIES_1_007,CA_1,0.0,0.2907937841179868
2016-01-15,HOBBIES_1_007,CA_1,0.0,0.232586445217267
2016-01-16,HOBBIES_1_007,CA_1,1.0,0.29138609217106876
2016-01-16,HOBBIES_1_007,CA_1,1.0,0.9402129951227055
2016-01-17,HOBBIES_1_007,CA_1,0.0,0.8622643886715156
2016-01-17,HOBBIES_1_007,CA_1,0.0,0.267625831871877
2016-01-18,HOBBIES_1_007,CA_1,0.0,0.1869699871517716
2016-01-18,HOBBIES_1_007,CA_1,0.0,0.1869699871517716
2016-01-19,HOBBIES_1_007,CA_1,0.0,0.182207006753728
2016-01-19,HOBBIES_1_007,CA_1,0.0,0.18628530103313506
2016-01-20,HOBBIES_1_007,CA_1,0.0,0.20849900507795646
2016-01-20,HOBBIES_1_007,CA_1,0.0,0.16900634573729426
2016-01-21,HOBBIES_1_007,CA_1,0.0,0.1275556694355083
2016-01-21,HOBBIES_1_007,CA_1,0.0,0.1275556694355083
2016-01-22,HOBBIES_1_007,CA_1,0.0,0.13501082067605408
2016-01-22,HOBBIES_1_007,CA_1,0.0,0.13501082067605408
2016-01-23,HOBBIES_1_007,CA_1,0.0,0.17662291716017828
2016-01-23,HOBBIES_1_007,CA_1,0.0,0.17662291716017828
2016-01-24,HOBBIES_1_007,CA_1,0.0,0.14466383944231412
2016-01-24,HOBBIES_1_007,CA_1,0.0,0.14466383944231412
2016-01-25,HOBBIES_1_007,CA_1,1.0,0.0813081590671734
2016-01-25,HOBBIES_1_007,CA_1,1.0,0.6738744282395233
2016-01-26,HOBBIES_1_007,CA_1,1.0,0.6664397265920162
2016-01-26,HOBBIES_1_007,CA_1,1.0,0.6792506679085956
2016-01-27,HOBBIES_1_007,CA_1,1.0,0.6734327333932004
2016-01-27,HOBBIES_1_007,CA_1,1.0,0.6734327333932004
2016-01-28,HOBBIES_1_007,CA_1,0.0,0.6304062503137539
2016-01-28,HOBBIES_1_007,CA_1,0.0,0.08388201300625864
2016-01-29,HOBBIES_1_007,CA_1,0.0,0.1750570064979568
2016-01-29,HOBBIES_1_007,CA_1,0.0,0.1750570064979568
2016-01-30,HOBBIES_1_007,CA_1,0.0,0.22248703749747614
2016-01-30,HOBBIES_1_007,CA_1,0.0,0.22248703749747614
2016-01-31,HOBBIES_1_007,CA_1,1.0,0.2250783736408702
2016-01-31,HOBBIES_1_007,CA_1,1.0,0.815638636161102
2016-02-01,HOBBIES_1_007,CA_1,0.0,0.6742828494619949
2016-02-01,HOBBIES_1_007,CA_1,0.0,0.12368031787509284
2016-02-02,HOBBIES_1_007,CA_1,0.0,0.12864813632169358
2016-02-02,HOBBIES_1_007,CA_1,0.0,0.12864813632169358
2016-02-03,HOBBIES_1_007,CA_1,0.0,0.12864813632169358
2016-02-03,HOBBIES_1_007,CA_1,0.0,0.13272643060110065
2016-02-04,HOBBIES_1_007,CA_1,0.0,0.14512895069520837
2016-02-04,HOBBIES_1_007,CA_1,0.0,0.10563629135454598
2016-02-05,HOBBIES_1_007,CA_1,0.0,0.13501082067605408
2016-02-05,HOBBIES_1_007,CA_1,0.0,0.13501082067605408
2016-02-06,HOBBIES_1_007,CA_1,2.0,0.1668117332094646
2016-02-06,HOBBIES_1_007,CA_1,2.0,1.5362525921449282
2016-02-07,HOBBIES_1_007,CA_1,1.0,1.4942747793107236
2016-02-07,HOBBIES_1_007,CA_1,1.0,0.8378776009088735
2016-02-08,HOBBIES_1_007,CA_1,0.0,0.688808486249901
2016-02-08,HOBBIES_1_007,CA_1,0.0,0.1227781250057592
2016-02-09,HOBBIES_1_007,CA_1,0.0,0.10172309680781379
2016-02-09,HOBBIES_1_007,CA_1,0.0,0.1058013910872208
2016-02-10,HOBBIES_1_007,CA_1,0.0,0.14568685057666056
2016-02-10,HOBBIES_1_007,CA_1,0.0,0.1515047850920557
2016-02-11,HOBBIES_1_007,CA_1,0.0,0.14512895069520837
2016-02-11,HOBBIES_1_007,CA_1,0.0,0.10563629135454598
2016-02-12,HOBBIES_1_007,CA_1,0.0,0.13501082067605408
2016-02-12,HOBBIES_1_007,CA_1,0.0,0.13501082067605408
2016-02-13,HOBBIES_1_007,CA_1,0.0,0.2225466356158333
2016-02-13,HOBBIES_1_007,CA_1,0.0,0.2225466356158333
2016-02-14,HOBBIES_1_007,CA_1,0.0,0.17348189357017124
2016-02-14,HOBBIES_1_007,CA_1,0.0,0.17348189357017124
2016-02-15,HOBBIES_1_007,CA_1,0.0,0.11039927175258958
2016-02-15,HOBBIES_1_007,CA_1,0.0,0.11039927175258958
2016-02-16,HOBBIES_1_007,CA_1,0.0,0.10563629135454598
2016-02-16,HOBBIES_1_007,CA_1,0.0,0.10563629135454598
2016-02-17,HOBBIES_1_007,CA_1,1.0,0.10249526776453895
2016-02-17,HOBBIES_1_007,CA_1,1.0,0.6885121644126962
2016-02-18,HOBBIES_1_007,CA_1,1.0,0.6792506679085956
2016-02-18,HOBBIES_1_007,CA_1,1.0,0.6913588620388439
2016-02-19,HOBBIES_1_007,CA_1,0.0,0.7521191891678893
2016-02-19,HOBBIES_1_007,CA_1,0.0,0.18855630852128547
2016-02-20,HOBBIES_1_007,CA_1,0.0,0.23016840500540967
2016-02-20,HOBBIES_1_007,CA_1,0.0,0.216669102982081
2016-02-21,HOBBIES_1_007,CA_1,0.0,0.22248703749747614
2016-02-21,HOBBIES_1_007,CA_1,0.0,0.22248703749747614
2016-02-22,HOBBIES_1_007,CA_1,0.0,0.12735019093202832
2016-02-22,HOBBIES_1_007,CA_1,0.0,0.08785753159136596
2016-02-23,HOBBIES_1_007,CA_1,1.0,0.0928253500379667
2016-02-23,HOBBIES_1_007,CA_1,1.0,0.6916531880027033
2016-02-24,HOBBIES_1_007,CA_1,0.0,0.6792506679085956
2016-02-24,HOBBIES_1_007,CA_1,0.0,0.12864813632169358
2016-02-25,HOBBIES_1_007,CA_1,1.0,0.12864813632169358
2016-02-25,HOBBIES_1_007,CA_1,1.0,0.6792506679085956
2016-02-26,HOBBIES_1_007,CA_1,0.0,0.7345415928651537
2016-02-26,HOBBIES_1_007,CA_1,0.0,0.1750570064979568
2016-02-27,HOBBIES_1_007,CA_1,0.0,0.21267585354676247
2016-02-27,HOBBIES_1_007,CA_1,0.0,0.2085975592673554
2016-02-28,HOBBIES_1_007,CA_1,0.0,0.2085975592673554
2016-02-28,HOBBIES_1_007,CA_1,0.0,0.21267585354676247
2016-02-29,HOBBIES_1_007,CA_1,1.0,0.14016113224860763
2016-02-29,HOBBIES_1_007,CA_1,1.0,0.6987935636863509
2016-03-01,HOBBIES_1_007,CA_1,0.0,0.6913588620388439
2016-03-01,HOBBIES_1_007,CA_1,0.0,0.140756330451942
2016-03-02,HOBBIES_1_007,CA_1,0.0,0.15056751440265567
2016-03-02,HOBBIES_1_007,CA_1,0.0,0.15056751440265567
2016-03-03,HOBBIES_1_007,CA_1,1.0,0.13845932027240726
2016-03-03,HOBBIES_1_007,CA_1,1.0,0.6931401461387161
2016-03-04,HOBBIES_1_007,CA_1,0.0,0.7444378216599559
2016-03-04,HOBBIES_1_007,CA_1,0.0,0.17679664673394488
2016-03-05,HOBBIES_1_007,CA_1,0.0,0.2085975592673554
2016-03-05,HOBBIES_1_007,CA_1,0.0,0.2085975592673554
2016-03-06,HOBBIES_1_007,CA_1,1.0,0.2085975592673554
2016-03-06,HOBBIES_1_007,CA_1,1.0,0.8248920066491369
2016-03-07,HOBBIES_1_007,CA_1,0.0,0.6904693378716502
2016-03-07,HOBBIES_1_007,CA_1,0.0,0.13578851200534126
2016-03-08,HOBBIES_1_007,CA_1,0.0,0.15056751440265567
2016-03-08,HOBBIES_1_007,CA_1,0.0,0.15056751440265567
2016-03-09,HOBBIES_1_007,CA_1,0.0,0.12864813632169358
2016-03-09,HOBBIES_1_007,CA_1,0.0,0.13272643060110065
2016-03-10,HOBBIES_1_007,CA_1,0.0,0.15494013464592205
2016-03-10,HOBBIES_1_007,CA_1,0.0,0.1154474753052597
2016-03-11,HOBBIES_1_007,CA_1,1.0,0.13501082067605408
2016-03-11,HOBBIES_1_007,CA_1,1.0,0.7527620474746566
2016-03-12,HOBBIES_1_007,CA_1,2.0,0.8032361160669943
2016-03-12,HOBBIES_1_007,CA_1,2.0,1.4974158029007307
2016-03-13,HOBBIES_1_007,CA_1,1.0,1.4543893198212838
2016-03-13,HOBBIES_1_007,CA_1,1.0,0.7979921414194341
2016-03-14,HOBBIES_1_007,CA_1,0.0,0.688808486249901
2016-03-14,HOBBIES_1_007,CA_1,0.0,0.12685641928516628
2016-03-15,HOBBIES_1_007,CA_1,0.0,0.09599020713650709
2016-03-15,HOBBIES_1_007,CA_1,0.0,0.09599020713650709
2016-03-16,HOBBIES_1_007,CA_1,1.0,0.13901669021595392
2016-03-16,HOBBIES_1_007,CA_1,1.0,0.7214600029627967
2016-03-17,HOBBIES_1_007,CA_1,0.0,0.7435579929807433
2016-03-17,HOBBIES_1_007,CA_1,0.0,0.1734493374571947
2016-03-18,HOBBIES_1_007,CA_1,2.0,0.1943742430366806
2016-03-18,HOBBIES_1_007,CA_1,2.0,1.3982563020384349
2016-03-19,HOBBIES_1_007,CA_1,0.0,1.5101242222276527
2016-03-19,HOBBIES_1_007,CA_1,0.0,0.27859461096281085
2016-03-20,HOBBIES_1_007,CA_1,0.0,0.2756973755866027
2016-03-20,HOBBIES_1_007,CA_1,0.0,0.27161908130719564
2016-03-21,HOBBIES_1_007,CA_1,1.0,0.17142125379173212
2016-03-21,HOBBIES_1_007,CA_1,1.0,0.7261020796580407
2016-03-22,HOBBIES_1_007,CA_1,0.0,0.7310698981046414
2016-03-22,HOBBIES_1_007,CA_1,0.0,0.182207006753728
2016-03-23,HOBBIES_1_007,CA_1,0.0,0.182207006753728
2016-03-23,HOBBIES_1_007,CA_1,0.0,0.182207006753728
2016-03-24,HOBBIES_1_007,CA_1,1.0,0.17906598316372097
2016-03-24,HOBBIES_1_007,CA_1,1.0,0.7846881779934914
2016-03-25,HOBBIES_1_007,CA_1,0.0,0.9391917023849152
2016-03-25,HOBBIES_1_007,CA_1,0.0,0.3301071736815262
2016-03-26,HOBBIES_1_007,CA_1,0.0,0.2774370158225908
2016-03-26,HOBBIES_1_007,CA_1,0.0,0.2774370158225908
2016-03-27,HOBBIES_1_007,CA_1,0.0,0.23284531593079777
2016-03-27,HOBBIES_1_007,CA_1,0.0,0.23692361021020483
2016-03-28,HOBBIES_1_007,CA_1,1.0,0.15226932637885604
2016-03-28,HOBBIES_1_007,CA_1,1.0,0.6987935636863509
2016-03-29,HOBBIES_1_007,CA_1,2.0,0.6913588620388439
2016-03-29,HOBBIES_1_007,CA_1,2.0,1.2890247562574328
2016-03-30,HOBBIES_1_007,CA_1,0.0,1.2558094571286997
2016-03-30,HOBBIES_1_007,CA_1,0.0,0.1431737731095999
2016-03-31,HOBBIES_1_007,CA_1,0.0,0.1333625891588862
2016-03-31,HOBBIES_1_007,CA_1,0.0,0.13744088343829328
2016-04-01,HOBBIES_1_007,CA_1,1.0,0.24389646305319218
2016-04-01,HOBBIES_1_007,CA_1,1.0,0.7920315140425559
2016-04-02,HOBBIES_1_007,CA_1,0.0,0.8190740721337417
2016-04-02,HOBBIES_1_007,CA_1,0.0,0.22617515557009113
2016-04-03,HOBBIES_1_007,CA_1,0.0,0.22617515557009113
2016-04-03,HOBBIES_1_007,CA_1,0.0,0.22617515557009113
2016-04-04,HOBBIES_1_007,CA_1,0.0,0.14559969595605493
2016-04-04,HOBBIES_1_007,CA_1,0.0,0.149677990235462
2016-04-05,HOBBIES_1_007,CA_1,0.0,0.17391767464436622
2016-04-05,HOBBIES_1_007,CA_1,0.0,0.13442501530370404
2016-04-06,HOBBIES_1_007,CA_1,0.0,0.11774448548479453
2016-04-06,HOBBIES_1_007,CA_1,0.0,0.11774448548479453
2016-04-07,HOBBIES_1_007,CA_1,0.0,0.1275556694355083
2016-04-07,HOBBIES_1_007,CA_1,0.0,0.1275556694355083
2016-04-08,HOBBIES_1_007,CA_1,0.0,0.13501082067605408
2016-04-08,HOBBIES_1_007,CA_1,0.0,0.13501082067605408
2016-04-09,HOBBIES_1_007,CA_1,1.0,0.1668117332094646
2016-04-09,HOBBIES_1_007,CA_1,1.0,0.8332162324638376
2016-04-10,HOBBIES_1_007,CA_1,1.0,0.8208137123697299
2016-04-10,HOBBIES_1_007,CA_1,1.0,0.8208137123697299
2016-04-11,HOBBIES_1_007,CA_1,0.0,0.6903842930275619
2016-04-11,HOBBIES_1_007,CA_1,0.0,0.1397817614406598
2016-04-12,HOBBIES_1_007,CA_1,1.0,0.14474957988726053
2016-04-12,HOBBIES_1_007,CA_1,1.0,0.6994304057535695
2016-04-13,HOBBIES_1_007,CA_1,0.0,0.6775110276726074
2016-04-13,HOBBIES_1_007,CA_1,0.0,0.1269084960857055
2016-04-14,HOBBIES_1_007,CA_1,0.0,0.13272643060110065
2016-04-14,HOBBIES_1_007,CA_1,0.0,0.12864813632169358
2016-04-15,HOBBIES_1_007,CA_1,0.0,0.18660783068465855
2016-04-15,HOBBIES_1_007,CA_1,0.0,0.19068612496406562
2016-04-16,HOBBIES_1_007,CA_1,0.0,0.2250783736408702
2016-04-16,HOBBIES_1_007,CA_1,0.0,0.1668117332094646
2016-04-17,HOBBIES_1_007,CA_1,0.0,0.1668117332094646
2016-04-17,HOBBIES_1_007,CA_1,0.0,0.1668117332094646
2016-04-18,HOBBIES_1_007,CA_1,1.0,0.10066847290794524
2016-04-18,HOBBIES_1_007,CA_1,1.0,0.6866853695561026
2016-04-19,HOBBIES_1_007,CA_1,0.0,0.6792506679085956
2016-04-19,HOBBIES_1_007,CA_1,0.0,0.12864813632169358
2016-04-20,HOBBIES_1_007,CA_1,1.0,0.12864813632169358
2016-04-20,HOBBIES_1_007,CA_1,1.0,0.6913588620388439
2016-04-21,HOBBIES_1_007,CA_1,0.0,0.6855409275234488
2016-04-21,HOBBIES_1_007,CA_1,0.0,0.13901669021595392
2016-04-22,HOBBIES_1_007,CA_1,0.0,0.19845253731608767
2016-04-22,HOBBIES_1_007,CA_1,0.0,0.1943742430366806
2016-04-23,HOBBIES_1_007,CA_1,1.0,0.2359863395208048
2016-04-23,HOBBIES_1_007,CA_1,1.0,0.8347031905998507
2016-04-24,HOBBIES_1_007,CA_1,1.0,0.8347031905998507
2016-04-24,HOBBIES_1_007,CA_1,1.0,0.8306248963204437
2015-06-04,HOBBIES_1_008,CA_1,6.0,8.626681993608125
2015-06-04,HOBBIES_1_008,CA_1,6.0,6.44248636320236
2015-06-05,HOBBIES_1_008,CA_1,4.0,7.155536843721013
2015-06-05,HOBBIES_1_008,CA_1,4.0,6.16576258461139
2015-06-06,HOBBIES_1_008,CA_1,6.0,6.233064192123576
2015-06-06,HOBBIES_1_008,CA_1,6.0,7.240994355426257
2015-06-07,HOBBIES_1_008,CA_1,26.0,7.232811340634097
2015-06-07,HOBBIES_1_008,CA_1,26.0,15.876160867017534
2015-06-08,HOBBIES_1_008,CA_1,4.0,13.923797336138465
2015-06-08,HOBBIES_1_008,CA_1,4.0,5.43166157124664
2015-06-09,HOBBIES_1_008,CA_1,1.0,5.321584588662359
2015-06-09,HOBBIES_1_008,CA_1,1.0,2.921615543923178
2015-06-10,HOBBIES_1_008,CA_1,5.0,3.8112609522009
2015-06-10,HOBBIES_1_008,CA_1,5.0,6.144988823909572
2015-06-11,HOBBIES_1_008,CA_1,0.0,7.686754391790861
2015-06-11,HOBBIES_1_008,CA_1,0.0,2.736783744135371
2015-06-12,HOBBIES_1_008,CA_1,7.0,3.2325097986872415
2015-06-12,HOBBIES_1_008,CA_1,7.0,8.351482295056385
2015-06-13,HOBBIES_1_008,CA_1,7.0,8.527870716006406
2015-06-13,HOBBIES_1_008,CA_1,7.0,8.344405188885414
2015-06-14,HOBBIES_1_008,CA_1,19.0,8.192911009555038
2015-06-14,HOBBIES_1_008,CA_1,19.0,14.117346458744144
2015-06-15,HOBBIES_1_008,CA_1,3.0,11.853323386896438
2015-06-15,HOBBIES_1_008,CA_1,3.0,5.780896321544852
2015-06-16,HOBBIES_1_008,CA_1,9.0,5.51428257826552
2015-06-16,HOBBIES_1_008,CA_1,9.0,9.0589718597243
2015-06-17,HOBBIES_1_008,CA_1,8.0,8.865893861145771
2015-06-17,HOBBIES_1_008,CA_1,8.0,8.099614355380067
2015-06-18,HOBBIES_1_008,CA_1,3.0,7.306665423591787
2015-06-18,HOBBIES_1_008,CA_1,3.0,6.574147782667292
2015-06-19,HOBBIES_1_008,CA_1,0.0,6.553765804607804
2015-06-19,HOBBIES_1_008,CA_1,0.0,3.493040281223686
2015-06-20,HOBBIES_1_008,CA_1,7.0,4.125546831744265
2015-06-20,HOBBIES_1_008,CA_1,7.0,9.326856840837248
2015-06-21,HOBBIES_1_008,CA_1,4.0,8.293527323087707
2015-06-21,HOBBIES_1_008,CA_1,4.0,9.240057553714557
2015-06-22,HOBBIES_1_008,CA_1,10.0,6.2159083396619605
2015-06-22,HOBBIES_1_008,CA_1,10.0,8.682678616008028
2015-06-23,HOBBIES_1_008,CA_1,1.0,8.497082712566357
2015-06-23,HOBBIES_1_008,CA_1,1.0,4.216700047997353
2015-06-24,HOBBIES_1_008,CA_1,0.0,4.736197791673685
2015-06-24,HOBBIES_1_008,CA_1,0.0,3.531675666831769
2015-06-25,HOBBIES_1_008,CA_1,0.0,2.3950326361899505
2015-06-25,HOBBIES_1_008,CA_1,0.0,2.447494192470758
2015-06-26,HOBBIES_1_008,CA_1,0.0,3.0094304157462184
2015-06-26,HOBBIES_1_008,CA_1,0.0,2.6803293014085163
2015-06-27,HOBBIES_1_008,CA_1,6.0,2.5158241454738945
2015-06-27,HOBBIES_1_008,CA_1,6.0,8.097471906056715
2015-06-28,HOBBIES_1_008,CA_1,7.0,7.188423426300137
2015-06-28,HOBBIES_1_008,CA_1,7.0,7.899755693998391
2015-06-29,HOBBIES_1_008,CA_1,16.0,8.665890969033887
2015-06-29,HOBBIES_1_008,CA_1,16.0,10.840380621978689
2015-06-30,HOBBIES_1_008,CA_1,2.0,8.105819654601781
2015-06-30,HOBBIES_1_008,CA_1,2.0,3.1417373810944738
2015-07-01,HOBBIES_1_008,CA_1,11.0,3.162069636012855
2015-07-01,HOBBIES_1_008,CA_1,11.0,9.134465908638715
2015-07-02,HOBBIES_1_008,CA_1,0.0,9.185436055340542
2015-07-02,HOBBIES_1_008,CA_1,0.0,1.3314656137871195
2015-07-03,HOBBIES_1_008,CA_1,0.0,2.523136802847426
2015-07-03,HOBBIES_1_008,CA_1,0.0,2.648862435563203
2015-07-04,HOBBIES_1_008,CA_1,12.0,3.484761439612025
2015-07-04,HOBBIES_1_008,CA_1,12.0,10.513702845996372
2015-07-05,HOBBIES_1_008,CA_1,10.0,10.591804735334053
2015-07-05,HOBBIES_1_008,CA_1,10.0,8.77905708698781
2015-07-06,HOBBIES_1_008,CA_1,0.0,8.719326077516794
2015-07-06,HOBBIES_1_008,CA_1,0.0,1.7411869298356841
2015-07-07,HOBBIES_1_008,CA_1,16.0,2.8270547314386665
2015-07-07,HOBBIES_1_008,CA_1,16.0,9.970279760404543
2015-07-08,HOBBIES_1_008,CA_1,13.0,9.661098966494944
2015-07-08,HOBBIES_1_008,CA_1,13.0,9.144794064393913
2015-07-09,HOBBIES_1_008,CA_1,14.0,9.625284971298989
2015-07-09,HOBBIES_1_008,CA_1,14.0,9.109064802645472
2015-07-10,HOBBIES_1_008,CA_1,37.0,9.910874921554917
2015-07-10,HOBBIES_1_008,CA_1,37.0,14.813364489274857
2015-07-11,HOBBIES_1_008,CA_1,0.0,25.486375656624784
2015-07-11,HOBBIES_1_008,CA_1,0.0,0.7083154823631402
2015-07-12,HOBBIES_1_008,CA_1,13.0,2.0690104043723365
2015-07-12,HOBBIES_1_008,CA_1,13.0,12.482356949597866
2015-07-13,HOBBIES_1_008,CA_1,6.0,9.250217298181655
2015-07-13,HOBBIES_1_008,CA_1,6.0,6.328668331949254
2015-07-14,HOBBIES_1_008,CA_1,4.0,7.699006711469644
2015-07-14,HOBBIES_1_008,CA_1,4.0,6.301571787156069
2015-07-15,HOBBIES_1_008,CA_1,10.0,7.29752155881378
2015-07-15,HOBBIES_1_008,CA_1,10.0,9.555218403241943
2015-07-16,HOBBIES_1_008,CA_1,1.0,8.845743856119705
2015-07-16,HOBBIES_1_008,CA_1,1.0,4.534599346783823
2015-07-17,HOBBIES_1_008,CA_1,6.0,3.924059634270541
2015-07-17,HOBBIES_1_008,CA_1,6.0,7.120748889747127
2015-07-18,HOBBIES_1_008,CA_1,5.0,6.705877456934116
2015-07-18,HOBBIES_1_008,CA_1,5.0,6.1472479163938045
2015-07-19,HOBBIES_1_008,CA_1,5.0,8.399590721669888
2015-07-19,HOBBIES_1_008,CA_1,5.0,8.39356839692771
2015-07-20,HOBBIES_1_008,CA_1,19.0,7.352093992875412
2015-07-20,HOBBIES_1_008,CA_1,19.0,13.729824132488226
2015-07-21,HOBBIES_1_008,CA_1,5.0,13.242065352685714
2015-07-21,HOBBIES_1_008,CA_1,5.0,8.053710096718522
2015-07-22,HOBBIES_1_008,CA_1,25.0,7.5671075617857735
2015-07-22,HOBBIES_1_008,CA_1,25.0,12.43190898369945
2015-07-23,HOBBIES_1_008,CA_1,7.0,12.485467222302141
2015-07-23,HOBBIES_1_008,CA_1,7.0,7.221337213051199
2015-07-24,HOBBIES_1_008,CA_1,0.0,7.738514240379245
2015-07-24,HOBBIES_1_008,CA_1,0.0,1.3592965256751055
2015-07-25,HOBBIES_1_008,CA_1,20.0,2.3637626638768876
2015-07-25,HOBBIES_1_008,CA_1,20.0,10.83833253927217
2015-07-26,HOBBIES_1_008,CA_1,23.0,13.478103867103435
2015-07-26,HOBBIES_1_008,CA_1,23.0,15.049349159628418
2015-07-27,HOBBIES_1_008,CA_1,0.0,15.238788859561167
2015-07-27,HOBBIES_1_008,CA_1,0.0,3.2526133847742993
2015-07-28,HOBBIES_1_008,CA_1,0.0,2.8717685185946356
2015-07-28,HOBBIES_1_008,CA_1,0.0,1.903430780815714
2015-07-29,HOBBIES_1_008,CA_1,0.0,1.642892508257399
2015-07-29,HOBBIES_1_008,CA_1,0.0,4.078885516474184
2015-07-30,HOBBIES_1_008,CA_1,2.0,9.156960316343191
2015-07-30,HOBBIES_1_008,CA_1,2.0,4.068641515379484
2015-07-31,HOBBIES_1_008,CA_1,4.0,4.439542201900586
2015-07-31,HOBBIES_1_008,CA_1,4.0,5.975488119832409
2015-08-01,HOBBIES_1_008,CA_1,0.0,7.193427339071588
2015-08-01,HOBBIES_1_008,CA_1,0.0,5.066772639691598
2015-08-02,HOBBIES_1_008,CA_1,1.0,4.448077747008344
2015-08-02,HOBBIES_1_008,CA_1,1.0,5.8321307669071
2015-08-03,HOBBIES_1_008,CA_1,34.0,4.914156327719206
2015-08-03,HOBBIES_1_008,CA_1,34.0,35.53913351492851
2015-08-04,HOBBIES_1_008,CA_1,10.0,30.56664059113978
2015-08-04,HOBBIES_1_008,CA_1,10.0,8.22867976854692
2015-08-05,HOBBIES_1_008,CA_1,4.0,6.409841247349625
2015-08-05,HOBBIES_1_008,CA_1,4.0,4.538696423814049
2015-08-06,HOBBIES_1_008,CA_1,1.0,5.9531366987507806
2015-08-06,HOBBIES_1_008,CA_1,1.0,2.736898959926248
2015-08-07,HOBBIES_1_008,CA_1,0.0,9.79844050755759
2015-08-07,HOBBIES_1_008,CA_1,0.0,2.8351178528232164
2015-08-08,HOBBIES_1_008,CA_1,4.0,4.433569984905324
2015-08-08,HOBBIES_1_008,CA_1,4.0,8.1675502607843
2015-08-09,HOBBIES_1_008,CA_1,45.0,7.223945101718604
2015-08-09,HOBBIES_1_008,CA_1,45.0,40.486832032929186
2015-08-10,HOBBIES_1_008,CA_1,4.0,19.057317324187203
2015-08-10,HOBBIES_1_008,CA_1,4.0,4.139777757157389
2015-08-11,HOBBIES_1_008,CA_1,0.0,6.463376384299904
2015-08-11,HOBBIES_1_008,CA_1,0.0,1.3654236078314945
2015-08-12,HOBBIES_1_008,CA_1,8.0,1.4495034424959115
2015-08-12,HOBBIES_1_008,CA_1,8.0,8.958617047604495
2015-08-13,HOBBIES_1_008,CA_1,11.0,14.190947485987545
2015-08-13,HOBBIES_1_008,CA_1,11.0,10.933466201511454
2015-08-14,HOBBIES_1_008,CA_1,12.0,10.559094015534855
2015-08-14,HOBBIES_1_008,CA_1,12.0,10.565947255351741
2015-08-15,HOBBIES_1_008,CA_1,20.0,10.173889175096116
2015-08-15,HOBBIES_1_008,CA_1,20.0,12.163736767856276
2015-08-16,HOBBIES_1_008,CA_1,10.0,14.082618548645192
2015-08-16,HOBBIES_1_008,CA_1,10.0,10.425261906487211
2015-08-17,HOBBIES_1_008,CA_1,6.0,7.58916896510351
2015-08-17,HOBBIES_1_008,CA_1,6.0,7.185806695662696
2015-08-18,HOBBIES_1_008,CA_1,1.0,6.154094157349764
2015-08-18,HOBBIES_1_008,CA_1,1.0,3.2182561202554028
2015-08-19,HOBBIES_1_008,CA_1,8.0,4.597715268330769
2015-08-19,HOBBIES_1_008,CA_1,8.0,8.325184587083859
2015-08-20,HOBBIES_1_008,CA_1,30.0,9.001749112742516
2015-08-20,HOBBIES_1_008,CA_1,30.0,22.283901201046657
2015-08-21,HOBBIES_1_008,CA_1,9.0,12.519577870972158
2015-08-21,HOBBIES_1_008,CA_1,9.0,9.822464827542076
2015-08-22,HOBBIES_1_008,CA_1,10.0,9.078845170605605
2015-08-22,HOBBIES_1_008,CA_1,10.0,10.677815692927865
2015-08-23,HOBBIES_1_008,CA_1,14.0,10.00923125596553
2015-08-23,HOBBIES_1_008,CA_1,14.0,10.023780382562949
2015-08-24,HOBBIES_1_008,CA_1,28.0,10.138392890241636
2015-08-24,HOBBIES_1_008,CA_1,28.0,12.343295471349872
2015-08-25,HOBBIES_1_008,CA_1,10.0,10.353587264065856
2015-08-25,HOBBIES_1_008,CA_1,10.0,9.955018948411569
2015-08-26,HOBBIES_1_008,CA_1,20.0,10.09584365583791
2015-08-26,HOBBIES_1_008,CA_1,20.0,12.397768163492515
2015-08-27,HOBBIES_1_008,CA_1,0.0,5.437188155525391
2015-08-27,HOBBIES_1_008,CA_1,0.0,-0.21557260101113207
2015-08-28,HOBBIES_1_008,CA_1,0.0,2.9415077155837492
2015-08-28,HOBBIES_1_008,CA_1,0.0,3.4453320138215817
2015-08-29,HOBBIES_1_008,CA_1,11.0,6.568828841560752
2015-08-29,HOBBIES_1_008,CA_1,11.0,13.32962625016165
2015-08-30,HOBBIES_1_008,CA_1,3.0,13.564260409257628
2015-08-30,HOBBIES_1_008,CA_1,3.0,6.6758636092707935
2015-08-31,HOBBIES_1_008,CA_1,8.0,6.840258739434269
2015-08-31,HOBBIES_1_008,CA_1,8.0,9.804069240360132
2015-09-01,HOBBIES_1_008,CA_1,14.0,7.554949834589583
2015-09-01,HOBBIES_1_008,CA_1,14.0,10.758832745218747
2015-09-02,HOBBIES_1_008,CA_1,10.0,9.916799497738195
2015-09-02,HOBBIES_1_008,CA_1,10.0,7.530291152741052
2015-09-03,HOBBIES_1_008,CA_1,27.0,6.015200660028899
2015-09-03,HOBBIES_1_008,CA_1,27.0,9.157377207771047
2015-09-04,HOBBIES_1_008,CA_1,4.0,11.87753452338018
2015-09-04,HOBBIES_1_008,CA_1,4.0,6.915779825298541
2015-09-05,HOBBIES_1_008,CA_1,10.0,7.308583651064997
2015-09-05,HOBBIES_1_008,CA_1,10.0,10.152653431195517
2015-09-06,HOBBIES_1_008,CA_1,6.0,8.748835154581137
2015-09-06,HOBBIES_1_008,CA_1,6.0,7.317377567907158
2015-09-07,HOBBIES_1_008,CA_1,6.0,7.051470959665175
2015-09-07,HOBBIES_1_008,CA_1,6.0,9.30554302799195
2015-09-08,HOBBIES_1_008,CA_1,12.0,7.724076156697896
2015-09-08,HOBBIES_1_008,CA_1,12.0,11.225348298351193
2015-09-09,HOBBIES_1_008,CA_1,10.0,10.95907409452379
2015-09-09,HOBBIES_1_008,CA_1,10.0,9.246411292632946
2015-09-10,HOBBIES_1_008,CA_1,3.0,7.3343782301236775
2015-09-10,HOBBIES_1_008,CA_1,3.0,3.816738127659584
2015-09-11,HOBBIES_1_008,CA_1,9.0,5.408189864125145
2015-09-11,HOBBIES_1_008,CA_1,9.0,9.592679204627418
2015-09-12,HOBBIES_1_008,CA_1,15.0,10.290433766280088
2015-09-12,HOBBIES_1_008,CA_1,15.0,13.090392917143125
2015-09-13,HOBBIES_1_008,CA_1,7.0,12.229553067674017
2015-09-13,HOBBIES_1_008,CA_1,7.0,8.212082204415688
2015-09-14,HOBBIES_1_008,CA_1,4.0,8.188157743222153
2015-09-14,HOBBIES_1_008,CA_1,4.0,6.3164859925856796
2015-09-15,HOBBIES_1_008,CA_1,15.0,7.507709308001369
2015-09-15,HOBBIES_1_008,CA_1,15.0,12.275194836703621
2015-09-16,HOBBIES_1_008,CA_1,0.0,12.342714274212224
2015-09-16,HOBBIES_1_008,CA_1,0.0,3.363314637014671
2015-09-17,HOBBIES_1_008,CA_1,57.0,1.6957530705557753
2015-09-17,HOBBIES_1_008,CA_1,57.0,54.11788449846307
2015-09-18,HOBBIES_1_008,CA_1,34.0,22.26698266396137
2015-09-18,HOBBIES_1_008,CA_1,34.0,15.916440130817392
2015-09-19,HOBBIES_1_008,CA_1,21.0,21.42134911491025
2015-09-19,HOBBIES_1_008,CA_1,21.0,12.529187469315787
2015-09-20,HOBBIES_1_008,CA_1,2.0,5.930583005621165
2015-09-20,HOBBIES_1_008,CA_1,2.0,0.7311951488252599
2015-09-21,HOBBIES_1_008,CA_1,4.0,1.599674436314006
2015-09-21,HOBBIES_1_008,CA_1,4.0,5.638424623564291
2015-09-22,HOBBIES_1_008,CA_1,4.0,6.113503139021171
2015-09-22,HOBBIES_1_008,CA_1,4.0,4.9331238135023785
2015-09-23,HOBBIES_1_008,CA_1,13.0,10.46137007452423
2015-09-23,HOBBIES_1_008,CA_1,13.0,10.886074483610113
2015-09-24,HOBBIES_1_008,CA_1,6.0,7.602059151314553
2015-09-24,HOBBIES_1_008,CA_1,6.0,4.9732396696494945
2015-09-25,HOBBIES_1_008,CA_1,6.0,5.479424626102749
2015-09-25,HOBBIES_1_008,CA_1,6.0,5.479424626102749
2015-09-26,HOBBIES_1_008,CA_1,13.0,6.18100130552757
2015-09-26,HOBBIES_1_008,CA_1,13.0,10.019677902854054
2015-09-27,HOBBIES_1_008,CA_1,6.0,10.389807053484693
2015-09-27,HOBBIES_1_008,CA_1,6.0,6.692869819140314
2015-09-28,HOBBIES_1_008,CA_1,5.0,6.992652277447196
2015-09-28,HOBBIES_1_008,CA_1,5.0,6.655224405047671
2015-09-29,HOBBIES_1_008,CA_1,4.0,6.855747957052477
2015-09-29,HOBBIES_1_008,CA_1,4.0,6.390306204318974
2015-09-30,HOBBIES_1_008,CA_1,7.0,5.6277958560420975
2015-09-30,HOBBIES_1_008,CA_1,7.0,7.062591284204958
2015-10-01,HOBBIES_1_008,CA_1,5.0,6.86778921593991
2015-10-01,HOBBIES_1_008,CA_1,5.0,7.994526916836164
2015-10-02,HOBBIES_1_008,CA_1,47.0,8.067664992566518
2015-10-02,HOBBIES_1_008,CA_1,47.0,34.47783989883682
2015-10-03,HOBBIES_1_008,CA_1,29.0,30.13320455735521
2015-10-03,HOBBIES_1_008,CA_1,29.0,20.028876918983798
2015-10-04,HOBBIES_1_008,CA_1,0.0,11.589492350989941
2015-10-04,HOBBIES_1_008,CA_1,0.0,5.397938774078865
2015-10-05,HOBBIES_1_008,CA_1,6.0,2.9507863403255072
2015-10-05,HOBBIES_1_008,CA_1,6.0,9.297406542563834
2015-10-06,HOBBIES_1_008,CA_1,1.0,6.327871930073522
2015-10-06,HOBBIES_1_008,CA_1,1.0,4.040578459578339
2015-10-07,HOBBIES_1_008,CA_1,8.0,10.915504222520704
2015-10-07,HOBBIES_1_008,CA_1,8.0,9.687143682967262
2015-10-08,HOBBIES_1_008,CA_1,5.0,9.100202265252182
2015-10-08,HOBBIES_1_008,CA_1,5.0,7.581300407581669
2015-10-09,HOBBIES_1_008,CA_1,2.0,11.137241287254064
2015-10-09,HOBBIES_1_008,CA_1,2.0,10.105959683967013
2015-10-10,HOBBIES_1_008,CA_1,10.0,9.835289512759028
2015-10-10,HOBBIES_1_008,CA_1,10.0,11.57790876959182
2015-10-11,HOBBIES_1_008,CA_1,2.0,9.359233228695086
2015-10-11,HOBBIES_1_008,CA_1,2.0,5.377495614999902
2015-10-12,HOBBIES_1_008,CA_1,10.0,5.809362678837241
2015-10-12,HOBBIES_1_008,CA_1,10.0,9.18006210211112
2015-10-13,HOBBIES_1_008,CA_1,6.0,9.77183765195697
2015-10-13,HOBBIES_1_008,CA_1,6.0,7.373891535217004
2015-10-14,HOBBIES_1_008,CA_1,6.0,9.327935094653943
2015-10-14,HOBBIES_1_008,CA_1,6.0,9.744253111000651
2015-10-15,HOBBIES_1_008,CA_1,3.0,8.166226671866964
2015-10-15,HOBBIES_1_008,CA_1,3.0,7.635534082640369
2015-10-16,HOBBIES_1_008,CA_1,36.0,8.861893085782095
2015-10-16,HOBBIES_1_008,CA_1,36.0,35.36639875733011
2015-10-17,HOBBIES_1_008,CA_1,17.0,28.506224481286658
2015-10-17,HOBBIES_1_008,CA_1,17.0,16.218256082999964
2015-10-18,HOBBIES_1_008,CA_1,1.0,12.533300027049593
2015-10-18,HOBBIES_1_008,CA_1,1.0,5.478525268168731
2015-10-19,HOBBIES_1_008,CA_1,10.0,4.113516933354481
2015-10-19,HOBBIES_1_008,CA_1,10.0,8.081267812735799
2015-10-20,HOBBIES_1_008,CA_1,3.0,9.820209982599948
2015-10-20,HOBBIES_1_008,CA_1,3.0,4.986814089366195
2015-10-21,HOBBIES_1_008,CA_1,43.0,6.458189921719853
2015-10-21,HOBBIES_1_008,CA_1,43.0,43.860391358265844
2015-10-22,HOBBIES_1_008,CA_1,19.0,19.354802925617236
2015-10-22,HOBBIES_1_008,CA_1,19.0,7.501722714991647
2015-10-23,HOBBIES_1_008,CA_1,14.0,6.848147546516777
2015-10-23,HOBBIES_1_008,CA_1,14.0,8.021143924402352
2015-10-24,HOBBIES_1_008,CA_1,9.0,11.244073158767984
2015-10-24,HOBBIES_1_008,CA_1,9.0,9.705442270480665
2015-10-25,HOBBIES_1_008,CA_1,1.0,8.630478496042993
2015-10-25,HOBBIES_1_008,CA_1,1.0,4.620181478465041
2015-10-26,HOBBIES_1_008,CA_1,5.0,3.604506840704697
2015-10-26,HOBBIES_1_008,CA_1,5.0,6.685553050103969
2015-10-27,HOBBIES_1_008,CA_1,8.0,5.856289096641023
2015-10-27,HOBBIES_1_008,CA_1,8.0,7.823873903316335
2015-10-28,HOBBIES_1_008,CA_1,3.0,8.01851924689438
2015-10-28,HOBBIES_1_008,CA_1,3.0,4.9691075918054075
2015-10-29,HOBBIES_1_008,CA_1,6.0,5.835310411774609
2015-10-29,HOBBIES_1_008,CA_1,6.0,7.645364086123645
2015-10-30,HOBBIES_1_008,CA_1,38.0,6.727995139728123
2015-10-30,HOBBIES_1_008,CA_1,38.0,35.51899522147022
2015-10-31,HOBBIES_1_008,CA_1,19.0,25.875241701626784
2015-10-31,HOBBIES_1_008,CA_1,19.0,11.116559246986624
2015-11-01,HOBBIES_1_008,CA_1,2.0,6.815584638386604
2015-11-01,HOBBIES_1_008,CA_1,2.0,2.0947588759606317
2015-11-02,HOBBIES_1_008,CA_1,7.0,3.1993627542847016
2015-11-02,HOBBIES_1_008,CA_1,7.0,5.165582897815051
2015-11-03,HOBBIES_1_008,CA_1,4.0,6.566463252231099
2015-11-03,HOBBIES_1_008,CA_1,4.0,5.205049327434915
2015-11-04,HOBBIES_1_008,CA_1,20.0,5.788103032832492
2015-11-04,HOBBIES_1_008,CA_1,20.0,17.384133451716494
2015-11-05,HOBBIES_1_008,CA_1,41.0,12.584801792380137
2015-11-05,HOBBIES_1_008,CA_1,41.0,19.099260448813894
2015-11-06,HOBBIES_1_008,CA_1,15.0,15.063436877518185
2015-11-06,HOBBIES_1_008,CA_1,15.0,7.178920421604232
2015-11-07,HOBBIES_1_008,CA_1,3.0,11.976724878119011
2015-11-07,HOBBIES_1_008,CA_1,3.0,8.32089379881651
2015-11-08,HOBBIES_1_008,CA_1,5.0,6.2744394025822645
2015-11-08,HOBBIES_1_008,CA_1,5.0,6.58435192357727
2015-11-09,HOBBIES_1_008,CA_1,0.0,6.018112446596632
2015-11-09,HOBBIES_1_008,CA_1,0.0,4.681692051768735
2015-11-10,HOBBIES_1_008,CA_1,8.0,7.744082699240287
2015-11-10,HOBBIES_1_008,CA_1,8.0,7.241005492369847
2015-11-11,HOBBIES_1_008,CA_1,8.0,6.063157985973153
2015-11-11,HOBBIES_1_008,CA_1,8.0,6.678792031775316
2015-11-12,HOBBIES_1_008,CA_1,5.0,7.374805508412914
2015-11-12,HOBBIES_1_008,CA_1,5.0,6.343589964135022
2015-11-13,HOBBIES_1_008,CA_1,9.0,8.866391651902097
2015-11-13,HOBBIES_1_008,CA_1,9.0,10.510786426651121
2015-11-14,HOBBIES_1_008,CA_1,40.0,9.46321599657318
2015-11-14,HOBBIES_1_008,CA_1,40.0,30.701451344287147
2015-11-15,HOBBIES_1_008,CA_1,13.0,15.770023426745114
2015-11-15,HOBBIES_1_008,CA_1,13.0,8.495394744077604
2015-11-16,HOBBIES_1_008,CA_1,10.0,8.217843268988926
2015-11-16,HOBBIES_1_008,CA_1,10.0,9.089495362391688
2015-11-17,HOBBIES_1_008,CA_1,5.0,10.140975755292315
2015-11-17,HOBBIES_1_008,CA_1,5.0,5.594818156705623
2015-11-18,HOBBIES_1_008,CA_1,7.0,4.711508494909287
2015-11-18,HOBBIES_1_008,CA_1,7.0,6.845061733389795
2015-11-19,HOBBIES_1_008,CA_1,34.0,6.585643077763425
2015-11-19,HOBBIES_1_008,CA_1,34.0,19.58472955025663
2015-11-20,HOBBIES_1_008,CA_1,15.0,20.27701152054807
2015-11-20,HOBBIES_1_008,CA_1,15.0,11.991556006456545
2015-11-21,HOBBIES_1_008,CA_1,26.0,7.4118492339174376
2015-11-21,HOBBIES_1_008,CA_1,26.0,9.197885991670331
2015-11-22,HOBBIES_1_008,CA_1,6.0,9.694030270628817
2015-11-22,HOBBIES_1_008,CA_1,6.0,5.6626688831078855
2015-11-23,HOBBIES_1_008,CA_1,3.0,4.997966961027377
2015-11-23,HOBBIES_1_008,CA_1,3.0,4.3445340769130425
2015-11-24,HOBBIES_1_008,CA_1,6.0,5.968394718624287
2015-11-24,HOBBIES_1_008,CA_1,6.0,6.697902859033044
2015-11-25,HOBBIES_1_008,CA_1,8.0,6.7038518108497
2015-11-25,HOBBIES_1_008,CA_1,8.0,8.43748155086597
2015-11-26,HOBBIES_1_008,CA_1,0.0,5.071157265616163
2015-11-26,HOBBIES_1_008,CA_1,0.0,0.6111297842133582
2015-11-27,HOBBIES_1_008,CA_1,0.0,3.681239981635545
2015-11-27,HOBBIES_1_008,CA_1,0.0,3.6475644403924194
2015-11-28,HOBBIES_1_008,CA_1,17.0,6.825596674511546
2015-11-28,HOBBIES_1_008,CA_1,17.0,17.224962733824007
2015-11-29,HOBBIES_1_008,CA_1,4.0,14.050418901006056
2015-11-29,HOBBIES_1_008,CA_1,4.0,6.778022912100029
2015-11-30,HOBBIES_1_008,CA_1,27.0,6.685980204673508
2015-11-30,HOBBIES_1_008,CA_1,27.0,12.076134839079092
2015-12-01,HOBBIES_1_008,CA_1,28.0,13.410347972609507
2015-12-01,HOBBIES_1_008,CA_1,28.0,10.088207446566898
2015-12-02,HOBBIES_1_008,CA_1,0.0,14.960666647836659
2015-12-02,HOBBIES_1_008,CA_1,0.0,4.291287484156777
2015-12-03,HOBBIES_1_008,CA_1,5.0,3.5557642769624396
2015-12-03,HOBBIES_1_008,CA_1,5.0,6.678113249315423
2015-12-04,HOBBIES_1_008,CA_1,0.0,7.761685759768248
2015-12-04,HOBBIES_1_008,CA_1,0.0,4.316797605326002
2015-12-05,HOBBIES_1_008,CA_1,6.0,9.576586982337304
2015-12-05,HOBBIES_1_008,CA_1,6.0,10.707637081948056
2015-12-06,HOBBIES_1_008,CA_1,8.0,7.641711320505515
2015-12-06,HOBBIES_1_008,CA_1,8.0,8.968642179191589
2015-12-07,HOBBIES_1_008,CA_1,20.0,8.585112584699038
2015-12-07,HOBBIES_1_008,CA_1,20.0,13.578219765821938
2015-12-08,HOBBIES_1_008,CA_1,12.0,9.231672524410092
2015-12-08,HOBBIES_1_008,CA_1,12.0,10.493385043230084
2015-12-09,HOBBIES_1_008,CA_1,7.0,10.381172887770633
2015-12-09,HOBBIES_1_008,CA_1,7.0,8.513718832515362
2015-12-10,HOBBIES_1_008,CA_1,27.0,7.6203634806065015
2015-12-10,HOBBIES_1_008,CA_1,27.0,8.359648106315175
2015-12-11,HOBBIES_1_008,CA_1,49.0,11.306390210108152
2015-12-11,HOBBIES_1_008,CA_1,49.0,10.693111177526893
2015-12-12,HOBBIES_1_008,CA_1,0.0,11.996621971461206
2015-12-12,HOBBIES_1_008,CA_1,0.0,-0.6819303206467171
2015-12-13,HOBBIES_1_008,CA_1,0.0,0.7089149334970457
2015-12-13,HOBBIES_1_008,CA_1,0.0,0.29703819291923766
2015-12-14,HOBBIES_1_008,CA_1,7.0,2.13132391682314
2015-12-14,HOBBIES_1_008,CA_1,7.0,7.32806560332243
2015-12-15,HOBBIES_1_008,CA_1,0.0,11.665944803962576
2015-12-15,HOBBIES_1_008,CA_1,0.0,6.455151606686868
2015-12-16,HOBBIES_1_008,CA_1,6.0,3.6873464848301065
2015-12-16,HOBBIES_1_008,CA_1,6.0,7.528683442688473
2015-12-17,HOBBIES_1_008,CA_1,5.0,7.893374840963041
2015-12-17,HOBBIES_1_008,CA_1,5.0,8.079302291121435
2015-12-18,HOBBIES_1_008,CA_1,11.0,9.08546980286698
2015-12-18,HOBBIES_1_008,CA_1,11.0,10.527482261105838
2015-12-19,HOBBIES_1_008,CA_1,25.0,11.234381534253798
2015-12-19,HOBBIES_1_008,CA_1,25.0,15.249308559219342
2015-12-20,HOBBIES_1_008,CA_1,0.0,17.686295816962883
2015-12-20,HOBBIES_1_008,CA_1,0.0,6.12479598418666
2015-12-21,HOBBIES_1_008,CA_1,8.0,3.841633278482274
2015-12-21,HOBBIES_1_008,CA_1,8.0,8.482525069804232
2015-12-22,HOBBIES_1_008,CA_1,19.0,11.622410340036812
2015-12-22,HOBBIES_1_008,CA_1,19.0,11.202415397830455
2015-12-23,HOBBIES_1_008,CA_1,5.0,12.297916366934007
2015-12-23,HOBBIES_1_008,CA_1,5.0,6.648186802082975
2015-12-24,HOBBIES_1_008,CA_1,9.0,6.37213307861467
2015-12-24,HOBBIES_1_008,CA_1,9.0,9.313250807101225
2015-12-25,HOBBIES_1_008,CA_1,0.0,9.766860839277372
2015-12-25,HOBBIES_1_008,CA_1,0.0,2.1420329740343584
2015-12-26,HOBBIES_1_008,CA_1,17.0,2.317554452296855
2015-12-26,HOBBIES_1_008,CA_1,17.0,11.307236641386618
2015-12-27,HOBBIES_1_008,CA_1,0.0,12.810836242412655
2015-12-27,HOBBIES_1_008,CA_1,0.0,2.5187419277253826
2015-12-28,HOBBIES_1_008,CA_1,7.0,4.923006900577832
2015-12-28,HOBBIES_1_008,CA_1,7.0,11.00474314386645
2015-12-29,HOBBIES_1_008,CA_1,2.0,8.237768463899334
2015-12-29,HOBBIES_1_008,CA_1,2.0,6.064221476112466
2015-12-30,HOBBIES_1_008,CA_1,9.0,11.054273931325877
2015-12-30,HOBBIES_1_008,CA_1,9.0,10.835314600007514
2015-12-31,HOBBIES_1_008,CA_1,7.0,9.372454771505614
2015-12-31,HOBBIES_1_008,CA_1,7.0,8.768958934809739
2016-01-01,HOBBIES_1_008,CA_1,7.0,7.57591969007788
2016-01-01,HOBBIES_1_008,CA_1,7.0,7.394957086816941
2016-01-02,HOBBIES_1_008,CA_1,30.0,8.834394784066065
2016-01-02,HOBBIES_1_008,CA_1,30.0,24.824334576986672
2016-01-03,HOBBIES_1_008,CA_1,7.0,10.05500206180161
2016-01-03,HOBBIES_1_008,CA_1,7.0,6.687306640747823
2016-01-04,HOBBIES_1_008,CA_1,2.0,7.615163916145767
2016-01-04,HOBBIES_1_008,CA_1,2.0,4.06336008971533
2016-01-05,HOBBIES_1_008,CA_1,1.0,3.5153332125877146
2016-01-05,HOBBIES_1_008,CA_1,1.0,4.618960006411105
2016-01-06,HOBBIES_1_008,CA_1,2.0,5.818957929734934
2016-01-06,HOBBIES_1_008,CA_1,2.0,4.744739810309707
2016-01-07,HOBBIES_1_008,CA_1,75.0,4.768210756859994
2016-01-07,HOBBIES_1_008,CA_1,75.0,62.370764889033005
2016-01-08,HOBBIES_1_008,CA_1,8.0,22.235369117662316
2016-01-08,HOBBIES_1_008,CA_1,8.0,7.425225478932976
2016-01-09,HOBBIES_1_008,CA_1,15.0,5.692782408868028
2016-01-09,HOBBIES_1_008,CA_1,15.0,8.089887751692816
2016-01-10,HOBBIES_1_008,CA_1,1.0,12.99822832251051
2016-01-10,HOBBIES_1_008,CA_1,1.0,4.793144031922117
2016-01-11,HOBBIES_1_008,CA_1,17.0,3.027498794200281
2016-01-11,HOBBIES_1_008,CA_1,17.0,11.107807533483161
2016-01-12,HOBBIES_1_008,CA_1,5.0,12.226044789675347
2016-01-12,HOBBIES_1_008,CA_1,5.0,7.214948815134666
2016-01-13,HOBBIES_1_008,CA_1,8.0,6.1057886647314525
2016-01-13,HOBBIES_1_008,CA_1,8.0,8.068830798179759
2016-01-14,HOBBIES_1_008,CA_1,18.0,6.602026185833033
2016-01-14,HOBBIES_1_008,CA_1,18.0,7.887082336903087
2016-01-15,HOBBIES_1_008,CA_1,6.0,14.388621464604663
2016-01-15,HOBBIES_1_008,CA_1,6.0,8.10479618760082
2016-01-16,HOBBIES_1_008,CA_1,47.0,9.789620228772547
2016-01-16,HOBBIES_1_008,CA_1,47.0,36.156857316156724
2016-01-17,HOBBIES_1_008,CA_1,5.0,11.718468916644643
2016-01-17,HOBBIES_1_008,CA_1,5.0,9.447654128223231
2016-01-18,HOBBIES_1_008,CA_1,48.0,7.8570820926158484
2016-01-18,HOBBIES_1_008,CA_1,48.0,8.711632016924543
2016-01-19,HOBBIES_1_008,CA_1,4.0,6.945742044300567
2016-01-19,HOBBIES_1_008,CA_1,4.0,6.370791276882548
2016-01-20,HOBBIES_1_008,CA_1,16.0,6.1852990999860005
2016-01-20,HOBBIES_1_008,CA_1,16.0,6.841928521790929
2016-01-21,HOBBIES_1_008,CA_1,13.0,10.984679068293403
2016-01-21,HOBBIES_1_008,CA_1,13.0,11.495237404530144
2016-01-22,HOBBIES_1_008,CA_1,13.0,11.653018692744372
2016-01-22,HOBBIES_1_008,CA_1,13.0,8.361254348249501
2016-01-23,HOBBIES_1_008,CA_1,14.0,9.121606470455868
2016-01-23,HOBBIES_1_008,CA_1,14.0,10.07877754821442
2016-01-24,HOBBIES_1_008,CA_1,4.0,7.731501937795645
2016-01-24,HOBBIES_1_008,CA_1,4.0,4.195301553678091
2016-01-25,HOBBIES_1_008,CA_1,3.0,5.599966852766452
2016-01-25,HOBBIES_1_008,CA_1,3.0,4.860160504775103
2016-01-26,HOBBIES_1_008,CA_1,0.0,4.722616321511875
2016-01-26,HOBBIES_1_008,CA_1,0.0,3.652353009347731
2016-01-27,HOBBIES_1_008,CA_1,8.0,2.1458939750639834
2016-01-27,HOBBIES_1_008,CA_1,8.0,5.6571520094605585
2016-01-28,HOBBIES_1_008,CA_1,1.0,8.029176106296271
2016-01-28,HOBBIES_1_008,CA_1,1.0,5.2337421749032735
2016-01-29,HOBBIES_1_008,CA_1,1.0,5.276699048078417
2016-01-29,HOBBIES_1_008,CA_1,1.0,5.009977430974838
2016-01-30,HOBBIES_1_008,CA_1,23.0,6.178959772637236
2016-01-30,HOBBIES_1_008,CA_1,23.0,24.744543266203994
2016-01-31,HOBBIES_1_008,CA_1,12.0,18.078109619039655
2016-01-31,HOBBIES_1_008,CA_1,12.0,9.808314682792606
2016-02-01,HOBBIES_1_008,CA_1,4.0,6.773602050481748
2016-02-01,HOBBIES_1_008,CA_1,4.0,5.1211586146368155
2016-02-02,HOBBIES_1_008,CA_1,5.0,5.530658847452368
2016-02-02,HOBBIES_1_008,CA_1,5.0,5.638203975672267
2016-02-03,HOBBIES_1_008,CA_1,44.0,5.936097201306708
2016-02-03,HOBBIES_1_008,CA_1,44.0,38.48920901710757
2016-02-04,HOBBIES_1_008,CA_1,32.0,23.749365298928193
2016-02-04,HOBBIES_1_008,CA_1,32.0,7.237850243410025
2016-02-05,HOBBIES_1_008,CA_1,9.0,8.717040318428339
2016-02-05,HOBBIES_1_008,CA_1,9.0,8.86550388932279
2016-02-06,HOBBIES_1_008,CA_1,37.0,7.82561750640457
2016-02-06,HOBBIES_1_008,CA_1,37.0,29.018816760518337
2016-02-07,HOBBIES_1_008,CA_1,0.0,25.01139482414043
2016-02-07,HOBBIES_1_008,CA_1,0.0,0.9669228748871016
2016-02-08,HOBBIES_1_008,CA_1,5.0,2.932529165960849
2016-02-08,HOBBIES_1_008,CA_1,5.0,7.992791400905992
2016-02-09,HOBBIES_1_008,CA_1,18.0,7.405460103943098
2016-02-09,HOBBIES_1_008,CA_1,18.0,13.125731809269066
2016-02-10,HOBBIES_1_008,CA_1,4.0,6.484108501247089
2016-02-10,HOBBIES_1_008,CA_1,4.0,4.310499028849701
2016-02-11,HOBBIES_1_008,CA_1,0.0,3.5228300616074173
2016-02-11,HOBBIES_1_008,CA_1,0.0,0.7234107031292654
2016-02-12,HOBBIES_1_008,CA_1,7.0,3.792915946920154
2016-02-12,HOBBIES_1_008,CA_1,7.0,8.215280601475422
2016-02-13,HOBBIES_1_008,CA_1,27.0,7.204558860237383
2016-02-13,HOBBIES_1_008,CA_1,27.0,18.534164105127704
2016-02-14,HOBBIES_1_008,CA_1,23.0,11.847831560536138
2016-02-14,HOBBIES_1_008,CA_1,23.0,7.971578201861437
2016-02-15,HOBBIES_1_008,CA_1,1.0,8.39034030807187
2016-02-15,HOBBIES_1_008,CA_1,1.0,2.6557114181299375
2016-02-16,HOBBIES_1_008,CA_1,9.0,3.4243524363964455
2016-02-16,HOBBIES_1_008,CA_1,9.0,8.841336555047633
2016-02-17,HOBBIES_1_008,CA_1,2.0,10.475041180213069
2016-02-17,HOBBIES_1_008,CA_1,2.0,2.615904554676974
2016-02-18,HOBBIES_1_008,CA_1,24.0,7.442132370279592
2016-02-18,HOBBIES_1_008,CA_1,24.0,18.75345043625689
2016-02-19,HOBBIES_1_008,CA_1,11.0,14.84137089958748
2016-02-19,HOBBIES_1_008,CA_1,11.0,10.759009754493885
2016-02-20,HOBBIES_1_008,CA_1,10.0,11.100713097198465
2016-02-20,HOBBIES_1_008,CA_1,10.0,10.481560273435985
2016-02-21,HOBBIES_1_008,CA_1,11.0,8.351600729876312
2016-02-21,HOBBIES_1_008,CA_1,11.0,9.923542578880516
2016-02-22,HOBBIES_1_008,CA_1,34.0,9.286504871260162
2016-02-22,HOBBIES_1_008,CA_1,34.0,15.650949199919022
2016-02-23,HOBBIES_1_008,CA_1,0.0,23.265730435546995
2016-02-23,HOBBIES_1_008,CA_1,0.0,4.047903026569345
2016-02-24,HOBBIES_1_008,CA_1,10.0,4.533895921859852
2016-02-24,HOBBIES_1_008,CA_1,10.0,8.436467498127465
2016-02-25,HOBBIES_1_008,CA_1,4.0,9.248766423772343
2016-02-25,HOBBIES_1_008,CA_1,4.0,5.9899266453668485
2016-02-26,HOBBIES_1_008,CA_1,12.0,11.259436891460592
2016-02-26,HOBBIES_1_008,CA_1,12.0,11.394983386743917
2016-02-27,HOBBIES_1_008,CA_1,17.0,10.903019223543986
2016-02-27,HOBBIES_1_008,CA_1,17.0,14.643920269654716
2016-02-28,HOBBIES_1_008,CA_1,0.0,13.118602212040123
2016-02-28,HOBBIES_1_008,CA_1,0.0,6.613034696028376
2016-02-29,HOBBIES_1_008,CA_1,0.0,2.142267012385928
2016-02-29,HOBBIES_1_008,CA_1,0.0,2.484288559458542
2016-03-01,HOBBIES_1_008,CA_1,0.0,4.52584874178115
2016-03-01,HOBBIES_1_008,CA_1,0.0,7.9313045581796295
2016-03-02,HOBBIES_1_008,CA_1,0.0,7.94056850442668
2016-03-02,HOBBIES_1_008,CA_1,0.0,0.8509878966957395
2016-03-03,HOBBIES_1_008,CA_1,0.0,1.9850890811501927
2016-03-03,HOBBIES_1_008,CA_1,0.0,0.8086141245047451
2016-03-04,HOBBIES_1_008,CA_1,0.0,0.3551624796599842
2016-03-04,HOBBIES_1_008,CA_1,0.0,0.41827414731836526
2016-03-05,HOBBIES_1_008,CA_1,0.0,0.7882871391457872
2016-03-05,HOBBIES_1_008,CA_1,0.0,0.7882871391457872
2016-03-06,HOBBIES_1_008,CA_1,0.0,1.268478637375424
2016-03-06,HOBBIES_1_008,CA_1,0.0,1.4996732040132867
2016-03-07,HOBBIES_1_008,CA_1,0.0,0.9994145925034842
2016-03-07,HOBBIES_1_008,CA_1,0.0,0.5133050094458872
2016-03-08,HOBBIES_1_008,CA_1,4.0,1.635552951988342
2016-03-08,HOBBIES_1_008,CA_1,4.0,5.910846784190277
2016-03-09,HOBBIES_1_008,CA_1,27.0,6.023363033247894
2016-03-09,HOBBIES_1_008,CA_1,27.0,25.36206950240676
2016-03-10,HOBBIES_1_008,CA_1,1.0,10.157602104587971
2016-03-10,HOBBIES_1_008,CA_1,1.0,2.9617957992234936
2016-03-11,HOBBIES_1_008,CA_1,2.0,2.891061957899503
2016-03-11,HOBBIES_1_008,CA_1,2.0,2.937759382195846
2016-03-12,HOBBIES_1_008,CA_1,19.0,3.74020612238233
2016-03-12,HOBBIES_1_008,CA_1,19.0,16.241738417291028
2016-03-13,HOBBIES_1_008,CA_1,28.0,16.001032199381363
2016-03-13,HOBBIES_1_008,CA_1,28.0,13.889521472997933
2016-03-14,HOBBIES_1_008,CA_1,3.0,12.66353232762454
2016-03-14,HOBBIES_1_008,CA_1,3.0,5.963359622214057
2016-03-15,HOBBIES_1_008,CA_1,1.0,5.852114084786636
2016-03-15,HOBBIES_1_008,CA_1,1.0,2.8559853316386064
2016-03-16,HOBBIES_1_008,CA_1,2.0,1.5688597763177192
2016-03-16,HOBBIES_1_008,CA_1,2.0,1.6420891267737217
2016-03-17,HOBBIES_1_008,CA_1,0.0,6.86395227518203
2016-03-17,HOBBIES_1_008,CA_1,0.0,2.207944681670057
2016-03-18,HOBBIES_1_008,CA_1,17.0,2.3786902926434603
2016-03-18,HOBBIES_1_008,CA_1,17.0,15.92979638238937
2016-03-19,HOBBIES_1_008,CA_1,11.0,11.847954020981913
2016-03-19,HOBBIES_1_008,CA_1,11.0,9.302454950341593
2016-03-20,HOBBIES_1_008,CA_1,0.0,8.434527924402063
2016-03-20,HOBBIES_1_008,CA_1,0.0,0.8932847660840529
2016-03-21,HOBBIES_1_008,CA_1,2.0,1.34627796568158
2016-03-21,HOBBIES_1_008,CA_1,2.0,3.5923703633873054
2016-03-22,HOBBIES_1_008,CA_1,13.0,7.498743280280955
2016-03-22,HOBBIES_1_008,CA_1,13.0,11.074486283960605
2016-03-23,HOBBIES_1_008,CA_1,10.0,9.283413612843761
2016-03-23,HOBBIES_1_008,CA_1,10.0,6.983755756319954
2016-03-24,HOBBIES_1_008,CA_1,2.0,7.545887316459417
2016-03-24,HOBBIES_1_008,CA_1,2.0,2.718196935699223
2016-03-25,HOBBIES_1_008,CA_1,0.0,3.5322240778947362
2016-03-25,HOBBIES_1_008,CA_1,0.0,1.96507909812823
2016-03-26,HOBBIES_1_008,CA_1,0.0,4.520296569487956
2016-03-26,HOBBIES_1_008,CA_1,0.0,5.457258185219113
2016-03-27,HOBBIES_1_008,CA_1,0.0,3.1751248425524956
2016-03-27,HOBBIES_1_008,CA_1,0.0,2.061934388141297
2016-03-28,HOBBIES_1_008,CA_1,0.0,2.222863158974465
2016-03-28,HOBBIES_1_008,CA_1,0.0,1.603054807049854
2016-03-29,HOBBIES_1_008,CA_1,11.0,1.2817318642236815
2016-03-29,HOBBIES_1_008,CA_1,11.0,11.325582462814502
2016-03-30,HOBBIES_1_008,CA_1,5.0,10.368276193842858
2016-03-30,HOBBIES_1_008,CA_1,5.0,6.577983248371916
2016-03-31,HOBBIES_1_008,CA_1,2.0,6.706840149941799
2016-03-31,HOBBIES_1_008,CA_1,2.0,3.9201329516482692
2016-04-01,HOBBIES_1_008,CA_1,12.0,4.1589009731740765
2016-04-01,HOBBIES_1_008,CA_1,12.0,10.987920840640651
2016-04-02,HOBBIES_1_008,CA_1,38.0,10.37481063205177
2016-04-02,HOBBIES_1_008,CA_1,38.0,29.16894292870972
2016-04-03,HOBBIES_1_008,CA_1,22.0,17.065179594168168
2016-04-03,HOBBIES_1_008,CA_1,22.0,9.238849553467803
2016-04-04,HOBBIES_1_008,CA_1,2.0,11.37609148076137
2016-04-04,HOBBIES_1_008,CA_1,2.0,3.291538974902803
2016-04-05,HOBBIES_1_008,CA_1,0.0,4.163671204871697
2016-04-05,HOBBIES_1_008,CA_1,0.0,1.748361645761231
2016-04-06,HOBBIES_1_008,CA_1,10.0,1.5395993950013025
2016-04-06,HOBBIES_1_008,CA_1,10.0,8.790183004192695
2016-04-07,HOBBIES_1_008,CA_1,26.0,10.022839673895232
2016-04-07,HOBBIES_1_008,CA_1,26.0,22.076237484390468
2016-04-08,HOBBIES_1_008,CA_1,8.0,12.666363592332747
2016-04-08,HOBBIES_1_008,CA_1,8.0,8.94549934901758
2016-04-09,HOBBIES_1_008,CA_1,12.0,6.119711406964832
2016-04-09,HOBBIES_1_008,CA_1,12.0,8.184206306447814
2016-04-10,HOBBIES_1_008,CA_1,4.0,10.741664852483511
2016-04-10,HOBBIES_1_008,CA_1,4.0,5.537862201050803
2016-04-11,HOBBIES_1_008,CA_1,5.0,6.311603731672156
2016-04-11,HOBBIES_1_008,CA_1,5.0,7.731332772448221
2016-04-12,HOBBIES_1_008,CA_1,2.0,7.551633512491625
2016-04-12,HOBBIES_1_008,CA_1,2.0,5.280581020246825
2016-04-13,HOBBIES_1_008,CA_1,8.0,7.09437423306094
2016-04-13,HOBBIES_1_008,CA_1,8.0,7.704495245957175
2016-04-14,HOBBIES_1_008,CA_1,4.0,7.397737050512833
2016-04-14,HOBBIES_1_008,CA_1,4.0,5.249868823658288
2016-04-15,HOBBIES_1_008,CA_1,0.0,5.942704410245005
2016-04-15,HOBBIES_1_008,CA_1,0.0,3.218007683655831
2016-04-16,HOBBIES_1_008,CA_1,0.0,6.701798880291519
2016-04-16,HOBBIES_1_008,CA_1,0.0,7.864275607487869
2016-04-17,HOBBIES_1_008,CA_1,1.0,3.6703422594378923
2016-04-17,HOBBIES_1_008,CA_1,1.0,4.45815651248454
2016-04-18,HOBBIES_1_008,CA_1,37.0,4.105759257322555
2016-04-18,HOBBIES_1_008,CA_1,37.0,37.4504961356895
2016-04-19,HOBBIES_1_008,CA_1,3.0,22.161247081838923
2016-04-19,HOBBIES_1_008,CA_1,3.0,5.462144834026981
2016-04-20,HOBBIES_1_008,CA_1,4.0,5.911475255739579
2016-04-20,HOBBIES_1_008,CA_1,4.0,5.550244092940664
2016-04-21,HOBBIES_1_008,CA_1,6.0,5.685884801986315
2016-04-21,HOBBIES_1_008,CA_1,6.0,7.3595000356254365
2016-04-22,HOBBIES_1_008,CA_1,3.0,15.98801265666729
2016-04-22,HOBBIES_1_008,CA_1,3.0,6.106525404523948
2016-04-23,HOBBIES_1_008,CA_1,2.0,6.090331898646963
2016-04-23,HOBBIES_1_008,CA_1,2.0,4.482432554638535
2016-04-24,HOBBIES_1_008,CA_1,1.0,4.427746883239192
2016-04-24,HOBBIES_1_008,CA_1,1.0,4.30262807648033
2015-06-04,HOBBIES_1_009,CA_1,1.0,0.268107154113509
2015-06-04,HOBBIES_1_009,CA_1,1.0,0.8442345634364049
2015-06-05,HOBBIES_1_009,CA_1,1.0,0.9075990587456597
2015-06-05,HOBBIES_1_009,CA_1,1.0,0.9075990587456597
2015-06-06,HOBBIES_1_009,CA_1,6.0,0.9757455949810443
2015-06-06,HOBBIES_1_009,CA_1,6.0,4.386605822443466
2015-06-07,HOBBIES_1_009,CA_1,0.0,3.850902744490188
2015-06-07,HOBBIES_1_009,CA_1,0.0,0.5597660490925892
2015-06-08,HOBBIES_1_009,CA_1,0.0,0.38587703162038184
2015-06-08,HOBBIES_1_009,CA_1,0.0,0.38587703162038184
2015-06-09,HOBBIES_1_009,CA_1,0.0,0.4093807290807192
2015-06-09,HOBBIES_1_009,CA_1,0.0,0.42644185444700955
2015-06-10,HOBBIES_1_009,CA_1,0.0,0.6297729418674154
2015-06-10,HOBBIES_1_009,CA_1,0.0,0.46076289103490353
2015-06-11,HOBBIES_1_009,CA_1,0.0,0.46076289103490353
2015-06-11,HOBBIES_1_009,CA_1,0.0,0.46076289103490353
2015-06-12,HOBBIES_1_009,CA_1,0.0,0.5068278483766224
2015-06-12,HOBBIES_1_009,CA_1,0.0,0.5068278483766224
2015-06-13,HOBBIES_1_009,CA_1,0.0,0.6940661652476013
2015-06-13,HOBBIES_1_009,CA_1,0.0,0.635684077632923
2015-06-14,HOBBIES_1_009,CA_1,2.0,0.5187181264002104
2015-06-14,HOBBIES_1_009,CA_1,2.0,1.71611834244189
2015-06-15,HOBBIES_1_009,CA_1,2.0,1.428339550241872
2015-06-15,HOBBIES_1_009,CA_1,2.0,1.4483081931041526
2015-06-16,HOBBIES_1_009,CA_1,0.0,1.4645694091094272
2015-06-16,HOBBIES_1_009,CA_1,0.0,0.4746260531933127
2015-06-17,HOBBIES_1_009,CA_1,1.0,0.47776707678331976
2015-06-17,HOBBIES_1_009,CA_1,1.0,0.9837768622511055
2015-06-18,HOBBIES_1_009,CA_1,0.0,1.0454589852529836
2015-06-18,HOBBIES_1_009,CA_1,0.0,0.4988085584322922
2015-06-19,HOBBIES_1_009,CA_1,0.0,0.566788520454761
2015-06-19,HOBBIES_1_009,CA_1,0.0,0.562710226175354
2015-06-20,HOBBIES_1_009,CA_1,0.0,0.6625557779904038
2015-06-20,HOBBIES_1_009,CA_1,0.0,0.49116809157678987
2015-06-21,HOBBIES_1_009,CA_1,2.0,0.4298007014584421
2015-06-21,HOBBIES_1_009,CA_1,2.0,1.7040416623022616
2015-06-22,HOBBIES_1_009,CA_1,2.0,1.4297275266711844
2015-06-22,HOBBIES_1_009,CA_1,2.0,1.4297275266711844
2015-06-23,HOBBIES_1_009,CA_1,5.0,1.4477417898371538
2015-06-23,HOBBIES_1_009,CA_1,5.0,2.917980189422531
2015-06-24,HOBBIES_1_009,CA_1,1.0,2.8917136521194386
2015-06-24,HOBBIES_1_009,CA_1,1.0,0.9665611149720804
2015-06-25,HOBBIES_1_009,CA_1,0.0,0.9665611149720804
2015-06-25,HOBBIES_1_009,CA_1,0.0,0.454508234187082
2015-06-26,HOBBIES_1_009,CA_1,0.0,0.5472479807870003
2015-06-26,HOBBIES_1_009,CA_1,0.0,0.569053894975294
2015-06-27,HOBBIES_1_009,CA_1,0.0,0.7189905821952529
2015-06-27,HOBBIES_1_009,CA_1,0.0,0.7157205470206959
2015-06-28,HOBBIES_1_009,CA_1,0.0,0.7826659491402186
2015-06-28,HOBBIES_1_009,CA_1,0.0,0.7243993087088131
2015-06-29,HOBBIES_1_009,CA_1,0.0,0.5372987489990972
2015-06-29,HOBBIES_1_009,CA_1,0.0,0.48228678635792593
2015-06-30,HOBBIES_1_009,CA_1,0.0,0.5303837397207369
2015-06-30,HOBBIES_1_009,CA_1,0.0,0.5303837397207369
2015-07-01,HOBBIES_1_009,CA_1,0.0,0.4705740749856173
2015-07-01,HOBBIES_1_009,CA_1,0.0,0.41219198737093893
2015-07-02,HOBBIES_1_009,CA_1,0.0,0.40238080342022514
2015-07-02,HOBBIES_1_009,CA_1,0.0,0.40238080342022514
2015-07-03,HOBBIES_1_009,CA_1,0.0,0.44844576076194403
2015-07-03,HOBBIES_1_009,CA_1,0.0,0.44844576076194403
2015-07-04,HOBBIES_1_009,CA_1,0.0,0.5124837554010291
2015-07-04,HOBBIES_1_009,CA_1,0.0,0.5124837554010291
2015-07-05,HOBBIES_1_009,CA_1,0.0,0.5187181264002104
2015-07-05,HOBBIES_1_009,CA_1,0.0,0.48725370749661456
2015-07-06,HOBBIES_1_009,CA_1,1.0,0.2982749066029816
2015-07-06,HOBBIES_1_009,CA_1,1.0,0.8936696288323105
2015-07-07,HOBBIES_1_009,CA_1,0.0,0.945997112483662
2015-07-07,HOBBIES_1_009,CA_1,0.0,0.3531879859497214
2015-07-08,HOBBIES_1_009,CA_1,1.0,0.2641701260582434
2015-07-08,HOBBIES_1_009,CA_1,1.0,0.8241504832263177
2015-07-09,HOBBIES_1_009,CA_1,0.0,0.814339299275604
2015-07-09,HOBBIES_1_009,CA_1,0.0,0.2584372363869368
2015-07-10,HOBBIES_1_009,CA_1,0.0,0.2987707907458606
2015-07-10,HOBBIES_1_009,CA_1,0.0,0.29469249646645357
2015-07-11,HOBBIES_1_009,CA_1,0.0,0.3221925385796329
2015-07-11,HOBBIES_1_009,CA_1,0.0,0.32627083285903996
2015-07-12,HOBBIES_1_009,CA_1,0.0,0.32767014862148064
2015-07-12,HOBBIES_1_009,CA_1,0.0,0.2694035081900751
2015-07-13,HOBBIES_1_009,CA_1,0.0,0.22209391090365416
2015-07-13,HOBBIES_1_009,CA_1,0.0,0.22209391090365416
2015-07-14,HOBBIES_1_009,CA_1,0.0,0.2270617293502549
2015-07-14,HOBBIES_1_009,CA_1,0.0,0.2270617293502549
2015-07-15,HOBBIES_1_009,CA_1,0.0,0.2270617293502549
2015-07-15,HOBBIES_1_009,CA_1,0.0,0.2270617293502549
2015-07-16,HOBBIES_1_009,CA_1,0.0,0.2270617293502549
2015-07-16,HOBBIES_1_009,CA_1,0.0,0.2270617293502549
2015-07-17,HOBBIES_1_009,CA_1,0.0,0.24862130261843543
2015-07-17,HOBBIES_1_009,CA_1,0.0,0.24862130261843543
2015-07-18,HOBBIES_1_009,CA_1,0.0,0.27298032114160764
2015-07-18,HOBBIES_1_009,CA_1,0.0,0.27298032114160764
2015-07-19,HOBBIES_1_009,CA_1,0.0,0.2694035081900751
2015-07-19,HOBBIES_1_009,CA_1,0.0,0.2694035081900751
2015-07-20,HOBBIES_1_009,CA_1,0.0,0.23190509485436783
2015-07-20,HOBBIES_1_009,CA_1,0.0,0.23190509485436783
2015-07-21,HOBBIES_1_009,CA_1,1.0,0.22051235682606238
2015-07-21,HOBBIES_1_009,CA_1,1.0,0.8224564515795841
2015-07-22,HOBBIES_1_009,CA_1,0.0,0.8241504832263177
2015-07-22,HOBBIES_1_009,CA_1,0.0,0.2641701260582434
2015-07-23,HOBBIES_1_009,CA_1,0.0,0.24780956958333725
2015-07-23,HOBBIES_1_009,CA_1,0.0,0.24780956958333725
2015-07-24,HOBBIES_1_009,CA_1,1.0,0.28814312394226094
2015-07-24,HOBBIES_1_009,CA_1,1.0,0.8717114969736371
2015-07-25,HOBBIES_1_009,CA_1,0.0,0.9302872152398515
2015-07-25,HOBBIES_1_009,CA_1,0.0,0.3221925385796329
2015-07-26,HOBBIES_1_009,CA_1,1.0,0.3154747020380934
2015-07-26,HOBBIES_1_009,CA_1,1.0,0.9514501621367689
2015-07-27,HOBBIES_1_009,CA_1,1.0,0.8221824221455827
2015-07-27,HOBBIES_1_009,CA_1,1.0,0.8262607164249897
2015-07-28,HOBBIES_1_009,CA_1,0.0,0.8312285348715903
2015-07-28,HOBBIES_1_009,CA_1,0.0,0.267169883424109
2015-07-29,HOBBIES_1_009,CA_1,0.0,0.267169883424109
2015-07-29,HOBBIES_1_009,CA_1,0.0,0.27124817770351606
2015-07-30,HOBBIES_1_009,CA_1,0.0,0.27124817770351606
2015-07-30,HOBBIES_1_009,CA_1,0.0,0.27124817770351606
2015-07-31,HOBBIES_1_009,CA_1,0.0,0.3292762027985347
2015-07-31,HOBBIES_1_009,CA_1,0.0,0.2710095623671292
2015-08-01,HOBBIES_1_009,CA_1,0.0,0.30808042244947886
2015-08-01,HOBBIES_1_009,CA_1,0.0,0.30808042244947886
2015-08-02,HOBBIES_1_009,CA_1,0.0,0.30136258590793924
2015-08-02,HOBBIES_1_009,CA_1,0.0,0.30136258590793924
2015-08-03,HOBBIES_1_009,CA_1,0.0,0.2349048522202335
2015-08-03,HOBBIES_1_009,CA_1,0.0,0.2349048522202335
2015-08-04,HOBBIES_1_009,CA_1,0.0,0.2496838546175479
2015-08-04,HOBBIES_1_009,CA_1,0.0,0.2496838546175479
2015-08-05,HOBBIES_1_009,CA_1,0.0,0.23987267066683424
2015-08-05,HOBBIES_1_009,CA_1,0.0,0.23987267066683424
2015-08-06,HOBBIES_1_009,CA_1,0.0,0.23987267066683424
2015-08-06,HOBBIES_1_009,CA_1,0.0,0.23987267066683424
2015-08-07,HOBBIES_1_009,CA_1,0.0,0.280820746317843
2015-08-07,HOBBIES_1_009,CA_1,0.0,0.280820746317843
2015-08-08,HOBBIES_1_009,CA_1,0.0,0.2761213447316147
2015-08-08,HOBBIES_1_009,CA_1,0.0,0.2761213447316147
2015-08-09,HOBBIES_1_009,CA_1,0.0,0.2792146921407888
2015-08-09,HOBBIES_1_009,CA_1,0.0,0.2792146921407888
2015-08-10,HOBBIES_1_009,CA_1,0.0,0.2253557223301753
2015-08-10,HOBBIES_1_009,CA_1,0.0,0.2253557223301753
2015-08-11,HOBBIES_1_009,CA_1,0.0,0.20115545303563295
2015-08-11,HOBBIES_1_009,CA_1,0.0,0.20115545303563295
2015-08-12,HOBBIES_1_009,CA_1,0.0,0.20115545303563295
2015-08-12,HOBBIES_1_009,CA_1,0.0,0.20115545303563295
2015-08-13,HOBBIES_1_009,CA_1,0.0,0.20115545303563295
2015-08-13,HOBBIES_1_009,CA_1,0.0,0.20115545303563295
2015-08-14,HOBBIES_1_009,CA_1,0.0,0.22271502630381343
2015-08-14,HOBBIES_1_009,CA_1,0.0,0.22271502630381343
2015-08-15,HOBBIES_1_009,CA_1,0.0,0.24632376162151257
2015-08-15,HOBBIES_1_009,CA_1,0.0,0.24632376162151257
2015-08-16,HOBBIES_1_009,CA_1,0.0,0.239605925079973
2015-08-16,HOBBIES_1_009,CA_1,0.0,0.239605925079973
2015-08-17,HOBBIES_1_009,CA_1,0.0,0.1961876345890322
2015-08-17,HOBBIES_1_009,CA_1,0.0,0.1961876345890322
2015-08-18,HOBBIES_1_009,CA_1,0.0,0.20115545303563295
2015-08-18,HOBBIES_1_009,CA_1,0.0,0.20115545303563295
2015-08-19,HOBBIES_1_009,CA_1,0.0,0.20115545303563295
2015-08-19,HOBBIES_1_009,CA_1,0.0,0.20115545303563295
2015-08-20,HOBBIES_1_009,CA_1,0.0,0.20115545303563295
2015-08-20,HOBBIES_1_009,CA_1,0.0,0.20115545303563295
2015-08-21,HOBBIES_1_009,CA_1,0.0,0.22271502630381343
2015-08-21,HOBBIES_1_009,CA_1,0.0,0.22271502630381343
2015-08-22,HOBBIES_1_009,CA_1,0.0,0.24632376162151257
2015-08-22,HOBBIES_1_009,CA_1,0.0,0.24632376162151257
2015-08-23,HOBBIES_1_009,CA_1,0.0,0.239605925079973
2015-08-23,HOBBIES_1_009,CA_1,0.0,0.239605925079973
2015-08-24,HOBBIES_1_009,CA_1,0.0,0.1961876345890322
2015-08-24,HOBBIES_1_009,CA_1,0.0,0.1961876345890322
2015-08-25,HOBBIES_1_009,CA_1,0.0,0.20115545303563295
2015-08-25,HOBBIES_1_009,CA_1,0.0,0.20115545303563295
2015-08-26,HOBBIES_1_009,CA_1,0.0,0.20115545303563295
2015-08-26,HOBBIES_1_009,CA_1,0.0,0.20115545303563295
2015-08-27,HOBBIES_1_009,CA_1,0.0,0.20115545303563295
2015-08-27,HOBBIES_1_009,CA_1,0.0,0.20115545303563295
2015-08-28,HOBBIES_1_009,CA_1,0.0,0.22271502630381343
2015-08-28,HOBBIES_1_009,CA_1,0.0,0.22271502630381343
2015-08-29,HOBBIES_1_009,CA_1,0.0,0.24632376162151257
2015-08-29,HOBBIES_1_009,CA_1,0.0,0.24632376162151257
2015-08-30,HOBBIES_1_009,CA_1,0.0,0.239605925079973
2015-08-30,HOBBIES_1_009,CA_1,0.0,0.239605925079973
2015-08-31,HOBBIES_1_009,CA_1,0.0,0.1961876345890322
2015-08-31,HOBBIES_1_009,CA_1,0.0,0.1961876345890322
2015-09-01,HOBBIES_1_009,CA_1,0.0,0.20115545303563295
2015-09-01,HOBBIES_1_009,CA_1,0.0,0.20115545303563295
2015-09-02,HOBBIES_1_009,CA_1,0.0,0.20115545303563295
2015-09-02,HOBBIES_1_009,CA_1,0.0,0.20115545303563295
2015-09-03,HOBBIES_1_009,CA_1,0.0,0.20115545303563295
2015-09-03,HOBBIES_1_009,CA_1,0.0,0.20115545303563295
2015-09-04,HOBBIES_1_009,CA_1,0.0,0.22271502630381343
2015-09-04,HOBBIES_1_009,CA_1,0.0,0.22271502630381343
2015-09-05,HOBBIES_1_009,CA_1,0.0,0.24632376162151257
2015-09-05,HOBBIES_1_009,CA_1,0.0,0.24632376162151257
2015-09-06,HOBBIES_1_009,CA_1,0.0,0.239605925079973
2015-09-06,HOBBIES_1_009,CA_1,0.0,0.239605925079973
2015-09-07,HOBBIES_1_009,CA_1,0.0,0.20591843343367655
2015-09-07,HOBBIES_1_009,CA_1,0.0,0.20591843343367655
2015-09-08,HOBBIES_1_009,CA_1,0.0,0.20115545303563295
2015-09-08,HOBBIES_1_009,CA_1,0.0,0.20115545303563295
2015-09-09,HOBBIES_1_009,CA_1,0.0,0.20115545303563295
2015-09-09,HOBBIES_1_009,CA_1,0.0,0.20115545303563295
2015-09-10,HOBBIES_1_009,CA_1,0.0,0.20115545303563295
2015-09-10,HOBBIES_1_009,CA_1,0.0,0.20115545303563295
2015-09-11,HOBBIES_1_009,CA_1,0.0,0.22271502630381343
2015-09-11,HOBBIES_1_009,CA_1,0.0,0.22271502630381343
2015-09-12,HOBBIES_1_009,CA_1,0.0,0.24632376162151257
2015-09-12,HOBBIES_1_009,CA_1,0.0,0.24632376162151257
2015-09-13,HOBBIES_1_009,CA_1,0.0,0.239605925079973
2015-09-13,HOBBIES_1_009,CA_1,0.0,0.239605925079973
2015-09-14,HOBBIES_1_009,CA_1,0.0,0.1961876345890322
2015-09-14,HOBBIES_1_009,CA_1,0.0,0.1961876345890322
2015-09-15,HOBBIES_1_009,CA_1,0.0,0.20115545303563295
2015-09-15,HOBBIES_1_009,CA_1,0.0,0.20115545303563295
2015-09-16,HOBBIES_1_009,CA_1,0.0,0.20115545303563295
2015-09-16,HOBBIES_1_009,CA_1,0.0,0.20115545303563295
2015-09-17,HOBBIES_1_009,CA_1,0.0,0.20115545303563295
2015-09-17,HOBBIES_1_009,CA_1,0.0,0.20115545303563295
2015-09-18,HOBBIES_1_009,CA_1,0.0,0.22271502630381343
2015-09-18,HOBBIES_1_009,CA_1,0.0,0.22271502630381343
2015-09-19,HOBBIES_1_009,CA_1,0.0,0.24632376162151257
2015-09-19,HOBBIES_1_009,CA_1,0.0,0.24632376162151257
2015-09-20,HOBBIES_1_009,CA_1,0.0,0.239605925079973
2015-09-20,HOBBIES_1_009,CA_1,0.0,0.239605925079973
2015-09-21,HOBBIES_1_009,CA_1,0.0,0.1961876345890322
2015-09-21,HOBBIES_1_009,CA_1,0.0,0.1961876345890322
2015-09-22,HOBBIES_1_009,CA_1,0.0,0.20115545303563295
2015-09-22,HOBBIES_1_009,CA_1,0.0,0.20115545303563295
2015-09-23,HOBBIES_1_009,CA_1,0.0,0.20115545303563295
2015-09-23,HOBBIES_1_009,CA_1,0.0,0.20115545303563295
2015-09-24,HOBBIES_1_009,CA_1,0.0,0.19801442944562592
2015-09-24,HOBBIES_1_009,CA_1,0.0,0.19801442944562592
2015-09-25,HOBBIES_1_009,CA_1,0.0,0.22271502630381343
2015-09-25,HOBBIES_1_009,CA_1,0.0,0.22271502630381343
2015-09-26,HOBBIES_1_009,CA_1,0.0,0.24632376162151257
2015-09-26,HOBBIES_1_009,CA_1,0.0,0.24632376162151257
2015-09-27,HOBBIES_1_009,CA_1,0.0,0.239605925079973
2015-09-27,HOBBIES_1_009,CA_1,0.0,0.239605925079973
2015-09-28,HOBBIES_1_009,CA_1,0.0,0.1961876345890322
2015-09-28,HOBBIES_1_009,CA_1,0.0,0.1961876345890322
2015-09-29,HOBBIES_1_009,CA_1,0.0,0.20115545303563295
2015-09-29,HOBBIES_1_009,CA_1,0.0,0.20115545303563295
2015-09-30,HOBBIES_1_009,CA_1,0.0,0.20115545303563295
2015-09-30,HOBBIES_1_009,CA_1,0.0,0.20115545303563295
2015-10-01,HOBBIES_1_009,CA_1,0.0,0.20115545303563295
2015-10-01,HOBBIES_1_009,CA_1,0.0,0.20115545303563295
2015-10-02,HOBBIES_1_009,CA_1,0.0,0.22271502630381343
2015-10-02,HOBBIES_1_009,CA_1,0.0,0.22271502630381343
2015-10-03,HOBBIES_1_009,CA_1,0.0,0.24632376162151257
2015-10-03,HOBBIES_1_009,CA_1,0.0,0.24632376162151257
2015-10-04,HOBBIES_1_009,CA_1,0.0,0.239605925079973
2015-10-04,HOBBIES_1_009,CA_1,0.0,0.239605925079973
2015-10-05,HOBBIES_1_009,CA_1,0.0,0.1961876345890322
2015-10-05,HOBBIES_1_009,CA_1,0.0,0.1961876345890322
2015-10-06,HOBBIES_1_009,CA_1,0.0,0.20115545303563295
2015-10-06,HOBBIES_1_009,CA_1,0.0,0.20115545303563295
2015-10-07,HOBBIES_1_009,CA_1,0.0,0.20115545303563295
2015-10-07,HOBBIES_1_009,CA_1,0.0,0.20115545303563295
2015-10-08,HOBBIES_1_009,CA_1,0.0,0.20115545303563295
2015-10-08,HOBBIES_1_009,CA_1,0.0,0.20115545303563295
2015-10-09,HOBBIES_1_009,CA_1,0.0,0.22271502630381343
2015-10-09,HOBBIES_1_009,CA_1,0.0,0.22271502630381343
2015-10-10,HOBBIES_1_009,CA_1,0.0,0.24632376162151257
2015-10-10,HOBBIES_1_009,CA_1,0.0,0.24632376162151257
2015-10-11,HOBBIES_1_009,CA_1,0.0,0.239605925079973
2015-10-11,HOBBIES_1_009,CA_1,0.0,0.239605925079973
2015-10-12,HOBBIES_1_009,CA_1,0.0,0.20591843343367655
2015-10-12,HOBBIES_1_009,CA_1,0.0,0.20591843343367655
2015-10-13,HOBBIES_1_009,CA_1,0.0,0.20115545303563295
2015-10-13,HOBBIES_1_009,CA_1,0.0,0.20115545303563295
2015-10-14,HOBBIES_1_009,CA_1,0.0,0.20115545303563295
2015-10-14,HOBBIES_1_009,CA_1,0.0,0.20115545303563295
2015-10-15,HOBBIES_1_009,CA_1,0.0,0.20115545303563295
2015-10-15,HOBBIES_1_009,CA_1,0.0,0.20115545303563295
2015-10-16,HOBBIES_1_009,CA_1,0.0,0.22271502630381343
2015-10-16,HOBBIES_1_009,CA_1,0.0,0.22271502630381343
2015-10-17,HOBBIES_1_009,CA_1,0.0,0.24632376162151257
2015-10-17,HOBBIES_1_009,CA_1,0.0,0.24632376162151257
2015-10-18,HOBBIES_1_009,CA_1,0.0,0.239605925079973
2015-10-18,HOBBIES_1_009,CA_1,0.0,0.239605925079973
2015-10-19,HOBBIES_1_009,CA_1,0.0,0.1961876345890322
2015-10-19,HOBBIES_1_009,CA_1,0.0,0.1961876345890322
2015-10-20,HOBBIES_1_009,CA_1,0.0,0.20115545303563295
2015-10-20,HOBBIES_1_009,CA_1,0.0,0.20115545303563295
2015-10-21,HOBBIES_1_009,CA_1,0.0,0.20115545303563295
2015-10-21,HOBBIES_1_009,CA_1,0.0,0.20115545303563295
2015-10-22,HOBBIES_1_009,CA_1,0.0,0.20115545303563295
2015-10-22,HOBBIES_1_009,CA_1,0.0,0.20115545303563295
2015-10-23,HOBBIES_1_009,CA_1,0.0,0.22271502630381343
2015-10-23,HOBBIES_1_009,CA_1,0.0,0.22271502630381343
2015-10-24,HOBBIES_1_009,CA_1,0.0,0.24632376162151257
2015-10-24,HOBBIES_1_009,CA_1,0.0,0.24632376162151257
2015-10-25,HOBBIES_1_009,CA_1,0.0,0.239605925079973
2015-10-25,HOBBIES_1_009,CA_1,0.0,0.239605925079973
2015-10-26,HOBBIES_1_009,CA_1,0.0,0.1961876345890322
2015-10-26,HOBBIES_1_009,CA_1,0.0,0.1961876345890322
2015-10-27,HOBBIES_1_009,CA_1,0.0,0.20115545303563295
2015-10-27,HOBBIES_1_009,CA_1,0.0,0.20115545303563295
2015-10-28,HOBBIES_1_009,CA_1,0.0,0.20115545303563295
2015-10-28,HOBBIES_1_009,CA_1,0.0,0.20115545303563295
2015-10-29,HOBBIES_1_009,CA_1,0.0,0.20115545303563295
2015-10-29,HOBBIES_1_009,CA_1,0.0,0.20115545303563295
2015-10-30,HOBBIES_1_009,CA_1,0.0,0.22271502630381343
2015-10-30,HOBBIES_1_009,CA_1,0.0,0.22271502630381343
2015-10-31,HOBBIES_1_009,CA_1,0.0,0.24318273803150553
2015-10-31,HOBBIES_1_009,CA_1,0.0,0.24318273803150553
2015-11-01,HOBBIES_1_009,CA_1,0.0,0.239605925079973
2015-11-01,HOBBIES_1_009,CA_1,0.0,0.239605925079973
2015-11-02,HOBBIES_1_009,CA_1,0.0,0.1961876345890322
2015-11-02,HOBBIES_1_009,CA_1,0.0,0.1961876345890322
2015-11-03,HOBBIES_1_009,CA_1,0.0,0.20115545303563295
2015-11-03,HOBBIES_1_009,CA_1,0.0,0.20115545303563295
2015-11-04,HOBBIES_1_009,CA_1,0.0,0.20115545303563295
2015-11-04,HOBBIES_1_009,CA_1,0.0,0.20115545303563295
2015-11-05,HOBBIES_1_009,CA_1,0.0,0.20115545303563295
2015-11-05,HOBBIES_1_009,CA_1,0.0,0.20115545303563295
2015-11-06,HOBBIES_1_009,CA_1,0.0,0.22271502630381343
2015-11-06,HOBBIES_1_009,CA_1,0.0,0.22271502630381343
2015-11-07,HOBBIES_1_009,CA_1,0.0,0.24632376162151257
2015-11-07,HOBBIES_1_009,CA_1,0.0,0.24632376162151257
2015-11-08,HOBBIES_1_009,CA_1,0.0,0.239605925079973
2015-11-08,HOBBIES_1_009,CA_1,0.0,0.239605925079973
2015-11-09,HOBBIES_1_009,CA_1,0.0,0.1961876345890322
2015-11-09,HOBBIES_1_009,CA_1,0.0,0.1961876345890322
2015-11-10,HOBBIES_1_009,CA_1,0.0,0.20115545303563295
2015-11-10,HOBBIES_1_009,CA_1,0.0,0.20115545303563295
2015-11-11,HOBBIES_1_009,CA_1,0.0,0.19801442944562592
2015-11-11,HOBBIES_1_009,CA_1,0.0,0.19801442944562592
2015-11-12,HOBBIES_1_009,CA_1,0.0,0.20115545303563295
2015-11-12,HOBBIES_1_009,CA_1,0.0,0.20115545303563295
2015-11-13,HOBBIES_1_009,CA_1,0.0,0.22271502630381343
2015-11-13,HOBBIES_1_009,CA_1,0.0,0.22271502630381343
2015-11-14,HOBBIES_1_009,CA_1,0.0,0.24632376162151257
2015-11-14,HOBBIES_1_009,CA_1,0.0,0.24632376162151257
2015-11-15,HOBBIES_1_009,CA_1,0.0,0.239605925079973
2015-11-15,HOBBIES_1_009,CA_1,0.0,0.239605925079973
2015-11-16,HOBBIES_1_009,CA_1,0.0,0.1961876345890322
2015-11-16,HOBBIES_1_009,CA_1,0.0,0.1961876345890322
2015-11-17,HOBBIES_1_009,CA_1,0.0,0.20115545303563295
2015-11-17,HOBBIES_1_009,CA_1,0.0,0.20115545303563295
2015-11-18,HOBBIES_1_009,CA_1,0.0,0.20115545303563295
2015-11-18,HOBBIES_1_009,CA_1,0.0,0.20115545303563295
2015-11-19,HOBBIES_1_009,CA_1,0.0,0.20115545303563295
2015-11-19,HOBBIES_1_009,CA_1,0.0,0.20115545303563295
2015-11-20,HOBBIES_1_009,CA_1,0.0,0.22271502630381343
2015-11-20,HOBBIES_1_009,CA_1,0.0,0.22271502630381343
2015-11-21,HOBBIES_1_009,CA_1,0.0,0.24632376162151257
2015-11-21,HOBBIES_1_009,CA_1,0.0,0.24632376162151257
2015-11-22,HOBBIES_1_009,CA_1,0.0,0.239605925079973
2015-11-22,HOBBIES_1_009,CA_1,0.0,0.239605925079973
2015-11-23,HOBBIES_1_009,CA_1,0.0,0.1961876345890322
2015-11-23,HOBBIES_1_009,CA_1,0.0,0.1961876345890322
2015-11-24,HOBBIES_1_009,CA_1,0.0,0.20115545303563295
2015-11-24,HOBBIES_1_009,CA_1,0.0,0.20115545303563295
2015-11-25,HOBBIES_1_009,CA_1,0.0,0.20115545303563295
2015-11-25,HOBBIES_1_009,CA_1,0.0,0.20115545303563295
2015-11-26,HOBBIES_1_009,CA_1,0.0,0.19801442944562592
2015-11-26,HOBBIES_1_009,CA_1,0.0,0.19801442944562592
2015-11-27,HOBBIES_1_009,CA_1,0.0,0.22271502630381343
2015-11-27,HOBBIES_1_009,CA_1,0.0,0.22271502630381343
2015-11-28,HOBBIES_1_009,CA_1,0.0,0.24632376162151257
2015-11-28,HOBBIES_1_009,CA_1,0.0,0.24632376162151257
2015-11-29,HOBBIES_1_009,CA_1,0.0,0.239605925079973
2015-11-29,HOBBIES_1_009,CA_1,0.0,0.239605925079973
2015-11-30,HOBBIES_1_009,CA_1,0.0,0.1961876345890322
2015-11-30,HOBBIES_1_009,CA_1,0.0,0.1961876345890322
2015-12-01,HOBBIES_1_009,CA_1,0.0,0.20115545303563295
2015-12-01,HOBBIES_1_009,CA_1,0.0,0.20115545303563295
2015-12-02,HOBBIES_1_009,CA_1,0.0,0.20115545303563295
2015-12-02,HOBBIES_1_009,CA_1,0.0,0.20115545303563295
2015-12-03,HOBBIES_1_009,CA_1,0.0,0.20115545303563295
2015-12-03,HOBBIES_1_009,CA_1,0.0,0.20115545303563295
2015-12-04,HOBBIES_1_009,CA_1,0.0,0.22271502630381343
2015-12-04,HOBBIES_1_009,CA_1,0.0,0.22271502630381343
2015-12-05,HOBBIES_1_009,CA_1,0.0,0.24632376162151257
2015-12-05,HOBBIES_1_009,CA_1,0.0,0.24632376162151257
2015-12-06,HOBBIES_1_009,CA_1,0.0,0.239605925079973
2015-12-06,HOBBIES_1_009,CA_1,0.0,0.239605925079973
2015-12-07,HOBBIES_1_009,CA_1,0.0,0.1961876345890322
2015-12-07,HOBBIES_1_009,CA_1,0.0,0.1961876345890322
2015-12-08,HOBBIES_1_009,CA_1,0.0,0.20115545303563295
2015-12-08,HOBBIES_1_009,CA_1,0.0,0.20115545303563295
2015-12-09,HOBBIES_1_009,CA_1,0.0,0.20115545303563295
2015-12-09,HOBBIES_1_009,CA_1,0.0,0.20115545303563295
2015-12-10,HOBBIES_1_009,CA_1,0.0,0.20115545303563295
2015-12-10,HOBBIES_1_009,CA_1,0.0,0.20115545303563295
2015-12-11,HOBBIES_1_009,CA_1,0.0,0.22271502630381343
2015-12-11,HOBBIES_1_009,CA_1,0.0,0.22271502630381343
2015-12-12,HOBBIES_1_009,CA_1,0.0,0.24632376162151257
2015-12-12,HOBBIES_1_009,CA_1,0.0,0.24632376162151257
2015-12-13,HOBBIES_1_009,CA_1,0.0,0.239605925079973
2015-12-13,HOBBIES_1_009,CA_1,0.0,0.239605925079973
2015-12-14,HOBBIES_1_009,CA_1,0.0,0.20591843343367655
2015-12-14,HOBBIES_1_009,CA_1,0.0,0.20591843343367655
2015-12-15,HOBBIES_1_009,CA_1,1.0,0.20115545303563295
2015-12-15,HOBBIES_1_009,CA_1,1.0,0.8159070790553915
2015-12-16,HOBBIES_1_009,CA_1,0.0,0.8077899267514114
2015-12-16,HOBBIES_1_009,CA_1,0.0,0.24780956958333725
2015-12-17,HOBBIES_1_009,CA_1,1.0,0.24780956958333725
2015-12-17,HOBBIES_1_009,CA_1,1.0,0.814339299275604
2015-12-18,HOBBIES_1_009,CA_1,0.0,0.8676332026942302
2015-12-18,HOBBIES_1_009,CA_1,0.0,0.2987707907458606
2015-12-19,HOBBIES_1_009,CA_1,1.0,0.32627083285903996
2015-12-19,HOBBIES_1_009,CA_1,1.0,0.9581679986783086
2015-12-20,HOBBIES_1_009,CA_1,0.0,0.9514501621367689
2015-12-20,HOBBIES_1_009,CA_1,0.0,0.35151207403536455
2015-12-21,HOBBIES_1_009,CA_1,1.0,0.26628035925691534
2015-12-21,HOBBIES_1_009,CA_1,1.0,0.8221824221455827
2015-12-22,HOBBIES_1_009,CA_1,1.0,0.8271502405921833
2015-12-22,HOBBIES_1_009,CA_1,1.0,0.8433367290018388
2015-12-23,HOBBIES_1_009,CA_1,0.0,0.8433367290018388
2015-12-23,HOBBIES_1_009,CA_1,0.0,0.27927807755435746
2015-12-24,HOBBIES_1_009,CA_1,0.0,0.27927807755435746
2015-12-24,HOBBIES_1_009,CA_1,0.0,0.2833563718337645
2015-12-25,HOBBIES_1_009,CA_1,0.0,0.33559562320728326
2015-12-25,HOBBIES_1_009,CA_1,0.0,0.33559562320728326
2015-12-26,HOBBIES_1_009,CA_1,2.0,0.3839246591836201
2015-12-26,HOBBIES_1_009,CA_1,2.0,1.6581656200274397
2015-12-27,HOBBIES_1_009,CA_1,0.0,1.6514477834859
2015-12-27,HOBBIES_1_009,CA_1,0.0,0.4064620523604792
2015-12-28,HOBBIES_1_009,CA_1,0.0,0.31576093540954264
2015-12-28,HOBBIES_1_009,CA_1,0.0,0.31576093540954264
2015-12-29,HOBBIES_1_009,CA_1,0.0,0.33053993780685714
2015-12-29,HOBBIES_1_009,CA_1,0.0,0.3191904024290243
2015-12-30,HOBBIES_1_009,CA_1,0.0,0.2833563718337645
2015-12-30,HOBBIES_1_009,CA_1,0.0,0.25198086479708276
2015-12-31,HOBBIES_1_009,CA_1,0.0,0.2617920487477963
2015-12-31,HOBBIES_1_009,CA_1,0.0,0.2617920487477963
2016-01-01,HOBBIES_1_009,CA_1,0.0,0.285446135079858
2016-01-01,HOBBIES_1_009,CA_1,0.0,0.285446135079858
2016-01-02,HOBBIES_1_009,CA_1,0.0,0.3912041051092971
2016-01-02,HOBBIES_1_009,CA_1,0.0,0.3912041051092971
2016-01-03,HOBBIES_1_009,CA_1,0.0,0.2833412419858178
2016-01-03,HOBBIES_1_009,CA_1,0.0,0.2833412419858178
2016-01-04,HOBBIES_1_009,CA_1,0.0,0.24471603617094717
2016-01-04,HOBBIES_1_009,CA_1,0.0,0.24471603617094717
2016-01-05,HOBBIES_1_009,CA_1,0.0,0.2496838546175479
2016-01-05,HOBBIES_1_009,CA_1,0.0,0.2496838546175479
2016-01-06,HOBBIES_1_009,CA_1,0.0,0.2270617293502549
2016-01-06,HOBBIES_1_009,CA_1,0.0,0.2270617293502549
2016-01-07,HOBBIES_1_009,CA_1,0.0,0.22392070576024786
2016-01-07,HOBBIES_1_009,CA_1,0.0,0.22392070576024786
2016-01-08,HOBBIES_1_009,CA_1,0.0,0.24862130261843543
2016-01-08,HOBBIES_1_009,CA_1,0.0,0.24862130261843543
2016-01-09,HOBBIES_1_009,CA_1,0.0,0.28593252868232844
2016-01-09,HOBBIES_1_009,CA_1,0.0,0.2754918493626556
2016-01-10,HOBBIES_1_009,CA_1,0.0,0.22158458115785154
2016-01-10,HOBBIES_1_009,CA_1,0.0,0.22158458115785154
2016-01-11,HOBBIES_1_009,CA_1,0.0,0.1961876345890322
2016-01-11,HOBBIES_1_009,CA_1,0.0,0.1961876345890322
2016-01-12,HOBBIES_1_009,CA_1,0.0,0.20115545303563295
2016-01-12,HOBBIES_1_009,CA_1,0.0,0.20115545303563295
2016-01-13,HOBBIES_1_009,CA_1,0.0,0.20115545303563295
2016-01-13,HOBBIES_1_009,CA_1,0.0,0.20115545303563295
2016-01-14,HOBBIES_1_009,CA_1,0.0,0.20115545303563295
2016-01-14,HOBBIES_1_009,CA_1,0.0,0.20115545303563295
2016-01-15,HOBBIES_1_009,CA_1,0.0,0.22271502630381343
2016-01-15,HOBBIES_1_009,CA_1,0.0,0.22271502630381343
2016-01-16,HOBBIES_1_009,CA_1,0.0,0.24632376162151257
2016-01-16,HOBBIES_1_009,CA_1,0.0,0.24632376162151257
2016-01-17,HOBBIES_1_009,CA_1,0.0,0.22158458115785154
2016-01-17,HOBBIES_1_009,CA_1,0.0,0.22158458115785154
2016-01-18,HOBBIES_1_009,CA_1,0.0,0.20591843343367655
2016-01-18,HOBBIES_1_009,CA_1,0.0,0.20591843343367655
2016-01-19,HOBBIES_1_009,CA_1,0.0,0.20115545303563295
2016-01-19,HOBBIES_1_009,CA_1,0.0,0.20115545303563295
2016-01-20,HOBBIES_1_009,CA_1,0.0,0.20115545303563295
2016-01-20,HOBBIES_1_009,CA_1,0.0,0.20115545303563295
2016-01-21,HOBBIES_1_009,CA_1,0.0,0.20115545303563295
2016-01-21,HOBBIES_1_009,CA_1,0.0,0.20115545303563295
2016-01-22,HOBBIES_1_009,CA_1,0.0,0.22271502630381343
2016-01-22,HOBBIES_1_009,CA_1,0.0,0.22271502630381343
2016-01-23,HOBBIES_1_009,CA_1,0.0,0.24632376162151257
2016-01-23,HOBBIES_1_009,CA_1,0.0,0.24632376162151257
2016-01-24,HOBBIES_1_009,CA_1,0.0,0.22158458115785154
2016-01-24,HOBBIES_1_009,CA_1,0.0,0.22158458115785154
2016-01-25,HOBBIES_1_009,CA_1,0.0,0.1961876345890322
2016-01-25,HOBBIES_1_009,CA_1,0.0,0.1961876345890322
2016-01-26,HOBBIES_1_009,CA_1,0.0,0.20115545303563295
2016-01-26,HOBBIES_1_009,CA_1,0.0,0.20115545303563295
2016-01-27,HOBBIES_1_009,CA_1,0.0,0.20115545303563295
2016-01-27,HOBBIES_1_009,CA_1,0.0,0.20115545303563295
2016-01-28,HOBBIES_1_009,CA_1,0.0,0.20115545303563295
2016-01-28,HOBBIES_1_009,CA_1,0.0,0.20115545303563295
2016-01-29,HOBBIES_1_009,CA_1,0.0,0.22271502630381343
2016-01-29,HOBBIES_1_009,CA_1,0.0,0.22271502630381343
2016-01-30,HOBBIES_1_009,CA_1,0.0,0.24632376162151257
2016-01-30,HOBBIES_1_009,CA_1,0.0,0.24632376162151257
2016-01-31,HOBBIES_1_009,CA_1,0.0,0.22158458115785154
2016-01-31,HOBBIES_1_009,CA_1,0.0,0.22158458115785154
2016-02-01,HOBBIES_1_009,CA_1,0.0,0.1961876345890322
2016-02-01,HOBBIES_1_009,CA_1,0.0,0.1961876345890322
2016-02-02,HOBBIES_1_009,CA_1,0.0,0.20115545303563295
2016-02-02,HOBBIES_1_009,CA_1,0.0,0.20115545303563295
2016-02-03,HOBBIES_1_009,CA_1,0.0,0.20115545303563295
2016-02-03,HOBBIES_1_009,CA_1,0.0,0.20115545303563295
2016-02-04,HOBBIES_1_009,CA_1,0.0,0.20115545303563295
2016-02-04,HOBBIES_1_009,CA_1,0.0,0.20115545303563295
2016-02-05,HOBBIES_1_009,CA_1,0.0,0.22271502630381343
2016-02-05,HOBBIES_1_009,CA_1,0.0,0.22271502630381343
2016-02-06,HOBBIES_1_009,CA_1,0.0,0.24632376162151257
2016-02-06,HOBBIES_1_009,CA_1,0.0,0.24632376162151257
2016-02-07,HOBBIES_1_009,CA_1,0.0,0.2184435575678445
2016-02-07,HOBBIES_1_009,CA_1,0.0,0.2184435575678445
2016-02-08,HOBBIES_1_009,CA_1,0.0,0.1961876345890322
2016-02-08,HOBBIES_1_009,CA_1,0.0,0.1961876345890322
2016-02-09,HOBBIES_1_009,CA_1,0.0,0.20115545303563295
2016-02-09,HOBBIES_1_009,CA_1,0.0,0.20115545303563295
2016-02-10,HOBBIES_1_009,CA_1,0.0,0.19801442944562592
2016-02-10,HOBBIES_1_009,CA_1,0.0,0.19801442944562592
2016-02-11,HOBBIES_1_009,CA_1,0.0,0.20115545303563295
2016-02-11,HOBBIES_1_009,CA_1,0.0,0.20115545303563295
2016-02-12,HOBBIES_1_009,CA_1,0.0,0.22271502630381343
2016-02-12,HOBBIES_1_009,CA_1,0.0,0.22271502630381343
2016-02-13,HOBBIES_1_009,CA_1,0.0,0.24632376162151257
2016-02-13,HOBBIES_1_009,CA_1,0.0,0.24632376162151257
2016-02-14,HOBBIES_1_009,CA_1,0.0,0.2184435575678445
2016-02-14,HOBBIES_1_009,CA_1,0.0,0.2184435575678445
2016-02-15,HOBBIES_1_009,CA_1,0.0,0.20591843343367655
2016-02-15,HOBBIES_1_009,CA_1,0.0,0.20591843343367655
2016-02-16,HOBBIES_1_009,CA_1,0.0,0.20115545303563295
2016-02-16,HOBBIES_1_009,CA_1,0.0,0.20115545303563295
2016-02-17,HOBBIES_1_009,CA_1,0.0,0.19801442944562592
2016-02-17,HOBBIES_1_009,CA_1,0.0,0.19801442944562592
2016-02-18,HOBBIES_1_009,CA_1,0.0,0.20115545303563295
2016-02-18,HOBBIES_1_009,CA_1,0.0,0.20115545303563295
2016-02-19,HOBBIES_1_009,CA_1,0.0,0.22271502630381343
2016-02-19,HOBBIES_1_009,CA_1,0.0,0.22271502630381343
2016-02-20,HOBBIES_1_009,CA_1,0.0,0.24632376162151257
2016-02-20,HOBBIES_1_009,CA_1,0.0,0.24632376162151257
2016-02-21,HOBBIES_1_009,CA_1,0.0,0.22158458115785154
2016-02-21,HOBBIES_1_009,CA_1,0.0,0.22158458115785154
2016-02-22,HOBBIES_1_009,CA_1,0.0,0.1961876345890322
2016-02-22,HOBBIES_1_009,CA_1,0.0,0.1961876345890322
2016-02-23,HOBBIES_1_009,CA_1,0.0,0.20115545303563295
2016-02-23,HOBBIES_1_009,CA_1,0.0,0.20115545303563295
2016-02-24,HOBBIES_1_009,CA_1,0.0,0.20115545303563295
2016-02-24,HOBBIES_1_009,CA_1,0.0,0.20115545303563295
2016-02-25,HOBBIES_1_009,CA_1,0.0,0.20115545303563295
2016-02-25,HOBBIES_1_009,CA_1,0.0,0.20115545303563295
2016-02-26,HOBBIES_1_009,CA_1,0.0,0.22271502630381343
2016-02-26,HOBBIES_1_009,CA_1,0.0,0.22271502630381343
2016-02-27,HOBBIES_1_009,CA_1,0.0,0.24632376162151257
2016-02-27,HOBBIES_1_009,CA_1,0.0,0.24632376162151257
2016-02-28,HOBBIES_1_009,CA_1,0.0,0.22158458115785154
2016-02-28,HOBBIES_1_009,CA_1,0.0,0.22158458115785154
2016-02-29,HOBBIES_1_009,CA_1,0.0,0.1961876345890322
2016-02-29,HOBBIES_1_009,CA_1,0.0,0.1961876345890322
2016-03-01,HOBBIES_1_009,CA_1,0.0,0.20115545303563295
2016-03-01,HOBBIES_1_009,CA_1,0.0,0.20115545303563295
2016-03-02,HOBBIES_1_009,CA_1,2.0,0.20115545303563295
2016-03-02,HOBBIES_1_009,CA_1,2.0,1.4207588726885014
2016-03-03,HOBBIES_1_009,CA_1,0.0,1.427308245212694
2016-03-03,HOBBIES_1_009,CA_1,0.0,0.25435894210752985
2016-03-04,HOBBIES_1_009,CA_1,0.0,0.29469249646645357
2016-03-04,HOBBIES_1_009,CA_1,0.0,0.29469249646645357
2016-03-05,HOBBIES_1_009,CA_1,0.0,0.3221925385796329
2016-03-05,HOBBIES_1_009,CA_1,0.0,0.32627083285903996
2016-03-06,HOBBIES_1_009,CA_1,0.0,0.31955299631750045
2016-03-06,HOBBIES_1_009,CA_1,0.0,0.2694035081900751
2016-03-07,HOBBIES_1_009,CA_1,1.0,0.22209391090365416
2016-03-07,HOBBIES_1_009,CA_1,1.0,0.8302995744495628
2016-03-08,HOBBIES_1_009,CA_1,0.0,0.8271502405921833
2016-03-08,HOBBIES_1_009,CA_1,0.0,0.267169883424109
2016-03-09,HOBBIES_1_009,CA_1,0.0,0.2838504132430183
2016-03-09,HOBBIES_1_009,CA_1,0.0,0.2838504132430183
2016-03-10,HOBBIES_1_009,CA_1,0.0,0.267169883424109
2016-03-10,HOBBIES_1_009,CA_1,0.0,0.27124817770351606
2016-03-11,HOBBIES_1_009,CA_1,0.0,0.3292762027985347
2016-03-11,HOBBIES_1_009,CA_1,0.0,0.2710095623671292
2016-03-12,HOBBIES_1_009,CA_1,0.0,0.30808042244947886
2016-03-12,HOBBIES_1_009,CA_1,0.0,0.30808042244947886
2016-03-13,HOBBIES_1_009,CA_1,0.0,0.30136258590793924
2016-03-13,HOBBIES_1_009,CA_1,0.0,0.30136258590793924
2016-03-14,HOBBIES_1_009,CA_1,6.0,0.2349048522202335
2016-03-14,HOBBIES_1_009,CA_1,6.0,4.023829496934957
2016-03-15,HOBBIES_1_009,CA_1,0.0,3.614744741094336
2016-03-15,HOBBIES_1_009,CA_1,0.0,0.3249145917519743
2016-03-16,HOBBIES_1_009,CA_1,0.0,0.3347257757026881
2016-03-16,HOBBIES_1_009,CA_1,0.0,0.2477822688159908
2016-03-17,HOBBIES_1_009,CA_1,0.0,0.23483006127526998
2016-03-17,HOBBIES_1_009,CA_1,0.0,0.2481761874741535
2016-03-18,HOBBIES_1_009,CA_1,0.0,0.5178218668949063
2016-03-18,HOBBIES_1_009,CA_1,0.0,0.33003783497165096
2016-03-19,HOBBIES_1_009,CA_1,0.0,0.36710869505400057
2016-03-19,HOBBIES_1_009,CA_1,0.0,0.36710869505400057
2016-03-20,HOBBIES_1_009,CA_1,0.0,0.360390858512461
2016-03-20,HOBBIES_1_009,CA_1,0.0,0.360390858512461
2016-03-21,HOBBIES_1_009,CA_1,0.0,0.36946864870669555
2016-03-21,HOBBIES_1_009,CA_1,0.0,0.35404081904945567
2016-03-22,HOBBIES_1_009,CA_1,0.0,0.25198086479708276
2016-03-22,HOBBIES_1_009,CA_1,0.0,0.25198086479708276
2016-03-23,HOBBIES_1_009,CA_1,0.0,0.25198086479708276
2016-03-23,HOBBIES_1_009,CA_1,0.0,0.25198086479708276
2016-03-24,HOBBIES_1_009,CA_1,0.0,0.2488398412070757
2016-03-24,HOBBIES_1_009,CA_1,0.0,0.2488398412070757
2016-03-25,HOBBIES_1_009,CA_1,0.0,0.28858715866986506
2016-03-25,HOBBIES_1_009,CA_1,0.0,0.28858715866986506
2016-03-26,HOBBIES_1_009,CA_1,0.0,0.3256580187522147
2016-03-26,HOBBIES_1_009,CA_1,0.0,0.3256580187522147
2016-03-27,HOBBIES_1_009,CA_1,0.0,0.31579915862066804
2016-03-27,HOBBIES_1_009,CA_1,0.0,0.31579915862066804
2016-03-28,HOBBIES_1_009,CA_1,0.0,0.32092295474584587
2016-03-28,HOBBIES_1_009,CA_1,0.0,0.30881476061559743
2016-03-29,HOBBIES_1_009,CA_1,2.0,0.20115545303563295
2016-03-29,HOBBIES_1_009,CA_1,2.0,1.4207588726885014
2016-03-30,HOBBIES_1_009,CA_1,0.0,1.427308245212694
2016-03-30,HOBBIES_1_009,CA_1,0.0,0.25435894210752985
2016-03-31,HOBBIES_1_009,CA_1,1.0,0.25435894210752985
2016-03-31,HOBBIES_1_009,CA_1,1.0,0.8271502405921833
2016-04-01,HOBBIES_1_009,CA_1,2.0,0.890021462442924
2016-04-01,HOBBIES_1_009,CA_1,2.0,1.5394289597871236
2016-04-02,HOBBIES_1_009,CA_1,0.0,1.6519508872979882
2016-04-02,HOBBIES_1_009,CA_1,0.0,0.3717292126002329
2016-04-03,HOBBIES_1_009,CA_1,3.0,0.3650113760586933
2016-04-03,HOBBIES_1_009,CA_1,3.0,2.2612374177351393
2016-04-04,HOBBIES_1_009,CA_1,0.0,1.8006357935714623
2016-04-04,HOBBIES_1_009,CA_1,0.0,0.2526431761917836
2016-04-05,HOBBIES_1_009,CA_1,0.0,0.331194550945601
2016-04-05,HOBBIES_1_009,CA_1,0.0,0.3374092836750527
2016-04-06,HOBBIES_1_009,CA_1,0.0,0.32072875385614336
2016-04-06,HOBBIES_1_009,CA_1,0.0,0.32807708331010754
2016-04-07,HOBBIES_1_009,CA_1,0.0,0.32807708331010754
2016-04-07,HOBBIES_1_009,CA_1,0.0,0.29343154109886854
2016-04-08,HOBBIES_1_009,CA_1,0.0,0.3857727373780196
2016-04-08,HOBBIES_1_009,CA_1,0.0,0.3857727373780196
2016-04-09,HOBBIES_1_009,CA_1,1.0,0.36710869505400057
2016-04-09,HOBBIES_1_009,CA_1,1.0,1.092394430019368
2016-04-10,HOBBIES_1_009,CA_1,1.0,1.1792904368693298
2016-04-10,HOBBIES_1_009,CA_1,1.0,1.1792904368693298
2016-04-11,HOBBIES_1_009,CA_1,0.0,0.9459208143409729
2016-04-11,HOBBIES_1_009,CA_1,0.0,0.4247101977308993
2016-04-12,HOBBIES_1_009,CA_1,7.0,0.4394892001282138
2016-04-12,HOBBIES_1_009,CA_1,7.0,4.589526151550128
2016-04-13,HOBBIES_1_009,CA_1,0.0,3.9451659747881416
2016-04-13,HOBBIES_1_009,CA_1,0.0,0.454508234187082
2016-04-14,HOBBIES_1_009,CA_1,0.0,0.46431941813779554
2016-04-14,HOBBIES_1_009,CA_1,0.0,0.4602411238583885
2016-04-15,HOBBIES_1_009,CA_1,0.0,0.5529808704583069
2016-04-15,HOBBIES_1_009,CA_1,0.0,0.5315702637127007
2016-04-16,HOBBIES_1_009,CA_1,0.0,0.7617908985289698
2016-04-16,HOBBIES_1_009,CA_1,0.0,0.5740068666057144
2016-04-17,HOBBIES_1_009,CA_1,1.0,0.6097667476008457
2016-04-17,HOBBIES_1_009,CA_1,1.0,1.2013007032180405
2016-04-18,HOBBIES_1_009,CA_1,1.0,0.9459208143409729
2016-04-18,HOBBIES_1_009,CA_1,1.0,0.9658894572032534
2016-04-19,HOBBIES_1_009,CA_1,6.0,1.0505367930704481
2016-04-19,HOBBIES_1_009,CA_1,6.0,4.15814062028306
2016-04-20,HOBBIES_1_009,CA_1,0.0,3.3830925304672887
2016-04-20,HOBBIES_1_009,CA_1,0.0,0.454508234187082
2016-04-21,HOBBIES_1_009,CA_1,0.0,0.454508234187082
2016-04-21,HOBBIES_1_009,CA_1,0.0,0.454508234187082
2016-04-22,HOBBIES_1_009,CA_1,0.0,0.5657838598007371
2016-04-22,HOBBIES_1_009,CA_1,0.0,0.5828449851670272
2016-04-23,HOBBIES_1_009,CA_1,0.0,0.8631662747672395
2016-04-23,HOBBIES_1_009,CA_1,0.0,0.6753822428439842
2016-04-24,HOBBIES_1_009,CA_1,0.0,0.6686644063024445
2016-04-24,HOBBIES_1_009,CA_1,0.0,0.6686644063024445
2015-06-04,HOBBIES_1_010,CA_1,2.0,0.9012386400099293
2015-06-04,HOBBIES_1_010,CA_1,2.0,1.3819021752837015
2015-06-05,HOBBIES_1_010,CA_1,0.0,1.4986264246342387
2015-06-05,HOBBIES_1_010,CA_1,0.0,0.4530694355218605
2015-06-06,HOBBIES_1_010,CA_1,0.0,0.5051673222512998
2015-06-06,HOBBIES_1_010,CA_1,0.0,0.5092456165307068
2015-06-07,HOBBIES_1_010,CA_1,2.0,0.5868455893445903
2015-06-07,HOBBIES_1_010,CA_1,2.0,1.6906855161899117
2015-06-08,HOBBIES_1_010,CA_1,1.0,1.3612083021597075
2015-06-08,HOBBIES_1_010,CA_1,1.0,0.9488575539512758
2015-06-09,HOBBIES_1_010,CA_1,1.0,0.9538253723978765
2015-06-09,HOBBIES_1_010,CA_1,1.0,0.9451739509189486
2015-06-10,HOBBIES_1_010,CA_1,1.0,0.9398570023682783
2015-06-10,HOBBIES_1_010,CA_1,1.0,0.9439352966476853
2015-06-11,HOBBIES_1_010,CA_1,0.0,0.9606158264665946
2015-06-11,HOBBIES_1_010,CA_1,0.0,0.4089893211877146
2015-06-12,HOBBIES_1_010,CA_1,0.0,0.44733654585055377
2015-06-12,HOBBIES_1_010,CA_1,0.0,0.44733654585055377
2015-06-13,HOBBIES_1_010,CA_1,3.0,0.5092456165307068
2015-06-13,HOBBIES_1_010,CA_1,3.0,2.337253188011536
2015-06-14,HOBBIES_1_010,CA_1,1.0,2.468140707771429
2015-06-14,HOBBIES_1_010,CA_1,1.0,1.2305564186067324
2015-06-15,HOBBIES_1_010,CA_1,0.0,0.8700660373297919
2015-06-15,HOBBIES_1_010,CA_1,0.0,0.3681345461414134
2015-06-16,HOBBIES_1_010,CA_1,0.0,0.36996134099800704
2015-06-16,HOBBIES_1_010,CA_1,0.0,0.3773096704519712
2015-06-17,HOBBIES_1_010,CA_1,0.0,0.3955788265433624
2015-06-17,HOBBIES_1_010,CA_1,0.0,0.39230879136880525
2015-06-18,HOBBIES_1_010,CA_1,1.0,0.3972849200827784
2015-06-18,HOBBIES_1_010,CA_1,1.0,0.8760037976610467
2015-06-19,HOBBIES_1_010,CA_1,0.0,0.9190471296262438
2015-06-19,HOBBIES_1_010,CA_1,0.0,0.38487616395646834
2015-06-20,HOBBIES_1_010,CA_1,0.0,0.5243852074505049
2015-06-20,HOBBIES_1_010,CA_1,0.0,0.5243852074505049
2015-06-21,HOBBIES_1_010,CA_1,0.0,0.4534553949973281
2015-06-21,HOBBIES_1_010,CA_1,0.0,0.4260692703731394
2015-06-22,HOBBIES_1_010,CA_1,1.0,0.22812677529014982
2015-06-22,HOBBIES_1_010,CA_1,1.0,0.7840288381788167
2015-06-23,HOBBIES_1_010,CA_1,1.0,0.7808795043214373
2015-06-23,HOBBIES_1_010,CA_1,1.0,0.7808795043214373
2015-06-24,HOBBIES_1_010,CA_1,1.0,0.7808795043214373
2015-06-24,HOBBIES_1_010,CA_1,1.0,0.7808795043214373
2015-06-25,HOBBIES_1_010,CA_1,1.0,0.7710683203707236
2015-06-25,HOBBIES_1_010,CA_1,1.0,0.8260879836135925
2015-06-26,HOBBIES_1_010,CA_1,0.0,0.9136667604367144
2015-06-26,HOBBIES_1_010,CA_1,0.0,0.35749003933227963
2015-06-27,HOBBIES_1_010,CA_1,2.0,0.4618768275491036
2015-06-27,HOBBIES_1_010,CA_1,2.0,1.6126211775638588
2015-06-28,HOBBIES_1_010,CA_1,0.0,1.5571443600551278
2015-06-28,HOBBIES_1_010,CA_1,0.0,0.31215862892970675
2015-06-29,HOBBIES_1_010,CA_1,0.0,0.210198439035456
2015-06-29,HOBBIES_1_010,CA_1,0.0,0.20612014475604892
2015-06-30,HOBBIES_1_010,CA_1,0.0,0.21108796320264966
2015-06-30,HOBBIES_1_010,CA_1,0.0,0.21516625748205673
2015-07-01,HOBBIES_1_010,CA_1,1.0,0.21516625748205673
2015-07-01,HOBBIES_1_010,CA_1,1.0,0.7791854726747037
2015-07-02,HOBBIES_1_010,CA_1,0.0,0.7808795043214373
2015-07-02,HOBBIES_1_010,CA_1,0.0,0.22089914715336334
2015-07-03,HOBBIES_1_010,CA_1,0.0,0.2664682381661754
2015-07-03,HOBBIES_1_010,CA_1,0.0,0.2664682381661754
2015-07-04,HOBBIES_1_010,CA_1,0.0,0.3508630295159475
2015-07-04,HOBBIES_1_010,CA_1,0.0,0.35494132379535454
2015-07-05,HOBBIES_1_010,CA_1,0.0,0.31046459728297315
2015-07-05,HOBBIES_1_010,CA_1,0.0,0.25219795685156765
2015-07-06,HOBBIES_1_010,CA_1,1.0,0.18863411594948762
2015-07-06,HOBBIES_1_010,CA_1,1.0,0.7840288381788167
2015-07-07,HOBBIES_1_010,CA_1,1.0,0.7808795043214373
2015-07-07,HOBBIES_1_010,CA_1,1.0,0.7808795043214373
2015-07-08,HOBBIES_1_010,CA_1,0.0,0.7808795043214373
2015-07-08,HOBBIES_1_010,CA_1,0.0,0.2054713174961234
2015-07-09,HOBBIES_1_010,CA_1,0.0,0.17944847085157734
2015-07-09,HOBBIES_1_010,CA_1,0.0,0.1835267651309844
2015-07-10,HOBBIES_1_010,CA_1,0.0,0.2290958561437966
2015-07-10,HOBBIES_1_010,CA_1,0.0,0.2290958561437966
2015-07-11,HOBBIES_1_010,CA_1,1.0,0.2788251049319009
2015-07-11,HOBBIES_1_010,CA_1,1.0,0.8787631930333051
2015-07-12,HOBBIES_1_010,CA_1,0.0,0.8432572604758756
2015-07-12,HOBBIES_1_010,CA_1,0.0,0.23924087809506434
2015-07-13,HOBBIES_1_010,CA_1,4.0,0.1525612743240145
2015-07-13,HOBBIES_1_010,CA_1,4.0,2.2907145557861948
2015-07-14,HOBBIES_1_010,CA_1,0.0,2.190614645631403
2015-07-14,HOBBIES_1_010,CA_1,0.0,0.17808192463933809
2015-07-15,HOBBIES_1_010,CA_1,0.0,0.21966049288210004
2015-07-15,HOBBIES_1_010,CA_1,0.0,0.21558219860269298
2015-07-16,HOBBIES_1_010,CA_1,2.0,0.2057710146519793
2015-07-16,HOBBIES_1_010,CA_1,2.0,1.3033654694141679
2015-07-17,HOBBIES_1_010,CA_1,1.0,1.4614193152556023
2015-07-17,HOBBIES_1_010,CA_1,1.0,0.9095884661573074
2015-07-18,HOBBIES_1_010,CA_1,0.0,1.008890852869425
2015-07-18,HOBBIES_1_010,CA_1,0.0,0.44364421104661433
2015-07-19,HOBBIES_1_010,CA_1,0.0,0.4467852346366214
2015-07-19,HOBBIES_1_010,CA_1,0.0,0.45086352891602843
2015-07-20,HOBBIES_1_010,CA_1,0.0,0.40015262741124
2015-07-20,HOBBIES_1_010,CA_1,0.0,0.37814687197658076
2015-07-21,HOBBIES_1_010,CA_1,0.0,0.3200381006234478
2015-07-21,HOBBIES_1_010,CA_1,0.0,0.22233810238206578
2015-07-22,HOBBIES_1_010,CA_1,0.0,0.18379075044537468
2015-07-22,HOBBIES_1_010,CA_1,0.0,0.18379075044537468
2015-07-23,HOBBIES_1_010,CA_1,2.0,0.20047128026428412
2015-07-23,HOBBIES_1_010,CA_1,2.0,1.3650745560114281
2015-07-24,HOBBIES_1_010,CA_1,2.0,1.4688465978212444
2015-07-24,HOBBIES_1_010,CA_1,2.0,1.4888152406835249
2015-07-25,HOBBIES_1_010,CA_1,1.0,1.6225771350926068
2015-07-25,HOBBIES_1_010,CA_1,1.0,1.055629074052459
2015-07-26,HOBBIES_1_010,CA_1,0.0,1.0140505058096971
2015-07-26,HOBBIES_1_010,CA_1,0.0,0.47216128368798826
2015-07-27,HOBBIES_1_010,CA_1,0.0,0.4308301954265873
2015-07-27,HOBBIES_1_010,CA_1,0.0,0.3777650563625791
2015-07-28,HOBBIES_1_010,CA_1,1.0,0.21516625748205673
2015-07-28,HOBBIES_1_010,CA_1,1.0,0.8260879836135925
2015-07-29,HOBBIES_1_010,CA_1,0.0,0.8453261364134864
2015-07-29,HOBBIES_1_010,CA_1,0.0,0.2980314700893468
2015-07-30,HOBBIES_1_010,CA_1,1.0,0.3245231838589699
2015-07-30,HOBBIES_1_010,CA_1,1.0,0.8485014031038085
2015-07-31,HOBBIES_1_010,CA_1,0.0,0.9049550307510338
2015-07-31,HOBBIES_1_010,CA_1,0.0,0.33609261880266483
2015-08-01,HOBBIES_1_010,CA_1,1.0,0.30234744497899296
2015-08-01,HOBBIES_1_010,CA_1,1.0,0.9022855330803969
2015-08-02,HOBBIES_1_010,CA_1,0.0,0.9022855330803969
2015-08-02,HOBBIES_1_010,CA_1,0.0,0.30234744497899296
2015-08-03,HOBBIES_1_010,CA_1,0.0,0.210198439035456
2015-08-03,HOBBIES_1_010,CA_1,0.0,0.20612014475604892
2015-08-04,HOBBIES_1_010,CA_1,0.0,0.21108796320264966
2015-08-04,HOBBIES_1_010,CA_1,0.0,0.21516625748205673
2015-08-05,HOBBIES_1_010,CA_1,1.0,0.2232834097860369
2015-08-05,HOBBIES_1_010,CA_1,1.0,0.8301268416381656
2015-08-06,HOBBIES_1_010,CA_1,0.0,0.8510590260847931
2015-08-06,HOBBIES_1_010,CA_1,0.0,0.22089914715336334
2015-08-07,HOBBIES_1_010,CA_1,0.0,0.27627942211688916
2015-08-07,HOBBIES_1_010,CA_1,0.0,0.2348287458151032
2015-08-08,HOBBIES_1_010,CA_1,0.0,0.26662965834851377
2015-08-08,HOBBIES_1_010,CA_1,0.0,0.2707079526279208
2015-08-09,HOBBIES_1_010,CA_1,1.0,0.25143632467845156
2015-08-09,HOBBIES_1_010,CA_1,1.0,0.8689520090825914
2015-08-10,HOBBIES_1_010,CA_1,1.0,0.7246498256223373
2015-08-10,HOBBIES_1_010,CA_1,1.0,0.7246498256223373
2015-08-11,HOBBIES_1_010,CA_1,0.0,0.7394288280196516
2015-08-11,HOBBIES_1_010,CA_1,0.0,0.17944847085157734
2015-08-12,HOBBIES_1_010,CA_1,0.0,0.16963728690086366
2015-08-12,HOBBIES_1_010,CA_1,0.0,0.17371558118027072
2015-08-13,HOBBIES_1_010,CA_1,0.0,0.1835267651309844
2015-08-13,HOBBIES_1_010,CA_1,0.0,0.1835267651309844
2015-08-14,HOBBIES_1_010,CA_1,1.0,0.21963541214504104
2015-08-14,HOBBIES_1_010,CA_1,1.0,0.806075420396146
2015-08-15,HOBBIES_1_010,CA_1,0.0,0.8706460407293249
2015-08-15,HOBBIES_1_010,CA_1,0.0,0.26662965834851377
2015-08-16,HOBBIES_1_010,CA_1,1.0,0.23924087809506434
2015-08-16,HOBBIES_1_010,CA_1,1.0,0.8608348567786113
2015-08-17,HOBBIES_1_010,CA_1,1.0,0.7246498256223373
2015-08-17,HOBBIES_1_010,CA_1,1.0,0.7287281199017442
2015-08-18,HOBBIES_1_010,CA_1,0.0,0.7336959383483449
2015-08-18,HOBBIES_1_010,CA_1,0.0,0.16963728690086366
2015-08-19,HOBBIES_1_010,CA_1,1.0,0.17944847085157734
2015-08-19,HOBBIES_1_010,CA_1,1.0,0.7435071222990586
2015-08-20,HOBBIES_1_010,CA_1,0.0,0.7336959383483449
2015-08-20,HOBBIES_1_010,CA_1,0.0,0.17371558118027072
2015-08-21,HOBBIES_1_010,CA_1,1.0,0.2290958561437966
2015-08-21,HOBBIES_1_010,CA_1,1.0,0.8239811147367117
2015-08-22,HOBBIES_1_010,CA_1,0.0,0.9022855330803969
2015-08-22,HOBBIES_1_010,CA_1,0.0,0.30234744497899296
2015-08-23,HOBBIES_1_010,CA_1,0.0,0.31215862892970675
2015-08-23,HOBBIES_1_010,CA_1,0.0,0.2926525049930597
2015-08-24,HOBBIES_1_010,CA_1,0.0,0.1744806524049766
2015-08-24,HOBBIES_1_010,CA_1,0.0,0.17855894668438366
2015-08-25,HOBBIES_1_010,CA_1,1.0,0.18183273348425089
2015-08-25,HOBBIES_1_010,CA_1,1.0,0.7377347963729181
2015-08-26,HOBBIES_1_010,CA_1,0.0,0.7296176440689379
2015-08-26,HOBBIES_1_010,CA_1,0.0,0.16963728690086366
2015-08-27,HOBBIES_1_010,CA_1,2.0,0.16963728690086366
2015-08-27,HOBBIES_1_010,CA_1,2.0,1.3331014728029216
2015-08-28,HOBBIES_1_010,CA_1,1.0,1.4539065649134246
2015-08-28,HOBBIES_1_010,CA_1,1.0,0.8532984226240722
2015-08-29,HOBBIES_1_010,CA_1,2.0,0.9063638273598039
2015-08-29,HOBBIES_1_010,CA_1,2.0,1.583338644810676
2015-08-30,HOBBIES_1_010,CA_1,0.0,1.5708411079382782
2015-08-30,HOBBIES_1_010,CA_1,0.0,0.39212596112042786
2015-08-31,HOBBIES_1_010,CA_1,0.0,0.30163618132219655
2015-08-31,HOBBIES_1_010,CA_1,0.0,0.24874579097214694
2015-09-01,HOBBIES_1_010,CA_1,0.0,0.21516625748205673
2015-09-01,HOBBIES_1_010,CA_1,0.0,0.21516625748205673
2015-09-02,HOBBIES_1_010,CA_1,1.0,0.2249774414327704
2015-09-02,HOBBIES_1_010,CA_1,1.0,0.7889966566254174
2015-09-03,HOBBIES_1_010,CA_1,0.0,0.7877488501896329
2015-09-03,HOBBIES_1_010,CA_1,0.0,0.22776849302155905
2015-09-04,HOBBIES_1_010,CA_1,2.0,0.27627942211688916
2015-09-04,HOBBIES_1_010,CA_1,2.0,1.4691991183030217
2015-09-05,HOBBIES_1_010,CA_1,0.0,1.6443904957677151
2015-09-05,HOBBIES_1_010,CA_1,0.0,0.4751340124188013
2015-09-06,HOBBIES_1_010,CA_1,1.0,0.4193991100124327
2015-09-06,HOBBIES_1_010,CA_1,1.0,1.0025732129904956
2015-09-07,HOBBIES_1_010,CA_1,0.0,0.8460108225321231
2015-09-07,HOBBIES_1_010,CA_1,0.0,0.3288785002014567
2015-09-08,HOBBIES_1_010,CA_1,0.0,0.33392670375412686
2015-09-08,HOBBIES_1_010,CA_1,0.0,0.30784265404006056
2015-09-09,HOBBIES_1_010,CA_1,0.0,0.2980314700893468
2015-09-09,HOBBIES_1_010,CA_1,0.0,0.3021097643687538
2015-09-10,HOBBIES_1_010,CA_1,1.0,0.3200381006234478
2015-09-10,HOBBIES_1_010,CA_1,1.0,0.8399380255888793
2015-09-11,HOBBIES_1_010,CA_1,1.0,0.9049550307510338
2015-09-11,HOBBIES_1_010,CA_1,1.0,0.9049550307510338
2015-09-12,HOBBIES_1_010,CA_1,0.0,0.9120967170311106
2015-09-12,HOBBIES_1_010,CA_1,0.0,0.3080803346502997
2015-09-13,HOBBIES_1_010,CA_1,3.0,0.2568184743978
2015-09-13,HOBBIES_1_010,CA_1,3.0,2.2624251701439797
2015-09-14,HOBBIES_1_010,CA_1,2.0,1.8412502722400268
2015-09-14,HOBBIES_1_010,CA_1,2.0,1.285692721025067
2015-09-15,HOBBIES_1_010,CA_1,0.0,1.3353566304914881
2015-09-15,HOBBIES_1_010,CA_1,0.0,0.3413349802959658
2015-09-16,HOBBIES_1_010,CA_1,1.0,0.3511461642466796
2015-09-16,HOBBIES_1_010,CA_1,1.0,0.8604259848890219
2015-09-17,HOBBIES_1_010,CA_1,0.0,0.8823821852303566
2015-09-17,HOBBIES_1_010,CA_1,0.0,0.38249760741809147
2015-09-18,HOBBIES_1_010,CA_1,1.0,0.45714772980126755
2015-09-18,HOBBIES_1_010,CA_1,1.0,0.948826956439238
2015-09-19,HOBBIES_1_010,CA_1,0.0,1.012031876459432
2015-09-19,HOBBIES_1_010,CA_1,0.0,0.45086352891602843
2015-09-20,HOBBIES_1_010,CA_1,1.0,0.5382746856806255
2015-09-20,HOBBIES_1_010,CA_1,1.0,1.0903673826280864
2015-09-21,HOBBIES_1_010,CA_1,1.0,0.8529605535063881
2015-09-21,HOBBIES_1_010,CA_1,1.0,0.8770074906480756
2015-09-22,HOBBIES_1_010,CA_1,0.0,0.8844290986064699
2015-09-22,HOBBIES_1_010,CA_1,0.0,0.37841931313868443
2015-09-23,HOBBIES_1_010,CA_1,0.0,0.37841931313868443
2015-09-23,HOBBIES_1_010,CA_1,0.0,0.38249760741809147
2015-09-24,HOBBIES_1_010,CA_1,0.0,0.3891677677787982
2015-09-24,HOBBIES_1_010,CA_1,0.0,0.3307856801641198
2015-09-25,HOBBIES_1_010,CA_1,0.0,0.40688279449056935
2015-09-25,HOBBIES_1_010,CA_1,0.0,0.31715173515556816
2015-09-26,HOBBIES_1_010,CA_1,0.0,0.36924962188500743
2015-09-26,HOBBIES_1_010,CA_1,0.0,0.36924962188500743
2015-09-27,HOBBIES_1_010,CA_1,1.0,0.41172733942167833
2015-09-27,HOBBIES_1_010,CA_1,1.0,0.9756906868438218
2015-09-28,HOBBIES_1_010,CA_1,0.0,0.7759116858748366
2015-09-28,HOBBIES_1_010,CA_1,0.0,0.1744806524049766
2015-09-29,HOBBIES_1_010,CA_1,1.0,0.16963728690086366
2015-09-29,HOBBIES_1_010,CA_1,1.0,0.7296176440689379
2015-09-30,HOBBIES_1_010,CA_1,0.0,0.7394288280196516
2015-09-30,HOBBIES_1_010,CA_1,0.0,0.1835267651309844
2015-10-01,HOBBIES_1_010,CA_1,1.0,0.17371558118027072
2015-10-01,HOBBIES_1_010,CA_1,1.0,0.7296176440689379
2015-10-02,HOBBIES_1_010,CA_1,0.0,0.8077694520428795
2015-10-02,HOBBIES_1_010,CA_1,0.0,0.23890704009451028
2015-10-03,HOBBIES_1_010,CA_1,1.0,0.260896768677207
2015-10-03,HOBBIES_1_010,CA_1,1.0,0.8608348567786113
2015-10-04,HOBBIES_1_010,CA_1,2.0,0.8706460407293249
2015-10-04,HOBBIES_1_010,CA_1,2.0,1.5571443600551278
2015-10-05,HOBBIES_1_010,CA_1,0.0,1.317295684428902
2015-10-05,HOBBIES_1_010,CA_1,0.0,0.20050349904952267
2015-10-06,HOBBIES_1_010,CA_1,0.0,0.16963728690086366
2015-10-06,HOBBIES_1_010,CA_1,0.0,0.17371558118027072
2015-10-07,HOBBIES_1_010,CA_1,1.0,0.17371558118027072
2015-10-07,HOBBIES_1_010,CA_1,1.0,0.7597187849928907
2015-10-08,HOBBIES_1_010,CA_1,0.0,0.7751466146501306
2015-10-08,HOBBIES_1_010,CA_1,0.0,0.21108796320264966
2015-10-09,HOBBIES_1_010,CA_1,2.0,0.2664682381661754
2015-10-09,HOBBIES_1_010,CA_1,2.0,1.4440953809627108
2015-10-10,HOBBIES_1_010,CA_1,0.0,1.5886555933613464
2015-10-10,HOBBIES_1_010,CA_1,0.0,0.4193991100124327
2015-10-11,HOBBIES_1_010,CA_1,0.0,0.4849451963695151
2015-10-11,HOBBIES_1_010,CA_1,0.0,0.40869104251174154
2015-10-12,HOBBIES_1_010,CA_1,1.0,0.21585094360069326
2015-10-12,HOBBIES_1_010,CA_1,1.0,0.8308509640116362
2015-10-13,HOBBIES_1_010,CA_1,2.0,0.8551373203642001
2015-10-13,HOBBIES_1_010,CA_1,2.0,1.3582052101432325
2015-10-14,HOBBIES_1_010,CA_1,1.0,1.3483940261925187
2015-10-14,HOBBIES_1_010,CA_1,1.0,0.8612164849963599
2015-10-15,HOBBIES_1_010,CA_1,0.0,0.8848450397271063
2015-10-15,HOBBIES_1_010,CA_1,0.0,0.32860975520345653
2015-10-16,HOBBIES_1_010,CA_1,1.0,0.444689360642244
2015-10-16,HOBBIES_1_010,CA_1,1.0,0.9988289691742999
2015-10-17,HOBBIES_1_010,CA_1,0.0,1.0650243168825366
2015-10-17,HOBBIES_1_010,CA_1,0.0,0.4606747128667422
2015-10-18,HOBBIES_1_010,CA_1,1.0,0.4606747128667422
2015-10-18,HOBBIES_1_010,CA_1,1.0,1.0123843969412096
2015-10-19,HOBBIES_1_010,CA_1,0.0,0.8362800236874788
2015-10-19,HOBBIES_1_010,CA_1,0.0,0.2971419459221531
2015-10-20,HOBBIES_1_010,CA_1,0.0,0.31879029418766314
2015-10-20,HOBBIES_1_010,CA_1,0.0,0.3147119999082561
2015-10-21,HOBBIES_1_010,CA_1,0.0,0.30784265404006056
2015-10-21,HOBBIES_1_010,CA_1,0.0,0.2537136094187476
2015-10-22,HOBBIES_1_010,CA_1,0.0,0.2232834097860369
2015-10-22,HOBBIES_1_010,CA_1,0.0,0.18379075044537468
2015-10-23,HOBBIES_1_010,CA_1,1.0,0.23020822826887086
2015-10-23,HOBBIES_1_010,CA_1,1.0,0.8573372806486453
2015-10-24,HOBBIES_1_010,CA_1,0.0,0.9022855330803969
2015-10-24,HOBBIES_1_010,CA_1,0.0,0.2982691506995859
2015-10-25,HOBBIES_1_010,CA_1,1.0,0.2982691506995859
2015-10-25,HOBBIES_1_010,CA_1,1.0,0.9022855330803969
2015-10-26,HOBBIES_1_010,CA_1,3.0,0.7759116858748366
2015-10-26,HOBBIES_1_010,CA_1,3.0,1.914870498538361
2015-10-27,HOBBIES_1_010,CA_1,1.0,1.8807567227948812
2015-10-27,HOBBIES_1_010,CA_1,1.0,0.8457420775341228
2015-10-28,HOBBIES_1_010,CA_1,0.0,0.8139746932420744
2015-10-28,HOBBIES_1_010,CA_1,0.0,0.21662927657602915
2015-10-29,HOBBIES_1_010,CA_1,0.0,0.20984930893138637
2015-10-29,HOBBIES_1_010,CA_1,0.0,0.21311934410594352
2015-10-30,HOBBIES_1_010,CA_1,0.0,0.28362775157085335
2015-10-30,HOBBIES_1_010,CA_1,0.0,0.2803577163962962
2015-10-31,HOBBIES_1_010,CA_1,0.0,0.3073235736929661
2015-10-31,HOBBIES_1_010,CA_1,0.0,0.24905693326156064
2015-11-01,HOBBIES_1_010,CA_1,1.0,0.2620091408022813
2015-11-01,HOBBIES_1_010,CA_1,1.0,0.9202138693350908
2015-11-02,HOBBIES_1_010,CA_1,0.0,0.7955704515546045
2015-11-02,HOBBIES_1_010,CA_1,0.0,0.24466574498247312
2015-11-03,HOBBIES_1_010,CA_1,0.0,0.21108796320264966
2015-11-03,HOBBIES_1_010,CA_1,0.0,0.21108796320264966
2015-11-04,HOBBIES_1_010,CA_1,1.0,0.21108796320264966
2015-11-04,HOBBIES_1_010,CA_1,1.0,0.7751466146501306
2015-11-05,HOBBIES_1_010,CA_1,0.0,0.7751466146501306
2015-11-05,HOBBIES_1_010,CA_1,0.0,0.21108796320264966
2015-11-06,HOBBIES_1_010,CA_1,1.0,0.27627942211688916
2015-11-06,HOBBIES_1_010,CA_1,1.0,0.8492201283446652
2015-11-07,HOBBIES_1_010,CA_1,0.0,0.9022855330803969
2015-11-07,HOBBIES_1_010,CA_1,0.0,0.30234744497899296
2015-11-08,HOBBIES_1_010,CA_1,1.0,0.31215862892970675
2015-11-08,HOBBIES_1_010,CA_1,1.0,0.9120967170311106
2015-11-09,HOBBIES_1_010,CA_1,0.0,0.8313885033835678
2015-11-09,HOBBIES_1_010,CA_1,0.0,0.26868051777357993
2015-11-10,HOBBIES_1_010,CA_1,1.0,0.1835267651309844
2015-11-10,HOBBIES_1_010,CA_1,1.0,0.7394288280196516
2015-11-11,HOBBIES_1_010,CA_1,0.0,0.7264766204789309
2015-11-11,HOBBIES_1_010,CA_1,0.0,0.1705745575902637
2015-11-12,HOBBIES_1_010,CA_1,0.0,0.17371558118027072
2015-11-12,HOBBIES_1_010,CA_1,0.0,0.16963728690086366
2015-11-13,HOBBIES_1_010,CA_1,1.0,0.22501756186438954
2015-11-13,HOBBIES_1_010,CA_1,1.0,0.8020365623715728
2015-11-14,HOBBIES_1_010,CA_1,1.0,0.8649131510580182
2015-11-14,HOBBIES_1_010,CA_1,1.0,0.8868577034231571
2015-11-15,HOBBIES_1_010,CA_1,0.0,0.9120967170311106
2015-11-15,HOBBIES_1_010,CA_1,0.0,0.2926525049930597
2015-11-16,HOBBIES_1_010,CA_1,1.0,0.16466946845426292
2015-11-16,HOBBIES_1_010,CA_1,1.0,0.75475096654629
2015-11-17,HOBBIES_1_010,CA_1,0.0,0.7751466146501306
2015-11-17,HOBBIES_1_010,CA_1,0.0,0.21516625748205673
2015-11-18,HOBBIES_1_010,CA_1,1.0,0.2249774414327704
2015-11-18,HOBBIES_1_010,CA_1,1.0,0.7808795043214373
2015-11-19,HOBBIES_1_010,CA_1,1.0,0.7710683203707236
2015-11-19,HOBBIES_1_010,CA_1,1.0,0.7751466146501306
2015-11-20,HOBBIES_1_010,CA_1,2.0,0.8532984226240722
2015-11-20,HOBBIES_1_010,CA_1,2.0,1.4691991183030217
2015-11-21,HOBBIES_1_010,CA_1,1.0,1.583338644810676
2015-11-21,HOBBIES_1_010,CA_1,1.0,1.0013345587192326
2015-11-22,HOBBIES_1_010,CA_1,1.0,1.0206044061388828
2015-11-22,HOBBIES_1_010,CA_1,1.0,1.0206044061388828
2015-11-23,HOBBIES_1_010,CA_1,1.0,0.8350413694162154
2015-11-23,HOBBIES_1_010,CA_1,1.0,0.8550100122784959
2015-11-24,HOBBIES_1_010,CA_1,0.0,0.8889233340065132
2015-11-24,HOBBIES_1_010,CA_1,0.0,0.33392670375412686
2015-11-25,HOBBIES_1_010,CA_1,0.0,0.3241155198034131
2015-11-25,HOBBIES_1_010,CA_1,0.0,0.3241155198034131
2015-11-26,HOBBIES_1_010,CA_1,0.0,0.320974496213406
2015-11-26,HOBBIES_1_010,CA_1,0.0,0.320974496213406
2015-11-27,HOBBIES_1_010,CA_1,0.0,0.462617696896938
2015-11-27,HOBBIES_1_010,CA_1,0.0,0.3728866375619368
2015-11-28,HOBBIES_1_010,CA_1,2.0,0.3790608058357212
2015-11-28,HOBBIES_1_010,CA_1,2.0,1.5984667773120602
2015-11-29,HOBBIES_1_010,CA_1,1.0,1.5981142568302829
2015-11-29,HOBBIES_1_010,CA_1,1.0,1.0320005193217126
2015-11-30,HOBBIES_1_010,CA_1,0.0,0.8851941698311759
2015-11-30,HOBBIES_1_010,CA_1,0.0,0.3248805910281191
2015-12-01,HOBBIES_1_010,CA_1,1.0,0.32003722552400604
2015-12-01,HOBBIES_1_010,CA_1,1.0,0.8652947792757669
2015-12-02,HOBBIES_1_010,CA_1,0.0,0.8942402825571836
2015-12-02,HOBBIES_1_010,CA_1,0.0,0.33392670375412686
2015-12-03,HOBBIES_1_010,CA_1,3.0,0.33392670375412686
2015-12-03,HOBBIES_1_010,CA_1,3.0,1.960456113725375
2015-12-04,HOBBIES_1_010,CA_1,1.0,2.014267601439189
2015-12-04,HOBBIES_1_010,CA_1,1.0,0.9667226214986777
2015-12-05,HOBBIES_1_010,CA_1,1.0,1.1154422707382345
2015-12-05,HOBBIES_1_010,CA_1,1.0,1.1113639764588272
2015-12-06,HOBBIES_1_010,CA_1,2.0,1.023861689760411
2015-12-06,HOBBIES_1_010,CA_1,2.0,1.582596464760823
2015-12-07,HOBBIES_1_010,CA_1,1.0,1.3187425830126187
2015-12-07,HOBBIES_1_010,CA_1,1.0,0.8839555155599126
2015-12-08,HOBBIES_1_010,CA_1,0.0,0.8791121500557996
2015-12-08,HOBBIES_1_010,CA_1,0.0,0.37718065886742114
2015-12-09,HOBBIES_1_010,CA_1,0.0,0.38249760741809147
2015-12-09,HOBBIES_1_010,CA_1,0.0,0.38249760741809147
2015-12-10,HOBBIES_1_010,CA_1,0.0,0.4210432076445158
2015-12-10,HOBBIES_1_010,CA_1,0.0,0.4210432076445158
2015-12-11,HOBBIES_1_010,CA_1,1.0,0.45545369815453396
2015-12-11,HOBBIES_1_010,CA_1,1.0,0.9662672441232075
2015-12-12,HOBBIES_1_010,CA_1,0.0,1.115957985244301
2015-12-12,HOBBIES_1_010,CA_1,0.0,0.5149785062020135
2015-12-13,HOBBIES_1_010,CA_1,1.0,0.570713408608382
2015-12-13,HOBBIES_1_010,CA_1,1.0,1.1166809250094976
2015-12-14,HOBBIES_1_010,CA_1,1.0,0.8851137847251066
2015-12-14,HOBBIES_1_010,CA_1,1.0,0.8891920790045136
2015-12-15,HOBBIES_1_010,CA_1,0.0,0.8942402825571836
2015-12-15,HOBBIES_1_010,CA_1,0.0,0.3882304970893982
2015-12-16,HOBBIES_1_010,CA_1,1.0,0.37841931313868443
2015-12-16,HOBBIES_1_010,CA_1,1.0,0.8844290986064699
2015-12-17,HOBBIES_1_010,CA_1,0.0,0.9344245466763176
2015-12-17,HOBBIES_1_010,CA_1,0.0,0.38273287480917983
2015-12-18,HOBBIES_1_010,CA_1,0.0,0.3673012232829934
2015-12-18,HOBBIES_1_010,CA_1,0.0,0.3050155901028665
2015-12-19,HOBBIES_1_010,CA_1,3.0,0.3080803346502997
2015-12-19,HOBBIES_1_010,CA_1,3.0,2.317637065631033
2015-12-20,HOBBIES_1_010,CA_1,1.0,2.327095729099969
2015-12-20,HOBBIES_1_010,CA_1,1.0,1.0123843969412096
2015-12-21,HOBBIES_1_010,CA_1,0.0,0.8407742590875221
2015-12-21,HOBBIES_1_010,CA_1,0.0,0.23935054814206957
2015-12-22,HOBBIES_1_010,CA_1,0.0,0.2057710146519793
2015-12-22,HOBBIES_1_010,CA_1,0.0,0.21311934410594352
2015-12-23,HOBBIES_1_010,CA_1,0.0,0.21843629265661388
2015-12-23,HOBBIES_1_010,CA_1,0.0,0.21516625748205673
2015-12-24,HOBBIES_1_010,CA_1,1.0,0.2232834097860369
2015-12-24,HOBBIES_1_010,CA_1,1.0,0.8301268416381656
2015-12-25,HOBBIES_1_010,CA_1,0.0,0.916258626518014
2015-12-25,HOBBIES_1_010,CA_1,0.0,0.30187456651285943
2015-12-26,HOBBIES_1_010,CA_1,0.0,0.3758691235134695
2015-12-26,HOBBIES_1_010,CA_1,0.0,0.3758691235134695
2015-12-27,HOBBIES_1_010,CA_1,3.0,0.3080803346502997
2015-12-27,HOBBIES_1_010,CA_1,3.0,2.317637065631033
2015-12-28,HOBBIES_1_010,CA_1,0.0,1.914870498538361
2015-12-28,HOBBIES_1_010,CA_1,0.0,0.30287483559345985
2015-12-29,HOBBIES_1_010,CA_1,2.0,0.2980314700893468
2015-12-29,HOBBIES_1_010,CA_1,2.0,1.3430770776418484
2015-12-30,HOBBIES_1_010,CA_1,0.0,1.3410895201627946
2015-12-30,HOBBIES_1_010,CA_1,0.0,0.30011240608596534
2015-12-31,HOBBIES_1_010,CA_1,0.0,0.32738555497797023
2015-12-31,HOBBIES_1_010,CA_1,0.0,0.32003722552400604
2016-01-01,HOBBIES_1_010,CA_1,1.0,0.3817351403664613
2016-01-01,HOBBIES_1_010,CA_1,1.0,0.9399530431779243
2016-01-02,HOBBIES_1_010,CA_1,0.0,1.0890689435325744
2016-01-02,HOBBIES_1_010,CA_1,0.0,0.45779853326969655
2016-01-03,HOBBIES_1_010,CA_1,1.0,0.3856803074641833
2016-01-03,HOBBIES_1_010,CA_1,1.0,0.9806210392490514
2016-01-04,HOBBIES_1_010,CA_1,2.0,0.7661005019241229
2016-01-04,HOBBIES_1_010,CA_1,2.0,1.3227770538677854
2016-01-05,HOBBIES_1_010,CA_1,1.0,1.3691528502908354
2016-01-05,HOBBIES_1_010,CA_1,1.0,0.8778970148152693
2016-01-06,HOBBIES_1_010,CA_1,0.0,0.8750338557763926
2016-01-06,HOBBIES_1_010,CA_1,0.0,0.37718065886742114
2016-01-07,HOBBIES_1_010,CA_1,0.0,0.3891677677787982
2016-01-07,HOBBIES_1_010,CA_1,0.0,0.3307856801641198
2016-01-08,HOBBIES_1_010,CA_1,0.0,0.3889544582358754
2016-01-08,HOBBIES_1_010,CA_1,0.0,0.3889544582358754
2016-01-09,HOBBIES_1_010,CA_1,0.0,0.4589806812200086
2016-01-09,HOBBIES_1_010,CA_1,0.0,0.4007140407886032
2016-01-10,HOBBIES_1_010,CA_1,0.0,0.4431917583252741
2016-01-10,HOBBIES_1_010,CA_1,0.0,0.3395514798433118
2016-01-11,HOBBIES_1_010,CA_1,0.0,0.19550346181768338
2016-01-11,HOBBIES_1_010,CA_1,0.0,0.19550346181768338
2016-01-12,HOBBIES_1_010,CA_1,0.0,0.19360193439608836
2016-01-12,HOBBIES_1_010,CA_1,0.0,0.1521512580943024
2016-01-13,HOBBIES_1_010,CA_1,0.0,0.14234007414358874
2016-01-13,HOBBIES_1_010,CA_1,0.0,0.14234007414358874
2016-01-14,HOBBIES_1_010,CA_1,1.0,0.14234007414358874
2016-01-14,HOBBIES_1_010,CA_1,1.0,0.7377347963729181
2016-01-15,HOBBIES_1_010,CA_1,0.0,0.8077694520428795
2016-01-15,HOBBIES_1_010,CA_1,0.0,0.2348287458151032
2016-01-16,HOBBIES_1_010,CA_1,0.0,0.2568184743978
2016-01-16,HOBBIES_1_010,CA_1,0.0,0.2568184743978
2016-01-17,HOBBIES_1_010,CA_1,0.0,0.26662965834851377
2016-01-17,HOBBIES_1_010,CA_1,0.0,0.2707079526279208
2016-01-18,HOBBIES_1_010,CA_1,0.0,0.18429870370275975
2016-01-18,HOBBIES_1_010,CA_1,0.0,0.14480604436209757
2016-01-19,HOBBIES_1_010,CA_1,0.0,0.1272321226474747
2016-01-19,HOBBIES_1_010,CA_1,0.0,0.1272321226474747
2016-01-20,HOBBIES_1_010,CA_1,1.0,0.11087156617256826
2016-01-20,HOBBIES_1_010,CA_1,1.0,0.7128156609260903
2016-01-21,HOBBIES_1_010,CA_1,1.0,0.7046985086221101
2016-01-21,HOBBIES_1_010,CA_1,1.0,0.7175094499386895
2016-01-22,HOBBIES_1_010,CA_1,0.0,0.7803806717894302
2016-01-22,HOBBIES_1_010,CA_1,0.0,0.2074399655616538
2016-01-23,HOBBIES_1_010,CA_1,1.0,0.23924087809506434
2016-01-23,HOBBIES_1_010,CA_1,1.0,0.8473355547552825
2016-01-24,HOBBIES_1_010,CA_1,4.0,0.8473355547552825
2016-01-24,HOBBIES_1_010,CA_1,4.0,2.8444358936585
2016-01-25,HOBBIES_1_010,CA_1,0.0,2.164997673306669
2016-01-25,HOBBIES_1_010,CA_1,0.0,0.16903581191333028
2016-01-26,HOBBIES_1_010,CA_1,0.0,0.17400363035993102
2016-01-26,HOBBIES_1_010,CA_1,0.0,0.17808192463933809
2016-01-27,HOBBIES_1_010,CA_1,1.0,0.20984930893138637
2016-01-27,HOBBIES_1_010,CA_1,1.0,0.8240410702374792
2016-01-28,HOBBIES_1_010,CA_1,1.0,0.8584073555387571
2016-01-28,HOBBIES_1_010,CA_1,1.0,0.8510590260847931
2016-01-29,HOBBIES_1_010,CA_1,1.0,0.9095884661573074
2016-01-29,HOBBIES_1_010,CA_1,1.0,0.9095884661573074
2016-01-30,HOBBIES_1_010,CA_1,2.0,1.012031876459432
2016-01-30,HOBBIES_1_010,CA_1,2.0,1.6168442454213003
2016-01-31,HOBBIES_1_010,CA_1,1.0,1.718016709516531
2016-01-31,HOBBIES_1_010,CA_1,1.0,1.151068648476383
2016-02-01,HOBBIES_1_010,CA_1,1.0,0.9291562942503709
2016-02-01,HOBBIES_1_010,CA_1,1.0,0.9291562942503709
2016-02-02,HOBBIES_1_010,CA_1,0.0,0.9427755341758994
2016-02-02,HOBBIES_1_010,CA_1,0.0,0.4408440429875208
2016-02-03,HOBBIES_1_010,CA_1,0.0,0.4559721754889049
2016-02-03,HOBBIES_1_010,CA_1,0.0,0.4473207540099771
2016-02-04,HOBBIES_1_010,CA_1,0.0,0.4473207540099771
2016-02-04,HOBBIES_1_010,CA_1,0.0,0.39230879136880525
2016-02-05,HOBBIES_1_010,CA_1,1.0,0.45545369815453396
2016-02-05,HOBBIES_1_010,CA_1,1.0,0.9662672441232075
2016-02-06,HOBBIES_1_010,CA_1,1.0,1.1716928876506696
2016-02-06,HOBBIES_1_010,CA_1,1.0,1.1716928876506696
2016-02-07,HOBBIES_1_010,CA_1,1.0,1.1368615883043316
2016-02-07,HOBBIES_1_010,CA_1,1.0,1.08184962566316
2016-02-08,HOBBIES_1_010,CA_1,0.0,0.8362800236874788
2016-02-08,HOBBIES_1_010,CA_1,0.0,0.31914770135681236
2016-02-09,HOBBIES_1_010,CA_1,1.0,0.3241155198034131
2016-02-09,HOBBIES_1_010,CA_1,1.0,0.8652947792757669
2016-02-10,HOBBIES_1_010,CA_1,3.0,0.8910992589671766
2016-02-10,HOBBIES_1_010,CA_1,3.0,1.9613933844147753
2016-02-11,HOBBIES_1_010,CA_1,0.0,1.9007253656571619
2016-02-11,HOBBIES_1_010,CA_1,0.0,0.3829135485387279
2016-02-12,HOBBIES_1_010,CA_1,0.0,0.4477524869711902
2016-02-12,HOBBIES_1_010,CA_1,0.0,0.4518307812505972
2016-02-13,HOBBIES_1_010,CA_1,0.0,0.5190568004814204
2016-02-13,HOBBIES_1_010,CA_1,0.0,0.46394474804129937
2016-02-14,HOBBIES_1_010,CA_1,0.0,0.42933930554769656
2016-02-14,HOBBIES_1_010,CA_1,0.0,0.3037439226673476
2016-02-15,HOBBIES_1_010,CA_1,1.0,0.19836491479413196
2016-02-15,HOBBIES_1_010,CA_1,1.0,0.7937596370234611
2016-02-16,HOBBIES_1_010,CA_1,1.0,0.7710683203707236
2016-02-16,HOBBIES_1_010,CA_1,1.0,0.8220096893341855
2016-02-17,HOBBIES_1_010,CA_1,1.0,0.8675767681745542
2016-02-17,HOBBIES_1_010,CA_1,1.0,0.8675767681745542
2016-02-18,HOBBIES_1_010,CA_1,2.0,0.8412478421340794
2016-02-18,HOBBIES_1_010,CA_1,2.0,1.3671240147835362
2016-02-19,HOBBIES_1_010,CA_1,0.0,1.4973877703629757
2016-02-19,HOBBIES_1_010,CA_1,0.0,0.4518307812505972
2016-02-20,HOBBIES_1_010,CA_1,0.0,0.5190568004814204
2016-02-20,HOBBIES_1_010,CA_1,0.0,0.4606747128667422
2016-02-21,HOBBIES_1_010,CA_1,0.0,0.4606747128667422
2016-02-21,HOBBIES_1_010,CA_1,0.0,0.42921029396314647
2016-02-22,HOBBIES_1_010,CA_1,0.0,0.2971419459221531
2016-02-22,HOBBIES_1_010,CA_1,0.0,0.26576643888547125
2016-02-23,HOBBIES_1_010,CA_1,1.0,0.28054544128278575
2016-02-23,HOBBIES_1_010,CA_1,1.0,0.8591761783887732
2016-02-24,HOBBIES_1_010,CA_1,2.0,0.8912432902039271
2016-02-24,HOBBIES_1_010,CA_1,2.0,1.3983894742623664
2016-02-25,HOBBIES_1_010,CA_1,0.0,1.349782002621831
2016-02-25,HOBBIES_1_010,CA_1,0.0,0.22776849302155905
2016-02-26,HOBBIES_1_010,CA_1,2.0,0.2664682381661754
2016-02-26,HOBBIES_1_010,CA_1,2.0,1.458149280081045
2016-02-27,HOBBIES_1_010,CA_1,0.0,1.5968756025590198
2016-02-27,HOBBIES_1_010,CA_1,0.0,0.4455465803653581
2016-02-28,HOBBIES_1_010,CA_1,0.0,0.45086352891602843
2016-02-28,HOBBIES_1_010,CA_1,0.0,0.4467852346366214
2016-02-29,HOBBIES_1_010,CA_1,1.0,0.3248805910281191
2016-02-29,HOBBIES_1_010,CA_1,1.0,0.8501695019175994
2016-03-01,HOBBIES_1_010,CA_1,0.0,0.8551373203642001
2016-03-01,HOBBIES_1_010,CA_1,0.0,0.30784265404006056
2016-03-02,HOBBIES_1_010,CA_1,1.0,0.3245231838589699
2016-03-02,HOBBIES_1_010,CA_1,1.0,0.8677395559037024
2016-03-03,HOBBIES_1_010,CA_1,0.0,0.8510590260847931
2016-03-03,HOBBIES_1_010,CA_1,0.0,0.2249774414327704
2016-03-04,HOBBIES_1_010,CA_1,1.0,0.32628143485195105
2016-03-04,HOBBIES_1_010,CA_1,1.0,0.8951438468003201
2016-03-05,HOBBIES_1_010,CA_1,0.0,0.9022855330803969
2016-03-05,HOBBIES_1_010,CA_1,0.0,0.30234744497899296
2016-03-06,HOBBIES_1_010,CA_1,0.0,0.30234744497899296
2016-03-06,HOBBIES_1_010,CA_1,0.0,0.2982691506995859
2016-03-07,HOBBIES_1_010,CA_1,0.0,0.20612014475604892
2016-03-07,HOBBIES_1_010,CA_1,0.0,0.210198439035456
2016-03-08,HOBBIES_1_010,CA_1,1.0,0.23309459373675057
2016-03-08,HOBBIES_1_010,CA_1,1.0,0.7889966566254174
2016-03-09,HOBBIES_1_010,CA_1,0.0,0.7808795043214373
2016-03-09,HOBBIES_1_010,CA_1,0.0,0.22089914715336334
2016-03-10,HOBBIES_1_010,CA_1,0.0,0.16963728690086366
2016-03-10,HOBBIES_1_010,CA_1,0.0,0.16963728690086366
2016-03-11,HOBBIES_1_010,CA_1,0.0,0.2348287458151032
2016-03-11,HOBBIES_1_010,CA_1,0.0,0.23890704009451028
2016-03-12,HOBBIES_1_010,CA_1,1.0,0.25143632467845156
2016-03-12,HOBBIES_1_010,CA_1,1.0,0.8689520090825914
2016-03-13,HOBBIES_1_010,CA_1,0.0,0.8608348567786113
2016-03-13,HOBBIES_1_010,CA_1,0.0,0.2568184743978
2016-03-14,HOBBIES_1_010,CA_1,1.0,0.1744806524049766
2016-03-14,HOBBIES_1_010,CA_1,1.0,0.7344610095730509
2016-03-15,HOBBIES_1_010,CA_1,0.0,0.7296176440689379
2016-03-15,HOBBIES_1_010,CA_1,0.0,0.17371558118027072
2016-03-16,HOBBIES_1_010,CA_1,0.0,0.1835267651309844
2016-03-16,HOBBIES_1_010,CA_1,0.0,0.17944847085157734
2016-03-17,HOBBIES_1_010,CA_1,0.0,0.1543880691806082
2016-03-17,HOBBIES_1_010,CA_1,0.0,0.15846636346001527
2016-03-18,HOBBIES_1_010,CA_1,0.0,0.2294465960957547
2016-03-18,HOBBIES_1_010,CA_1,0.0,0.17117995566434913
2016-03-19,HOBBIES_1_010,CA_1,2.0,0.19316968424704598
2016-03-19,HOBBIES_1_010,CA_1,2.0,1.535162402725377
2016-03-20,HOBBIES_1_010,CA_1,3.0,1.5432548818250067
2016-03-20,HOBBIES_1_010,CA_1,3.0,2.258346875864573
2016-03-21,HOBBIES_1_010,CA_1,0.0,1.755893290159711
2016-03-21,HOBBIES_1_010,CA_1,0.0,0.16903581191333028
2016-03-22,HOBBIES_1_010,CA_1,0.0,0.1838148143106447
2016-03-22,HOBBIES_1_010,CA_1,0.0,0.18789310859005176
2016-03-23,HOBBIES_1_010,CA_1,0.0,0.20984930893138637
2016-03-23,HOBBIES_1_010,CA_1,0.0,0.21843629265661388
2016-03-24,HOBBIES_1_010,CA_1,0.0,0.21529526906660684
2016-03-24,HOBBIES_1_010,CA_1,0.0,0.18064972685536765
2016-03-25,HOBBIES_1_010,CA_1,0.0,0.22039704431815718
2016-03-25,HOBBIES_1_010,CA_1,0.0,0.22039704431815718
2016-03-26,HOBBIES_1_010,CA_1,0.0,0.31774404320865013
2016-03-26,HOBBIES_1_010,CA_1,0.0,0.30231621355141025
2016-03-27,HOBBIES_1_010,CA_1,0.0,0.2852062297736583
2016-03-27,HOBBIES_1_010,CA_1,0.0,0.2852062297736583
2016-03-28,HOBBIES_1_010,CA_1,0.0,0.14718343964770167
2016-03-28,HOBBIES_1_010,CA_1,0.0,0.14718343964770167
2016-03-29,HOBBIES_1_010,CA_1,1.0,0.14234007414358874
2016-03-29,HOBBIES_1_010,CA_1,1.0,0.7377347963729181
2016-03-30,HOBBIES_1_010,CA_1,1.0,0.7296176440689379
2016-03-30,HOBBIES_1_010,CA_1,1.0,0.7556404907134837
2016-03-31,HOBBIES_1_010,CA_1,1.0,0.7710683203707236
2016-03-31,HOBBIES_1_010,CA_1,1.0,0.7710683203707236
2016-04-01,HOBBIES_1_010,CA_1,1.0,0.8394089443939515
2016-04-01,HOBBIES_1_010,CA_1,1.0,0.8944286076368202
2016-04-02,HOBBIES_1_010,CA_1,0.0,1.016462691220617
2016-04-02,HOBBIES_1_010,CA_1,0.0,0.31215862892970675
2016-04-03,HOBBIES_1_010,CA_1,3.0,0.37625735337435695
2016-04-03,HOBBIES_1_010,CA_1,3.0,2.327713171603424
2016-04-04,HOBBIES_1_010,CA_1,2.0,1.8259577188504297
2016-04-04,HOBBIES_1_010,CA_1,2.0,1.27040016763547
2016-04-05,HOBBIES_1_010,CA_1,2.0,1.3153879876292076
2016-04-05,HOBBIES_1_010,CA_1,2.0,1.2957480778561
2016-04-06,HOBBIES_1_010,CA_1,1.0,1.2971808417046435
2016-04-06,HOBBIES_1_010,CA_1,1.0,0.8165173064308712
2016-04-07,HOBBIES_1_010,CA_1,0.0,0.8350531854446079
2016-04-07,HOBBIES_1_010,CA_1,0.0,0.34541327457537285
2016-04-08,HOBBIES_1_010,CA_1,1.0,0.44201959729988344
2016-04-08,HOBBIES_1_010,CA_1,1.0,0.9622283860986344
2016-04-09,HOBBIES_1_010,CA_1,0.0,1.1102250955729944
2016-04-09,HOBBIES_1_010,CA_1,0.0,0.5642575791718786
2016-04-10,HOBBIES_1_010,CA_1,0.0,0.6418575519857621
2016-04-10,HOBBIES_1_010,CA_1,0.0,0.6377792577063551
2016-04-11,HOBBIES_1_010,CA_1,1.0,0.44514398715216497
2016-04-11,HOBBIES_1_010,CA_1,1.0,0.9511537726199506
2016-04-12,HOBBIES_1_010,CA_1,0.0,0.9745841964961928
2016-04-12,HOBBIES_1_010,CA_1,0.0,0.45992298954947947
2016-04-13,HOBBIES_1_010,CA_1,0.0,0.4432424597305701
2016-04-13,HOBBIES_1_010,CA_1,0.0,0.3882304970893982
2016-04-14,HOBBIES_1_010,CA_1,0.0,0.3882304970893982
2016-04-14,HOBBIES_1_010,CA_1,0.0,0.39230879136880525
2016-04-15,HOBBIES_1_010,CA_1,1.0,0.46526488210524775
2016-04-15,HOBBIES_1_010,CA_1,1.0,0.9760784280739212
2016-04-16,HOBBIES_1_010,CA_1,0.0,1.0511348386524155
2016-04-16,HOBBIES_1_010,CA_1,0.0,0.5051673222512998
2016-04-17,HOBBIES_1_010,CA_1,0.0,0.5476450397879709
2016-04-17,HOBBIES_1_010,CA_1,0.0,0.45779853326969655
2016-04-18,HOBBIES_1_010,CA_1,0.0,0.2159313287067626
2016-04-18,HOBBIES_1_010,CA_1,0.0,0.22000962298616966
2016-04-19,HOBBIES_1_010,CA_1,0.0,0.19164391743496456
2016-04-19,HOBBIES_1_010,CA_1,0.0,0.1521512580943024
2016-04-20,HOBBIES_1_010,CA_1,0.0,0.14004306396405397
2016-04-20,HOBBIES_1_010,CA_1,0.0,0.14004306396405397
2016-04-21,HOBBIES_1_010,CA_1,0.0,0.1302318800133403
2016-04-21,HOBBIES_1_010,CA_1,0.0,0.1302318800133403
2016-04-22,HOBBIES_1_010,CA_1,2.0,0.17117995566434913
2016-04-22,HOBBIES_1_010,CA_1,2.0,1.445814085813795
2016-04-23,HOBBIES_1_010,CA_1,0.0,1.535162402725377
2016-04-23,HOBBIES_1_010,CA_1,0.0,0.23924087809506434
2016-04-24,HOBBIES_1_010,CA_1,2.0,0.23924087809506434
2016-04-24,HOBBIES_1_010,CA_1,2.0,1.5432548818250067
2015-06-04,HOBBIES_1_011,CA_1,0.0,0.1278241142849732
2015-06-04,HOBBIES_1_011,CA_1,0.0,0.1278241142849732
2015-06-05,HOBBIES_1_011,CA_1,0.0,0.1808760106660188
2015-06-05,HOBBIES_1_011,CA_1,0.0,0.18495430494542586
2015-06-06,HOBBIES_1_011,CA_1,0.0,0.22487236978281655
2015-06-06,HOBBIES_1_011,CA_1,0.0,0.16660572935141096
2015-06-07,HOBBIES_1_011,CA_1,0.0,0.17641691330212464
2015-06-07,HOBBIES_1_011,CA_1,0.0,0.17641691330212464
2015-06-08,HOBBIES_1_011,CA_1,0.0,0.0858891653545251
2015-06-08,HOBBIES_1_011,CA_1,0.0,0.0858891653545251
2015-06-09,HOBBIES_1_011,CA_1,0.0,0.09085698380112583
2015-06-09,HOBBIES_1_011,CA_1,0.0,0.09085698380112583
2015-06-10,HOBBIES_1_011,CA_1,0.0,0.09085698380112583
2015-06-10,HOBBIES_1_011,CA_1,0.0,0.09085698380112583
2015-06-11,HOBBIES_1_011,CA_1,0.0,0.10066816775183954
2015-06-11,HOBBIES_1_011,CA_1,0.0,0.10066816775183954
2015-06-12,HOBBIES_1_011,CA_1,0.0,0.10586718454511387
2015-06-12,HOBBIES_1_011,CA_1,0.0,0.10586718454511387
2015-06-13,HOBBIES_1_011,CA_1,0.0,0.12420597231387398
2015-06-13,HOBBIES_1_011,CA_1,0.0,0.12420597231387398
2015-06-14,HOBBIES_1_011,CA_1,0.0,0.12420597231387398
2015-06-14,HOBBIES_1_011,CA_1,0.0,0.12420597231387398
2015-06-15,HOBBIES_1_011,CA_1,1.0,0.07933979283033252
2015-06-15,HOBBIES_1_011,CA_1,1.0,0.6812838875838546
2015-06-16,HOBBIES_1_011,CA_1,0.0,0.6848047140871818
2015-06-16,HOBBIES_1_011,CA_1,0.0,0.12482435691910757
2015-06-17,HOBBIES_1_011,CA_1,0.0,0.11160482403420827
2015-06-17,HOBBIES_1_011,CA_1,0.0,0.11160482403420827
2015-06-18,HOBBIES_1_011,CA_1,0.0,0.10846380044420123
2015-06-18,HOBBIES_1_011,CA_1,0.0,0.11254209472360824
2015-06-19,HOBBIES_1_011,CA_1,1.0,0.1641338249765196
2015-06-19,HOBBIES_1_011,CA_1,1.0,0.7395456094490814
2015-06-20,HOBBIES_1_011,CA_1,0.0,0.7847342278623765
2015-06-20,HOBBIES_1_011,CA_1,0.0,0.18071784548156516
2015-06-21,HOBBIES_1_011,CA_1,1.0,0.17757682189155813
2015-06-21,HOBBIES_1_011,CA_1,1.0,0.8135522819902336
2015-06-22,HOBBIES_1_011,CA_1,1.0,0.6859776765964538
2015-06-22,HOBBIES_1_011,CA_1,1.0,0.6900559708758608
2015-06-23,HOBBIES_1_011,CA_1,0.0,0.6950237893224614
2015-06-23,HOBBIES_1_011,CA_1,0.0,0.13096513787498024
2015-06-24,HOBBIES_1_011,CA_1,0.0,0.13096513787498024
2015-06-24,HOBBIES_1_011,CA_1,0.0,0.1350434321543873
2015-06-25,HOBBIES_1_011,CA_1,0.0,0.1350434321543873
2015-06-25,HOBBIES_1_011,CA_1,0.0,0.1350434321543873
2015-06-26,HOBBIES_1_011,CA_1,0.0,0.19307145724940603
2015-06-26,HOBBIES_1_011,CA_1,0.0,0.13480481681800044
2015-06-27,HOBBIES_1_011,CA_1,0.0,0.16660572935141096
2015-06-27,HOBBIES_1_011,CA_1,0.0,0.16660572935141096
2015-06-28,HOBBIES_1_011,CA_1,0.0,0.16660572935141096
2015-06-28,HOBBIES_1_011,CA_1,0.0,0.16660572935141096
2015-06-29,HOBBIES_1_011,CA_1,0.0,0.10851129062181811
2015-06-29,HOBBIES_1_011,CA_1,0.0,0.10851129062181811
2015-06-30,HOBBIES_1_011,CA_1,0.0,0.10366792511770509
2015-06-30,HOBBIES_1_011,CA_1,0.0,0.10366792511770509
2015-07-01,HOBBIES_1_011,CA_1,0.0,0.10366792511770509
2015-07-01,HOBBIES_1_011,CA_1,0.0,0.10366792511770509
2015-07-02,HOBBIES_1_011,CA_1,0.0,0.10366792511770509
2015-07-02,HOBBIES_1_011,CA_1,0.0,0.10366792511770509
2015-07-03,HOBBIES_1_011,CA_1,0.0,0.14461600076871411
2015-07-03,HOBBIES_1_011,CA_1,0.0,0.14461600076871411
2015-07-04,HOBBIES_1_011,CA_1,0.0,0.13150562804353977
2015-07-04,HOBBIES_1_011,CA_1,0.0,0.13150562804353977
2015-07-05,HOBBIES_1_011,CA_1,0.0,0.14445783558426048
2015-07-05,HOBBIES_1_011,CA_1,0.0,0.14445783558426048
2015-07-06,HOBBIES_1_011,CA_1,0.0,0.08915097678104622
2015-07-06,HOBBIES_1_011,CA_1,0.0,0.08915097678104622
2015-07-07,HOBBIES_1_011,CA_1,0.0,0.06495070748650385
2015-07-07,HOBBIES_1_011,CA_1,0.0,0.06495070748650385
2015-07-08,HOBBIES_1_011,CA_1,0.0,0.06495070748650385
2015-07-08,HOBBIES_1_011,CA_1,0.0,0.06495070748650385
2015-07-09,HOBBIES_1_011,CA_1,0.0,0.06495070748650385
2015-07-09,HOBBIES_1_011,CA_1,0.0,0.06495070748650385
2015-07-10,HOBBIES_1_011,CA_1,0.0,0.08651028075468446
2015-07-10,HOBBIES_1_011,CA_1,0.0,0.08651028075468446
2015-07-11,HOBBIES_1_011,CA_1,0.0,0.10484906852344446
2015-07-11,HOBBIES_1_011,CA_1,0.0,0.10484906852344446
2015-07-12,HOBBIES_1_011,CA_1,0.0,0.10484906852344446
2015-07-12,HOBBIES_1_011,CA_1,0.0,0.10484906852344446
2015-07-13,HOBBIES_1_011,CA_1,0.0,0.05998288903990311
2015-07-13,HOBBIES_1_011,CA_1,0.0,0.05998288903990311
2015-07-14,HOBBIES_1_011,CA_1,0.0,0.06495070748650385
2015-07-14,HOBBIES_1_011,CA_1,0.0,0.06495070748650385
2015-07-15,HOBBIES_1_011,CA_1,0.0,0.06495070748650385
2015-07-15,HOBBIES_1_011,CA_1,0.0,0.06495070748650385
2015-07-16,HOBBIES_1_011,CA_1,0.0,0.06495070748650385
2015-07-16,HOBBIES_1_011,CA_1,0.0,0.06495070748650385
2015-07-17,HOBBIES_1_011,CA_1,0.0,0.08651028075468446
2015-07-17,HOBBIES_1_011,CA_1,0.0,0.08651028075468446
2015-07-18,HOBBIES_1_011,CA_1,0.0,0.10170804493343742
2015-07-18,HOBBIES_1_011,CA_1,0.0,0.10170804493343742
2015-07-19,HOBBIES_1_011,CA_1,1.0,0.10484906852344446
2015-07-19,HOBBIES_1_011,CA_1,1.0,0.7824107008466837
2015-07-20,HOBBIES_1_011,CA_1,0.0,0.6666173627556818
2015-07-20,HOBBIES_1_011,CA_1,0.0,0.10663700558760753
2015-07-21,HOBBIES_1_011,CA_1,0.0,0.11160482403420827
2015-07-21,HOBBIES_1_011,CA_1,0.0,0.11160482403420827
2015-07-22,HOBBIES_1_011,CA_1,1.0,0.11160482403420827
2015-07-22,HOBBIES_1_011,CA_1,1.0,0.6822128480058821
2015-07-23,HOBBIES_1_011,CA_1,0.0,0.6822128480058821
2015-07-23,HOBBIES_1_011,CA_1,0.0,0.11815419655840087
2015-07-24,HOBBIES_1_011,CA_1,0.0,0.15848775091732492
2015-07-24,HOBBIES_1_011,CA_1,0.0,0.15848775091732492
2015-07-25,HOBBIES_1_011,CA_1,0.0,0.18071784548156516
2015-07-25,HOBBIES_1_011,CA_1,0.0,0.18479613976097223
2015-07-26,HOBBIES_1_011,CA_1,1.0,0.1929132920649524
2015-07-26,HOBBIES_1_011,CA_1,1.0,0.8248104578842207
2015-07-27,HOBBIES_1_011,CA_1,0.0,0.6859776765964538
2015-07-27,HOBBIES_1_011,CA_1,0.0,0.1259973194283795
2015-07-28,HOBBIES_1_011,CA_1,0.0,0.13096513787498024
2015-07-28,HOBBIES_1_011,CA_1,0.0,0.13096513787498024
2015-07-29,HOBBIES_1_011,CA_1,0.0,0.13096513787498024
2015-07-29,HOBBIES_1_011,CA_1,0.0,0.1350434321543873
2015-07-30,HOBBIES_1_011,CA_1,0.0,0.14316058445836746
2015-07-30,HOBBIES_1_011,CA_1,0.0,0.10366792511770509
2015-07-31,HOBBIES_1_011,CA_1,0.0,0.13480481681800044
2015-07-31,HOBBIES_1_011,CA_1,0.0,0.13480481681800044
2015-08-01,HOBBIES_1_011,CA_1,0.0,0.16660572935141096
2015-08-01,HOBBIES_1_011,CA_1,0.0,0.16660572935141096
2015-08-02,HOBBIES_1_011,CA_1,1.0,0.17641691330212464
2015-08-02,HOBBIES_1_011,CA_1,1.0,0.8346216418349344
2015-08-03,HOBBIES_1_011,CA_1,0.0,0.6859776765964538
2015-08-03,HOBBIES_1_011,CA_1,0.0,0.1259973194283795
2015-08-04,HOBBIES_1_011,CA_1,1.0,0.13096513787498024
2015-08-04,HOBBIES_1_011,CA_1,1.0,0.6909454950430545
2015-08-05,HOBBIES_1_011,CA_1,0.0,0.7007566789937681
2015-08-05,HOBBIES_1_011,CA_1,0.0,0.14485461610510098
2015-08-06,HOBBIES_1_011,CA_1,0.0,0.1350434321543873
2015-08-06,HOBBIES_1_011,CA_1,0.0,0.13096513787498024
2015-08-07,HOBBIES_1_011,CA_1,0.0,0.1808760106660188
2015-08-07,HOBBIES_1_011,CA_1,0.0,0.18495430494542586
2015-08-08,HOBBIES_1_011,CA_1,0.0,0.22487236978281655
2015-08-08,HOBBIES_1_011,CA_1,0.0,0.16660572935141096
2015-08-09,HOBBIES_1_011,CA_1,1.0,0.17641691330212464
2015-08-09,HOBBIES_1_011,CA_1,1.0,0.8346216418349344
2015-08-10,HOBBIES_1_011,CA_1,0.0,0.6859776765964538
2015-08-10,HOBBIES_1_011,CA_1,0.0,0.1259973194283795
2015-08-11,HOBBIES_1_011,CA_1,1.0,0.13096513787498024
2015-08-11,HOBBIES_1_011,CA_1,1.0,0.6909454950430545
2015-08-12,HOBBIES_1_011,CA_1,0.0,0.6909454950430545
2015-08-12,HOBBIES_1_011,CA_1,0.0,0.1350434321543873
2015-08-13,HOBBIES_1_011,CA_1,0.0,0.1350434321543873
2015-08-13,HOBBIES_1_011,CA_1,0.0,0.13096513787498024
2015-08-14,HOBBIES_1_011,CA_1,0.0,0.1808760106660188
2015-08-14,HOBBIES_1_011,CA_1,0.0,0.18495430494542586
2015-08-15,HOBBIES_1_011,CA_1,0.0,0.22487236978281655
2015-08-15,HOBBIES_1_011,CA_1,0.0,0.16660572935141096
2015-08-16,HOBBIES_1_011,CA_1,0.0,0.17641691330212464
2015-08-16,HOBBIES_1_011,CA_1,0.0,0.17641691330212464
2015-08-17,HOBBIES_1_011,CA_1,0.0,0.09870010667110435
2015-08-17,HOBBIES_1_011,CA_1,0.0,0.09870010667110435
2015-08-18,HOBBIES_1_011,CA_1,0.0,0.11347910906841885
2015-08-18,HOBBIES_1_011,CA_1,0.0,0.11347910906841885
2015-08-19,HOBBIES_1_011,CA_1,1.0,0.09085698380112583
2015-08-19,HOBBIES_1_011,CA_1,1.0,0.6990626473470346
2015-08-20,HOBBIES_1_011,CA_1,0.0,0.6909454950430545
2015-08-20,HOBBIES_1_011,CA_1,0.0,0.13096513787498024
2015-08-21,HOBBIES_1_011,CA_1,0.0,0.1808760106660188
2015-08-21,HOBBIES_1_011,CA_1,0.0,0.1808760106660188
2015-08-22,HOBBIES_1_011,CA_1,0.0,0.21267692319942932
2015-08-22,HOBBIES_1_011,CA_1,0.0,0.2167552174788364
2015-08-23,HOBBIES_1_011,CA_1,0.0,0.23468355373353023
2015-08-23,HOBBIES_1_011,CA_1,0.0,0.17641691330212464
2015-08-24,HOBBIES_1_011,CA_1,1.0,0.0858891653545251
2015-08-24,HOBBIES_1_011,CA_1,1.0,0.694094828900434
2015-08-25,HOBBIES_1_011,CA_1,0.0,0.7007566789937681
2015-08-25,HOBBIES_1_011,CA_1,0.0,0.1407763218256939
2015-08-26,HOBBIES_1_011,CA_1,0.0,0.11815419655840087
2015-08-26,HOBBIES_1_011,CA_1,0.0,0.11815419655840087
2015-08-27,HOBBIES_1_011,CA_1,0.0,0.11815419655840087
2015-08-27,HOBBIES_1_011,CA_1,0.0,0.12223249083780788
2015-08-28,HOBBIES_1_011,CA_1,1.0,0.17068319750071215
2015-08-28,HOBBIES_1_011,CA_1,1.0,0.7619338691977753
2015-08-29,HOBBIES_1_011,CA_1,0.0,0.8166933055802406
2015-08-29,HOBBIES_1_011,CA_1,0.0,0.21267692319942932
2015-08-30,HOBBIES_1_011,CA_1,0.0,0.21267692319942932
2015-08-30,HOBBIES_1_011,CA_1,0.0,0.21267692319942932
2015-08-31,HOBBIES_1_011,CA_1,0.0,0.1259973194283795
2015-08-31,HOBBIES_1_011,CA_1,0.0,0.13007561370778656
2015-09-01,HOBBIES_1_011,CA_1,0.0,0.14316058445836746
2015-09-01,HOBBIES_1_011,CA_1,0.0,0.10366792511770509
2015-09-02,HOBBIES_1_011,CA_1,0.0,0.11347910906841885
2015-09-02,HOBBIES_1_011,CA_1,0.0,0.11347910906841885
2015-09-03,HOBBIES_1_011,CA_1,0.0,0.09085698380112583
2015-09-03,HOBBIES_1_011,CA_1,0.0,0.09085698380112583
2015-09-04,HOBBIES_1_011,CA_1,0.0,0.11241655706930645
2015-09-04,HOBBIES_1_011,CA_1,0.0,0.11241655706930645
2015-09-05,HOBBIES_1_011,CA_1,0.0,0.1346466516335468
2015-09-05,HOBBIES_1_011,CA_1,0.0,0.1346466516335468
2015-09-06,HOBBIES_1_011,CA_1,0.0,0.1346466516335468
2015-09-06,HOBBIES_1_011,CA_1,0.0,0.1346466516335468
2015-09-07,HOBBIES_1_011,CA_1,0.0,0.10543114814988314
2015-09-07,HOBBIES_1_011,CA_1,0.0,0.10543114814988314
2015-09-08,HOBBIES_1_011,CA_1,0.0,0.08430761127693326
2015-09-08,HOBBIES_1_011,CA_1,0.0,0.08430761127693326
2015-09-09,HOBBIES_1_011,CA_1,0.0,0.08430761127693326
2015-09-09,HOBBIES_1_011,CA_1,0.0,0.08430761127693326
2015-09-10,HOBBIES_1_011,CA_1,0.0,0.08430761127693326
2015-09-10,HOBBIES_1_011,CA_1,0.0,0.08430761127693326
2015-09-11,HOBBIES_1_011,CA_1,0.0,0.11567836849582758
2015-09-11,HOBBIES_1_011,CA_1,0.0,0.11567836849582758
2015-09-12,HOBBIES_1_011,CA_1,1.0,0.10484906852344446
2015-09-12,HOBBIES_1_011,CA_1,1.0,0.7824107008466837
2015-09-13,HOBBIES_1_011,CA_1,0.0,0.7742935485427036
2015-09-13,HOBBIES_1_011,CA_1,0.0,0.1702771661618924
2015-09-14,HOBBIES_1_011,CA_1,0.0,0.10663700558760753
2015-09-14,HOBBIES_1_011,CA_1,0.0,0.10663700558760753
2015-09-15,HOBBIES_1_011,CA_1,0.0,0.11160482403420827
2015-09-15,HOBBIES_1_011,CA_1,0.0,0.11568311831361527
2015-09-16,HOBBIES_1_011,CA_1,0.0,0.12380027061759558
2015-09-16,HOBBIES_1_011,CA_1,0.0,0.08430761127693326
2015-09-17,HOBBIES_1_011,CA_1,1.0,0.08430761127693326
2015-09-17,HOBBIES_1_011,CA_1,1.0,0.6862517060304553
2015-09-18,HOBBIES_1_011,CA_1,0.0,0.7314284571451013
2015-09-18,HOBBIES_1_011,CA_1,0.0,0.15848775091732492
2015-09-19,HOBBIES_1_011,CA_1,0.0,0.18071784548156516
2015-09-19,HOBBIES_1_011,CA_1,0.0,0.18071784548156516
2015-09-20,HOBBIES_1_011,CA_1,0.0,0.18071784548156516
2015-09-20,HOBBIES_1_011,CA_1,0.0,0.18479613976097223
2015-09-21,HOBBIES_1_011,CA_1,0.0,0.12538182469518744
2015-09-21,HOBBIES_1_011,CA_1,0.0,0.0858891653545251
2015-09-22,HOBBIES_1_011,CA_1,0.0,0.09085698380112583
2015-09-22,HOBBIES_1_011,CA_1,0.0,0.09085698380112583
2015-09-23,HOBBIES_1_011,CA_1,0.0,0.09085698380112583
2015-09-23,HOBBIES_1_011,CA_1,0.0,0.09085698380112583
2015-09-24,HOBBIES_1_011,CA_1,0.0,0.0877159602111188
2015-09-24,HOBBIES_1_011,CA_1,0.0,0.0877159602111188
2015-09-25,HOBBIES_1_011,CA_1,0.0,0.11241655706930645
2015-09-25,HOBBIES_1_011,CA_1,0.0,0.11241655706930645
2015-09-26,HOBBIES_1_011,CA_1,0.0,0.14445783558426048
2015-09-26,HOBBIES_1_011,CA_1,0.0,0.14445783558426048
2015-09-27,HOBBIES_1_011,CA_1,1.0,0.12420597231387398
2015-09-27,HOBBIES_1_011,CA_1,1.0,0.7928513801663566
2015-09-28,HOBBIES_1_011,CA_1,0.0,0.6731667352798745
2015-09-28,HOBBIES_1_011,CA_1,0.0,0.11318637811180013
2015-09-29,HOBBIES_1_011,CA_1,0.0,0.11815419655840087
2015-09-29,HOBBIES_1_011,CA_1,0.0,0.11815419655840087
2015-09-30,HOBBIES_1_011,CA_1,0.0,0.11815419655840087
2015-09-30,HOBBIES_1_011,CA_1,0.0,0.12223249083780788
2015-10-01,HOBBIES_1_011,CA_1,0.0,0.14016082709250183
2015-10-01,HOBBIES_1_011,CA_1,0.0,0.10066816775183954
2015-10-02,HOBBIES_1_011,CA_1,0.0,0.10586718454511387
2015-10-02,HOBBIES_1_011,CA_1,0.0,0.10586718454511387
2015-10-03,HOBBIES_1_011,CA_1,0.0,0.12420597231387398
2015-10-03,HOBBIES_1_011,CA_1,0.0,0.12420597231387398
2015-10-04,HOBBIES_1_011,CA_1,0.0,0.12420597231387398
2015-10-04,HOBBIES_1_011,CA_1,0.0,0.12420597231387398
2015-10-05,HOBBIES_1_011,CA_1,0.0,0.07933979283033252
2015-10-05,HOBBIES_1_011,CA_1,0.0,0.07933979283033252
2015-10-06,HOBBIES_1_011,CA_1,0.0,0.08430761127693326
2015-10-06,HOBBIES_1_011,CA_1,0.0,0.08430761127693326
2015-10-07,HOBBIES_1_011,CA_1,0.0,0.08430761127693326
2015-10-07,HOBBIES_1_011,CA_1,0.0,0.08430761127693326
2015-10-08,HOBBIES_1_011,CA_1,0.0,0.08430761127693326
2015-10-08,HOBBIES_1_011,CA_1,0.0,0.08430761127693326
2015-10-09,HOBBIES_1_011,CA_1,0.0,0.10586718454511387
2015-10-09,HOBBIES_1_011,CA_1,0.0,0.10586718454511387
2015-10-10,HOBBIES_1_011,CA_1,0.0,0.12420597231387398
2015-10-10,HOBBIES_1_011,CA_1,0.0,0.12420597231387398
2015-10-11,HOBBIES_1_011,CA_1,0.0,0.1340171562645877
2015-10-11,HOBBIES_1_011,CA_1,0.0,0.1340171562645877
2015-10-12,HOBBIES_1_011,CA_1,0.0,0.06971368788454745
2015-10-12,HOBBIES_1_011,CA_1,0.0,0.06971368788454745
2015-10-13,HOBBIES_1_011,CA_1,1.0,0.06495070748650385
2015-10-13,HOBBIES_1_011,CA_1,1.0,0.6797023335062626
2015-10-14,HOBBIES_1_011,CA_1,0.0,0.6715851812022825
2015-10-14,HOBBIES_1_011,CA_1,0.0,0.11160482403420827
2015-10-15,HOBBIES_1_011,CA_1,0.0,0.11160482403420827
2015-10-15,HOBBIES_1_011,CA_1,0.0,0.11160482403420827
2015-10-16,HOBBIES_1_011,CA_1,0.0,0.15193837839313237
2015-10-16,HOBBIES_1_011,CA_1,0.0,0.15601667267253944
2015-10-17,HOBBIES_1_011,CA_1,0.0,0.18247261274527962
2015-10-17,HOBBIES_1_011,CA_1,0.0,0.12420597231387398
2015-10-18,HOBBIES_1_011,CA_1,0.0,0.12420597231387398
2015-10-18,HOBBIES_1_011,CA_1,0.0,0.12420597231387398
2015-10-19,HOBBIES_1_011,CA_1,0.0,0.07933979283033252
2015-10-19,HOBBIES_1_011,CA_1,0.0,0.07933979283033252
2015-10-20,HOBBIES_1_011,CA_1,0.0,0.08430761127693326
2015-10-20,HOBBIES_1_011,CA_1,0.0,0.08430761127693326
2015-10-21,HOBBIES_1_011,CA_1,0.0,0.08430761127693326
2015-10-21,HOBBIES_1_011,CA_1,0.0,0.08430761127693326
2015-10-22,HOBBIES_1_011,CA_1,0.0,0.08430761127693326
2015-10-22,HOBBIES_1_011,CA_1,0.0,0.08430761127693326
2015-10-23,HOBBIES_1_011,CA_1,0.0,0.10586718454511387
2015-10-23,HOBBIES_1_011,CA_1,0.0,0.10586718454511387
2015-10-24,HOBBIES_1_011,CA_1,0.0,0.12420597231387398
2015-10-24,HOBBIES_1_011,CA_1,0.0,0.12420597231387398
2015-10-25,HOBBIES_1_011,CA_1,0.0,0.12420597231387398
2015-10-25,HOBBIES_1_011,CA_1,0.0,0.12420597231387398
2015-10-26,HOBBIES_1_011,CA_1,0.0,0.07933979283033252
2015-10-26,HOBBIES_1_011,CA_1,0.0,0.07933979283033252
2015-10-27,HOBBIES_1_011,CA_1,0.0,0.09411879522764696
2015-10-27,HOBBIES_1_011,CA_1,0.0,0.09411879522764696
2015-10-28,HOBBIES_1_011,CA_1,0.0,0.06495070748650385
2015-10-28,HOBBIES_1_011,CA_1,0.0,0.06495070748650385
2015-10-29,HOBBIES_1_011,CA_1,0.0,0.06495070748650385
2015-10-29,HOBBIES_1_011,CA_1,0.0,0.06495070748650385
2015-10-30,HOBBIES_1_011,CA_1,0.0,0.08651028075468446
2015-10-30,HOBBIES_1_011,CA_1,0.0,0.08651028075468446
2015-10-31,HOBBIES_1_011,CA_1,0.0,0.10170804493343742
2015-10-31,HOBBIES_1_011,CA_1,0.0,0.10170804493343742
2015-11-01,HOBBIES_1_011,CA_1,0.0,0.10484906852344446
2015-11-01,HOBBIES_1_011,CA_1,0.0,0.10484906852344446
2015-11-02,HOBBIES_1_011,CA_1,0.0,0.05998288903990311
2015-11-02,HOBBIES_1_011,CA_1,0.0,0.05998288903990311
2015-11-03,HOBBIES_1_011,CA_1,0.0,0.06495070748650385
2015-11-03,HOBBIES_1_011,CA_1,0.0,0.06495070748650385
2015-11-04,HOBBIES_1_011,CA_1,0.0,0.06495070748650385
2015-11-04,HOBBIES_1_011,CA_1,0.0,0.06495070748650385
2015-11-05,HOBBIES_1_011,CA_1,0.0,0.06495070748650385
2015-11-05,HOBBIES_1_011,CA_1,0.0,0.06495070748650385
2015-11-06,HOBBIES_1_011,CA_1,0.0,0.08651028075468446
2015-11-06,HOBBIES_1_011,CA_1,0.0,0.08651028075468446
2015-11-07,HOBBIES_1_011,CA_1,0.0,0.10484906852344446
2015-11-07,HOBBIES_1_011,CA_1,0.0,0.10484906852344446
2015-11-08,HOBBIES_1_011,CA_1,0.0,0.10484906852344446
2015-11-08,HOBBIES_1_011,CA_1,0.0,0.10484906852344446
2015-11-09,HOBBIES_1_011,CA_1,0.0,0.05998288903990311
2015-11-09,HOBBIES_1_011,CA_1,0.0,0.05998288903990311
2015-11-10,HOBBIES_1_011,CA_1,0.0,0.06495070748650385
2015-11-10,HOBBIES_1_011,CA_1,0.0,0.06495070748650385
2015-11-11,HOBBIES_1_011,CA_1,0.0,0.06180968389649682
2015-11-11,HOBBIES_1_011,CA_1,0.0,0.06180968389649682
2015-11-12,HOBBIES_1_011,CA_1,0.0,0.06495070748650385
2015-11-12,HOBBIES_1_011,CA_1,0.0,0.06495070748650385
2015-11-13,HOBBIES_1_011,CA_1,0.0,0.08651028075468446
2015-11-13,HOBBIES_1_011,CA_1,0.0,0.08651028075468446
2015-11-14,HOBBIES_1_011,CA_1,0.0,0.10484906852344446
2015-11-14,HOBBIES_1_011,CA_1,0.0,0.10484906852344446
2015-11-15,HOBBIES_1_011,CA_1,0.0,0.10484906852344446
2015-11-15,HOBBIES_1_011,CA_1,0.0,0.10484906852344446
2015-11-16,HOBBIES_1_011,CA_1,0.0,0.05998288903990311
2015-11-16,HOBBIES_1_011,CA_1,0.0,0.05998288903990311
2015-11-17,HOBBIES_1_011,CA_1,0.0,0.06495070748650385
2015-11-17,HOBBIES_1_011,CA_1,0.0,0.06495070748650385
2015-11-18,HOBBIES_1_011,CA_1,0.0,0.06495070748650385
2015-11-18,HOBBIES_1_011,CA_1,0.0,0.06495070748650385
2015-11-19,HOBBIES_1_011,CA_1,0.0,0.06495070748650385
2015-11-19,HOBBIES_1_011,CA_1,0.0,0.06495070748650385
2015-11-20,HOBBIES_1_011,CA_1,0.0,0.08651028075468446
2015-11-20,HOBBIES_1_011,CA_1,0.0,0.08651028075468446
2015-11-21,HOBBIES_1_011,CA_1,0.0,0.10484906852344446
2015-11-21,HOBBIES_1_011,CA_1,0.0,0.10484906852344446
2015-11-22,HOBBIES_1_011,CA_1,0.0,0.10484906852344446
2015-11-22,HOBBIES_1_011,CA_1,0.0,0.10484906852344446
2015-11-23,HOBBIES_1_011,CA_1,0.0,0.05998288903990311
2015-11-23,HOBBIES_1_011,CA_1,0.0,0.05998288903990311
2015-11-24,HOBBIES_1_011,CA_1,1.0,0.06495070748650385
2015-11-24,HOBBIES_1_011,CA_1,1.0,0.6797023335062626
2015-11-25,HOBBIES_1_011,CA_1,0.0,0.6715851812022825
2015-11-25,HOBBIES_1_011,CA_1,0.0,0.11160482403420827
2015-11-26,HOBBIES_1_011,CA_1,0.0,0.10846380044420123
2015-11-26,HOBBIES_1_011,CA_1,0.0,0.10846380044420123
2015-11-27,HOBBIES_1_011,CA_1,0.0,0.15193837839313237
2015-11-27,HOBBIES_1_011,CA_1,0.0,0.15601667267253944
2015-11-28,HOBBIES_1_011,CA_1,1.0,0.18247261274527962
2015-11-28,HOBBIES_1_011,CA_1,1.0,0.7928513801663566
2015-11-29,HOBBIES_1_011,CA_1,0.0,0.7847342278623765
2015-11-29,HOBBIES_1_011,CA_1,0.0,0.18071784548156516
2015-11-30,HOBBIES_1_011,CA_1,0.0,0.11318637811180013
2015-11-30,HOBBIES_1_011,CA_1,0.0,0.11318637811180013
2015-12-01,HOBBIES_1_011,CA_1,0.0,0.11815419655840087
2015-12-01,HOBBIES_1_011,CA_1,0.0,0.12223249083780788
2015-12-02,HOBBIES_1_011,CA_1,0.0,0.13034964314178815
2015-12-02,HOBBIES_1_011,CA_1,0.0,0.09085698380112583
2015-12-03,HOBBIES_1_011,CA_1,0.0,0.09085698380112583
2015-12-03,HOBBIES_1_011,CA_1,0.0,0.09085698380112583
2015-12-04,HOBBIES_1_011,CA_1,0.0,0.11241655706930645
2015-12-04,HOBBIES_1_011,CA_1,0.0,0.11241655706930645
2015-12-05,HOBBIES_1_011,CA_1,0.0,0.1346466516335468
2015-12-05,HOBBIES_1_011,CA_1,0.0,0.1346466516335468
2015-12-06,HOBBIES_1_011,CA_1,0.0,0.1346466516335468
2015-12-06,HOBBIES_1_011,CA_1,0.0,0.1346466516335468
2015-12-07,HOBBIES_1_011,CA_1,0.0,0.0858891653545251
2015-12-07,HOBBIES_1_011,CA_1,0.0,0.0858891653545251
2015-12-08,HOBBIES_1_011,CA_1,0.0,0.10066816775183954
2015-12-08,HOBBIES_1_011,CA_1,0.0,0.10066816775183954
2015-12-09,HOBBIES_1_011,CA_1,0.0,0.08430761127693326
2015-12-09,HOBBIES_1_011,CA_1,0.0,0.08430761127693326
2015-12-10,HOBBIES_1_011,CA_1,0.0,0.08430761127693326
2015-12-10,HOBBIES_1_011,CA_1,0.0,0.08430761127693326
2015-12-11,HOBBIES_1_011,CA_1,0.0,0.10586718454511387
2015-12-11,HOBBIES_1_011,CA_1,0.0,0.10586718454511387
2015-12-12,HOBBIES_1_011,CA_1,0.0,0.1340171562645877
2015-12-12,HOBBIES_1_011,CA_1,0.0,0.1340171562645877
2015-12-13,HOBBIES_1_011,CA_1,0.0,0.10484906852344446
2015-12-13,HOBBIES_1_011,CA_1,0.0,0.10484906852344446
2015-12-14,HOBBIES_1_011,CA_1,0.0,0.06971368788454745
2015-12-14,HOBBIES_1_011,CA_1,0.0,0.06971368788454745
2015-12-15,HOBBIES_1_011,CA_1,0.0,0.06495070748650385
2015-12-15,HOBBIES_1_011,CA_1,0.0,0.06495070748650385
2015-12-16,HOBBIES_1_011,CA_1,0.0,0.06495070748650385
2015-12-16,HOBBIES_1_011,CA_1,0.0,0.06495070748650385
2015-12-17,HOBBIES_1_011,CA_1,0.0,0.06495070748650385
2015-12-17,HOBBIES_1_011,CA_1,0.0,0.06495070748650385
2015-12-18,HOBBIES_1_011,CA_1,0.0,0.08651028075468446
2015-12-18,HOBBIES_1_011,CA_1,0.0,0.08651028075468446
2015-12-19,HOBBIES_1_011,CA_1,0.0,0.10484906852344446
2015-12-19,HOBBIES_1_011,CA_1,0.0,0.10484906852344446
2015-12-20,HOBBIES_1_011,CA_1,0.0,0.10484906852344446
2015-12-20,HOBBIES_1_011,CA_1,0.0,0.10484906852344446
2015-12-21,HOBBIES_1_011,CA_1,0.0,0.05998288903990311
2015-12-21,HOBBIES_1_011,CA_1,0.0,0.05998288903990311
2015-12-22,HOBBIES_1_011,CA_1,0.0,0.06495070748650385
2015-12-22,HOBBIES_1_011,CA_1,0.0,0.06495070748650385
2015-12-23,HOBBIES_1_011,CA_1,0.0,0.06495070748650385
2015-12-23,HOBBIES_1_011,CA_1,0.0,0.06495070748650385
2015-12-24,HOBBIES_1_011,CA_1,0.0,0.06495070748650385
2015-12-24,HOBBIES_1_011,CA_1,0.0,0.06495070748650385
2015-12-25,HOBBIES_1_011,CA_1,0.0,0.08336925716467743
2015-12-25,HOBBIES_1_011,CA_1,0.0,0.08336925716467743
2015-12-26,HOBBIES_1_011,CA_1,0.0,0.10484906852344446
2015-12-26,HOBBIES_1_011,CA_1,0.0,0.10484906852344446
2015-12-27,HOBBIES_1_011,CA_1,0.0,0.10484906852344446
2015-12-27,HOBBIES_1_011,CA_1,0.0,0.10484906852344446
2015-12-28,HOBBIES_1_011,CA_1,0.0,0.05998288903990311
2015-12-28,HOBBIES_1_011,CA_1,0.0,0.05998288903990311
2015-12-29,HOBBIES_1_011,CA_1,0.0,0.06495070748650385
2015-12-29,HOBBIES_1_011,CA_1,0.0,0.06495070748650385
2015-12-30,HOBBIES_1_011,CA_1,0.0,0.06495070748650385
2015-12-30,HOBBIES_1_011,CA_1,0.0,0.06495070748650385
2015-12-31,HOBBIES_1_011,CA_1,0.0,0.06495070748650385
2015-12-31,HOBBIES_1_011,CA_1,0.0,0.06495070748650385
2016-01-01,HOBBIES_1_011,CA_1,0.0,0.08336925716467743
2016-01-01,HOBBIES_1_011,CA_1,0.0,0.08336925716467743
2016-01-02,HOBBIES_1_011,CA_1,0.0,0.10484906852344446
2016-01-02,HOBBIES_1_011,CA_1,0.0,0.10484906852344446
2016-01-03,HOBBIES_1_011,CA_1,0.0,0.10484906852344446
2016-01-03,HOBBIES_1_011,CA_1,0.0,0.10484906852344446
2016-01-04,HOBBIES_1_011,CA_1,0.0,0.05998288903990311
2016-01-04,HOBBIES_1_011,CA_1,0.0,0.05998288903990311
2016-01-05,HOBBIES_1_011,CA_1,0.0,0.06495070748650385
2016-01-05,HOBBIES_1_011,CA_1,0.0,0.06495070748650385
2016-01-06,HOBBIES_1_011,CA_1,0.0,0.06495070748650385
2016-01-06,HOBBIES_1_011,CA_1,0.0,0.06495070748650385
2016-01-07,HOBBIES_1_011,CA_1,0.0,0.06180968389649682
2016-01-07,HOBBIES_1_011,CA_1,0.0,0.06180968389649682
2016-01-08,HOBBIES_1_011,CA_1,0.0,0.08651028075468446
2016-01-08,HOBBIES_1_011,CA_1,0.0,0.08651028075468446
2016-01-09,HOBBIES_1_011,CA_1,2.0,0.10484906852344446
2016-01-09,HOBBIES_1_011,CA_1,2.0,1.4661986907922053
2016-01-10,HOBBIES_1_011,CA_1,1.0,1.476639370111878
2016-01-10,HOBBIES_1_011,CA_1,1.0,0.8166933055802406
2016-01-11,HOBBIES_1_011,CA_1,0.0,0.6859776765964538
2016-01-11,HOBBIES_1_011,CA_1,0.0,0.1259973194283795
2016-01-12,HOBBIES_1_011,CA_1,0.0,0.13096513787498024
2016-01-12,HOBBIES_1_011,CA_1,0.0,0.1350434321543873
2016-01-13,HOBBIES_1_011,CA_1,1.0,0.1350434321543873
2016-01-13,HOBBIES_1_011,CA_1,1.0,0.6950237893224614
2016-01-14,HOBBIES_1_011,CA_1,0.0,0.6950237893224614
2016-01-14,HOBBIES_1_011,CA_1,0.0,0.13096513787498024
2016-01-15,HOBBIES_1_011,CA_1,0.0,0.1808760106660188
2016-01-15,HOBBIES_1_011,CA_1,0.0,0.1808760106660188
2016-01-16,HOBBIES_1_011,CA_1,0.0,0.26841182560579785
2016-01-16,HOBBIES_1_011,CA_1,0.0,0.2724901198852049
2016-01-17,HOBBIES_1_011,CA_1,0.0,0.22487236978281655
2016-01-17,HOBBIES_1_011,CA_1,0.0,0.16660572935141096
2016-01-18,HOBBIES_1_011,CA_1,0.0,0.10843090551574869
2016-01-18,HOBBIES_1_011,CA_1,0.0,0.10843090551574869
2016-01-19,HOBBIES_1_011,CA_1,0.0,0.10366792511770509
2016-01-19,HOBBIES_1_011,CA_1,0.0,0.10366792511770509
2016-01-20,HOBBIES_1_011,CA_1,0.0,0.10366792511770509
2016-01-20,HOBBIES_1_011,CA_1,0.0,0.10366792511770509
2016-01-21,HOBBIES_1_011,CA_1,0.0,0.10366792511770509
2016-01-21,HOBBIES_1_011,CA_1,0.0,0.10366792511770509
2016-01-22,HOBBIES_1_011,CA_1,0.0,0.13480481681800044
2016-01-22,HOBBIES_1_011,CA_1,0.0,0.13480481681800044
2016-01-23,HOBBIES_1_011,CA_1,1.0,0.17641691330212464
2016-01-23,HOBBIES_1_011,CA_1,1.0,0.8346216418349344
2016-01-24,HOBBIES_1_011,CA_1,0.0,0.8265044895309542
2016-01-24,HOBBIES_1_011,CA_1,0.0,0.222488107150143
2016-01-25,HOBBIES_1_011,CA_1,0.0,0.11318637811180013
2016-01-25,HOBBIES_1_011,CA_1,0.0,0.11318637811180013
2016-01-26,HOBBIES_1_011,CA_1,0.0,0.11815419655840087
2016-01-26,HOBBIES_1_011,CA_1,0.0,0.12223249083780788
2016-01-27,HOBBIES_1_011,CA_1,0.0,0.14016082709250183
2016-01-27,HOBBIES_1_011,CA_1,0.0,0.10066816775183954
2016-01-28,HOBBIES_1_011,CA_1,0.0,0.08430761127693326
2016-01-28,HOBBIES_1_011,CA_1,0.0,0.08430761127693326
2016-01-29,HOBBIES_1_011,CA_1,0.0,0.10586718454511387
2016-01-29,HOBBIES_1_011,CA_1,0.0,0.10586718454511387
2016-01-30,HOBBIES_1_011,CA_1,0.0,0.12420597231387398
2016-01-30,HOBBIES_1_011,CA_1,0.0,0.12420597231387398
2016-01-31,HOBBIES_1_011,CA_1,0.0,0.12420597231387398
2016-01-31,HOBBIES_1_011,CA_1,0.0,0.12420597231387398
2016-02-01,HOBBIES_1_011,CA_1,0.0,0.07933979283033252
2016-02-01,HOBBIES_1_011,CA_1,0.0,0.07933979283033252
2016-02-02,HOBBIES_1_011,CA_1,0.0,0.08430761127693326
2016-02-02,HOBBIES_1_011,CA_1,0.0,0.08430761127693326
2016-02-03,HOBBIES_1_011,CA_1,0.0,0.08430761127693326
2016-02-03,HOBBIES_1_011,CA_1,0.0,0.08430761127693326
2016-02-04,HOBBIES_1_011,CA_1,1.0,0.08430761127693326
2016-02-04,HOBBIES_1_011,CA_1,1.0,0.6862517060304553
2016-02-05,HOBBIES_1_011,CA_1,0.0,0.7314284571451013
2016-02-05,HOBBIES_1_011,CA_1,0.0,0.15848775091732492
2016-02-06,HOBBIES_1_011,CA_1,0.0,0.19052902943227884
2016-02-06,HOBBIES_1_011,CA_1,0.0,0.19052902943227884
2016-02-07,HOBBIES_1_011,CA_1,0.0,0.16713614257188536
2016-02-07,HOBBIES_1_011,CA_1,0.0,0.17121443685129242
2016-02-08,HOBBIES_1_011,CA_1,1.0,0.1188324521709948
2016-02-08,HOBBIES_1_011,CA_1,1.0,0.6812838875838546
2016-02-09,HOBBIES_1_011,CA_1,0.0,0.6781345537264751
2016-02-09,HOBBIES_1_011,CA_1,0.0,0.11815419655840087
2016-02-10,HOBBIES_1_011,CA_1,0.0,0.11501317296839383
2016-02-10,HOBBIES_1_011,CA_1,0.0,0.11501317296839383
2016-02-11,HOBBIES_1_011,CA_1,0.0,0.11815419655840087
2016-02-11,HOBBIES_1_011,CA_1,0.0,0.12223249083780788
2016-02-12,HOBBIES_1_011,CA_1,0.0,0.17068319750071215
2016-02-12,HOBBIES_1_011,CA_1,0.0,0.11241655706930645
2016-02-13,HOBBIES_1_011,CA_1,0.0,0.1346466516335468
2016-02-13,HOBBIES_1_011,CA_1,0.0,0.1346466516335468
2016-02-14,HOBBIES_1_011,CA_1,0.0,0.13150562804353977
2016-02-14,HOBBIES_1_011,CA_1,0.0,0.13150562804353977
2016-02-15,HOBBIES_1_011,CA_1,0.0,0.09561996419916943
2016-02-15,HOBBIES_1_011,CA_1,0.0,0.09561996419916943
2016-02-16,HOBBIES_1_011,CA_1,0.0,0.09085698380112583
2016-02-16,HOBBIES_1_011,CA_1,0.0,0.09085698380112583
2016-02-17,HOBBIES_1_011,CA_1,0.0,0.0877159602111188
2016-02-17,HOBBIES_1_011,CA_1,0.0,0.0877159602111188
2016-02-18,HOBBIES_1_011,CA_1,0.0,0.10066816775183954
2016-02-18,HOBBIES_1_011,CA_1,0.0,0.10066816775183954
2016-02-19,HOBBIES_1_011,CA_1,0.0,0.10586718454511387
2016-02-19,HOBBIES_1_011,CA_1,0.0,0.10586718454511387
2016-02-20,HOBBIES_1_011,CA_1,0.0,0.12420597231387398
2016-02-20,HOBBIES_1_011,CA_1,0.0,0.12420597231387398
2016-02-21,HOBBIES_1_011,CA_1,0.0,0.12420597231387398
2016-02-21,HOBBIES_1_011,CA_1,0.0,0.12420597231387398
2016-02-22,HOBBIES_1_011,CA_1,0.0,0.08915097678104622
2016-02-22,HOBBIES_1_011,CA_1,0.0,0.08915097678104622
2016-02-23,HOBBIES_1_011,CA_1,0.0,0.06495070748650385
2016-02-23,HOBBIES_1_011,CA_1,0.0,0.06495070748650385
2016-02-24,HOBBIES_1_011,CA_1,0.0,0.06495070748650385
2016-02-24,HOBBIES_1_011,CA_1,0.0,0.06495070748650385
2016-02-25,HOBBIES_1_011,CA_1,0.0,0.06495070748650385
2016-02-25,HOBBIES_1_011,CA_1,0.0,0.06495070748650385
2016-02-26,HOBBIES_1_011,CA_1,1.0,0.08651028075468446
2016-02-26,HOBBIES_1_011,CA_1,1.0,0.7329962369248888
2016-02-27,HOBBIES_1_011,CA_1,0.0,0.7742935485427036
2016-02-27,HOBBIES_1_011,CA_1,0.0,0.1702771661618924
2016-02-28,HOBBIES_1_011,CA_1,1.0,0.1702771661618924
2016-02-28,HOBBIES_1_011,CA_1,1.0,0.7847342278623765
2016-02-29,HOBBIES_1_011,CA_1,0.0,0.6731667352798745
2016-02-29,HOBBIES_1_011,CA_1,0.0,0.11726467239120714
2016-03-01,HOBBIES_1_011,CA_1,0.0,0.12223249083780788
2016-03-01,HOBBIES_1_011,CA_1,0.0,0.11815419655840087
2016-03-02,HOBBIES_1_011,CA_1,0.0,0.11815419655840087
2016-03-02,HOBBIES_1_011,CA_1,0.0,0.12223249083780788
2016-03-03,HOBBIES_1_011,CA_1,0.0,0.13034964314178815
2016-03-03,HOBBIES_1_011,CA_1,0.0,0.09085698380112583
2016-03-04,HOBBIES_1_011,CA_1,0.0,0.11241655706930645
2016-03-04,HOBBIES_1_011,CA_1,0.0,0.11241655706930645
2016-03-05,HOBBIES_1_011,CA_1,0.0,0.1346466516335468
2016-03-05,HOBBIES_1_011,CA_1,0.0,0.1346466516335468
2016-03-06,HOBBIES_1_011,CA_1,0.0,0.1346466516335468
2016-03-06,HOBBIES_1_011,CA_1,0.0,0.1346466516335468
2016-03-07,HOBBIES_1_011,CA_1,0.0,0.0858891653545251
2016-03-07,HOBBIES_1_011,CA_1,0.0,0.0858891653545251
2016-03-08,HOBBIES_1_011,CA_1,0.0,0.09085698380112583
2016-03-08,HOBBIES_1_011,CA_1,0.0,0.09085698380112583
2016-03-09,HOBBIES_1_011,CA_1,0.0,0.09085698380112583
2016-03-09,HOBBIES_1_011,CA_1,0.0,0.09085698380112583
2016-03-10,HOBBIES_1_011,CA_1,0.0,0.09085698380112583
2016-03-10,HOBBIES_1_011,CA_1,0.0,0.09085698380112583
2016-03-11,HOBBIES_1_011,CA_1,0.0,0.12222774102002024
2016-03-11,HOBBIES_1_011,CA_1,0.0,0.12222774102002024
2016-03-12,HOBBIES_1_011,CA_1,0.0,0.12420597231387398
2016-03-12,HOBBIES_1_011,CA_1,0.0,0.12420597231387398
2016-03-13,HOBBIES_1_011,CA_1,0.0,0.1340171562645877
2016-03-13,HOBBIES_1_011,CA_1,0.0,0.1340171562645877
2016-03-14,HOBBIES_1_011,CA_1,0.0,0.05998288903990311
2016-03-14,HOBBIES_1_011,CA_1,0.0,0.05998288903990311
2016-03-15,HOBBIES_1_011,CA_1,0.0,0.06495070748650385
2016-03-15,HOBBIES_1_011,CA_1,0.0,0.06495070748650385
2016-03-16,HOBBIES_1_011,CA_1,0.0,0.06495070748650385
2016-03-16,HOBBIES_1_011,CA_1,0.0,0.06495070748650385
2016-03-17,HOBBIES_1_011,CA_1,0.0,0.06180968389649682
2016-03-17,HOBBIES_1_011,CA_1,0.0,0.06180968389649682
2016-03-18,HOBBIES_1_011,CA_1,0.0,0.08651028075468446
2016-03-18,HOBBIES_1_011,CA_1,0.0,0.08651028075468446
2016-03-19,HOBBIES_1_011,CA_1,1.0,0.10484906852344446
2016-03-19,HOBBIES_1_011,CA_1,1.0,0.7824107008466837
2016-03-20,HOBBIES_1_011,CA_1,1.0,0.7742935485427036
2016-03-20,HOBBIES_1_011,CA_1,1.0,0.7847342278623765
2016-03-21,HOBBIES_1_011,CA_1,1.0,0.6731667352798745
2016-03-21,HOBBIES_1_011,CA_1,1.0,0.6859776765964538
2016-03-22,HOBBIES_1_011,CA_1,0.0,0.6909454950430545
2016-03-22,HOBBIES_1_011,CA_1,0.0,0.1350434321543873
2016-03-23,HOBBIES_1_011,CA_1,0.0,0.1350434321543873
2016-03-23,HOBBIES_1_011,CA_1,0.0,0.1350434321543873
2016-03-24,HOBBIES_1_011,CA_1,0.0,0.13190240856438026
2016-03-24,HOBBIES_1_011,CA_1,0.0,0.13190240856438026
2016-03-25,HOBBIES_1_011,CA_1,1.0,0.19307145724940603
2016-03-25,HOBBIES_1_011,CA_1,1.0,0.7619338691977753
2016-03-26,HOBBIES_1_011,CA_1,0.0,0.8166933055802406
2016-03-26,HOBBIES_1_011,CA_1,0.0,0.21267692319942932
2016-03-27,HOBBIES_1_011,CA_1,0.0,0.2095358996094223
2016-03-27,HOBBIES_1_011,CA_1,0.0,0.2095358996094223
2016-03-28,HOBBIES_1_011,CA_1,0.0,0.1259973194283795
2016-03-28,HOBBIES_1_011,CA_1,0.0,0.13007561370778656
2016-03-29,HOBBIES_1_011,CA_1,0.0,0.14316058445836746
2016-03-29,HOBBIES_1_011,CA_1,0.0,0.10366792511770509
2016-03-30,HOBBIES_1_011,CA_1,0.0,0.10366792511770509
2016-03-30,HOBBIES_1_011,CA_1,0.0,0.10366792511770509
2016-03-31,HOBBIES_1_011,CA_1,0.0,0.10366792511770509
2016-03-31,HOBBIES_1_011,CA_1,0.0,0.10366792511770509
2016-04-01,HOBBIES_1_011,CA_1,0.0,0.13480481681800044
2016-04-01,HOBBIES_1_011,CA_1,0.0,0.13480481681800044
2016-04-02,HOBBIES_1_011,CA_1,0.0,0.17641691330212464
2016-04-02,HOBBIES_1_011,CA_1,0.0,0.17641691330212464
2016-04-03,HOBBIES_1_011,CA_1,0.0,0.17641691330212464
2016-04-03,HOBBIES_1_011,CA_1,0.0,0.17641691330212464
2016-04-04,HOBBIES_1_011,CA_1,0.0,0.0957003493052388
2016-04-04,HOBBIES_1_011,CA_1,0.0,0.0957003493052388
2016-04-05,HOBBIES_1_011,CA_1,0.0,0.08430761127693326
2016-04-05,HOBBIES_1_011,CA_1,0.0,0.08430761127693326
2016-04-06,HOBBIES_1_011,CA_1,0.0,0.08430761127693326
2016-04-06,HOBBIES_1_011,CA_1,0.0,0.08430761127693326
2016-04-07,HOBBIES_1_011,CA_1,0.0,0.08430761127693326
2016-04-07,HOBBIES_1_011,CA_1,0.0,0.08430761127693326
2016-04-08,HOBBIES_1_011,CA_1,0.0,0.11567836849582758
2016-04-08,HOBBIES_1_011,CA_1,0.0,0.11567836849582758
2016-04-09,HOBBIES_1_011,CA_1,0.0,0.10484906852344446
2016-04-09,HOBBIES_1_011,CA_1,0.0,0.10484906852344446
2016-04-10,HOBBIES_1_011,CA_1,0.0,0.10484906852344446
2016-04-10,HOBBIES_1_011,CA_1,0.0,0.10484906852344446
2016-04-11,HOBBIES_1_011,CA_1,0.0,0.05998288903990311
2016-04-11,HOBBIES_1_011,CA_1,0.0,0.05998288903990311
2016-04-12,HOBBIES_1_011,CA_1,0.0,0.06495070748650385
2016-04-12,HOBBIES_1_011,CA_1,0.0,0.06495070748650385
2016-04-13,HOBBIES_1_011,CA_1,0.0,0.06495070748650385
2016-04-13,HOBBIES_1_011,CA_1,0.0,0.06495070748650385
2016-04-14,HOBBIES_1_011,CA_1,0.0,0.06495070748650385
2016-04-14,HOBBIES_1_011,CA_1,0.0,0.06495070748650385
2016-04-15,HOBBIES_1_011,CA_1,0.0,0.08651028075468446
2016-04-15,HOBBIES_1_011,CA_1,0.0,0.08651028075468446
2016-04-16,HOBBIES_1_011,CA_1,0.0,0.10484906852344446
2016-04-16,HOBBIES_1_011,CA_1,0.0,0.10484906852344446
2016-04-17,HOBBIES_1_011,CA_1,1.0,0.10484906852344446
2016-04-17,HOBBIES_1_011,CA_1,1.0,0.7824107008466837
2016-04-18,HOBBIES_1_011,CA_1,0.0,0.6666173627556818
2016-04-18,HOBBIES_1_011,CA_1,0.0,0.10663700558760753
2016-04-19,HOBBIES_1_011,CA_1,0.0,0.11160482403420827
2016-04-19,HOBBIES_1_011,CA_1,0.0,0.11160482403420827
2016-04-20,HOBBIES_1_011,CA_1,0.0,0.11160482403420827
2016-04-20,HOBBIES_1_011,CA_1,0.0,0.11568311831361527
2016-04-21,HOBBIES_1_011,CA_1,0.0,0.12380027061759558
2016-04-21,HOBBIES_1_011,CA_1,0.0,0.08430761127693326
2016-04-22,HOBBIES_1_011,CA_1,0.0,0.10586718454511387
2016-04-22,HOBBIES_1_011,CA_1,0.0,0.10586718454511387
2016-04-23,HOBBIES_1_011,CA_1,0.0,0.12420597231387398
2016-04-23,HOBBIES_1_011,CA_1,0.0,0.12420597231387398
2016-04-24,HOBBIES_1_011,CA_1,0.0,0.12420597231387398
2016-04-24,HOBBIES_1_011,CA_1,0.0,0.12420597231387398
2015-06-04,HOBBIES_1_012,CA_1,0.0,0.6761096443185886
2015-06-04,HOBBIES_1_012,CA_1,0.0,0.12550711273168655
2015-06-05,HOBBIES_1_012,CA_1,0.0,0.17679664673394488
2015-06-05,HOBBIES_1_012,CA_1,0.0,0.17679664673394488
2015-06-06,HOBBIES_1_012,CA_1,0.0,0.2085975592673554
2015-06-06,HOBBIES_1_012,CA_1,0.0,0.21267585354676247
2015-06-07,HOBBIES_1_012,CA_1,1.0,0.23488955759158386
2015-06-07,HOBBIES_1_012,CA_1,1.0,0.8254498201118156
2015-06-08,HOBBIES_1_012,CA_1,0.0,0.6742828494619949
2015-06-08,HOBBIES_1_012,CA_1,0.0,0.12368031787509284
2015-06-09,HOBBIES_1_012,CA_1,0.0,0.13845932027240726
2015-06-09,HOBBIES_1_012,CA_1,0.0,0.13845932027240726
2015-06-10,HOBBIES_1_012,CA_1,0.0,0.11583719500511416
2015-06-10,HOBBIES_1_012,CA_1,0.0,0.11991548928452117
2015-06-11,HOBBIES_1_012,CA_1,0.0,0.13231800937862906
2015-06-11,HOBBIES_1_012,CA_1,0.0,0.0928253500379667
2015-06-12,HOBBIES_1_012,CA_1,0.0,0.11262256092736005
2015-06-12,HOBBIES_1_012,CA_1,0.0,0.11262256092736005
2015-06-13,HOBBIES_1_012,CA_1,0.0,0.13485265549160044
2015-06-13,HOBBIES_1_012,CA_1,0.0,0.13485265549160044
2015-06-14,HOBBIES_1_012,CA_1,2.0,0.13485265549160044
2015-06-14,HOBBIES_1_012,CA_1,2.0,1.5281601130452984
2015-06-15,HOBBIES_1_012,CA_1,0.0,1.2567064127261498
2015-06-15,HOBBIES_1_012,CA_1,0.0,0.11786238335969769
2015-06-16,HOBBIES_1_012,CA_1,1.0,0.1196891782162914
2015-06-16,HOBBIES_1_012,CA_1,1.0,0.6823999039334417
2015-06-17,HOBBIES_1_012,CA_1,0.0,0.652325628394716
2015-06-17,HOBBIES_1_012,CA_1,0.0,0.1058013910872208
2015-06-18,HOBBIES_1_012,CA_1,0.0,0.12376747249569844
2015-06-18,HOBBIES_1_012,CA_1,0.0,0.12550711273168655
2015-06-19,HOBBIES_1_012,CA_1,0.0,0.17679664673394488
2015-06-19,HOBBIES_1_012,CA_1,0.0,0.18087494101335194
2015-06-20,HOBBIES_1_012,CA_1,0.0,0.2250783736408702
2015-06-20,HOBBIES_1_012,CA_1,0.0,0.1668117332094646
2015-06-21,HOBBIES_1_012,CA_1,0.0,0.22921679597653993
2015-06-21,HOBBIES_1_012,CA_1,0.0,0.22921679597653993
2015-06-22,HOBBIES_1_012,CA_1,0.0,0.10066847290794524
2015-06-22,HOBBIES_1_012,CA_1,0.0,0.10066847290794524
2015-06-23,HOBBIES_1_012,CA_1,0.0,0.10563629135454598
2015-06-23,HOBBIES_1_012,CA_1,0.0,0.10563629135454598
2015-06-24,HOBBIES_1_012,CA_1,0.0,0.10563629135454598
2015-06-24,HOBBIES_1_012,CA_1,0.0,0.10563629135454598
2015-06-25,HOBBIES_1_012,CA_1,0.0,0.10563629135454598
2015-06-25,HOBBIES_1_012,CA_1,0.0,0.10563629135454598
2015-06-26,HOBBIES_1_012,CA_1,0.0,0.13501082067605408
2015-06-26,HOBBIES_1_012,CA_1,0.0,0.13501082067605408
2015-06-27,HOBBIES_1_012,CA_1,1.0,0.1668117332094646
2015-06-27,HOBBIES_1_012,CA_1,1.0,0.815638636161102
2015-06-28,HOBBIES_1_012,CA_1,0.0,0.8130473000177079
2015-06-28,HOBBIES_1_012,CA_1,0.0,0.21840874321806908
2015-06-29,HOBBIES_1_012,CA_1,1.0,0.11086937655851342
2015-06-29,HOBBIES_1_012,CA_1,1.0,0.6742828494619949
2015-06-30,HOBBIES_1_012,CA_1,0.0,0.683243917343914
2015-06-30,HOBBIES_1_012,CA_1,0.0,0.13671968003641918
2015-07-01,HOBBIES_1_012,CA_1,0.0,0.11991548928452117
2015-07-01,HOBBIES_1_012,CA_1,0.0,0.11583719500511416
2015-07-02,HOBBIES_1_012,CA_1,0.0,0.11583719500511416
2015-07-02,HOBBIES_1_012,CA_1,0.0,0.11991548928452117
2015-07-03,HOBBIES_1_012,CA_1,1.0,0.17088920135876579
2015-07-03,HOBBIES_1_012,CA_1,1.0,0.7527620474746566
2015-07-04,HOBBIES_1_012,CA_1,0.0,0.8000950924769873
2015-07-04,HOBBIES_1_012,CA_1,0.0,0.20545653567734837
2015-07-05,HOBBIES_1_012,CA_1,1.0,0.2085975592673554
2015-07-05,HOBBIES_1_012,CA_1,1.0,0.8032361160669943
2015-07-06,HOBBIES_1_012,CA_1,1.0,0.6684649149465998
2015-07-06,HOBBIES_1_012,CA_1,1.0,0.6846514033562551
2015-07-07,HOBBIES_1_012,CA_1,0.0,0.6896192218028557
2015-07-07,HOBBIES_1_012,CA_1,0.0,0.13493839593654686
2015-07-08,HOBBIES_1_012,CA_1,0.0,0.13493839593654686
2015-07-08,HOBBIES_1_012,CA_1,0.0,0.13901669021595392
2015-07-09,HOBBIES_1_012,CA_1,0.0,0.14483462473134906
2015-07-09,HOBBIES_1_012,CA_1,0.0,0.14483462473134906
2015-07-10,HOBBIES_1_012,CA_1,0.0,0.2108550574101954
2015-07-10,HOBBIES_1_012,CA_1,0.0,0.1525884169787898
2015-07-11,HOBBIES_1_012,CA_1,0.0,0.194200513462914
2015-07-11,HOBBIES_1_012,CA_1,0.0,0.194200513462914
2015-07-12,HOBBIES_1_012,CA_1,0.0,0.1668117332094646
2015-07-12,HOBBIES_1_012,CA_1,0.0,0.1668117332094646
2015-07-13,HOBBIES_1_012,CA_1,0.0,0.11047965685865896
2015-07-13,HOBBIES_1_012,CA_1,0.0,0.11047965685865896
2015-07-14,HOBBIES_1_012,CA_1,0.0,0.10563629135454598
2015-07-14,HOBBIES_1_012,CA_1,0.0,0.10563629135454598
2015-07-15,HOBBIES_1_012,CA_1,2.0,0.10563629135454598
2015-07-15,HOBBIES_1_012,CA_1,2.0,1.3252384685744878
2015-07-16,HOBBIES_1_012,CA_1,1.0,1.2890247562574328
2015-07-16,HOBBIES_1_012,CA_1,1.0,0.6855409275234488
2015-07-17,HOBBIES_1_012,CA_1,0.0,0.7189038900391566
2015-07-17,HOBBIES_1_012,CA_1,0.0,0.15534100939255246
2015-07-18,HOBBIES_1_012,CA_1,1.0,0.17418971438524228
2015-07-18,HOBBIES_1_012,CA_1,1.0,0.7729065654642883
2015-07-19,HOBBIES_1_012,CA_1,0.0,0.785858773005009
2015-07-19,HOBBIES_1_012,CA_1,0.0,0.23424669928481673
2015-07-20,HOBBIES_1_012,CA_1,0.0,0.149677990235462
2015-07-20,HOBBIES_1_012,CA_1,0.0,0.14559969595605493
2015-07-21,HOBBIES_1_012,CA_1,0.0,0.12864813632169358
2015-07-21,HOBBIES_1_012,CA_1,0.0,0.13272643060110065
2015-07-22,HOBBIES_1_012,CA_1,0.0,0.16180948051411778
2015-07-22,HOBBIES_1_012,CA_1,0.0,0.12231682117345559
2015-07-23,HOBBIES_1_012,CA_1,0.0,0.10563629135454598
2015-07-23,HOBBIES_1_012,CA_1,0.0,0.10563629135454598
2015-07-24,HOBBIES_1_012,CA_1,0.0,0.13501082067605408
2015-07-24,HOBBIES_1_012,CA_1,0.0,0.13501082067605408
2015-07-25,HOBBIES_1_012,CA_1,0.0,0.1668117332094646
2015-07-25,HOBBIES_1_012,CA_1,0.0,0.1668117332094646
2015-07-26,HOBBIES_1_012,CA_1,0.0,0.1668117332094646
2015-07-26,HOBBIES_1_012,CA_1,0.0,0.1668117332094646
2015-07-27,HOBBIES_1_012,CA_1,0.0,0.10066847290794524
2015-07-27,HOBBIES_1_012,CA_1,0.0,0.10066847290794524
2015-07-28,HOBBIES_1_012,CA_1,0.0,0.10563629135454598
2015-07-28,HOBBIES_1_012,CA_1,0.0,0.10563629135454598
2015-07-29,HOBBIES_1_012,CA_1,1.0,0.1154474753052597
2015-07-29,HOBBIES_1_012,CA_1,1.0,0.7014643719534168
2015-07-30,HOBBIES_1_012,CA_1,1.0,0.6890618518593091
2015-07-30,HOBBIES_1_012,CA_1,1.0,0.6890618518593091
2015-07-31,HOBBIES_1_012,CA_1,1.0,0.7345415928651537
2015-07-31,HOBBIES_1_012,CA_1,1.0,0.7345415928651537
2015-08-01,HOBBIES_1_012,CA_1,0.0,0.7642028824228663
2015-08-01,HOBBIES_1_012,CA_1,0.0,0.17364261990263435
2015-08-02,HOBBIES_1_012,CA_1,1.0,0.20685791903136733
2015-08-02,HOBBIES_1_012,CA_1,1.0,0.8014964758310061
2015-08-03,HOBBIES_1_012,CA_1,0.0,0.6725432092260067
2015-08-03,HOBBIES_1_012,CA_1,0.0,0.12194067763910472
2015-08-04,HOBBIES_1_012,CA_1,0.0,0.13272643060110065
2015-08-04,HOBBIES_1_012,CA_1,0.0,0.12864813632169358
2015-08-05,HOBBIES_1_012,CA_1,0.0,0.12864813632169358
2015-08-05,HOBBIES_1_012,CA_1,0.0,0.13272643060110065
2015-08-06,HOBBIES_1_012,CA_1,0.0,0.14512895069520837
2015-08-06,HOBBIES_1_012,CA_1,0.0,0.10563629135454598
2015-08-07,HOBBIES_1_012,CA_1,0.0,0.13501082067605408
2015-08-07,HOBBIES_1_012,CA_1,0.0,0.13501082067605408
2015-08-08,HOBBIES_1_012,CA_1,0.0,0.1668117332094646
2015-08-08,HOBBIES_1_012,CA_1,0.0,0.1668117332094646
2015-08-09,HOBBIES_1_012,CA_1,0.0,0.1668117332094646
2015-08-09,HOBBIES_1_012,CA_1,0.0,0.1668117332094646
2015-08-10,HOBBIES_1_012,CA_1,0.0,0.10066847290794524
2015-08-10,HOBBIES_1_012,CA_1,0.0,0.10066847290794524
2015-08-11,HOBBIES_1_012,CA_1,0.0,0.10563629135454598
2015-08-11,HOBBIES_1_012,CA_1,0.0,0.10563629135454598
2015-08-12,HOBBIES_1_012,CA_1,0.0,0.1154474753052597
2015-08-12,HOBBIES_1_012,CA_1,0.0,0.1154474753052597
2015-08-13,HOBBIES_1_012,CA_1,0.0,0.1154474753052597
2015-08-13,HOBBIES_1_012,CA_1,0.0,0.1154474753052597
2015-08-14,HOBBIES_1_012,CA_1,0.0,0.12243374487807385
2015-08-14,HOBBIES_1_012,CA_1,0.0,0.12243374487807385
2015-08-15,HOBBIES_1_012,CA_1,1.0,0.12441197617192755
2015-08-15,HOBBIES_1_012,CA_1,1.0,0.7836795584432378
2015-08-16,HOBBIES_1_012,CA_1,0.0,0.7810882222998439
2015-08-16,HOBBIES_1_012,CA_1,0.0,0.18644966550020492
2015-08-17,HOBBIES_1_012,CA_1,0.0,0.10432000403432082
2015-08-17,HOBBIES_1_012,CA_1,0.0,0.10432000403432082
2015-08-18,HOBBIES_1_012,CA_1,0.0,0.10928782248092156
2015-08-18,HOBBIES_1_012,CA_1,0.0,0.11336611676032857
2015-08-19,HOBBIES_1_012,CA_1,0.0,0.1257686368544365
2015-08-19,HOBBIES_1_012,CA_1,0.0,0.08627597751377414
2015-08-20,HOBBIES_1_012,CA_1,0.0,0.08627597751377414
2015-08-20,HOBBIES_1_012,CA_1,0.0,0.08627597751377414
2015-08-21,HOBBIES_1_012,CA_1,0.0,0.10607318840316748
2015-08-21,HOBBIES_1_012,CA_1,0.0,0.10607318840316748
2015-08-22,HOBBIES_1_012,CA_1,0.0,0.12441197617192755
2015-08-22,HOBBIES_1_012,CA_1,0.0,0.12441197617192755
2015-08-23,HOBBIES_1_012,CA_1,1.0,0.12441197617192755
2015-08-23,HOBBIES_1_012,CA_1,1.0,0.7836795584432378
2015-08-24,HOBBIES_1_012,CA_1,0.0,0.6614719081454156
2015-08-24,HOBBIES_1_012,CA_1,0.0,0.11086937655851342
2015-08-25,HOBBIES_1_012,CA_1,0.0,0.11583719500511416
2015-08-25,HOBBIES_1_012,CA_1,0.0,0.11583719500511416
2015-08-26,HOBBIES_1_012,CA_1,0.0,0.11583719500511416
2015-08-26,HOBBIES_1_012,CA_1,0.0,0.11991548928452117
2015-08-27,HOBBIES_1_012,CA_1,0.0,0.13231800937862906
2015-08-27,HOBBIES_1_012,CA_1,0.0,0.0928253500379667
2015-08-28,HOBBIES_1_012,CA_1,1.0,0.11262256092736005
2015-08-28,HOBBIES_1_012,CA_1,1.0,0.7527620474746566
2015-08-29,HOBBIES_1_012,CA_1,0.0,0.8130473000177079
2015-08-29,HOBBIES_1_012,CA_1,0.0,0.21840874321806908
2015-08-30,HOBBIES_1_012,CA_1,0.0,0.17663848154949124
2015-08-30,HOBBIES_1_012,CA_1,0.0,0.17663848154949124
2015-08-31,HOBBIES_1_012,CA_1,0.0,0.11086937655851342
2015-08-31,HOBBIES_1_012,CA_1,0.0,0.11494767083792043
2015-09-01,HOBBIES_1_012,CA_1,0.0,0.13231800937862906
2015-09-01,HOBBIES_1_012,CA_1,0.0,0.0928253500379667
2015-09-02,HOBBIES_1_012,CA_1,2.0,0.0928253500379667
2015-09-02,HOBBIES_1_012,CA_1,2.0,1.3252384685744878
2015-09-03,HOBBIES_1_012,CA_1,0.0,1.2864016793302904
2015-09-03,HOBBIES_1_012,CA_1,0.0,0.12283020180629843
2015-09-04,HOBBIES_1_012,CA_1,0.0,0.17097871221854974
2015-09-04,HOBBIES_1_012,CA_1,0.0,0.17097871221854974
2015-09-05,HOBBIES_1_012,CA_1,1.0,0.20277962475196026
2015-09-05,HOBBIES_1_012,CA_1,1.0,0.8190740721337417
2015-09-06,HOBBIES_1_012,CA_1,0.0,0.8288852560844555
2015-09-06,HOBBIES_1_012,CA_1,0.0,0.2359863395208048
2015-09-07,HOBBIES_1_012,CA_1,0.0,0.13341111671973718
2015-09-07,HOBBIES_1_012,CA_1,0.0,0.13341111671973718
2015-09-08,HOBBIES_1_012,CA_1,0.0,0.12864813632169358
2015-09-08,HOBBIES_1_012,CA_1,0.0,0.13272643060110065
2015-09-09,HOBBIES_1_012,CA_1,0.0,0.16180948051411778
2015-09-09,HOBBIES_1_012,CA_1,0.0,0.12231682117345559
2015-09-10,HOBBIES_1_012,CA_1,0.0,0.10563629135454598
2015-09-10,HOBBIES_1_012,CA_1,0.0,0.10563629135454598
2015-09-11,HOBBIES_1_012,CA_1,1.0,0.14482200462676775
2015-09-11,HOBBIES_1_012,CA_1,1.0,0.7625732314253701
2015-09-12,HOBBIES_1_012,CA_1,0.0,0.8032361160669943
2015-09-12,HOBBIES_1_012,CA_1,0.0,0.2085975592673554
2015-09-13,HOBBIES_1_012,CA_1,2.0,0.2085975592673554
2015-09-13,HOBBIES_1_012,CA_1,2.0,1.4974158029007307
2015-09-14,HOBBIES_1_012,CA_1,0.0,1.2163030065738454
2015-09-14,HOBBIES_1_012,CA_1,0.0,0.09102238868990635
2015-09-15,HOBBIES_1_012,CA_1,0.0,0.13901669021595392
2015-09-15,HOBBIES_1_012,CA_1,0.0,0.13493839593654686
2015-09-16,HOBBIES_1_012,CA_1,0.0,0.14474957988726053
2015-09-16,HOBBIES_1_012,CA_1,0.0,0.1488278741666676
2015-09-17,HOBBIES_1_012,CA_1,0.0,0.13272643060110065
2015-09-17,HOBBIES_1_012,CA_1,0.0,0.10563629135454598
2015-09-18,HOBBIES_1_012,CA_1,0.0,0.13501082067605408
2015-09-18,HOBBIES_1_012,CA_1,0.0,0.13501082067605408
2015-09-19,HOBBIES_1_012,CA_1,0.0,0.17662291716017828
2015-09-19,HOBBIES_1_012,CA_1,0.0,0.17662291716017828
2015-09-20,HOBBIES_1_012,CA_1,2.0,0.2225466356158333
2015-09-20,HOBBIES_1_012,CA_1,2.0,1.583895015451667
2015-09-21,HOBBIES_1_012,CA_1,0.0,1.2593294896532923
2015-09-21,HOBBIES_1_012,CA_1,0.0,0.12997057748994612
2015-09-22,HOBBIES_1_012,CA_1,0.0,0.13493839593654686
2015-09-22,HOBBIES_1_012,CA_1,0.0,0.13493839593654686
2015-09-23,HOBBIES_1_012,CA_1,0.0,0.13493839593654686
2015-09-23,HOBBIES_1_012,CA_1,0.0,0.13901669021595392
2015-09-24,HOBBIES_1_012,CA_1,0.0,0.14169360114134202
2015-09-24,HOBBIES_1_012,CA_1,0.0,0.1146034618947875
2015-09-25,HOBBIES_1_012,CA_1,1.0,0.16239960092950348
2015-09-25,HOBBIES_1_012,CA_1,1.0,0.780150827728106
2015-09-26,HOBBIES_1_012,CA_1,0.0,0.8208137123697299
2015-09-26,HOBBIES_1_012,CA_1,0.0,0.22617515557009113
2015-09-27,HOBBIES_1_012,CA_1,0.0,0.29172124192717347
2015-09-27,HOBBIES_1_012,CA_1,0.0,0.27414364562443766
2015-09-28,HOBBIES_1_012,CA_1,0.0,0.12368031787509284
2015-09-28,HOBBIES_1_012,CA_1,0.0,0.1277586121544999
2015-09-29,HOBBIES_1_012,CA_1,0.0,0.14512895069520837
2015-09-29,HOBBIES_1_012,CA_1,0.0,0.10563629135454598
2015-09-30,HOBBIES_1_012,CA_1,0.0,0.10563629135454598
2015-09-30,HOBBIES_1_012,CA_1,0.0,0.10563629135454598
2015-10-01,HOBBIES_1_012,CA_1,2.0,0.10563629135454598
2015-10-01,HOBBIES_1_012,CA_1,2.0,1.3252384685744878
2015-10-02,HOBBIES_1_012,CA_1,0.0,1.3982563020384349
2015-10-02,HOBBIES_1_012,CA_1,0.0,0.18855630852128547
2015-10-03,HOBBIES_1_012,CA_1,0.0,0.220357221054696
2015-10-03,HOBBIES_1_012,CA_1,0.0,0.220357221054696
2015-10-04,HOBBIES_1_012,CA_1,0.0,0.23016840500540967
2015-10-04,HOBBIES_1_012,CA_1,0.0,0.216669102982081
2015-10-05,HOBBIES_1_012,CA_1,0.0,0.1277586121544999
2015-10-05,HOBBIES_1_012,CA_1,0.0,0.10066847290794524
2015-10-06,HOBBIES_1_012,CA_1,0.0,0.10563629135454598
2015-10-06,HOBBIES_1_012,CA_1,0.0,0.10563629135454598
2015-10-07,HOBBIES_1_012,CA_1,0.0,0.10563629135454598
2015-10-07,HOBBIES_1_012,CA_1,0.0,0.10563629135454598
2015-10-08,HOBBIES_1_012,CA_1,0.0,0.12231682117345559
2015-10-08,HOBBIES_1_012,CA_1,0.0,0.12231682117345559
2015-10-09,HOBBIES_1_012,CA_1,0.0,0.14482200462676775
2015-10-09,HOBBIES_1_012,CA_1,0.0,0.14482200462676775
2015-10-10,HOBBIES_1_012,CA_1,0.0,0.13485265549160044
2015-10-10,HOBBIES_1_012,CA_1,0.0,0.13485265549160044
2015-10-11,HOBBIES_1_012,CA_1,2.0,0.13485265549160044
2015-10-11,HOBBIES_1_012,CA_1,2.0,1.5281601130452984
2015-10-12,HOBBIES_1_012,CA_1,1.0,1.2846295992235517
2015-10-12,HOBBIES_1_012,CA_1,1.0,0.6903039079214924
2015-10-13,HOBBIES_1_012,CA_1,0.0,0.6425144444440023
2015-10-13,HOBBIES_1_012,CA_1,0.0,0.09191191285710008
2015-10-14,HOBBIES_1_012,CA_1,0.0,0.09191191285710008
2015-10-14,HOBBIES_1_012,CA_1,0.0,0.09599020713650709
2015-10-15,HOBBIES_1_012,CA_1,0.0,0.1488278741666676
2015-10-15,HOBBIES_1_012,CA_1,0.0,0.14253761455181432
2015-10-16,HOBBIES_1_012,CA_1,0.0,0.19327746110745966
2015-10-16,HOBBIES_1_012,CA_1,0.0,0.13501082067605408
2015-10-17,HOBBIES_1_012,CA_1,0.0,0.1668117332094646
2015-10-17,HOBBIES_1_012,CA_1,0.0,0.1668117332094646
2015-10-18,HOBBIES_1_012,CA_1,0.0,0.2225466356158333
2015-10-18,HOBBIES_1_012,CA_1,0.0,0.2225466356158333
2015-10-19,HOBBIES_1_012,CA_1,0.0,0.10066847290794524
2015-10-19,HOBBIES_1_012,CA_1,0.0,0.10066847290794524
2015-10-20,HOBBIES_1_012,CA_1,1.0,0.10563629135454598
2015-10-20,HOBBIES_1_012,CA_1,1.0,0.6916531880027033
2015-10-21,HOBBIES_1_012,CA_1,0.0,0.6792506679085956
2015-10-21,HOBBIES_1_012,CA_1,0.0,0.12864813632169358
2015-10-22,HOBBIES_1_012,CA_1,0.0,0.12864813632169358
2015-10-22,HOBBIES_1_012,CA_1,0.0,0.12864813632169358
2015-10-23,HOBBIES_1_012,CA_1,0.0,0.17679664673394488
2015-10-23,HOBBIES_1_012,CA_1,0.0,0.18087494101335194
2015-10-24,HOBBIES_1_012,CA_1,0.0,0.2250783736408702
2015-10-24,HOBBIES_1_012,CA_1,0.0,0.1668117332094646
2015-10-25,HOBBIES_1_012,CA_1,0.0,0.17662291716017828
2015-10-25,HOBBIES_1_012,CA_1,0.0,0.17662291716017828
2015-10-26,HOBBIES_1_012,CA_1,0.0,0.09766871554207965
2015-10-26,HOBBIES_1_012,CA_1,0.0,0.09766871554207965
2015-10-27,HOBBIES_1_012,CA_1,0.0,0.08627597751377414
2015-10-27,HOBBIES_1_012,CA_1,0.0,0.08627597751377414
2015-10-28,HOBBIES_1_012,CA_1,0.0,0.08627597751377414
2015-10-28,HOBBIES_1_012,CA_1,0.0,0.08627597751377414
2015-10-29,HOBBIES_1_012,CA_1,0.0,0.08627597751377414
2015-10-29,HOBBIES_1_012,CA_1,0.0,0.08627597751377414
2015-10-30,HOBBIES_1_012,CA_1,0.0,0.10607318840316748
2015-10-30,HOBBIES_1_012,CA_1,0.0,0.10607318840316748
2015-10-31,HOBBIES_1_012,CA_1,1.0,0.12127095258192051
2015-10-31,HOBBIES_1_012,CA_1,1.0,0.7805385348532308
2015-11-01,HOBBIES_1_012,CA_1,0.0,0.7712770383491301
2015-11-01,HOBBIES_1_012,CA_1,0.0,0.17663848154949124
2015-11-02,HOBBIES_1_012,CA_1,0.0,0.11086937655851342
2015-11-02,HOBBIES_1_012,CA_1,0.0,0.11086937655851342
2015-11-03,HOBBIES_1_012,CA_1,0.0,0.12564837895582795
2015-11-03,HOBBIES_1_012,CA_1,0.0,0.129726673235235
2015-11-04,HOBBIES_1_012,CA_1,0.0,0.1257686368544365
2015-11-04,HOBBIES_1_012,CA_1,0.0,0.08627597751377414
2015-11-05,HOBBIES_1_012,CA_1,1.0,0.08627597751377414
2015-11-05,HOBBIES_1_012,CA_1,1.0,0.6788422466861239
2015-11-06,HOBBIES_1_012,CA_1,0.0,0.7179712676318549
2015-11-06,HOBBIES_1_012,CA_1,0.0,0.154408386985251
2015-11-07,HOBBIES_1_012,CA_1,0.0,0.17663848154949124
2015-11-07,HOBBIES_1_012,CA_1,0.0,0.17663848154949124
2015-11-08,HOBBIES_1_012,CA_1,0.0,0.17663848154949124
2015-11-08,HOBBIES_1_012,CA_1,0.0,0.1807167758288983
2015-11-09,HOBBIES_1_012,CA_1,0.0,0.12735019093202832
2015-11-09,HOBBIES_1_012,CA_1,0.0,0.08785753159136596
2015-11-10,HOBBIES_1_012,CA_1,1.0,0.0928253500379667
2015-11-10,HOBBIES_1_012,CA_1,1.0,0.6916531880027033
2015-11-11,HOBBIES_1_012,CA_1,0.0,0.6761096443185886
2015-11-11,HOBBIES_1_012,CA_1,0.0,0.12550711273168655
2015-11-12,HOBBIES_1_012,CA_1,1.0,0.12864813632169358
2015-11-12,HOBBIES_1_012,CA_1,1.0,0.6792506679085956
2015-11-13,HOBBIES_1_012,CA_1,0.0,0.7345415928651537
2015-11-13,HOBBIES_1_012,CA_1,0.0,0.1750570064979568
2015-11-14,HOBBIES_1_012,CA_1,0.0,0.22248703749747614
2015-11-14,HOBBIES_1_012,CA_1,0.0,0.21840874321806908
2015-11-15,HOBBIES_1_012,CA_1,1.0,0.2085975592673554
2015-11-15,HOBBIES_1_012,CA_1,1.0,0.8073144103464013
2015-11-16,HOBBIES_1_012,CA_1,0.0,0.6783611437414019
2015-11-16,HOBBIES_1_012,CA_1,0.0,0.12368031787509284
2015-11-17,HOBBIES_1_012,CA_1,0.0,0.12864813632169358
2015-11-17,HOBBIES_1_012,CA_1,0.0,0.12864813632169358
2015-11-18,HOBBIES_1_012,CA_1,1.0,0.12864813632169358
2015-11-18,HOBBIES_1_012,CA_1,1.0,0.6954371563182509
2015-11-19,HOBBIES_1_012,CA_1,0.0,0.7052483402689647
2015-11-19,HOBBIES_1_012,CA_1,0.0,0.15056751440265567
2015-11-20,HOBBIES_1_012,CA_1,0.0,0.17679664673394488
2015-11-20,HOBBIES_1_012,CA_1,0.0,0.17679664673394488
2015-11-21,HOBBIES_1_012,CA_1,0.0,0.2085975592673554
2015-11-21,HOBBIES_1_012,CA_1,0.0,0.21267585354676247
2015-11-22,HOBBIES_1_012,CA_1,1.0,0.2250783736408702
2015-11-22,HOBBIES_1_012,CA_1,1.0,0.8332162324638376
2015-11-23,HOBBIES_1_012,CA_1,0.0,0.6863910435922432
2015-11-23,HOBBIES_1_012,CA_1,0.0,0.13578851200534126
2015-11-24,HOBBIES_1_012,CA_1,0.0,0.15056751440265567
2015-11-24,HOBBIES_1_012,CA_1,0.0,0.15056751440265567
2015-11-25,HOBBIES_1_012,CA_1,1.0,0.12864813632169358
2015-11-25,HOBBIES_1_012,CA_1,1.0,0.6954371563182509
2015-11-26,HOBBIES_1_012,CA_1,0.0,0.7021073166789576
2015-11-26,HOBBIES_1_012,CA_1,0.0,0.14742649081264864
2015-11-27,HOBBIES_1_012,CA_1,0.0,0.17679664673394488
2015-11-27,HOBBIES_1_012,CA_1,0.0,0.17679664673394488
2015-11-28,HOBBIES_1_012,CA_1,0.0,0.2085975592673554
2015-11-28,HOBBIES_1_012,CA_1,0.0,0.21267585354676247
2015-11-29,HOBBIES_1_012,CA_1,0.0,0.23488955759158386
2015-11-29,HOBBIES_1_012,CA_1,0.0,0.17662291716017828
2015-11-30,HOBBIES_1_012,CA_1,0.0,0.10066847290794524
2015-11-30,HOBBIES_1_012,CA_1,0.0,0.10066847290794524
2015-12-01,HOBBIES_1_012,CA_1,1.0,0.10563629135454598
2015-12-01,HOBBIES_1_012,CA_1,1.0,0.6916531880027033
2015-12-02,HOBBIES_1_012,CA_1,0.0,0.6890618518593091
2015-12-02,HOBBIES_1_012,CA_1,0.0,0.13845932027240726
2015-12-03,HOBBIES_1_012,CA_1,0.0,0.12864813632169358
2015-12-03,HOBBIES_1_012,CA_1,0.0,0.12864813632169358
2015-12-04,HOBBIES_1_012,CA_1,0.0,0.17679664673394488
2015-12-04,HOBBIES_1_012,CA_1,0.0,0.18087494101335194
2015-12-05,HOBBIES_1_012,CA_1,0.0,0.2250783736408702
2015-12-05,HOBBIES_1_012,CA_1,0.0,0.1668117332094646
2015-12-06,HOBBIES_1_012,CA_1,0.0,0.17662291716017828
2015-12-06,HOBBIES_1_012,CA_1,0.0,0.17662291716017828
2015-12-07,HOBBIES_1_012,CA_1,0.0,0.08785753159136596
2015-12-07,HOBBIES_1_012,CA_1,0.0,0.08785753159136596
2015-12-08,HOBBIES_1_012,CA_1,0.0,0.0928253500379667
2015-12-08,HOBBIES_1_012,CA_1,0.0,0.0928253500379667
2015-12-09,HOBBIES_1_012,CA_1,0.0,0.10263653398868039
2015-12-09,HOBBIES_1_012,CA_1,0.0,0.10263653398868039
2015-12-10,HOBBIES_1_012,CA_1,0.0,0.08627597751377414
2015-12-10,HOBBIES_1_012,CA_1,0.0,0.08627597751377414
2015-12-11,HOBBIES_1_012,CA_1,0.0,0.10607318840316748
2015-12-11,HOBBIES_1_012,CA_1,0.0,0.10607318840316748
2015-12-12,HOBBIES_1_012,CA_1,0.0,0.12441197617192755
2015-12-12,HOBBIES_1_012,CA_1,0.0,0.12441197617192755
2015-12-13,HOBBIES_1_012,CA_1,0.0,0.12441197617192755
2015-12-13,HOBBIES_1_012,CA_1,0.0,0.12441197617192755
2015-12-14,HOBBIES_1_012,CA_1,0.0,0.09103895791181774
2015-12-14,HOBBIES_1_012,CA_1,0.0,0.09103895791181774
2015-12-15,HOBBIES_1_012,CA_1,1.0,0.09608716146448783
2015-12-15,HOBBIES_1_012,CA_1,1.0,0.6821040581126449
2015-12-16,HOBBIES_1_012,CA_1,0.0,0.6598903540678236
2015-12-16,HOBBIES_1_012,CA_1,0.0,0.10928782248092156
2015-12-17,HOBBIES_1_012,CA_1,0.0,0.10928782248092156
2015-12-17,HOBBIES_1_012,CA_1,0.0,0.10928782248092156
2015-12-18,HOBBIES_1_012,CA_1,0.0,0.14785901446105845
2015-12-18,HOBBIES_1_012,CA_1,0.0,0.15193730874046552
2015-12-19,HOBBIES_1_012,CA_1,1.0,0.18267861660333326
2015-12-19,HOBBIES_1_012,CA_1,1.0,0.7836795584432378
2015-12-20,HOBBIES_1_012,CA_1,0.0,0.7712770383491301
2015-12-20,HOBBIES_1_012,CA_1,0.0,0.17663848154949124
2015-12-21,HOBBIES_1_012,CA_1,0.0,0.11086937655851342
2015-12-21,HOBBIES_1_012,CA_1,0.0,0.11086937655851342
2015-12-22,HOBBIES_1_012,CA_1,1.0,0.11583719500511416
2015-12-22,HOBBIES_1_012,CA_1,1.0,0.6833289621880025
2015-12-23,HOBBIES_1_012,CA_1,0.0,0.6833289621880025
2015-12-23,HOBBIES_1_012,CA_1,0.0,0.12864813632169358
2015-12-24,HOBBIES_1_012,CA_1,0.0,0.12864813632169358
2015-12-24,HOBBIES_1_012,CA_1,0.0,0.12864813632169358
2015-12-25,HOBBIES_1_012,CA_1,0.0,0.17365562314393784
2015-12-25,HOBBIES_1_012,CA_1,0.0,0.1777339174233449
2015-12-26,HOBBIES_1_012,CA_1,0.0,0.2250783736408702
2015-12-26,HOBBIES_1_012,CA_1,0.0,0.1668117332094646
2015-12-27,HOBBIES_1_012,CA_1,0.0,0.1668117332094646
2015-12-27,HOBBIES_1_012,CA_1,0.0,0.1668117332094646
2015-12-28,HOBBIES_1_012,CA_1,0.0,0.10066847290794524
2015-12-28,HOBBIES_1_012,CA_1,0.0,0.10066847290794524
2015-12-29,HOBBIES_1_012,CA_1,0.0,0.1154474753052597
2015-12-29,HOBBIES_1_012,CA_1,0.0,0.1154474753052597
2015-12-30,HOBBIES_1_012,CA_1,0.0,0.0928253500379667
2015-12-30,HOBBIES_1_012,CA_1,0.0,0.0928253500379667
2015-12-31,HOBBIES_1_012,CA_1,1.0,0.0928253500379667
2015-12-31,HOBBIES_1_012,CA_1,1.0,0.6916531880027033
2016-01-01,HOBBIES_1_012,CA_1,0.0,0.7372185037905419
2016-01-01,HOBBIES_1_012,CA_1,0.0,0.17365562314393784
2016-01-02,HOBBIES_1_012,CA_1,0.0,0.21840874321806908
2016-01-02,HOBBIES_1_012,CA_1,0.0,0.21840874321806908
2016-01-03,HOBBIES_1_012,CA_1,0.0,0.17663848154949124
2016-01-03,HOBBIES_1_012,CA_1,0.0,0.1807167758288983
2016-01-04,HOBBIES_1_012,CA_1,0.0,0.12735019093202832
2016-01-04,HOBBIES_1_012,CA_1,0.0,0.08785753159136596
2016-01-05,HOBBIES_1_012,CA_1,0.0,0.10263653398868039
2016-01-05,HOBBIES_1_012,CA_1,0.0,0.10263653398868039
2016-01-06,HOBBIES_1_012,CA_1,0.0,0.08627597751377414
2016-01-06,HOBBIES_1_012,CA_1,0.0,0.08627597751377414
2016-01-07,HOBBIES_1_012,CA_1,1.0,0.0831349539237671
2016-01-07,HOBBIES_1_012,CA_1,1.0,0.6757012230961169
2016-01-08,HOBBIES_1_012,CA_1,0.0,0.7179712676318549
2016-01-08,HOBBIES_1_012,CA_1,0.0,0.154408386985251
2016-01-09,HOBBIES_1_012,CA_1,0.0,0.17663848154949124
2016-01-09,HOBBIES_1_012,CA_1,0.0,0.17663848154949124
2016-01-10,HOBBIES_1_012,CA_1,0.0,0.17663848154949124
2016-01-10,HOBBIES_1_012,CA_1,0.0,0.1807167758288983
2016-01-11,HOBBIES_1_012,CA_1,1.0,0.12735019093202832
2016-01-11,HOBBIES_1_012,CA_1,1.0,0.6866853695561026
2016-01-12,HOBBIES_1_012,CA_1,0.0,0.6792506679085956
2016-01-12,HOBBIES_1_012,CA_1,0.0,0.12864813632169358
2016-01-13,HOBBIES_1_012,CA_1,0.0,0.12864813632169358
2016-01-13,HOBBIES_1_012,CA_1,0.0,0.12864813632169358
2016-01-14,HOBBIES_1_012,CA_1,0.0,0.13845932027240726
2016-01-14,HOBBIES_1_012,CA_1,0.0,0.14253761455181432
2016-01-15,HOBBIES_1_012,CA_1,0.0,0.17088920135876579
2016-01-15,HOBBIES_1_012,CA_1,0.0,0.11262256092736005
2016-01-16,HOBBIES_1_012,CA_1,0.0,0.13485265549160044
2016-01-16,HOBBIES_1_012,CA_1,0.0,0.13485265549160044
2016-01-17,HOBBIES_1_012,CA_1,0.0,0.13485265549160044
2016-01-17,HOBBIES_1_012,CA_1,0.0,0.13485265549160044
2016-01-18,HOBBIES_1_012,CA_1,0.0,0.0975883304360103
2016-01-18,HOBBIES_1_012,CA_1,0.0,0.0975883304360103
2016-01-19,HOBBIES_1_012,CA_1,0.0,0.0928253500379667
2016-01-19,HOBBIES_1_012,CA_1,0.0,0.0928253500379667
2016-01-20,HOBBIES_1_012,CA_1,0.0,0.0928253500379667
2016-01-20,HOBBIES_1_012,CA_1,0.0,0.0928253500379667
2016-01-21,HOBBIES_1_012,CA_1,0.0,0.10263653398868039
2016-01-21,HOBBIES_1_012,CA_1,0.0,0.10263653398868039
2016-01-22,HOBBIES_1_012,CA_1,0.0,0.10607318840316748
2016-01-22,HOBBIES_1_012,CA_1,0.0,0.10607318840316748
2016-01-23,HOBBIES_1_012,CA_1,0.0,0.12441197617192755
2016-01-23,HOBBIES_1_012,CA_1,0.0,0.12441197617192755
2016-01-24,HOBBIES_1_012,CA_1,0.0,0.12441197617192755
2016-01-24,HOBBIES_1_012,CA_1,0.0,0.12441197617192755
2016-01-25,HOBBIES_1_012,CA_1,0.0,0.09111934301788709
2016-01-25,HOBBIES_1_012,CA_1,0.0,0.09111934301788709
2016-01-26,HOBBIES_1_012,CA_1,0.0,0.06691907372334471
2016-01-26,HOBBIES_1_012,CA_1,0.0,0.06691907372334471
2016-01-27,HOBBIES_1_012,CA_1,0.0,0.06691907372334471
2016-01-27,HOBBIES_1_012,CA_1,0.0,0.06691907372334471
2016-01-28,HOBBIES_1_012,CA_1,0.0,0.06691907372334471
2016-01-28,HOBBIES_1_012,CA_1,0.0,0.06691907372334471
2016-01-29,HOBBIES_1_012,CA_1,1.0,0.08671628461273806
2016-01-29,HOBBIES_1_012,CA_1,1.0,0.72382441520177
2016-01-30,HOBBIES_1_012,CA_1,1.0,0.7608363590294572
2016-01-30,HOBBIES_1_012,CA_1,1.0,0.7712770383491301
2016-01-31,HOBBIES_1_012,CA_1,0.0,0.7654591038337349
2016-01-31,HOBBIES_1_012,CA_1,0.0,0.1708205470340961
2016-02-01,HOBBIES_1_012,CA_1,0.0,0.10505144204311828
2016-02-01,HOBBIES_1_012,CA_1,0.0,0.10912973632252529
2016-02-02,HOBBIES_1_012,CA_1,0.0,0.11991548928452117
2016-02-02,HOBBIES_1_012,CA_1,0.0,0.11991548928452117
2016-02-03,HOBBIES_1_012,CA_1,0.0,0.13231800937862906
2016-02-03,HOBBIES_1_012,CA_1,0.0,0.0928253500379667
2016-02-04,HOBBIES_1_012,CA_1,0.0,0.0928253500379667
2016-02-04,HOBBIES_1_012,CA_1,0.0,0.0928253500379667
2016-02-05,HOBBIES_1_012,CA_1,0.0,0.11262256092736005
2016-02-05,HOBBIES_1_012,CA_1,0.0,0.11262256092736005
2016-02-06,HOBBIES_1_012,CA_1,0.0,0.13485265549160044
2016-02-06,HOBBIES_1_012,CA_1,0.0,0.13485265549160044
2016-02-07,HOBBIES_1_012,CA_1,0.0,0.1317116319015934
2016-02-07,HOBBIES_1_012,CA_1,0.0,0.1317116319015934
2016-02-08,HOBBIES_1_012,CA_1,0.0,0.08785753159136596
2016-02-08,HOBBIES_1_012,CA_1,0.0,0.08785753159136596
2016-02-09,HOBBIES_1_012,CA_1,0.0,0.0928253500379667
2016-02-09,HOBBIES_1_012,CA_1,0.0,0.0928253500379667
2016-02-10,HOBBIES_1_012,CA_1,0.0,0.08968432644795966
2016-02-10,HOBBIES_1_012,CA_1,0.0,0.08968432644795966
2016-02-11,HOBBIES_1_012,CA_1,0.0,0.0928253500379667
2016-02-11,HOBBIES_1_012,CA_1,0.0,0.0928253500379667
2016-02-12,HOBBIES_1_012,CA_1,1.0,0.12243374487807385
2016-02-12,HOBBIES_1_012,CA_1,1.0,0.7401849716766764
2016-02-13,HOBBIES_1_012,CA_1,1.0,0.7810882222998439
2016-02-13,HOBBIES_1_012,CA_1,1.0,0.7810882222998439
2016-02-14,HOBBIES_1_012,CA_1,0.0,0.7623180802437279
2016-02-14,HOBBIES_1_012,CA_1,0.0,0.16767952344408907
2016-02-15,HOBBIES_1_012,CA_1,1.0,0.11478224088776262
2016-02-15,HOBBIES_1_012,CA_1,1.0,0.6822740080706511
2016-02-16,HOBBIES_1_012,CA_1,0.0,0.6775110276726074
2016-02-16,HOBBIES_1_012,CA_1,0.0,0.1269084960857055
2016-02-17,HOBBIES_1_012,CA_1,0.0,0.1295854070110936
2016-02-17,HOBBIES_1_012,CA_1,0.0,0.12550711273168655
2016-02-18,HOBBIES_1_012,CA_1,1.0,0.12864813632169358
2016-02-18,HOBBIES_1_012,CA_1,1.0,0.6833289621880025
2016-02-19,HOBBIES_1_012,CA_1,0.0,0.7444378216599559
2016-02-19,HOBBIES_1_012,CA_1,0.0,0.17679664673394488
2016-02-20,HOBBIES_1_012,CA_1,0.0,0.2085975592673554
2016-02-20,HOBBIES_1_012,CA_1,0.0,0.2085975592673554
2016-02-21,HOBBIES_1_012,CA_1,0.0,0.2085975592673554
2016-02-21,HOBBIES_1_012,CA_1,0.0,0.21267585354676247
2016-02-22,HOBBIES_1_012,CA_1,0.0,0.14016113224860763
2016-02-22,HOBBIES_1_012,CA_1,0.0,0.10066847290794524
2016-02-23,HOBBIES_1_012,CA_1,0.0,0.10563629135454598
2016-02-23,HOBBIES_1_012,CA_1,0.0,0.10563629135454598
2016-02-24,HOBBIES_1_012,CA_1,0.0,0.10563629135454598
2016-02-24,HOBBIES_1_012,CA_1,0.0,0.10563629135454598
2016-02-25,HOBBIES_1_012,CA_1,0.0,0.10563629135454598
2016-02-25,HOBBIES_1_012,CA_1,0.0,0.10563629135454598
2016-02-26,HOBBIES_1_012,CA_1,0.0,0.14482200462676775
2016-02-26,HOBBIES_1_012,CA_1,0.0,0.14482200462676775
2016-02-27,HOBBIES_1_012,CA_1,0.0,0.17662291716017828
2016-02-27,HOBBIES_1_012,CA_1,0.0,0.17662291716017828
2016-02-28,HOBBIES_1_012,CA_1,1.0,0.13485265549160044
2016-02-28,HOBBIES_1_012,CA_1,1.0,0.815638636161102
2016-02-29,HOBBIES_1_012,CA_1,0.0,0.6840940334127085
2016-02-29,HOBBIES_1_012,CA_1,0.0,0.13349150182580652
2016-03-01,HOBBIES_1_012,CA_1,0.0,0.11583719500511416
2016-03-01,HOBBIES_1_012,CA_1,0.0,0.11583719500511416
2016-03-02,HOBBIES_1_012,CA_1,0.0,0.11583719500511416
2016-03-02,HOBBIES_1_012,CA_1,0.0,0.11991548928452117
2016-03-03,HOBBIES_1_012,CA_1,0.0,0.14212919332934273
2016-03-03,HOBBIES_1_012,CA_1,0.0,0.10263653398868039
2016-03-04,HOBBIES_1_012,CA_1,0.0,0.10607318840316748
2016-03-04,HOBBIES_1_012,CA_1,0.0,0.10607318840316748
2016-03-05,HOBBIES_1_012,CA_1,1.0,0.12441197617192755
2016-03-05,HOBBIES_1_012,CA_1,1.0,0.7836795584432378
2016-03-06,HOBBIES_1_012,CA_1,0.0,0.7712770383491301
2016-03-06,HOBBIES_1_012,CA_1,0.0,0.17663848154949124
2016-03-07,HOBBIES_1_012,CA_1,0.0,0.11086937655851342
2016-03-07,HOBBIES_1_012,CA_1,0.0,0.11086937655851342
2016-03-08,HOBBIES_1_012,CA_1,0.0,0.11583719500511416
2016-03-08,HOBBIES_1_012,CA_1,0.0,0.11991548928452117
2016-03-09,HOBBIES_1_012,CA_1,0.0,0.13231800937862906
2016-03-09,HOBBIES_1_012,CA_1,0.0,0.0928253500379667
2016-03-10,HOBBIES_1_012,CA_1,0.0,0.0928253500379667
2016-03-10,HOBBIES_1_012,CA_1,0.0,0.0928253500379667
2016-03-11,HOBBIES_1_012,CA_1,1.0,0.11262256092736005
2016-03-11,HOBBIES_1_012,CA_1,1.0,0.7527620474746566
2016-03-12,HOBBIES_1_012,CA_1,0.0,0.8032361160669943
2016-03-12,HOBBIES_1_012,CA_1,0.0,0.2085975592673554
2016-03-13,HOBBIES_1_012,CA_1,0.0,0.21840874321806908
2016-03-13,HOBBIES_1_012,CA_1,0.0,0.21840874321806908
2016-03-14,HOBBIES_1_012,CA_1,0.0,0.11086937655851342
2016-03-14,HOBBIES_1_012,CA_1,0.0,0.11494767083792043
2016-03-15,HOBBIES_1_012,CA_1,0.0,0.13231800937862906
2016-03-15,HOBBIES_1_012,CA_1,0.0,0.0928253500379667
2016-03-16,HOBBIES_1_012,CA_1,0.0,0.0928253500379667
2016-03-16,HOBBIES_1_012,CA_1,0.0,0.0928253500379667
2016-03-17,HOBBIES_1_012,CA_1,0.0,0.08968432644795966
2016-03-17,HOBBIES_1_012,CA_1,0.0,0.08968432644795966
2016-03-18,HOBBIES_1_012,CA_1,0.0,0.11262256092736005
2016-03-18,HOBBIES_1_012,CA_1,0.0,0.11262256092736005
2016-03-19,HOBBIES_1_012,CA_1,1.0,0.14466383944231412
2016-03-19,HOBBIES_1_012,CA_1,1.0,0.7934907423939516
2016-03-20,HOBBIES_1_012,CA_1,0.0,0.7712770383491301
2016-03-20,HOBBIES_1_012,CA_1,0.0,0.17663848154949124
2016-03-21,HOBBIES_1_012,CA_1,0.0,0.11086937655851342
2016-03-21,HOBBIES_1_012,CA_1,0.0,0.11086937655851342
2016-03-22,HOBBIES_1_012,CA_1,0.0,0.11583719500511416
2016-03-22,HOBBIES_1_012,CA_1,0.0,0.11991548928452117
2016-03-23,HOBBIES_1_012,CA_1,0.0,0.13231800937862906
2016-03-23,HOBBIES_1_012,CA_1,0.0,0.0928253500379667
2016-03-24,HOBBIES_1_012,CA_1,0.0,0.08968432644795966
2016-03-24,HOBBIES_1_012,CA_1,0.0,0.08968432644795966
2016-03-25,HOBBIES_1_012,CA_1,0.0,0.12243374487807385
2016-03-25,HOBBIES_1_012,CA_1,0.0,0.12243374487807385
2016-03-26,HOBBIES_1_012,CA_1,1.0,0.12441197617192755
2016-03-26,HOBBIES_1_012,CA_1,1.0,0.7836795584432378
2016-03-27,HOBBIES_1_012,CA_1,0.0,0.7681360147591231
2016-03-27,HOBBIES_1_012,CA_1,0.0,0.1734974579594842
2016-03-28,HOBBIES_1_012,CA_1,1.0,0.11086937655851342
2016-03-28,HOBBIES_1_012,CA_1,1.0,0.6742828494619949
2016-03-29,HOBBIES_1_012,CA_1,0.0,0.6734327333932004
2016-03-29,HOBBIES_1_012,CA_1,0.0,0.1269084960857055
2016-03-30,HOBBIES_1_012,CA_1,0.0,0.13272643060110065
2016-03-30,HOBBIES_1_012,CA_1,0.0,0.12864813632169358
2016-03-31,HOBBIES_1_012,CA_1,0.0,0.12864813632169358
2016-03-31,HOBBIES_1_012,CA_1,0.0,0.13272643060110065
2016-04-01,HOBBIES_1_012,CA_1,0.0,0.19327746110745966
2016-04-01,HOBBIES_1_012,CA_1,0.0,0.13501082067605408
2016-04-02,HOBBIES_1_012,CA_1,0.0,0.17662291716017828
2016-04-02,HOBBIES_1_012,CA_1,0.0,0.17662291716017828
2016-04-03,HOBBIES_1_012,CA_1,0.0,0.13485265549160044
2016-04-03,HOBBIES_1_012,CA_1,0.0,0.13485265549160044
2016-04-04,HOBBIES_1_012,CA_1,0.0,0.08785753159136596
2016-04-04,HOBBIES_1_012,CA_1,0.0,0.08785753159136596
2016-04-05,HOBBIES_1_012,CA_1,0.0,0.0928253500379667
2016-04-05,HOBBIES_1_012,CA_1,0.0,0.0928253500379667
2016-04-06,HOBBIES_1_012,CA_1,1.0,0.0928253500379667
2016-04-06,HOBBIES_1_012,CA_1,1.0,0.6916531880027033
2016-04-07,HOBBIES_1_012,CA_1,0.0,0.6792506679085956
2016-04-07,HOBBIES_1_012,CA_1,0.0,0.12864813632169358
2016-04-08,HOBBIES_1_012,CA_1,0.0,0.17679664673394488
2016-04-08,HOBBIES_1_012,CA_1,0.0,0.17679664673394488
2016-04-09,HOBBIES_1_012,CA_1,0.0,0.21840874321806908
2016-04-09,HOBBIES_1_012,CA_1,0.0,0.22248703749747614
2016-04-10,HOBBIES_1_012,CA_1,0.0,0.19311929592300603
2016-04-10,HOBBIES_1_012,CA_1,0.0,0.13485265549160044
2016-04-11,HOBBIES_1_012,CA_1,1.0,0.09766871554207965
2016-04-11,HOBBIES_1_012,CA_1,1.0,0.6836856121902368
2016-04-12,HOBBIES_1_012,CA_1,0.0,0.6664397265920162
2016-04-12,HOBBIES_1_012,CA_1,0.0,0.11583719500511416
2016-04-13,HOBBIES_1_012,CA_1,0.0,0.11583719500511416
2016-04-13,HOBBIES_1_012,CA_1,0.0,0.11583719500511416
2016-04-14,HOBBIES_1_012,CA_1,0.0,0.11583719500511416
2016-04-14,HOBBIES_1_012,CA_1,0.0,0.11991548928452117
2016-04-15,HOBBIES_1_012,CA_1,0.0,0.17088920135876579
2016-04-15,HOBBIES_1_012,CA_1,0.0,0.11262256092736005
2016-04-16,HOBBIES_1_012,CA_1,0.0,0.13485265549160044
2016-04-16,HOBBIES_1_012,CA_1,0.0,0.13485265549160044
2016-04-17,HOBBIES_1_012,CA_1,1.0,0.13485265549160044
2016-04-17,HOBBIES_1_012,CA_1,1.0,0.815638636161102
2016-04-18,HOBBIES_1_012,CA_1,0.0,0.6742828494619949
2016-04-18,HOBBIES_1_012,CA_1,0.0,0.12368031787509284
2016-04-19,HOBBIES_1_012,CA_1,0.0,0.12864813632169358
2016-04-19,HOBBIES_1_012,CA_1,0.0,0.12864813632169358
2016-04-20,HOBBIES_1_012,CA_1,0.0,0.13845932027240726
2016-04-20,HOBBIES_1_012,CA_1,0.0,0.14253761455181432
2016-04-21,HOBBIES_1_012,CA_1,1.0,0.13231800937862906
2016-04-21,HOBBIES_1_012,CA_1,1.0,0.6916531880027033
2016-04-22,HOBBIES_1_012,CA_1,0.0,0.7403595273805489
2016-04-22,HOBBIES_1_012,CA_1,0.0,0.17679664673394488
2016-04-23,HOBBIES_1_012,CA_1,0.0,0.2085975592673554
2016-04-23,HOBBIES_1_012,CA_1,0.0,0.2085975592673554
2016-04-24,HOBBIES_1_012,CA_1,0.0,0.2085975592673554
2016-04-24,HOBBIES_1_012,CA_1,0.0,0.21267585354676247
2015-06-04,HOBBIES_1_013,CA_1,0.0,0.16649626331085662
2015-06-04,HOBBIES_1_013,CA_1,0.0,0.1705745575902637
2015-06-05,HOBBIES_1_013,CA_1,0.0,0.23890704009451028
2015-06-05,HOBBIES_1_013,CA_1,0.0,0.23890704009451028
2015-06-06,HOBBIES_1_013,CA_1,1.0,0.25143632467845156
2015-06-06,HOBBIES_1_013,CA_1,1.0,0.8689520090825914
2015-06-07,HOBBIES_1_013,CA_1,0.0,0.8706460407293249
2015-06-07,HOBBIES_1_013,CA_1,0.0,0.26662965834851377
2015-06-08,HOBBIES_1_013,CA_1,0.0,0.16924180414292392
2015-06-08,HOBBIES_1_013,CA_1,0.0,0.16924180414292392
2015-06-09,HOBBIES_1_013,CA_1,0.0,0.15752909277061525
2015-06-09,HOBBIES_1_013,CA_1,0.0,0.1616073870500223
2015-06-10,HOBBIES_1_013,CA_1,0.0,0.16972453935400247
2015-06-10,HOBBIES_1_013,CA_1,0.0,0.1302318800133403
2015-06-11,HOBBIES_1_013,CA_1,0.0,0.1302318800133403
2015-06-11,HOBBIES_1_013,CA_1,0.0,0.1302318800133403
2015-06-12,HOBBIES_1_013,CA_1,1.0,0.16136877171363545
2015-06-12,HOBBIES_1_013,CA_1,1.0,0.806075420396146
2015-06-13,HOBBIES_1_013,CA_1,0.0,0.8608348567786113
2015-06-13,HOBBIES_1_013,CA_1,0.0,0.2568184743978
2015-06-14,HOBBIES_1_013,CA_1,2.0,0.2568184743978
2015-06-14,HOBBIES_1_013,CA_1,2.0,1.5432548818250067
2015-06-15,HOBBIES_1_013,CA_1,0.0,1.3132173901494948
2015-06-15,HOBBIES_1_013,CA_1,0.0,0.17855894668438366
2015-06-16,HOBBIES_1_013,CA_1,0.0,0.18038574154097736
2015-06-16,HOBBIES_1_013,CA_1,0.0,0.1763074472615703
2015-06-17,HOBBIES_1_013,CA_1,3.0,0.15752909277061525
2015-06-17,HOBBIES_1_013,CA_1,3.0,1.9194620278021908
2015-06-18,HOBBIES_1_013,CA_1,0.0,1.8525119618645631
2015-06-18,HOBBIES_1_013,CA_1,0.0,0.20794693961264263
2015-06-19,HOBBIES_1_013,CA_1,0.0,0.2664682381661754
2015-06-19,HOBBIES_1_013,CA_1,0.0,0.2664682381661754
2015-06-20,HOBBIES_1_013,CA_1,0.0,0.3080803346502997
2015-06-20,HOBBIES_1_013,CA_1,0.0,0.3000008344470239
2015-06-21,HOBBIES_1_013,CA_1,0.0,0.31676068266812574
2015-06-21,HOBBIES_1_013,CA_1,0.0,0.2633411593661432
2015-06-22,HOBBIES_1_013,CA_1,1.0,0.137372255696988
2015-06-22,HOBBIES_1_013,CA_1,1.0,0.7587898245708632
2015-06-23,HOBBIES_1_013,CA_1,0.0,0.7710683203707236
2015-06-23,HOBBIES_1_013,CA_1,0.0,0.21108796320264966
2015-06-24,HOBBIES_1_013,CA_1,1.0,0.24963356342907375
2015-06-24,HOBBIES_1_013,CA_1,1.0,0.8005382700012051
2015-06-25,HOBBIES_1_013,CA_1,1.0,0.7710683203707236
2015-06-25,HOBBIES_1_013,CA_1,1.0,0.8260879836135925
2015-06-26,HOBBIES_1_013,CA_1,0.0,0.923477944387428
2015-06-26,HOBBIES_1_013,CA_1,0.0,0.3050155901028665
2015-06-27,HOBBIES_1_013,CA_1,0.0,0.2982691506995859
2015-06-27,HOBBIES_1_013,CA_1,0.0,0.30234744497899296
2015-06-28,HOBBIES_1_013,CA_1,0.0,0.31215862892970675
2015-06-28,HOBBIES_1_013,CA_1,0.0,0.31215862892970675
2015-06-29,HOBBIES_1_013,CA_1,0.0,0.17686491503765014
2015-06-29,HOBBIES_1_013,CA_1,0.0,0.137372255696988
2015-06-30,HOBBIES_1_013,CA_1,2.0,0.14234007414358874
2015-06-30,HOBBIES_1_013,CA_1,2.0,1.3331014728029216
2015-07-01,HOBBIES_1_013,CA_1,0.0,1.3983894742623664
2015-07-01,HOBBIES_1_013,CA_1,0.0,0.2695700419407736
2015-07-02,HOBBIES_1_013,CA_1,0.0,0.16963728690086366
2015-07-02,HOBBIES_1_013,CA_1,0.0,0.16963728690086366
2015-07-03,HOBBIES_1_013,CA_1,1.0,0.22501756186438954
2015-07-03,HOBBIES_1_013,CA_1,1.0,0.8020365623715728
2015-07-04,HOBBIES_1_013,CA_1,0.0,0.8617721274680112
2015-07-04,HOBBIES_1_013,CA_1,0.0,0.2536774508077929
2015-07-05,HOBBIES_1_013,CA_1,0.0,0.2568184743978
2015-07-05,HOBBIES_1_013,CA_1,0.0,0.2568184743978
2015-07-06,HOBBIES_1_013,CA_1,1.0,0.1744806524049766
2015-07-06,HOBBIES_1_013,CA_1,1.0,0.7385393038524579
2015-07-07,HOBBIES_1_013,CA_1,0.0,0.7503764681672542
2015-07-07,HOBBIES_1_013,CA_1,0.0,0.1863178167197731
2015-07-08,HOBBIES_1_013,CA_1,1.0,0.17944847085157734
2015-07-08,HOBBIES_1_013,CA_1,1.0,0.7394288280196516
2015-07-09,HOBBIES_1_013,CA_1,0.0,0.7394288280196516
2015-07-09,HOBBIES_1_013,CA_1,0.0,0.1835267651309844
2015-07-10,HOBBIES_1_013,CA_1,0.0,0.2290958561437966
2015-07-10,HOBBIES_1_013,CA_1,0.0,0.22501756186438954
2015-07-11,HOBBIES_1_013,CA_1,0.0,0.2568184743978
2015-07-11,HOBBIES_1_013,CA_1,0.0,0.260896768677207
2015-07-12,HOBBIES_1_013,CA_1,0.0,0.26901392098118715
2015-07-12,HOBBIES_1_013,CA_1,0.0,0.2107472805497817
2015-07-13,HOBBIES_1_013,CA_1,0.0,0.137372255696988
2015-07-13,HOBBIES_1_013,CA_1,0.0,0.137372255696988
2015-07-14,HOBBIES_1_013,CA_1,0.0,0.1521512580943024
2015-07-14,HOBBIES_1_013,CA_1,0.0,0.14004306396405397
2015-07-15,HOBBIES_1_013,CA_1,1.0,0.1302318800133403
2015-07-15,HOBBIES_1_013,CA_1,1.0,0.7256266022426696
2015-07-16,HOBBIES_1_013,CA_1,1.0,0.7175094499386895
2015-07-16,HOBBIES_1_013,CA_1,1.0,0.7296176440689379
2015-07-17,HOBBIES_1_013,CA_1,0.0,0.8077694520428795
2015-07-17,HOBBIES_1_013,CA_1,0.0,0.2348287458151032
2015-07-18,HOBBIES_1_013,CA_1,0.0,0.2360998545050573
2015-07-18,HOBBIES_1_013,CA_1,0.0,0.24017814878446436
2015-07-19,HOBBIES_1_013,CA_1,0.0,0.2433191723744714
2015-07-19,HOBBIES_1_013,CA_1,0.0,0.2433191723744714
2015-07-20,HOBBIES_1_013,CA_1,0.0,0.1745679048581154
2015-07-20,HOBBIES_1_013,CA_1,0.0,0.13507524551745323
2015-07-21,HOBBIES_1_013,CA_1,0.0,0.1302318800133403
2015-07-21,HOBBIES_1_013,CA_1,0.0,0.1302318800133403
2015-07-22,HOBBIES_1_013,CA_1,0.0,0.14004306396405397
2015-07-22,HOBBIES_1_013,CA_1,0.0,0.14004306396405397
2015-07-23,HOBBIES_1_013,CA_1,0.0,0.11742093869676082
2015-07-23,HOBBIES_1_013,CA_1,0.0,0.11742093869676082
2015-07-24,HOBBIES_1_013,CA_1,0.0,0.13898051196494157
2015-07-24,HOBBIES_1_013,CA_1,0.0,0.13898051196494157
2015-07-25,HOBBIES_1_013,CA_1,0.0,0.16121060652918182
2015-07-25,HOBBIES_1_013,CA_1,0.0,0.16121060652918182
2015-07-26,HOBBIES_1_013,CA_1,0.0,0.16121060652918182
2015-07-26,HOBBIES_1_013,CA_1,0.0,0.16121060652918182
2015-07-27,HOBBIES_1_013,CA_1,0.0,0.11245312025016008
2015-07-27,HOBBIES_1_013,CA_1,0.0,0.11245312025016008
2015-07-28,HOBBIES_1_013,CA_1,0.0,0.11742093869676082
2015-07-28,HOBBIES_1_013,CA_1,0.0,0.11742093869676082
2015-07-29,HOBBIES_1_013,CA_1,1.0,0.1272321226474747
2015-07-29,HOBBIES_1_013,CA_1,1.0,0.722626844876804
2015-07-30,HOBBIES_1_013,CA_1,2.0,0.7145096925728238
2015-07-30,HOBBIES_1_013,CA_1,2.0,1.3402895798264929
2015-07-31,HOBBIES_1_013,CA_1,2.0,1.436002901863081
2015-07-31,HOBBIES_1_013,CA_1,2.0,1.4306859533124108
2015-08-01,HOBBIES_1_013,CA_1,1.0,1.5061705489822883
2015-08-01,HOBBIES_1_013,CA_1,1.0,0.8278288182152995
2015-08-02,HOBBIES_1_013,CA_1,0.0,0.8278288182152995
2015-08-02,HOBBIES_1_013,CA_1,0.0,0.22381243583448848
2015-08-03,HOBBIES_1_013,CA_1,0.0,0.16343081418299962
2015-08-03,HOBBIES_1_013,CA_1,0.0,0.16874776273366998
2015-08-04,HOBBIES_1_013,CA_1,0.0,0.17371558118027072
2015-08-04,HOBBIES_1_013,CA_1,0.0,0.17371558118027072
2015-08-05,HOBBIES_1_013,CA_1,0.0,0.18183273348425089
2015-08-05,HOBBIES_1_013,CA_1,0.0,0.14234007414358874
2015-08-06,HOBBIES_1_013,CA_1,0.0,0.15902060396249815
2015-08-06,HOBBIES_1_013,CA_1,0.0,0.15902060396249815
2015-08-07,HOBBIES_1_013,CA_1,1.0,0.2346812704227398
2015-08-07,HOBBIES_1_013,CA_1,1.0,0.8878331694470604
2015-08-08,HOBBIES_1_013,CA_1,0.0,0.9022855330803969
2015-08-08,HOBBIES_1_013,CA_1,0.0,0.2982691506995859
2015-08-09,HOBBIES_1_013,CA_1,1.0,0.2982691506995859
2015-08-09,HOBBIES_1_013,CA_1,1.0,0.9022855330803969
2015-08-10,HOBBIES_1_013,CA_1,0.0,0.7661005019241229
2015-08-10,HOBBIES_1_013,CA_1,0.0,0.210198439035456
2015-08-11,HOBBIES_1_013,CA_1,0.0,0.21516625748205673
2015-08-11,HOBBIES_1_013,CA_1,0.0,0.21108796320264966
2015-08-12,HOBBIES_1_013,CA_1,1.0,0.22089914715336334
2015-08-12,HOBBIES_1_013,CA_1,1.0,0.7849577986008442
2015-08-13,HOBBIES_1_013,CA_1,0.0,0.7849577986008442
2015-08-13,HOBBIES_1_013,CA_1,0.0,0.22089914715336334
2015-08-14,HOBBIES_1_013,CA_1,0.0,0.2348287458151032
2015-08-14,HOBBIES_1_013,CA_1,0.0,0.2348287458151032
2015-08-15,HOBBIES_1_013,CA_1,0.0,0.249052062045778
2015-08-15,HOBBIES_1_013,CA_1,0.0,0.253130356325185
2015-08-16,HOBBIES_1_013,CA_1,0.0,0.25143632467845156
2015-08-16,HOBBIES_1_013,CA_1,0.0,0.19316968424704598
2015-08-17,HOBBIES_1_013,CA_1,0.0,0.12526406156673953
2015-08-17,HOBBIES_1_013,CA_1,0.0,0.12526406156673953
2015-08-18,HOBBIES_1_013,CA_1,0.0,0.1302318800133403
2015-08-18,HOBBIES_1_013,CA_1,0.0,0.1302318800133403
2015-08-19,HOBBIES_1_013,CA_1,1.0,0.1302318800133403
2015-08-19,HOBBIES_1_013,CA_1,1.0,0.7256266022426696
2015-08-20,HOBBIES_1_013,CA_1,0.0,0.7175094499386895
2015-08-20,HOBBIES_1_013,CA_1,0.0,0.15752909277061525
2015-08-21,HOBBIES_1_013,CA_1,0.0,0.2172511495123675
2015-08-21,HOBBIES_1_013,CA_1,0.0,0.2172511495123675
2015-08-22,HOBBIES_1_013,CA_1,1.0,0.23924087809506434
2015-08-22,HOBBIES_1_013,CA_1,1.0,0.8473355547552825
2015-08-23,HOBBIES_1_013,CA_1,0.0,0.8571467387059962
2015-08-23,HOBBIES_1_013,CA_1,0.0,0.249052062045778
2015-08-24,HOBBIES_1_013,CA_1,0.0,0.1525612743240145
2015-08-24,HOBBIES_1_013,CA_1,0.0,0.1525612743240145
2015-08-25,HOBBIES_1_013,CA_1,1.0,0.15752909277061525
2015-08-25,HOBBIES_1_013,CA_1,1.0,0.7215877442180965
2015-08-26,HOBBIES_1_013,CA_1,1.0,0.7313989281688101
2015-08-26,HOBBIES_1_013,CA_1,1.0,0.7273206338894032
2015-08-27,HOBBIES_1_013,CA_1,1.0,0.7175094499386895
2015-08-27,HOBBIES_1_013,CA_1,1.0,0.7296176440689379
2015-08-28,HOBBIES_1_013,CA_1,1.0,0.7979582680921659
2015-08-28,HOBBIES_1_013,CA_1,1.0,0.8020365623715728
2015-08-29,HOBBIES_1_013,CA_1,1.0,0.8649131510580182
2015-08-29,HOBBIES_1_013,CA_1,1.0,0.890935997702564
2015-08-30,HOBBIES_1_013,CA_1,2.0,0.9063638273598039
2015-08-30,HOBBIES_1_013,CA_1,2.0,1.5420162275537437
2015-08-31,HOBBIES_1_013,CA_1,0.0,1.317460105317115
2015-08-31,HOBBIES_1_013,CA_1,0.0,0.29182499737148276
2015-09-01,HOBBIES_1_013,CA_1,1.0,0.3021097643687538
2015-09-01,HOBBIES_1_013,CA_1,1.0,0.8453261364134864
2015-09-02,HOBBIES_1_013,CA_1,0.0,0.8551373203642001
2015-09-02,HOBBIES_1_013,CA_1,0.0,0.3119209483194676
2015-09-03,HOBBIES_1_013,CA_1,0.0,0.3021097643687538
2015-09-03,HOBBIES_1_013,CA_1,0.0,0.2980314700893468
2015-09-04,HOBBIES_1_013,CA_1,0.0,0.3534117450528726
2015-09-04,HOBBIES_1_013,CA_1,0.0,0.35749003933227963
2015-09-05,HOBBIES_1_013,CA_1,0.0,0.43732744626712666
2015-09-05,HOBBIES_1_013,CA_1,0.0,0.3068849462573547
2015-09-06,HOBBIES_1_013,CA_1,0.0,0.30793285925793634
2015-09-06,HOBBIES_1_013,CA_1,0.0,0.30793285925793634
2015-09-07,HOBBIES_1_013,CA_1,0.0,0.18855373084341828
2015-09-07,HOBBIES_1_013,CA_1,0.0,0.18855373084341828
2015-09-08,HOBBIES_1_013,CA_1,1.0,0.19360193439608836
2015-09-08,HOBBIES_1_013,CA_1,1.0,0.7889966566254174
2015-09-09,HOBBIES_1_013,CA_1,1.0,0.7808795043214373
2015-09-09,HOBBIES_1_013,CA_1,1.0,0.7808795043214373
2015-09-10,HOBBIES_1_013,CA_1,1.0,0.7808795043214373
2015-09-10,HOBBIES_1_013,CA_1,1.0,0.7808795043214373
2015-09-11,HOBBIES_1_013,CA_1,0.0,0.8492201283446652
2015-09-11,HOBBIES_1_013,CA_1,0.0,0.2803577163962962
2015-09-12,HOBBIES_1_013,CA_1,0.0,0.31215862892970675
2015-09-12,HOBBIES_1_013,CA_1,0.0,0.29673079927246676
2015-09-13,HOBBIES_1_013,CA_1,1.0,0.2707079526279208
2015-09-13,HOBBIES_1_013,CA_1,1.0,0.8747243350087319
2015-09-14,HOBBIES_1_013,CA_1,1.0,0.7287281199017442
2015-09-14,HOBBIES_1_013,CA_1,1.0,0.7246498256223373
2015-09-15,HOBBIES_1_013,CA_1,0.0,0.7394288280196516
2015-09-15,HOBBIES_1_013,CA_1,0.0,0.17944847085157734
2015-09-16,HOBBIES_1_013,CA_1,0.0,0.16963728690086366
2015-09-16,HOBBIES_1_013,CA_1,0.0,0.17371558118027072
2015-09-17,HOBBIES_1_013,CA_1,1.0,0.17371558118027072
2015-09-17,HOBBIES_1_013,CA_1,1.0,0.7336959383483449
2015-09-18,HOBBIES_1_013,CA_1,1.0,0.8020365623715728
2015-09-18,HOBBIES_1_013,CA_1,1.0,0.8239811147367117
2015-09-19,HOBBIES_1_013,CA_1,0.0,0.9022855330803969
2015-09-19,HOBBIES_1_013,CA_1,0.0,0.2982691506995859
2015-09-20,HOBBIES_1_013,CA_1,1.0,0.2982691506995859
2015-09-20,HOBBIES_1_013,CA_1,1.0,0.9063638273598039
2015-09-21,HOBBIES_1_013,CA_1,0.0,0.7701787962035299
2015-09-21,HOBBIES_1_013,CA_1,0.0,0.210198439035456
2015-09-22,HOBBIES_1_013,CA_1,0.0,0.2249774414327704
2015-09-22,HOBBIES_1_013,CA_1,0.0,0.22089914715336334
2015-09-23,HOBBIES_1_013,CA_1,1.0,0.22089914715336334
2015-09-23,HOBBIES_1_013,CA_1,1.0,0.7849577986008442
2015-09-24,HOBBIES_1_013,CA_1,0.0,0.7818167750108372
2015-09-24,HOBBIES_1_013,CA_1,0.0,0.20233029390611637
2015-09-25,HOBBIES_1_013,CA_1,1.0,0.22501756186438954
2015-09-25,HOBBIES_1_013,CA_1,1.0,0.8239811147367117
2015-09-26,HOBBIES_1_013,CA_1,0.0,0.9022855330803969
2015-09-26,HOBBIES_1_013,CA_1,0.0,0.30234744497899296
2015-09-27,HOBBIES_1_013,CA_1,0.0,0.31215862892970675
2015-09-27,HOBBIES_1_013,CA_1,0.0,0.2926525049930597
2015-09-28,HOBBIES_1_013,CA_1,0.0,0.1744806524049766
2015-09-28,HOBBIES_1_013,CA_1,0.0,0.17855894668438366
2015-09-29,HOBBIES_1_013,CA_1,0.0,0.18183273348425089
2015-09-29,HOBBIES_1_013,CA_1,0.0,0.14234007414358874
2015-09-30,HOBBIES_1_013,CA_1,0.0,0.14234007414358874
2015-09-30,HOBBIES_1_013,CA_1,0.0,0.14234007414358874
2015-10-01,HOBBIES_1_013,CA_1,0.0,0.1521512580943024
2015-10-01,HOBBIES_1_013,CA_1,0.0,0.1521512580943024
2015-10-02,HOBBIES_1_013,CA_1,1.0,0.17117995566434913
2015-10-02,HOBBIES_1_013,CA_1,1.0,0.798309008044124
2015-10-03,HOBBIES_1_013,CA_1,0.0,0.8432572604758756
2015-10-03,HOBBIES_1_013,CA_1,0.0,0.23924087809506434
2015-10-04,HOBBIES_1_013,CA_1,2.0,0.249052062045778
2015-10-04,HOBBIES_1_013,CA_1,2.0,1.5530660657757205
2015-10-05,HOBBIES_1_013,CA_1,0.0,1.303406206198781
2015-10-05,HOBBIES_1_013,CA_1,0.0,0.16874776273366998
2015-10-06,HOBBIES_1_013,CA_1,0.0,0.17371558118027072
2015-10-06,HOBBIES_1_013,CA_1,0.0,0.16963728690086366
2015-10-07,HOBBIES_1_013,CA_1,0.0,0.17944847085157734
2015-10-07,HOBBIES_1_013,CA_1,0.0,0.1835267651309844
2015-10-08,HOBBIES_1_013,CA_1,0.0,0.1616073870500223
2015-10-08,HOBBIES_1_013,CA_1,0.0,0.1302318800133403
2015-10-09,HOBBIES_1_013,CA_1,0.0,0.17117995566434913
2015-10-09,HOBBIES_1_013,CA_1,0.0,0.17117995566434913
2015-10-10,HOBBIES_1_013,CA_1,0.0,0.19316968424704598
2015-10-10,HOBBIES_1_013,CA_1,0.0,0.19316968424704598
2015-10-11,HOBBIES_1_013,CA_1,0.0,0.24890458665341467
2015-10-11,HOBBIES_1_013,CA_1,0.0,0.24890458665341467
2015-10-12,HOBBIES_1_013,CA_1,0.0,0.1349948604113839
2015-10-12,HOBBIES_1_013,CA_1,0.0,0.1349948604113839
2015-10-13,HOBBIES_1_013,CA_1,0.0,0.1302318800133403
2015-10-13,HOBBIES_1_013,CA_1,0.0,0.1302318800133403
2015-10-14,HOBBIES_1_013,CA_1,0.0,0.1302318800133403
2015-10-14,HOBBIES_1_013,CA_1,0.0,0.1302318800133403
2015-10-15,HOBBIES_1_013,CA_1,0.0,0.1302318800133403
2015-10-15,HOBBIES_1_013,CA_1,0.0,0.1302318800133403
2015-10-16,HOBBIES_1_013,CA_1,0.0,0.17117995566434913
2015-10-16,HOBBIES_1_013,CA_1,0.0,0.17117995566434913
2015-10-17,HOBBIES_1_013,CA_1,1.0,0.16121060652918182
2015-10-17,HOBBIES_1_013,CA_1,1.0,0.8513744127798557
2015-10-18,HOBBIES_1_013,CA_1,1.0,0.8530684444265892
2015-10-18,HOBBIES_1_013,CA_1,1.0,0.8530684444265892
2015-10-19,HOBBIES_1_013,CA_1,1.0,0.6997306901755095
2015-10-19,HOBBIES_1_013,CA_1,1.0,0.7125416314920888
2015-10-20,HOBBIES_1_013,CA_1,0.0,0.7175094499386895
2015-10-20,HOBBIES_1_013,CA_1,0.0,0.1616073870500223
2015-10-21,HOBBIES_1_013,CA_1,0.0,0.1616073870500223
2015-10-21,HOBBIES_1_013,CA_1,0.0,0.1616073870500223
2015-10-22,HOBBIES_1_013,CA_1,0.0,0.1616073870500223
2015-10-22,HOBBIES_1_013,CA_1,0.0,0.1616073870500223
2015-10-23,HOBBIES_1_013,CA_1,0.0,0.21963541214504104
2015-10-23,HOBBIES_1_013,CA_1,0.0,0.16136877171363545
2015-10-24,HOBBIES_1_013,CA_1,0.0,0.19316968424704598
2015-10-24,HOBBIES_1_013,CA_1,0.0,0.19316968424704598
2015-10-25,HOBBIES_1_013,CA_1,1.0,0.19316968424704598
2015-10-25,HOBBIES_1_013,CA_1,1.0,0.8513744127798557
2015-10-26,HOBBIES_1_013,CA_1,0.0,0.7125416314920888
2015-10-26,HOBBIES_1_013,CA_1,0.0,0.1525612743240145
2015-10-27,HOBBIES_1_013,CA_1,0.0,0.15752909277061525
2015-10-27,HOBBIES_1_013,CA_1,0.0,0.15752909277061525
2015-10-28,HOBBIES_1_013,CA_1,0.0,0.15752909277061525
2015-10-28,HOBBIES_1_013,CA_1,0.0,0.1616073870500223
2015-10-29,HOBBIES_1_013,CA_1,2.0,0.16972453935400247
2015-10-29,HOBBIES_1_013,CA_1,2.0,1.3331014728029216
2015-10-30,HOBBIES_1_013,CA_1,0.0,1.4440953809627108
2015-10-30,HOBBIES_1_013,CA_1,0.0,0.22501756186438954
2015-10-31,HOBBIES_1_013,CA_1,0.0,0.2634886347585067
2015-10-31,HOBBIES_1_013,CA_1,0.0,0.2634886347585067
2015-11-01,HOBBIES_1_013,CA_1,0.0,0.26662965834851377
2015-11-01,HOBBIES_1_013,CA_1,0.0,0.2707079526279208
2015-11-02,HOBBIES_1_013,CA_1,1.0,0.16645075255413525
2015-11-02,HOBBIES_1_013,CA_1,1.0,0.7304699677467826
2015-11-03,HOBBIES_1_013,CA_1,1.0,0.7175094499386895
2015-11-03,HOBBIES_1_013,CA_1,1.0,0.7296176440689379
2015-11-04,HOBBIES_1_013,CA_1,0.0,0.7296176440689379
2015-11-04,HOBBIES_1_013,CA_1,0.0,0.16963728690086366
2015-11-05,HOBBIES_1_013,CA_1,0.0,0.1863178167197731
2015-11-05,HOBBIES_1_013,CA_1,0.0,0.19039611099918016
2015-11-06,HOBBIES_1_013,CA_1,0.0,0.2290958561437966
2015-11-06,HOBBIES_1_013,CA_1,0.0,0.2290958561437966
2015-11-07,HOBBIES_1_013,CA_1,0.0,0.26901392098118715
2015-11-07,HOBBIES_1_013,CA_1,0.0,0.2107472805497817
2015-11-08,HOBBIES_1_013,CA_1,1.0,0.22055846450049538
2015-11-08,HOBBIES_1_013,CA_1,1.0,0.8787631930333051
2015-11-09,HOBBIES_1_013,CA_1,0.0,0.7246498256223373
2015-11-09,HOBBIES_1_013,CA_1,0.0,0.16466946845426292
2015-11-10,HOBBIES_1_013,CA_1,0.0,0.16963728690086366
2015-11-10,HOBBIES_1_013,CA_1,0.0,0.16963728690086366
2015-11-11,HOBBIES_1_013,CA_1,0.0,0.16649626331085662
2015-11-11,HOBBIES_1_013,CA_1,0.0,0.1705745575902637
2015-11-12,HOBBIES_1_013,CA_1,0.0,0.19164391743496456
2015-11-12,HOBBIES_1_013,CA_1,0.0,0.14004306396405397
2015-11-13,HOBBIES_1_013,CA_1,0.0,0.16136877171363545
2015-11-13,HOBBIES_1_013,CA_1,0.0,0.16136877171363545
2015-11-14,HOBBIES_1_013,CA_1,0.0,0.19316968424704598
2015-11-14,HOBBIES_1_013,CA_1,0.0,0.19316968424704598
2015-11-15,HOBBIES_1_013,CA_1,1.0,0.19316968424704598
2015-11-15,HOBBIES_1_013,CA_1,1.0,0.8513744127798557
2015-11-16,HOBBIES_1_013,CA_1,0.0,0.7223528154428025
2015-11-16,HOBBIES_1_013,CA_1,0.0,0.16237245827472818
2015-11-17,HOBBIES_1_013,CA_1,0.0,0.16734027672132892
2015-11-17,HOBBIES_1_013,CA_1,0.0,0.16734027672132892
2015-11-18,HOBBIES_1_013,CA_1,0.0,0.14471815145403594
2015-11-18,HOBBIES_1_013,CA_1,0.0,0.148796445733443
2015-11-19,HOBBIES_1_013,CA_1,0.0,0.15691359803742316
2015-11-19,HOBBIES_1_013,CA_1,0.0,0.11742093869676082
2015-11-20,HOBBIES_1_013,CA_1,0.0,0.13898051196494157
2015-11-20,HOBBIES_1_013,CA_1,0.0,0.13898051196494157
2015-11-21,HOBBIES_1_013,CA_1,0.0,0.16121060652918182
2015-11-21,HOBBIES_1_013,CA_1,0.0,0.16121060652918182
2015-11-22,HOBBIES_1_013,CA_1,0.0,0.1710217904798955
2015-11-22,HOBBIES_1_013,CA_1,0.0,0.1710217904798955
2015-11-23,HOBBIES_1_013,CA_1,0.0,0.10590374772596751
2015-11-23,HOBBIES_1_013,CA_1,0.0,0.10590374772596751
2015-11-24,HOBBIES_1_013,CA_1,0.0,0.11087156617256826
2015-11-24,HOBBIES_1_013,CA_1,0.0,0.11087156617256826
2015-11-25,HOBBIES_1_013,CA_1,1.0,0.11087156617256826
2015-11-25,HOBBIES_1_013,CA_1,1.0,0.7128156609260903
2015-11-26,HOBBIES_1_013,CA_1,0.0,0.7015574850321031
2015-11-26,HOBBIES_1_013,CA_1,0.0,0.1415771278640289
2015-11-27,HOBBIES_1_013,CA_1,0.0,0.18505170581295993
2015-11-27,HOBBIES_1_013,CA_1,0.0,0.18505170581295993
2015-11-28,HOBBIES_1_013,CA_1,0.0,0.20728180037720018
2015-11-28,HOBBIES_1_013,CA_1,0.0,0.21136009465660724
2015-11-29,HOBBIES_1_013,CA_1,0.0,0.22928843091130108
2015-11-29,HOBBIES_1_013,CA_1,0.0,0.1710217904798955
2015-11-30,HOBBIES_1_013,CA_1,0.0,0.10590374772596751
2015-11-30,HOBBIES_1_013,CA_1,0.0,0.10590374772596751
2015-12-01,HOBBIES_1_013,CA_1,0.0,0.11087156617256826
2015-12-01,HOBBIES_1_013,CA_1,0.0,0.11087156617256826
2015-12-02,HOBBIES_1_013,CA_1,3.0,0.11087156617256826
2015-12-02,HOBBIES_1_013,CA_1,3.0,1.912760656595641
2015-12-03,HOBBIES_1_013,CA_1,0.0,1.912760656595641
2015-12-03,HOBBIES_1_013,CA_1,0.0,0.15752909277061525
2015-12-04,HOBBIES_1_013,CA_1,1.0,0.2074399655616538
2015-12-04,HOBBIES_1_013,CA_1,1.0,0.7979582680921659
2015-12-05,HOBBIES_1_013,CA_1,0.0,0.8555179082279409
2015-12-05,HOBBIES_1_013,CA_1,0.0,0.25884985530109383
2015-12-06,HOBBIES_1_013,CA_1,1.0,0.26416680385176416
2015-12-06,HOBBIES_1_013,CA_1,1.0,0.8608348567786113
2015-12-07,HOBBIES_1_013,CA_1,0.0,0.7246498256223373
2015-12-07,HOBBIES_1_013,CA_1,0.0,0.16874776273366998
2015-12-08,HOBBIES_1_013,CA_1,0.0,0.17371558118027072
2015-12-08,HOBBIES_1_013,CA_1,0.0,0.16963728690086366
2015-12-09,HOBBIES_1_013,CA_1,0.0,0.21799407107800167
2015-12-09,HOBBIES_1_013,CA_1,0.0,0.22207236535740874
2015-12-10,HOBBIES_1_013,CA_1,0.0,0.18183273348425089
2015-12-10,HOBBIES_1_013,CA_1,0.0,0.14234007414358874
2015-12-11,HOBBIES_1_013,CA_1,0.0,0.17894636801637118
2015-12-11,HOBBIES_1_013,CA_1,0.0,0.17894636801637118
2015-12-12,HOBBIES_1_013,CA_1,0.0,0.2107472805497817
2015-12-12,HOBBIES_1_013,CA_1,0.0,0.2107472805497817
2015-12-13,HOBBIES_1_013,CA_1,0.0,0.2107472805497817
2015-12-13,HOBBIES_1_013,CA_1,0.0,0.2107472805497817
2015-12-14,HOBBIES_1_013,CA_1,0.0,0.14710305454163233
2015-12-14,HOBBIES_1_013,CA_1,0.0,0.14710305454163233
2015-12-15,HOBBIES_1_013,CA_1,0.0,0.14234007414358874
2015-12-15,HOBBIES_1_013,CA_1,0.0,0.14234007414358874
2015-12-16,HOBBIES_1_013,CA_1,2.0,0.21624998253895267
2015-12-16,HOBBIES_1_013,CA_1,2.0,1.3983894742623664
2015-12-17,HOBBIES_1_013,CA_1,1.0,1.330478395875779
2015-12-17,HOBBIES_1_013,CA_1,1.0,0.7296176440689379
2015-12-18,HOBBIES_1_013,CA_1,2.0,0.8077694520428795
2015-12-18,HOBBIES_1_013,CA_1,2.0,1.4485896163627543
2015-12-19,HOBBIES_1_013,CA_1,1.0,1.5061705489822883
2015-12-19,HOBBIES_1_013,CA_1,1.0,0.8538516648598453
2015-12-20,HOBBIES_1_013,CA_1,0.0,0.8790906784677989
2015-12-20,HOBBIES_1_013,CA_1,0.0,0.29141385072179643
2015-12-21,HOBBIES_1_013,CA_1,0.0,0.16874776273366998
2015-12-21,HOBBIES_1_013,CA_1,0.0,0.16874776273366998
2015-12-22,HOBBIES_1_013,CA_1,1.0,0.17371558118027072
2015-12-22,HOBBIES_1_013,CA_1,1.0,0.7597187849928907
2015-12-23,HOBBIES_1_013,CA_1,0.0,0.7918271444690399
2015-12-23,HOBBIES_1_013,CA_1,0.0,0.22776849302155905
2015-12-24,HOBBIES_1_013,CA_1,0.0,0.21108796320264966
2015-12-24,HOBBIES_1_013,CA_1,0.0,0.21108796320264966
2015-12-25,HOBBIES_1_013,CA_1,0.0,0.31906211698253695
2015-12-25,HOBBIES_1_013,CA_1,0.0,0.323140411261944
2015-12-26,HOBBIES_1_013,CA_1,0.0,0.31046459728297315
2015-12-26,HOBBIES_1_013,CA_1,0.0,0.25219795685156765
2015-12-27,HOBBIES_1_013,CA_1,0.0,0.25219795685156765
2015-12-27,HOBBIES_1_013,CA_1,0.0,0.25219795685156765
2015-12-28,HOBBIES_1_013,CA_1,0.0,0.17882293199877394
2015-12-28,HOBBIES_1_013,CA_1,0.0,0.17882293199877394
2015-12-29,HOBBIES_1_013,CA_1,0.0,0.18379075044537468
2015-12-29,HOBBIES_1_013,CA_1,0.0,0.18379075044537468
2015-12-30,HOBBIES_1_013,CA_1,0.0,0.19360193439608836
2015-12-30,HOBBIES_1_013,CA_1,0.0,0.1521512580943024
2015-12-31,HOBBIES_1_013,CA_1,0.0,0.1521512580943024
2015-12-31,HOBBIES_1_013,CA_1,0.0,0.1521512580943024
2016-01-01,HOBBIES_1_013,CA_1,1.0,0.1680389320743421
2016-01-01,HOBBIES_1_013,CA_1,1.0,0.795167984454117
2016-01-02,HOBBIES_1_013,CA_1,0.0,0.8530684444265892
2016-01-02,HOBBIES_1_013,CA_1,0.0,0.249052062045778
2016-01-03,HOBBIES_1_013,CA_1,1.0,0.20728180037720018
2016-01-03,HOBBIES_1_013,CA_1,1.0,0.8432572604758756
2016-01-04,HOBBIES_1_013,CA_1,0.0,0.7125416314920888
2016-01-04,HOBBIES_1_013,CA_1,0.0,0.15663956860342157
2016-01-05,HOBBIES_1_013,CA_1,0.0,0.171418571000736
2016-01-05,HOBBIES_1_013,CA_1,0.0,0.16734027672132892
2016-01-06,HOBBIES_1_013,CA_1,0.0,0.14471815145403594
2016-01-06,HOBBIES_1_013,CA_1,0.0,0.148796445733443
2016-01-07,HOBBIES_1_013,CA_1,0.0,0.15377257444741613
2016-01-07,HOBBIES_1_013,CA_1,0.0,0.11427991510675378
2016-01-08,HOBBIES_1_013,CA_1,1.0,0.13898051196494157
2016-01-08,HOBBIES_1_013,CA_1,1.0,0.7884978240934103
2016-01-09,HOBBIES_1_013,CA_1,0.0,0.8432572604758756
2016-01-09,HOBBIES_1_013,CA_1,0.0,0.23924087809506434
2016-01-10,HOBBIES_1_013,CA_1,1.0,0.23924087809506434
2016-01-10,HOBBIES_1_013,CA_1,1.0,0.8432572604758756
2016-01-11,HOBBIES_1_013,CA_1,1.0,0.7125416314920888
2016-01-11,HOBBIES_1_013,CA_1,1.0,0.7287281199017442
2016-01-12,HOBBIES_1_013,CA_1,0.0,0.7336959383483449
2016-01-12,HOBBIES_1_013,CA_1,0.0,0.16963728690086366
2016-01-13,HOBBIES_1_013,CA_1,0.0,0.16963728690086366
2016-01-13,HOBBIES_1_013,CA_1,0.0,0.17371558118027072
2016-01-14,HOBBIES_1_013,CA_1,0.0,0.17371558118027072
2016-01-14,HOBBIES_1_013,CA_1,0.0,0.17371558118027072
2016-01-15,HOBBIES_1_013,CA_1,0.0,0.24702419239849044
2016-01-15,HOBBIES_1_013,CA_1,0.0,0.18875755196708485
2016-01-16,HOBBIES_1_013,CA_1,0.0,0.19316968424704598
2016-01-16,HOBBIES_1_013,CA_1,0.0,0.19316968424704598
2016-01-17,HOBBIES_1_013,CA_1,1.0,0.20298086819775965
2016-01-17,HOBBIES_1_013,CA_1,1.0,0.8611855967305694
2016-01-18,HOBBIES_1_013,CA_1,0.0,0.7222724303367332
2016-01-18,HOBBIES_1_013,CA_1,0.0,0.16229207316865885
2016-01-19,HOBBIES_1_013,CA_1,0.0,0.15752909277061525
2016-01-19,HOBBIES_1_013,CA_1,0.0,0.15752909277061525
2016-01-20,HOBBIES_1_013,CA_1,0.0,0.15752909277061525
2016-01-20,HOBBIES_1_013,CA_1,0.0,0.1616073870500223
2016-01-21,HOBBIES_1_013,CA_1,1.0,0.16972453935400247
2016-01-21,HOBBIES_1_013,CA_1,1.0,0.7377347963729181
2016-01-22,HOBBIES_1_013,CA_1,0.0,0.8077694520428795
2016-01-22,HOBBIES_1_013,CA_1,0.0,0.2348287458151032
2016-01-23,HOBBIES_1_013,CA_1,0.0,0.23924087809506434
2016-01-23,HOBBIES_1_013,CA_1,0.0,0.23924087809506434
2016-01-24,HOBBIES_1_013,CA_1,2.0,0.249052062045778
2016-01-24,HOBBIES_1_013,CA_1,2.0,1.5571443600551278
2016-01-25,HOBBIES_1_013,CA_1,0.0,1.317295684428902
2016-01-25,HOBBIES_1_013,CA_1,0.0,0.1744806524049766
2016-01-26,HOBBIES_1_013,CA_1,0.0,0.15752909277061525
2016-01-26,HOBBIES_1_013,CA_1,0.0,0.15752909277061525
2016-01-27,HOBBIES_1_013,CA_1,0.0,0.15752909277061525
2016-01-27,HOBBIES_1_013,CA_1,0.0,0.1616073870500223
2016-01-28,HOBBIES_1_013,CA_1,0.0,0.1616073870500223
2016-01-28,HOBBIES_1_013,CA_1,0.0,0.1302318800133403
2016-01-29,HOBBIES_1_013,CA_1,0.0,0.16136877171363545
2016-01-29,HOBBIES_1_013,CA_1,0.0,0.16136877171363545
2016-01-30,HOBBIES_1_013,CA_1,0.0,0.19316968424704598
2016-01-30,HOBBIES_1_013,CA_1,0.0,0.19316968424704598
2016-01-31,HOBBIES_1_013,CA_1,0.0,0.25871577060412826
2016-01-31,HOBBIES_1_013,CA_1,0.0,0.25871577060412826
2016-02-01,HOBBIES_1_013,CA_1,0.0,0.12526406156673953
2016-02-01,HOBBIES_1_013,CA_1,0.0,0.12526406156673953
2016-02-02,HOBBIES_1_013,CA_1,0.0,0.1302318800133403
2016-02-02,HOBBIES_1_013,CA_1,0.0,0.1302318800133403
2016-02-03,HOBBIES_1_013,CA_1,0.0,0.1302318800133403
2016-02-03,HOBBIES_1_013,CA_1,0.0,0.1302318800133403
2016-02-04,HOBBIES_1_013,CA_1,0.0,0.14004306396405397
2016-02-04,HOBBIES_1_013,CA_1,0.0,0.14004306396405397
2016-02-05,HOBBIES_1_013,CA_1,0.0,0.13898051196494157
2016-02-05,HOBBIES_1_013,CA_1,0.0,0.13898051196494157
2016-02-06,HOBBIES_1_013,CA_1,2.0,0.16121060652918182
2016-02-06,HOBBIES_1_013,CA_1,2.0,1.535162402725377
2016-02-07,HOBBIES_1_013,CA_1,0.0,1.5418325630860836
2016-02-07,HOBBIES_1_013,CA_1,0.0,0.24591103845577097
2016-02-08,HOBBIES_1_013,CA_1,0.0,0.1397503330074352
2016-02-08,HOBBIES_1_013,CA_1,0.0,0.1397503330074352
2016-02-09,HOBBIES_1_013,CA_1,0.0,0.14471815145403594
2016-02-09,HOBBIES_1_013,CA_1,0.0,0.148796445733443
2016-02-10,HOBBIES_1_013,CA_1,0.0,0.14565542214343596
2016-02-10,HOBBIES_1_013,CA_1,0.0,0.11427991510675378
2016-02-11,HOBBIES_1_013,CA_1,1.0,0.11742093869676082
2016-02-11,HOBBIES_1_013,CA_1,1.0,0.7256266022426696
2016-02-12,HOBBIES_1_013,CA_1,0.0,0.7803806717894302
2016-02-12,HOBBIES_1_013,CA_1,0.0,0.2074399655616538
2016-02-13,HOBBIES_1_013,CA_1,1.0,0.2949757805014328
2016-02-13,HOBBIES_1_013,CA_1,1.0,0.8989921628822442
2016-02-14,HOBBIES_1_013,CA_1,0.0,0.8401162368858686
2016-02-14,HOBBIES_1_013,CA_1,0.0,0.24017814878446436
2016-02-15,HOBBIES_1_013,CA_1,1.0,0.1663703674480659
2016-02-15,HOBBIES_1_013,CA_1,1.0,0.7343806244669816
2016-02-16,HOBBIES_1_013,CA_1,0.0,0.7296176440689379
2016-02-16,HOBBIES_1_013,CA_1,0.0,0.17371558118027072
2016-02-17,HOBBIES_1_013,CA_1,0.0,0.1705745575902637
2016-02-17,HOBBIES_1_013,CA_1,0.0,0.16649626331085662
2016-02-18,HOBBIES_1_013,CA_1,0.0,0.16963728690086366
2016-02-18,HOBBIES_1_013,CA_1,0.0,0.17371558118027072
2016-02-19,HOBBIES_1_013,CA_1,0.0,0.23721300844777676
2016-02-19,HOBBIES_1_013,CA_1,0.0,0.17894636801637118
2016-02-20,HOBBIES_1_013,CA_1,2.0,0.22055846450049538
2016-02-20,HOBBIES_1_013,CA_1,2.0,1.5530660657757205
2016-02-21,HOBBIES_1_013,CA_1,0.0,1.5432548818250067
2016-02-21,HOBBIES_1_013,CA_1,0.0,0.2568184743978
2016-02-22,HOBBIES_1_013,CA_1,0.0,0.16466946845426292
2016-02-22,HOBBIES_1_013,CA_1,0.0,0.16466946845426292
2016-02-23,HOBBIES_1_013,CA_1,1.0,0.16963728690086366
2016-02-23,HOBBIES_1_013,CA_1,1.0,0.7336959383483449
2016-02-24,HOBBIES_1_013,CA_1,1.0,0.7336959383483449
2016-02-24,HOBBIES_1_013,CA_1,1.0,0.7556404907134837
2016-02-25,HOBBIES_1_013,CA_1,0.0,0.7808795043214373
2016-02-25,HOBBIES_1_013,CA_1,0.0,0.2054713174961234
2016-02-26,HOBBIES_1_013,CA_1,0.0,0.22501756186438954
2016-02-26,HOBBIES_1_013,CA_1,0.0,0.2290958561437966
2016-02-27,HOBBIES_1_013,CA_1,0.0,0.32644285503428944
2016-02-27,HOBBIES_1_013,CA_1,0.0,0.32644285503428944
2016-02-28,HOBBIES_1_013,CA_1,2.0,0.26901392098118715
2016-02-28,HOBBIES_1_013,CA_1,2.0,1.5432548818250067
2016-02-29,HOBBIES_1_013,CA_1,0.0,1.3132173901494948
2016-02-29,HOBBIES_1_013,CA_1,0.0,0.20050349904952267
2016-03-01,HOBBIES_1_013,CA_1,0.0,0.16963728690086366
2016-03-01,HOBBIES_1_013,CA_1,0.0,0.16963728690086366
2016-03-02,HOBBIES_1_013,CA_1,1.0,0.16963728690086366
2016-03-02,HOBBIES_1_013,CA_1,1.0,0.7597187849928907
2016-03-03,HOBBIES_1_013,CA_1,1.0,0.7751466146501306
2016-03-03,HOBBIES_1_013,CA_1,1.0,0.7710683203707236
2016-03-04,HOBBIES_1_013,CA_1,0.0,0.8394089443939515
2016-03-04,HOBBIES_1_013,CA_1,0.0,0.2664682381661754
2016-03-05,HOBBIES_1_013,CA_1,1.0,0.3080803346502997
2016-03-05,HOBBIES_1_013,CA_1,1.0,0.9161750113105176
2016-03-06,HOBBIES_1_013,CA_1,0.0,0.9620987297661725
2016-03-06,HOBBIES_1_013,CA_1,0.0,0.3580823473853616
2016-03-07,HOBBIES_1_013,CA_1,0.0,0.210198439035456
2016-03-07,HOBBIES_1_013,CA_1,0.0,0.20612014475604892
2016-03-08,HOBBIES_1_013,CA_1,0.0,0.22089914715336334
2016-03-08,HOBBIES_1_013,CA_1,0.0,0.20954961177553047
2016-03-09,HOBBIES_1_013,CA_1,0.0,0.19164391743496456
2016-03-09,HOBBIES_1_013,CA_1,0.0,0.1521512580943024
2016-03-10,HOBBIES_1_013,CA_1,0.0,0.14234007414358874
2016-03-10,HOBBIES_1_013,CA_1,0.0,0.14234007414358874
2016-03-11,HOBBIES_1_013,CA_1,0.0,0.17894636801637118
2016-03-11,HOBBIES_1_013,CA_1,0.0,0.17894636801637118
2016-03-12,HOBBIES_1_013,CA_1,0.0,0.2107472805497817
2016-03-12,HOBBIES_1_013,CA_1,0.0,0.2107472805497817
2016-03-13,HOBBIES_1_013,CA_1,0.0,0.22055846450049538
2016-03-13,HOBBIES_1_013,CA_1,0.0,0.20298086819775965
2016-03-14,HOBBIES_1_013,CA_1,0.0,0.12526406156673953
2016-03-14,HOBBIES_1_013,CA_1,0.0,0.12526406156673953
2016-03-15,HOBBIES_1_013,CA_1,0.0,0.1302318800133403
2016-03-15,HOBBIES_1_013,CA_1,0.0,0.1302318800133403
2016-03-16,HOBBIES_1_013,CA_1,2.0,0.14004306396405397
2016-03-16,HOBBIES_1_013,CA_1,2.0,1.3402895798264929
2016-03-17,HOBBIES_1_013,CA_1,0.0,1.3371485562364858
2016-03-17,HOBBIES_1_013,CA_1,0.0,0.1641992531313219
2016-03-18,HOBBIES_1_013,CA_1,1.0,0.2074399655616538
2016-03-18,HOBBIES_1_013,CA_1,1.0,0.7803806717894302
2016-03-19,HOBBIES_1_013,CA_1,0.0,0.8530684444265892
2016-03-19,HOBBIES_1_013,CA_1,0.0,0.253130356325185
2016-03-20,HOBBIES_1_013,CA_1,0.0,0.2433191723744714
2016-03-20,HOBBIES_1_013,CA_1,0.0,0.23924087809506434
2016-03-21,HOBBIES_1_013,CA_1,0.0,0.1525612743240145
2016-03-21,HOBBIES_1_013,CA_1,0.0,0.15663956860342157
2016-03-22,HOBBIES_1_013,CA_1,1.0,0.16972453935400247
2016-03-22,HOBBIES_1_013,CA_1,1.0,0.7256266022426696
2016-03-23,HOBBIES_1_013,CA_1,1.0,0.7341899797575988
2016-03-23,HOBBIES_1_013,CA_1,1.0,0.7462981738878472
2016-03-24,HOBBIES_1_013,CA_1,1.0,0.7264766204789309
2016-03-24,HOBBIES_1_013,CA_1,1.0,0.7264766204789309
2016-03-25,HOBBIES_1_013,CA_1,0.0,0.7979582680921659
2016-03-25,HOBBIES_1_013,CA_1,0.0,0.2290958561437966
2016-03-26,HOBBIES_1_013,CA_1,0.0,0.260896768677207
2016-03-26,HOBBIES_1_013,CA_1,0.0,0.260896768677207
2016-03-27,HOBBIES_1_013,CA_1,0.0,0.25775574508719995
2016-03-27,HOBBIES_1_013,CA_1,0.0,0.25775574508719995
2016-03-28,HOBBIES_1_013,CA_1,0.0,0.17686491503765014
2016-03-28,HOBBIES_1_013,CA_1,0.0,0.137372255696988
2016-03-29,HOBBIES_1_013,CA_1,0.0,0.14234007414358874
2016-03-29,HOBBIES_1_013,CA_1,0.0,0.14234007414358874
2016-03-30,HOBBIES_1_013,CA_1,0.0,0.1521512580943024
2016-03-30,HOBBIES_1_013,CA_1,0.0,0.1521512580943024
2016-03-31,HOBBIES_1_013,CA_1,1.0,0.1302318800133403
2016-03-31,HOBBIES_1_013,CA_1,1.0,0.7377347963729181
2016-04-01,HOBBIES_1_013,CA_1,0.0,0.8077694520428795
2016-04-01,HOBBIES_1_013,CA_1,0.0,0.2348287458151032
2016-04-02,HOBBIES_1_013,CA_1,1.0,0.23924087809506434
2016-04-02,HOBBIES_1_013,CA_1,1.0,0.8608348567786113
2016-04-03,HOBBIES_1_013,CA_1,2.0,0.8608348567786113
2016-04-03,HOBBIES_1_013,CA_1,2.0,1.547333176104414
2016-04-04,HOBBIES_1_013,CA_1,0.0,1.3074845004781883
2016-04-04,HOBBIES_1_013,CA_1,0.0,0.20612014475604892
2016-04-05,HOBBIES_1_013,CA_1,0.0,0.22089914715336334
2016-04-05,HOBBIES_1_013,CA_1,0.0,0.20954961177553047
2016-04-06,HOBBIES_1_013,CA_1,0.0,0.1835267651309844
2016-04-06,HOBBIES_1_013,CA_1,0.0,0.1835267651309844
2016-04-07,HOBBIES_1_013,CA_1,0.0,0.1835267651309844
2016-04-07,HOBBIES_1_013,CA_1,0.0,0.1521512580943024
2016-04-08,HOBBIES_1_013,CA_1,0.0,0.16136877171363545
2016-04-08,HOBBIES_1_013,CA_1,0.0,0.16136877171363545
2016-04-09,HOBBIES_1_013,CA_1,1.0,0.19316968424704598
2016-04-09,HOBBIES_1_013,CA_1,1.0,0.8689520090825914
2016-04-10,HOBBIES_1_013,CA_1,0.0,0.9165697591849798
2016-04-10,HOBBIES_1_013,CA_1,0.0,0.3125533768041686
2016-04-11,HOBBIES_1_013,CA_1,1.0,0.16466946845426292
2016-04-11,HOBBIES_1_013,CA_1,1.0,0.7246498256223373
2016-04-12,HOBBIES_1_013,CA_1,0.0,0.7296176440689379
2016-04-12,HOBBIES_1_013,CA_1,0.0,0.17371558118027072
2016-04-13,HOBBIES_1_013,CA_1,0.0,0.17371558118027072
2016-04-13,HOBBIES_1_013,CA_1,0.0,0.16963728690086366
2016-04-14,HOBBIES_1_013,CA_1,1.0,0.17944847085157734
2016-04-14,HOBBIES_1_013,CA_1,1.0,0.7435071222990586
2016-04-15,HOBBIES_1_013,CA_1,2.0,0.8020365623715728
2016-04-15,HOBBIES_1_013,CA_1,2.0,1.4440953809627108
2016-04-16,HOBBIES_1_013,CA_1,0.0,1.5530660657757205
2016-04-16,HOBBIES_1_013,CA_1,0.0,0.3080803346502997
2016-04-17,HOBBIES_1_013,CA_1,2.0,0.3080803346502997
2016-04-17,HOBBIES_1_013,CA_1,2.0,1.5518274115044575
2016-04-18,HOBBIES_1_013,CA_1,1.0,1.302167551927518
2016-04-18,HOBBIES_1_013,CA_1,1.0,0.7648618476528596
2016-04-19,HOBBIES_1_013,CA_1,0.0,0.7698296660994602
2016-04-19,HOBBIES_1_013,CA_1,0.0,0.21108796320264966
2016-04-20,HOBBIES_1_013,CA_1,0.0,0.21108796320264966
2016-04-20,HOBBIES_1_013,CA_1,0.0,0.21516625748205673
2016-04-21,HOBBIES_1_013,CA_1,0.0,0.21516625748205673
2016-04-21,HOBBIES_1_013,CA_1,0.0,0.21516625748205673
2016-04-22,HOBBIES_1_013,CA_1,0.0,0.33439858715593124
2016-04-22,HOBBIES_1_013,CA_1,0.0,0.2761319467245258
2016-04-23,HOBBIES_1_013,CA_1,1.0,0.2620091408022813
2016-04-23,HOBBIES_1_013,CA_1,1.0,0.9202138693350908
2016-04-24,HOBBIES_1_013,CA_1,1.0,0.9580204354867655
2016-04-24,HOBBIES_1_013,CA_1,1.0,1.0251014419193234
2015-06-04,HOBBIES_1_014,CA_1,0.0,0.6990013122309762
2015-06-04,HOBBIES_1_014,CA_1,0.0,0.6941355142550703
2015-06-05,HOBBIES_1_014,CA_1,2.0,0.6580274514629395
2015-06-05,HOBBIES_1_014,CA_1,2.0,1.6750805945707579
2015-06-06,HOBBIES_1_014,CA_1,2.0,1.901299145533108
2015-06-06,HOBBIES_1_014,CA_1,2.0,1.9130207141004554
2015-06-07,HOBBIES_1_014,CA_1,0.0,1.9628035003707742
2015-06-07,HOBBIES_1_014,CA_1,0.0,0.8832573046500951
2015-06-08,HOBBIES_1_014,CA_1,1.0,0.702297704151738
2015-06-08,HOBBIES_1_014,CA_1,1.0,1.1855706363393261
2015-06-09,HOBBIES_1_014,CA_1,1.0,1.1680469868818324
2015-06-09,HOBBIES_1_014,CA_1,1.0,1.1841749175953329
2015-06-10,HOBBIES_1_014,CA_1,1.0,1.1035384966387247
2015-06-10,HOBBIES_1_014,CA_1,1.0,1.0994602023593174
2015-06-11,HOBBIES_1_014,CA_1,0.0,1.0994602023593174
2015-06-11,HOBBIES_1_014,CA_1,0.0,0.5718288536391773
2015-06-12,HOBBIES_1_014,CA_1,0.0,0.7203035026454647
2015-06-12,HOBBIES_1_014,CA_1,0.0,0.7203035026454647
2015-06-13,HOBBIES_1_014,CA_1,0.0,0.7874825208745572
2015-06-13,HOBBIES_1_014,CA_1,0.0,0.7874825208745572
2015-06-14,HOBBIES_1_014,CA_1,0.0,0.7595975803198073
2015-06-14,HOBBIES_1_014,CA_1,0.0,0.6647787102420175
2015-06-15,HOBBIES_1_014,CA_1,0.0,0.5144124275940695
2015-06-15,HOBBIES_1_014,CA_1,0.0,0.45603033997939124
2015-06-16,HOBBIES_1_014,CA_1,7.0,0.30010170145957527
2015-06-16,HOBBIES_1_014,CA_1,7.0,4.781503370664232
2015-06-17,HOBBIES_1_014,CA_1,2.0,4.289073247347267
2015-06-17,HOBBIES_1_014,CA_1,2.0,1.4111387559560336
2015-06-18,HOBBIES_1_014,CA_1,0.0,1.4079977323660264
2015-06-18,HOBBIES_1_014,CA_1,0.0,0.46294494949446324
2015-06-19,HOBBIES_1_014,CA_1,0.0,0.5686369036351026
2015-06-19,HOBBIES_1_014,CA_1,0.0,0.578062856145868
2015-06-20,HOBBIES_1_014,CA_1,0.0,0.7140077162459538
2015-06-20,HOBBIES_1_014,CA_1,0.0,0.6951953888218043
2015-06-21,HOBBIES_1_014,CA_1,1.0,0.6205133820983721
2015-06-21,HOBBIES_1_014,CA_1,1.0,1.1643038690272818
2015-06-22,HOBBIES_1_014,CA_1,3.0,1.0560628106226204
2015-06-22,HOBBIES_1_014,CA_1,3.0,2.0134391862230565
2015-06-23,HOBBIES_1_014,CA_1,1.0,2.065865993645989
2015-06-23,HOBBIES_1_014,CA_1,1.0,1.1316285046436818
2015-06-24,HOBBIES_1_014,CA_1,0.0,1.0292879164665127
2015-06-24,HOBBIES_1_014,CA_1,0.0,0.5213133299609206
2015-06-25,HOBBIES_1_014,CA_1,5.0,0.5517246426796051
2015-06-25,HOBBIES_1_014,CA_1,5.0,3.099362471293984
2015-06-26,HOBBIES_1_014,CA_1,3.0,3.0920778475584587
2015-06-26,HOBBIES_1_014,CA_1,3.0,2.034131324670069
2015-06-27,HOBBIES_1_014,CA_1,2.0,2.3924164825646335
2015-06-27,HOBBIES_1_014,CA_1,2.0,1.8211673117758689
2015-06-28,HOBBIES_1_014,CA_1,0.0,1.736504245699099
2015-06-28,HOBBIES_1_014,CA_1,0.0,0.6552307288364412
2015-06-29,HOBBIES_1_014,CA_1,0.0,0.5856263324619706
2015-06-29,HOBBIES_1_014,CA_1,0.0,0.6102836812893911
2015-06-30,HOBBIES_1_014,CA_1,1.0,0.7019616674970435
2015-06-30,HOBBIES_1_014,CA_1,1.0,1.1783400138906912
2015-07-01,HOBBIES_1_014,CA_1,0.0,1.0972069176099668
2015-07-01,HOBBIES_1_014,CA_1,0.0,0.5677505593597704
2015-07-02,HOBBIES_1_014,CA_1,1.0,0.6275602240948905
2015-07-02,HOBBIES_1_014,CA_1,1.0,1.1438626374697372
2015-07-03,HOBBIES_1_014,CA_1,5.0,1.2575418572574082
2015-07-03,HOBBIES_1_014,CA_1,5.0,3.669537053418416
2015-07-04,HOBBIES_1_014,CA_1,0.0,3.5299754708803306
2015-07-04,HOBBIES_1_014,CA_1,0.0,0.794235077609329
2015-07-05,HOBBIES_1_014,CA_1,3.0,0.7430038738049175
2015-07-05,HOBBIES_1_014,CA_1,3.0,2.373584822522318
2015-07-06,HOBBIES_1_014,CA_1,5.0,1.9375329033247974
2015-07-06,HOBBIES_1_014,CA_1,5.0,2.486061342458511
2015-07-07,HOBBIES_1_014,CA_1,1.0,2.501268292487149
2015-07-07,HOBBIES_1_014,CA_1,1.0,1.0469317060901024
2015-07-08,HOBBIES_1_014,CA_1,1.0,1.0371205221393887
2015-07-08,HOBBIES_1_014,CA_1,1.0,1.0444688515933533
2015-07-09,HOBBIES_1_014,CA_1,0.0,1.093906659147744
2015-07-09,HOBBIES_1_014,CA_1,0.0,0.610108265172457
2015-07-10,HOBBIES_1_014,CA_1,6.0,1.1221246610948634
2015-07-10,HOBBIES_1_014,CA_1,6.0,4.47205764822746
2015-07-11,HOBBIES_1_014,CA_1,1.0,3.8859794528992206
2015-07-11,HOBBIES_1_014,CA_1,1.0,1.3231206916070137
2015-07-12,HOBBIES_1_014,CA_1,4.0,1.3531909858812114
2015-07-12,HOBBIES_1_014,CA_1,4.0,2.9062611056367125
2015-07-13,HOBBIES_1_014,CA_1,3.0,2.1791373052421563
2015-07-13,HOBBIES_1_014,CA_1,3.0,2.0274331981089655
2015-07-14,HOBBIES_1_014,CA_1,0.0,2.0432334064766775
2015-07-14,HOBBIES_1_014,CA_1,0.0,0.8846421151417778
2015-07-15,HOBBIES_1_014,CA_1,1.0,0.874830931191064
2015-07-15,HOBBIES_1_014,CA_1,1.0,1.1981124431475896
2015-07-16,HOBBIES_1_014,CA_1,1.0,1.2170193604320236
2015-07-16,HOBBIES_1_014,CA_1,1.0,1.289484002414031
2015-07-17,HOBBIES_1_014,CA_1,6.0,1.7737443720970043
2015-07-17,HOBBIES_1_014,CA_1,6.0,4.559683498255243
2015-07-18,HOBBIES_1_014,CA_1,8.0,3.9110352796719794
2015-07-18,HOBBIES_1_014,CA_1,8.0,4.556856039967467
2015-07-19,HOBBIES_1_014,CA_1,0.0,4.387659784000563
2015-07-19,HOBBIES_1_014,CA_1,0.0,1.584949755693687
2015-07-20,HOBBIES_1_014,CA_1,0.0,0.9779204665446444
2015-07-20,HOBBIES_1_014,CA_1,0.0,0.8500033822727985
2015-07-21,HOBBIES_1_014,CA_1,0.0,0.7365726291852813
2015-07-21,HOBBIES_1_014,CA_1,0.0,0.8899897733731361
2015-07-22,HOBBIES_1_014,CA_1,3.0,1.0156586417324371
2015-07-22,HOBBIES_1_014,CA_1,3.0,2.2921989184863474
2015-07-23,HOBBIES_1_014,CA_1,4.0,2.2823877345356336
2015-07-23,HOBBIES_1_014,CA_1,4.0,2.611403093423475
2015-07-24,HOBBIES_1_014,CA_1,1.0,3.13958439342879
2015-07-24,HOBBIES_1_014,CA_1,1.0,1.6745426403184531
2015-07-25,HOBBIES_1_014,CA_1,2.0,2.043208066576366
2015-07-25,HOBBIES_1_014,CA_1,2.0,2.659963538048081
2015-07-26,HOBBIES_1_014,CA_1,2.0,2.426730129939082
2015-07-26,HOBBIES_1_014,CA_1,2.0,2.426730129939082
2015-07-27,HOBBIES_1_014,CA_1,3.0,1.6324306821792298
2015-07-27,HOBBIES_1_014,CA_1,3.0,2.13074005685821
2015-07-28,HOBBIES_1_014,CA_1,1.0,2.1019017825742408
2015-07-28,HOBBIES_1_014,CA_1,1.0,1.1948424079730322
2015-07-29,HOBBIES_1_014,CA_1,0.0,1.2341235415542278
2015-07-29,HOBBIES_1_014,CA_1,0.0,0.9322834487019221
2015-07-30,HOBBIES_1_014,CA_1,3.0,0.9804932060729123
2015-07-30,HOBBIES_1_014,CA_1,3.0,2.2552543726741714
2015-07-31,HOBBIES_1_014,CA_1,0.0,2.403476773622101
2015-07-31,HOBBIES_1_014,CA_1,0.0,1.199259741946243
2015-08-01,HOBBIES_1_014,CA_1,0.0,1.1466355893827278
2015-08-01,HOBBIES_1_014,CA_1,0.0,1.0803806290565348
2015-08-02,HOBBIES_1_014,CA_1,0.0,0.8011332645337076
2015-08-02,HOBBIES_1_014,CA_1,0.0,0.8084815939876716
2015-08-03,HOBBIES_1_014,CA_1,0.0,0.6051970656716021
2015-08-03,HOBBIES_1_014,CA_1,0.0,0.564335635963584
2015-08-04,HOBBIES_1_014,CA_1,0.0,0.5307578541837604
2015-08-04,HOBBIES_1_014,CA_1,0.0,0.5307578541837604
2015-08-05,HOBBIES_1_014,CA_1,3.0,0.5893752091895272
2015-08-05,HOBBIES_1_014,CA_1,3.0,2.1130968687575025
2015-08-06,HOBBIES_1_014,CA_1,2.0,2.2092669259894815
2015-08-06,HOBBIES_1_014,CA_1,2.0,1.6521898197593787
2015-08-07,HOBBIES_1_014,CA_1,2.0,1.6072858517161406
2015-08-07,HOBBIES_1_014,CA_1,2.0,1.5917242362224402
2015-08-08,HOBBIES_1_014,CA_1,4.0,1.761545543647482
2015-08-08,HOBBIES_1_014,CA_1,4.0,2.852873658042923
2015-08-09,HOBBIES_1_014,CA_1,1.0,2.8242308140498937
2015-08-09,HOBBIES_1_014,CA_1,1.0,1.2593029539656946
2015-08-10,HOBBIES_1_014,CA_1,4.0,1.0469015399866712
2015-08-10,HOBBIES_1_014,CA_1,4.0,2.1775632876070437
2015-08-11,HOBBIES_1_014,CA_1,1.0,2.0357999717134945
2015-08-11,HOBBIES_1_014,CA_1,1.0,1.0343301602902306
2015-08-12,HOBBIES_1_014,CA_1,2.0,1.0539889259699986
2015-08-12,HOBBIES_1_014,CA_1,2.0,1.4995186557287605
2015-08-13,HOBBIES_1_014,CA_1,2.0,1.6024248509674754
2015-08-13,HOBBIES_1_014,CA_1,2.0,1.6056948861420328
2015-08-14,HOBBIES_1_014,CA_1,1.0,1.677407023475387
2015-08-14,HOBBIES_1_014,CA_1,1.0,1.2231411509051249
2015-08-15,HOBBIES_1_014,CA_1,3.0,1.4391393205789513
2015-08-15,HOBBIES_1_014,CA_1,3.0,2.5424516961807093
2015-08-16,HOBBIES_1_014,CA_1,1.0,2.428362370851769
2015-08-16,HOBBIES_1_014,CA_1,1.0,1.3583511292771555
2015-08-17,HOBBIES_1_014,CA_1,2.0,1.1074448228136868
2015-08-17,HOBBIES_1_014,CA_1,2.0,1.5157172767427118
2015-08-18,HOBBIES_1_014,CA_1,4.0,1.483294451839081
2015-08-18,HOBBIES_1_014,CA_1,4.0,2.370340509059214
2015-08-19,HOBBIES_1_014,CA_1,0.0,2.5791386043250495
2015-08-19,HOBBIES_1_014,CA_1,0.0,1.0158289829961802
2015-08-20,HOBBIES_1_014,CA_1,1.0,0.6062982438389021
2015-08-20,HOBBIES_1_014,CA_1,1.0,1.0767862635221395
2015-08-21,HOBBIES_1_014,CA_1,1.0,1.1658058293628515
2015-08-21,HOBBIES_1_014,CA_1,1.0,1.1846374800311092
2015-08-22,HOBBIES_1_014,CA_1,3.0,1.7345647928163104
2015-08-22,HOBBIES_1_014,CA_1,3.0,2.8955983947434083
2015-08-23,HOBBIES_1_014,CA_1,0.0,2.458752609350496
2015-08-23,HOBBIES_1_014,CA_1,0.0,0.8248204496248104
2015-08-24,HOBBIES_1_014,CA_1,0.0,0.7883014054098021
2015-08-24,HOBBIES_1_014,CA_1,0.0,0.7663691241818332
2015-08-25,HOBBIES_1_014,CA_1,3.0,0.7216368438866042
2015-08-25,HOBBIES_1_014,CA_1,3.0,2.1280459789627906
2015-08-26,HOBBIES_1_014,CA_1,6.0,2.046650706934814
2015-08-26,HOBBIES_1_014,CA_1,6.0,3.7216562982906787
2015-08-27,HOBBIES_1_014,CA_1,0.0,3.437265272508624
2015-08-27,HOBBIES_1_014,CA_1,0.0,0.5764436864068655
2015-08-28,HOBBIES_1_014,CA_1,2.0,0.6691834330067844
2015-08-28,HOBBIES_1_014,CA_1,2.0,1.5796130953430736
2015-08-29,HOBBIES_1_014,CA_1,2.0,2.1649405158995627
2015-08-29,HOBBIES_1_014,CA_1,2.0,2.167018138956364
2015-08-30,HOBBIES_1_014,CA_1,0.0,1.8249125888093467
2015-08-30,HOBBIES_1_014,CA_1,0.0,0.8154685157869253
2015-08-31,HOBBIES_1_014,CA_1,1.0,0.631103962048024
2015-08-31,HOBBIES_1_014,CA_1,1.0,1.1234525448315547
2015-09-01,HOBBIES_1_014,CA_1,2.0,1.2956559473036835
2015-09-01,HOBBIES_1_014,CA_1,2.0,1.7286558493902482
2015-09-02,HOBBIES_1_014,CA_1,0.0,1.612154279503898
2015-09-02,HOBBIES_1_014,CA_1,0.0,0.7061744722386034
2015-09-03,HOBBIES_1_014,CA_1,2.0,0.6463648075034832
2015-09-03,HOBBIES_1_014,CA_1,2.0,1.5614202653647202
2015-09-04,HOBBIES_1_014,CA_1,0.0,1.7655085475672712
2015-09-04,HOBBIES_1_014,CA_1,0.0,0.788624723780319
2015-09-05,HOBBIES_1_014,CA_1,4.0,1.084458923335942
2015-09-05,HOBBIES_1_014,CA_1,4.0,3.073734258623574
2015-09-06,HOBBIES_1_014,CA_1,2.0,2.836361369033202
2015-09-06,HOBBIES_1_014,CA_1,2.0,1.8167970971165128
2015-09-07,HOBBIES_1_014,CA_1,5.0,1.46827662599154
2015-09-07,HOBBIES_1_014,CA_1,5.0,2.7664850651826116
2015-09-08,HOBBIES_1_014,CA_1,1.0,2.5072818132317023
2015-09-08,HOBBIES_1_014,CA_1,1.0,1.103017778182915
2015-09-09,HOBBIES_1_014,CA_1,0.0,1.0378864370640035
2015-09-09,HOBBIES_1_014,CA_1,0.0,0.6068382299978998
2015-09-10,HOBBIES_1_014,CA_1,0.0,0.5654590453264994
2015-09-10,HOBBIES_1_014,CA_1,0.0,0.5778248138347765
2015-09-11,HOBBIES_1_014,CA_1,4.0,0.746452883557366
2015-09-11,HOBBIES_1_014,CA_1,4.0,2.749742356761721
2015-09-12,HOBBIES_1_014,CA_1,3.0,3.168643992159593
2015-09-12,HOBBIES_1_014,CA_1,3.0,2.563746201345716
2015-09-13,HOBBIES_1_014,CA_1,1.0,2.4218956673004888
2015-09-13,HOBBIES_1_014,CA_1,1.0,1.3363232717902318
2015-09-14,HOBBIES_1_014,CA_1,0.0,1.104081979151273
2015-09-14,HOBBIES_1_014,CA_1,0.0,0.6280856582899741
2015-09-15,HOBBIES_1_014,CA_1,2.0,0.5709554679665808
2015-09-15,HOBBIES_1_014,CA_1,2.0,1.5077872740509706
2015-09-16,HOBBIES_1_014,CA_1,2.0,1.5548791165885638
2015-09-16,HOBBIES_1_014,CA_1,2.0,1.5557590938210883
2015-09-17,HOBBIES_1_014,CA_1,1.0,1.5655702777718021
2015-09-17,HOBBIES_1_014,CA_1,1.0,1.1284920814058301
2015-09-18,HOBBIES_1_014,CA_1,3.0,1.2686504307216615
2015-09-18,HOBBIES_1_014,CA_1,3.0,2.2041164135399813
2015-09-19,HOBBIES_1_014,CA_1,6.0,2.7151124427820155
2015-09-19,HOBBIES_1_014,CA_1,6.0,4.150773146561196
2015-09-20,HOBBIES_1_014,CA_1,0.0,3.647085390810608
2015-09-20,HOBBIES_1_014,CA_1,0.0,0.7239485436593835
2015-09-21,HOBBIES_1_014,CA_1,1.0,0.6238026927792681
2015-09-21,HOBBIES_1_014,CA_1,1.0,1.088938840701143
2015-09-22,HOBBIES_1_014,CA_1,0.0,1.0668105529558947
2015-09-22,HOBBIES_1_014,CA_1,0.0,0.586333557898584
2015-09-23,HOBBIES_1_014,CA_1,1.0,0.6964755719171586
2015-09-23,HOBBIES_1_014,CA_1,1.0,1.1415044418758027
2015-09-24,HOBBIES_1_014,CA_1,0.0,1.1216828884668861
2015-09-24,HOBBIES_1_014,CA_1,0.0,0.6374908942421695
2015-09-25,HOBBIES_1_014,CA_1,0.0,1.0592393368768804
2015-09-25,HOBBIES_1_014,CA_1,0.0,1.0551610425974731
2015-09-26,HOBBIES_1_014,CA_1,7.0,1.0853229434961988
2015-09-26,HOBBIES_1_014,CA_1,7.0,5.915013253995512
2015-09-27,HOBBIES_1_014,CA_1,0.0,4.663461955156013
2015-09-27,HOBBIES_1_014,CA_1,0.0,0.7182521072944017
2015-09-28,HOBBIES_1_014,CA_1,1.0,0.5240763696047867
2015-09-28,HOBBIES_1_014,CA_1,1.0,1.0123466581089102
2015-09-29,HOBBIES_1_014,CA_1,1.0,1.027125660506225
2015-09-29,HOBBIES_1_014,CA_1,1.0,1.036551613016991
2015-09-30,HOBBIES_1_014,CA_1,2.0,1.114757600568001
2015-09-30,HOBBIES_1_014,CA_1,2.0,1.5614191105973927
2015-10-01,HOBBIES_1_014,CA_1,3.0,1.5511260835885339
2015-10-01,HOBBIES_1_014,CA_1,3.0,1.9460430076559028
2015-10-02,HOBBIES_1_014,CA_1,3.0,2.198467827664458
2015-10-02,HOBBIES_1_014,CA_1,3.0,2.1799319486507214
2015-10-03,HOBBIES_1_014,CA_1,6.0,3.591709175351803
2015-10-03,HOBBIES_1_014,CA_1,6.0,5.097455712159892
2015-10-04,HOBBIES_1_014,CA_1,3.0,3.4785955683597174
2015-10-04,HOBBIES_1_014,CA_1,3.0,2.2993418834132644
2015-10-05,HOBBIES_1_014,CA_1,0.0,1.7932301397439654
2015-10-05,HOBBIES_1_014,CA_1,0.0,0.4097510200495788
2015-10-06,HOBBIES_1_014,CA_1,0.0,1.305350893289711
2015-10-06,HOBBIES_1_014,CA_1,0.0,0.5604024217901216
2015-10-07,HOBBIES_1_014,CA_1,0.0,0.6171434817084132
2015-10-07,HOBBIES_1_014,CA_1,0.0,0.6861100605075464
2015-10-08,HOBBIES_1_014,CA_1,2.0,0.6981639469643477
2015-10-08,HOBBIES_1_014,CA_1,2.0,1.5852278886842426
2015-10-09,HOBBIES_1_014,CA_1,2.0,1.772635641067884
2015-10-09,HOBBIES_1_014,CA_1,2.0,1.772635641067884
2015-10-10,HOBBIES_1_014,CA_1,5.0,2.7599407813586896
2015-10-10,HOBBIES_1_014,CA_1,5.0,3.805419512356517
2015-10-11,HOBBIES_1_014,CA_1,0.0,3.3625021020031967
2015-10-11,HOBBIES_1_014,CA_1,0.0,0.8321015214294979
2015-10-12,HOBBIES_1_014,CA_1,1.0,0.5696289279075205
2015-10-12,HOBBIES_1_014,CA_1,1.0,1.0401169475907577
2015-10-13,HOBBIES_1_014,CA_1,0.0,1.035353967192714
2015-10-13,HOBBIES_1_014,CA_1,0.0,0.5866718616977707
2015-10-14,HOBBIES_1_014,CA_1,0.0,0.6694295306886371
2015-10-14,HOBBIES_1_014,CA_1,0.0,0.6620812012346731
2015-10-15,HOBBIES_1_014,CA_1,0.0,0.7932680690890753
2015-10-15,HOBBIES_1_014,CA_1,0.0,0.7754140821405134
2015-10-16,HOBBIES_1_014,CA_1,5.0,1.007394327981094
2015-10-16,HOBBIES_1_014,CA_1,5.0,3.7395380731626826
2015-10-17,HOBBIES_1_014,CA_1,2.0,3.974285306142683
2015-10-17,HOBBIES_1_014,CA_1,2.0,2.1859859511089232
2015-10-18,HOBBIES_1_014,CA_1,2.0,1.8361958434502461
2015-10-18,HOBBIES_1_014,CA_1,2.0,1.7755493515585057
2015-10-19,HOBBIES_1_014,CA_1,1.0,1.3854442183896456
2015-10-19,HOBBIES_1_014,CA_1,1.0,0.9845200939145853
2015-10-20,HOBBIES_1_014,CA_1,1.0,1.0088629431627212
2015-10-20,HOBBIES_1_014,CA_1,1.0,1.039690402495601
2015-10-21,HOBBIES_1_014,CA_1,0.0,1.0554902653423557
2015-10-21,HOBBIES_1_014,CA_1,0.0,0.6241230033265389
2015-10-22,HOBBIES_1_014,CA_1,2.0,0.6442272142861112
2015-10-22,HOBBIES_1_014,CA_1,2.0,1.5654974048768
2015-10-23,HOBBIES_1_014,CA_1,2.0,1.815023248768213
2015-10-23,HOBBIES_1_014,CA_1,2.0,1.8047302217593542
2015-10-24,HOBBIES_1_014,CA_1,2.0,2.14794994821101
2015-10-24,HOBBIES_1_014,CA_1,2.0,1.9288434967713661
2015-10-25,HOBBIES_1_014,CA_1,0.0,1.8019005990013148
2015-10-25,HOBBIES_1_014,CA_1,0.0,0.6802492714974344
2015-10-26,HOBBIES_1_014,CA_1,3.0,0.49344909419863175
2015-10-26,HOBBIES_1_014,CA_1,3.0,1.8811728474034741
2015-10-27,HOBBIES_1_014,CA_1,0.0,1.9048703453647347
2015-10-27,HOBBIES_1_014,CA_1,0.0,0.525157796817229
2015-10-28,HOBBIES_1_014,CA_1,7.0,0.5820608233055364
2015-10-28,HOBBIES_1_014,CA_1,7.0,4.574588944454551
2015-10-29,HOBBIES_1_014,CA_1,2.0,3.815499118175679
2015-10-29,HOBBIES_1_014,CA_1,2.0,1.4046660320423967
2015-10-30,HOBBIES_1_014,CA_1,1.0,1.8176453700214419
2015-10-30,HOBBIES_1_014,CA_1,1.0,1.3906640764280922
2015-10-31,HOBBIES_1_014,CA_1,0.0,1.3443544181093305
2015-10-31,HOBBIES_1_014,CA_1,0.0,0.7306226024197505
2015-11-01,HOBBIES_1_014,CA_1,1.0,0.7007739878486858
2015-11-01,HOBBIES_1_014,CA_1,1.0,1.4020403698932815
2015-11-02,HOBBIES_1_014,CA_1,7.0,1.1569996339741162
2015-11-02,HOBBIES_1_014,CA_1,7.0,4.7632518578272975
2015-11-03,HOBBIES_1_014,CA_1,2.0,3.787159093818146
2015-11-03,HOBBIES_1_014,CA_1,2.0,1.4642755749998715
2015-11-04,HOBBIES_1_014,CA_1,1.0,1.4589893670553087
2015-11-04,HOBBIES_1_014,CA_1,1.0,1.0685446597363788
2015-11-05,HOBBIES_1_014,CA_1,0.0,1.1496578664821193
2015-11-05,HOBBIES_1_014,CA_1,0.0,0.5308739134760044
2015-11-06,HOBBIES_1_014,CA_1,1.0,0.6932026984894226
2015-11-06,HOBBIES_1_014,CA_1,1.0,1.2423476108569387
2015-11-07,HOBBIES_1_014,CA_1,5.0,1.4531526036607199
2015-11-07,HOBBIES_1_014,CA_1,5.0,3.9143185203235076
2015-11-08,HOBBIES_1_014,CA_1,3.0,3.6177680701022648
2015-11-08,HOBBIES_1_014,CA_1,3.0,2.7524368999958644
2015-11-09,HOBBIES_1_014,CA_1,0.0,2.444811935517056
2015-11-09,HOBBIES_1_014,CA_1,0.0,1.051021105705775
2015-11-10,HOBBIES_1_014,CA_1,2.0,0.8758554278331778
2015-11-10,HOBBIES_1_014,CA_1,2.0,1.6137126378710935
2015-11-11,HOBBIES_1_014,CA_1,3.0,1.6433288920165676
2015-11-11,HOBBIES_1_014,CA_1,3.0,2.1543484475501216
2015-11-12,HOBBIES_1_014,CA_1,3.0,1.9379014397438419
2015-11-12,HOBBIES_1_014,CA_1,3.0,1.9305531102898772
2015-11-13,HOBBIES_1_014,CA_1,3.0,2.0441580564184165
2015-11-13,HOBBIES_1_014,CA_1,3.0,2.2281977584904302
2015-11-14,HOBBIES_1_014,CA_1,0.0,2.868504403049036
2015-11-14,HOBBIES_1_014,CA_1,0.0,1.3971971635894906
2015-11-15,HOBBIES_1_014,CA_1,0.0,1.3472902550877652
2015-11-15,HOBBIES_1_014,CA_1,0.0,1.3860204691557683
2015-11-16,HOBBIES_1_014,CA_1,4.0,1.006537350228279
2015-11-16,HOBBIES_1_014,CA_1,4.0,2.2593602965894193
2015-11-17,HOBBIES_1_014,CA_1,1.0,2.2912477764369665
2015-11-17,HOBBIES_1_014,CA_1,1.0,1.1389567237279605
2015-11-18,HOBBIES_1_014,CA_1,0.0,1.0948431170512258
2015-11-18,HOBBIES_1_014,CA_1,0.0,0.6334307479639313
2015-11-19,HOBBIES_1_014,CA_1,1.0,0.6236195640132176
2015-11-19,HOBBIES_1_014,CA_1,1.0,1.0923802625544767
2015-11-20,HOBBIES_1_014,CA_1,0.0,1.3038489412405783
2015-11-20,HOBBIES_1_014,CA_1,0.0,0.8364992149278824
2015-11-21,HOBBIES_1_014,CA_1,3.0,1.0184269919836837
2015-11-21,HOBBIES_1_014,CA_1,3.0,2.692053691463763
2015-11-22,HOBBIES_1_014,CA_1,1.0,2.6148200617191915
2015-11-22,HOBBIES_1_014,CA_1,1.0,1.5055726309710016
2015-11-23,HOBBIES_1_014,CA_1,3.0,1.1695435648918333
2015-11-23,HOBBIES_1_014,CA_1,3.0,2.0180722849688846
2015-11-24,HOBBIES_1_014,CA_1,2.0,1.9078672188690582
2015-11-24,HOBBIES_1_014,CA_1,2.0,1.4674738920467543
2015-11-25,HOBBIES_1_014,CA_1,5.0,1.5071005156504311
2015-11-25,HOBBIES_1_014,CA_1,5.0,2.920091446925062
2015-11-26,HOBBIES_1_014,CA_1,0.0,2.5831842414138717
2015-11-26,HOBBIES_1_014,CA_1,0.0,0.535290986321914
2015-11-27,HOBBIES_1_014,CA_1,0.0,0.779260952944802
2015-11-27,HOBBIES_1_014,CA_1,0.0,0.7759909177702449
2015-11-28,HOBBIES_1_014,CA_1,3.0,0.7750413983684763
2015-11-28,HOBBIES_1_014,CA_1,3.0,2.453361771341729
2015-11-29,HOBBIES_1_014,CA_1,3.0,2.405679470131068
2015-11-29,HOBBIES_1_014,CA_1,3.0,2.4894529172846753
2015-11-30,HOBBIES_1_014,CA_1,3.0,2.068093427711268
2015-11-30,HOBBIES_1_014,CA_1,3.0,2.0495575486975315
2015-12-01,HOBBIES_1_014,CA_1,3.0,1.9286977610950498
2015-12-01,HOBBIES_1_014,CA_1,3.0,1.880025868465274
2015-12-02,HOBBIES_1_014,CA_1,3.0,1.967575283425014
2015-12-02,HOBBIES_1_014,CA_1,3.0,1.967575283425014
2015-12-03,HOBBIES_1_014,CA_1,2.0,2.0433067464389754
2015-12-03,HOBBIES_1_014,CA_1,2.0,1.5508230699191574
2015-12-04,HOBBIES_1_014,CA_1,4.0,1.7453854878483663
2015-12-04,HOBBIES_1_014,CA_1,4.0,2.514186582775375
2015-12-05,HOBBIES_1_014,CA_1,3.0,3.189809875460976
2015-12-05,HOBBIES_1_014,CA_1,3.0,3.0107094143506004
2015-12-06,HOBBIES_1_014,CA_1,0.0,2.674618441996147
2015-12-06,HOBBIES_1_014,CA_1,0.0,1.2502670628269554
2015-12-07,HOBBIES_1_014,CA_1,3.0,1.0489514050757713
2015-12-07,HOBBIES_1_014,CA_1,3.0,2.2368672859441023
2015-12-08,HOBBIES_1_014,CA_1,2.0,2.1287969181531974
2015-12-08,HOBBIES_1_014,CA_1,2.0,1.6363132416333797
2015-12-09,HOBBIES_1_014,CA_1,1.0,1.7926147550421627
2015-12-09,HOBBIES_1_014,CA_1,1.0,1.3862523430005083
2015-12-10,HOBBIES_1_014,CA_1,1.0,1.2103244893494756
2015-12-10,HOBBIES_1_014,CA_1,1.0,1.2176728188034402
2015-12-11,HOBBIES_1_014,CA_1,6.0,1.4234264642330834
2015-12-11,HOBBIES_1_014,CA_1,6.0,4.111476888256643
2015-12-12,HOBBIES_1_014,CA_1,0.0,4.198115732777765
2015-12-12,HOBBIES_1_014,CA_1,0.0,1.7459023416119617
2015-12-13,HOBBIES_1_014,CA_1,3.0,1.2968449574327936
2015-12-13,HOBBIES_1_014,CA_1,3.0,2.788129181623535
2015-12-14,HOBBIES_1_014,CA_1,0.0,2.261520437266947
2015-12-14,HOBBIES_1_014,CA_1,0.0,1.0619522390949732
2015-12-15,HOBBIES_1_014,CA_1,0.0,1.0357699541994119
2015-12-15,HOBBIES_1_014,CA_1,0.0,0.8681265675142147
2015-12-16,HOBBIES_1_014,CA_1,0.0,0.7103297317742693
2015-12-16,HOBBIES_1_014,CA_1,0.0,0.7176780612282333
2015-12-17,HOBBIES_1_014,CA_1,0.0,0.6694295306886371
2015-12-17,HOBBIES_1_014,CA_1,0.0,0.6128517072494292
2015-12-18,HOBBIES_1_014,CA_1,1.0,0.735589752507539
2015-12-18,HOBBIES_1_014,CA_1,1.0,1.6105037034889227
2015-12-19,HOBBIES_1_014,CA_1,0.0,1.4340018019946363
2015-12-19,HOBBIES_1_014,CA_1,0.0,0.7541199702779599
2015-12-20,HOBBIES_1_014,CA_1,4.0,0.7825243890136327
2015-12-20,HOBBIES_1_014,CA_1,4.0,3.11807557467642
2015-12-21,HOBBIES_1_014,CA_1,1.0,2.2478619547283727
2015-12-21,HOBBIES_1_014,CA_1,1.0,1.1057951581547871
2015-12-22,HOBBIES_1_014,CA_1,0.0,1.0301265556447798
2015-12-22,HOBBIES_1_014,CA_1,0.0,0.4943386183658255
2015-12-23,HOBBIES_1_014,CA_1,3.0,0.4943386183658255
2015-12-23,HOBBIES_1_014,CA_1,3.0,1.8922449546597138
2015-12-24,HOBBIES_1_014,CA_1,1.0,1.8985765336884717
2015-12-24,HOBBIES_1_014,CA_1,1.0,1.0870295821330869
2015-12-25,HOBBIES_1_014,CA_1,0.0,1.229772918321835
2015-12-25,HOBBIES_1_014,CA_1,0.0,0.6896465389190977
2015-12-26,HOBBIES_1_014,CA_1,3.0,0.664796996086046
2015-12-26,HOBBIES_1_014,CA_1,3.0,2.310418939579805
2015-12-27,HOBBIES_1_014,CA_1,6.0,2.579480675632007
2015-12-27,HOBBIES_1_014,CA_1,6.0,4.389179106330071
2015-12-28,HOBBIES_1_014,CA_1,0.0,3.189657493221845
2015-12-28,HOBBIES_1_014,CA_1,0.0,0.45179370048983186
2015-12-29,HOBBIES_1_014,CA_1,2.0,0.4567615189364326
2015-12-29,HOBBIES_1_014,CA_1,2.0,1.3858426231655454
2015-12-30,HOBBIES_1_014,CA_1,1.0,1.4871326577265223
2015-12-30,HOBBIES_1_014,CA_1,1.0,1.056210378696759
2015-12-31,HOBBIES_1_014,CA_1,4.0,1.0569897752149457
2015-12-31,HOBBIES_1_014,CA_1,4.0,2.4210757857270067
2016-01-01,HOBBIES_1_014,CA_1,7.0,2.440899456097394
2016-01-01,HOBBIES_1_014,CA_1,7.0,3.884044100825281
2016-01-02,HOBBIES_1_014,CA_1,4.0,4.411299833113798
2016-01-02,HOBBIES_1_014,CA_1,4.0,3.0702177476704096
2016-01-03,HOBBIES_1_014,CA_1,2.0,3.3447151716356522
2016-01-03,HOBBIES_1_014,CA_1,2.0,2.3805588729218297
2016-01-04,HOBBIES_1_014,CA_1,1.0,1.4412511344724661
2016-01-04,HOBBIES_1_014,CA_1,1.0,1.0908596210929074
2016-01-05,HOBBIES_1_014,CA_1,1.0,1.1451943407627643
2016-01-05,HOBBIES_1_014,CA_1,1.0,1.1991369397897034
2016-01-06,HOBBIES_1_014,CA_1,7.0,1.2504300965389215
2016-01-06,HOBBIES_1_014,CA_1,7.0,4.144637389910176
2016-01-07,HOBBIES_1_014,CA_1,2.0,4.09011928630369
2016-01-07,HOBBIES_1_014,CA_1,2.0,1.7043678464940715
2016-01-08,HOBBIES_1_014,CA_1,2.0,1.8176586029956943
2016-01-08,HOBBIES_1_014,CA_1,2.0,1.7616486672904665
2016-01-09,HOBBIES_1_014,CA_1,2.0,3.5477872758942373
2016-01-09,HOBBIES_1_014,CA_1,2.0,3.5531349341255956
2016-01-10,HOBBIES_1_014,CA_1,1.0,2.428952828376558
2016-01-10,HOBBIES_1_014,CA_1,1.0,2.190469246958806
2016-01-11,HOBBIES_1_014,CA_1,6.0,1.3626389644540369
2016-01-11,HOBBIES_1_014,CA_1,6.0,3.2813616375290358
2016-01-12,HOBBIES_1_014,CA_1,0.0,3.2681564716336133
2016-01-12,HOBBIES_1_014,CA_1,0.0,0.9817055419502826
2016-01-13,HOBBIES_1_014,CA_1,0.0,1.0911022235633299
2016-01-13,HOBBIES_1_014,CA_1,0.0,1.0911022235633299
2016-01-14,HOBBIES_1_014,CA_1,15.0,1.1696312283277548
2016-01-14,HOBBIES_1_014,CA_1,15.0,9.225970293474335
2016-01-15,HOBBIES_1_014,CA_1,3.0,7.522146185322831
2016-01-15,HOBBIES_1_014,CA_1,3.0,3.293461862167524
2016-01-16,HOBBIES_1_014,CA_1,0.0,3.877596819279457
2016-01-16,HOBBIES_1_014,CA_1,0.0,2.0496711245266677
2016-01-17,HOBBIES_1_014,CA_1,0.0,1.6527852778017649
2016-01-17,HOBBIES_1_014,CA_1,0.0,0.6985787460708734
2016-01-18,HOBBIES_1_014,CA_1,0.0,2.287235200661719
2016-01-18,HOBBIES_1_014,CA_1,0.0,1.200428787140534
2016-01-19,HOBBIES_1_014,CA_1,1.0,1.1244720646387762
2016-01-19,HOBBIES_1_014,CA_1,1.0,1.4642144938667907
2016-01-20,HOBBIES_1_014,CA_1,1.0,1.4957239651664873
2016-01-20,HOBBIES_1_014,CA_1,1.0,1.4957239651664873
2016-01-21,HOBBIES_1_014,CA_1,4.0,1.153861554034351
2016-01-21,HOBBIES_1_014,CA_1,4.0,2.601568684398492
2016-01-22,HOBBIES_1_014,CA_1,4.0,2.746950989973646
2016-01-22,HOBBIES_1_014,CA_1,4.0,2.917627874345626
2016-01-23,HOBBIES_1_014,CA_1,1.0,3.4274796476783425
2016-01-23,HOBBIES_1_014,CA_1,1.0,1.9972635797938167
2016-01-24,HOBBIES_1_014,CA_1,4.0,1.934384697558999
2016-01-24,HOBBIES_1_014,CA_1,4.0,3.1930935385000008
2016-01-25,HOBBIES_1_014,CA_1,2.0,2.3596459167927213
2016-01-25,HOBBIES_1_014,CA_1,2.0,1.6585921707504008
2016-01-26,HOBBIES_1_014,CA_1,1.0,1.597032108052184
2016-01-26,HOBBIES_1_014,CA_1,1.0,1.3490709038869009
2016-01-27,HOBBIES_1_014,CA_1,2.0,1.3490709038869009
2016-01-27,HOBBIES_1_014,CA_1,2.0,1.6948698518838912
2016-01-28,HOBBIES_1_014,CA_1,0.0,2.241696330777482
2016-01-28,HOBBIES_1_014,CA_1,0.0,1.0080214390381397
2016-01-29,HOBBIES_1_014,CA_1,4.0,1.0022530291248612
2016-01-29,HOBBIES_1_014,CA_1,4.0,2.7808456327601956
2016-01-30,HOBBIES_1_014,CA_1,1.0,2.8426722847545927
2016-01-30,HOBBIES_1_014,CA_1,1.0,1.3161893534932412
2016-01-31,HOBBIES_1_014,CA_1,6.0,1.3988773325795538
2016-01-31,HOBBIES_1_014,CA_1,6.0,4.120345051499891
2016-02-01,HOBBIES_1_014,CA_1,2.0,2.992008510665764
2016-02-01,HOBBIES_1_014,CA_1,2.0,1.5101901529873178
2016-02-02,HOBBIES_1_014,CA_1,1.0,1.5330160737232628
2016-02-02,HOBBIES_1_014,CA_1,1.0,1.1889975587469503
2016-02-03,HOBBIES_1_014,CA_1,0.0,1.2056780885658598
2016-02-03,HOBBIES_1_014,CA_1,0.0,0.8910142700152499
2016-02-04,HOBBIES_1_014,CA_1,1.0,0.9528316168846049
2016-02-04,HOBBIES_1_014,CA_1,1.0,1.3299177303552303
2016-02-05,HOBBIES_1_014,CA_1,1.0,1.562885013877369
2016-02-05,HOBBIES_1_014,CA_1,1.0,1.562885013877369
2016-02-06,HOBBIES_1_014,CA_1,1.0,1.4531526036607199
2016-02-06,HOBBIES_1_014,CA_1,1.0,1.4490743093813125
2016-02-07,HOBBIES_1_014,CA_1,1.0,1.7255918708789784
2016-02-07,HOBBIES_1_014,CA_1,1.0,1.685275767932487
2016-02-08,HOBBIES_1_014,CA_1,0.0,1.1442102141625439
2016-02-08,HOBBIES_1_014,CA_1,0.0,0.6559399256584199
2016-02-09,HOBBIES_1_014,CA_1,1.0,0.6442272142861112
2016-02-09,HOBBIES_1_014,CA_1,1.0,1.1324975027902353
2016-02-10,HOBBIES_1_014,CA_1,0.0,1.1293564792002282
2016-02-10,HOBBIES_1_014,CA_1,0.0,0.5990240106751017
2016-02-11,HOBBIES_1_014,CA_1,1.0,0.5621333612204424
2016-02-11,HOBBIES_1_014,CA_1,1.0,1.0834331309118246
2016-02-12,HOBBIES_1_014,CA_1,0.0,1.279580831478768
2016-02-12,HOBBIES_1_014,CA_1,0.0,0.7071588837973702
2016-02-13,HOBBIES_1_014,CA_1,3.0,0.7255317309714095
2016-02-13,HOBBIES_1_014,CA_1,3.0,2.507064778900861
2016-02-14,HOBBIES_1_014,CA_1,1.0,2.396304378920266
2016-02-14,HOBBIES_1_014,CA_1,1.0,1.2527808607611495
2016-02-15,HOBBIES_1_014,CA_1,3.0,1.0533629892410343
2016-02-15,HOBBIES_1_014,CA_1,3.0,1.8695530659920485
2016-02-16,HOBBIES_1_014,CA_1,4.0,1.842914173409601
2016-02-16,HOBBIES_1_014,CA_1,4.0,2.167059056447653
2016-02-17,HOBBIES_1_014,CA_1,0.0,2.2856322812991277
2016-02-17,HOBBIES_1_014,CA_1,0.0,0.45136721059707496
2016-02-18,HOBBIES_1_014,CA_1,1.0,0.46431941813779554
2016-02-18,HOBBIES_1_014,CA_1,1.0,0.9929675172831418
2016-02-19,HOBBIES_1_014,CA_1,0.0,1.1172034919565004
2016-02-19,HOBBIES_1_014,CA_1,0.0,0.5944266944197081
2016-02-20,HOBBIES_1_014,CA_1,4.0,0.8064017389598501
2016-02-20,HOBBIES_1_014,CA_1,4.0,3.134604595168673
2016-02-21,HOBBIES_1_014,CA_1,2.0,2.8570234077548786
2016-02-21,HOBBIES_1_014,CA_1,2.0,1.7398828599598248
2016-02-22,HOBBIES_1_014,CA_1,2.0,1.4569033721148066
2016-02-22,HOBBIES_1_014,CA_1,2.0,1.450089061668417
2016-02-23,HOBBIES_1_014,CA_1,3.0,1.522243654100561
2016-02-23,HOBBIES_1_014,CA_1,3.0,2.030829570470267
2016-02-24,HOBBIES_1_014,CA_1,2.0,1.905404364372309
2016-02-24,HOBBIES_1_014,CA_1,2.0,1.458542685328565
2016-02-25,HOBBIES_1_014,CA_1,4.0,1.4683538692792788
2016-02-25,HOBBIES_1_014,CA_1,4.0,2.3490822817866777
2016-02-26,HOBBIES_1_014,CA_1,0.0,2.330955139808211
2016-02-26,HOBBIES_1_014,CA_1,0.0,0.6510645453332391
2016-02-27,HOBBIES_1_014,CA_1,0.0,1.0758833525611857
2016-02-27,HOBBIES_1_014,CA_1,0.0,1.0911491964003652
2016-02-28,HOBBIES_1_014,CA_1,0.0,0.8199090912383467
2016-02-28,HOBBIES_1_014,CA_1,0.0,0.8800821529012112
2016-02-29,HOBBIES_1_014,CA_1,4.0,0.7956485800964387
2016-02-29,HOBBIES_1_014,CA_1,4.0,2.4285993943677444
2016-03-01,HOBBIES_1_014,CA_1,0.0,2.4341801632731217
2016-03-01,HOBBIES_1_014,CA_1,0.0,0.8147890345552355
2016-03-02,HOBBIES_1_014,CA_1,0.0,0.6367252388660413
2016-03-02,HOBBIES_1_014,CA_1,0.0,0.6367252388660413
2016-03-03,HOBBIES_1_014,CA_1,3.0,0.7010496351015596
2016-03-03,HOBBIES_1_014,CA_1,3.0,2.064927064977703
2016-03-04,HOBBIES_1_014,CA_1,3.0,2.071642684022021
2016-03-04,HOBBIES_1_014,CA_1,3.0,2.1595661435827105
2016-03-05,HOBBIES_1_014,CA_1,0.0,2.560979575782582
2016-03-05,HOBBIES_1_014,CA_1,0.0,0.9315910287134098
2016-03-06,HOBBIES_1_014,CA_1,6.0,0.7367879863081385
2016-03-06,HOBBIES_1_014,CA_1,6.0,3.816245085990127
2016-03-07,HOBBIES_1_014,CA_1,4.0,3.294693324960681
2016-03-07,HOBBIES_1_014,CA_1,4.0,2.1822136788879183
2016-03-08,HOBBIES_1_014,CA_1,1.0,2.0242453064979458
2016-03-08,HOBBIES_1_014,CA_1,1.0,1.0148820744332432
2016-03-09,HOBBIES_1_014,CA_1,2.0,0.9574484546336717
2016-03-09,HOBBIES_1_014,CA_1,2.0,1.3998743092310024
2016-03-10,HOBBIES_1_014,CA_1,2.0,1.584916889452425
2016-03-10,HOBBIES_1_014,CA_1,2.0,1.6388594884793641
2016-03-11,HOBBIES_1_014,CA_1,4.0,1.6786904225172457
2016-03-11,HOBBIES_1_014,CA_1,4.0,2.542720813495996
2016-03-12,HOBBIES_1_014,CA_1,1.0,2.868530802966755
2016-03-12,HOBBIES_1_014,CA_1,1.0,1.5183593918244702
2016-03-13,HOBBIES_1_014,CA_1,2.0,1.888524593436758
2016-03-13,HOBBIES_1_014,CA_1,2.0,2.3820364878305633
2016-03-14,HOBBIES_1_014,CA_1,2.0,1.7396161852904117
2016-03-14,HOBBIES_1_014,CA_1,2.0,1.742886220464969
2016-03-15,HOBBIES_1_014,CA_1,7.0,1.597032108052184
2016-03-15,HOBBIES_1_014,CA_1,7.0,3.7773479098674323
2016-03-16,HOBBIES_1_014,CA_1,1.0,3.6598911422042772
2016-03-16,HOBBIES_1_014,CA_1,1.0,1.2919242154261752
2016-03-17,HOBBIES_1_014,CA_1,1.0,1.4044788068864553
2016-03-17,HOBBIES_1_014,CA_1,1.0,1.42228580308235
2016-03-18,HOBBIES_1_014,CA_1,2.0,1.7290993644339259
2016-03-18,HOBBIES_1_014,CA_1,2.0,2.119629219624281
2016-03-19,HOBBIES_1_014,CA_1,0.0,2.3164274193776007
2016-03-19,HOBBIES_1_014,CA_1,0.0,1.3762524281373842
2016-03-20,HOBBIES_1_014,CA_1,2.0,1.635809379877404
2016-03-20,HOBBIES_1_014,CA_1,2.0,2.640991627540005
2016-03-21,HOBBIES_1_014,CA_1,3.0,1.7874434721384271
2016-03-21,HOBBIES_1_014,CA_1,3.0,2.2230241221699365
2016-03-22,HOBBIES_1_014,CA_1,1.0,2.230206834509135
2016-03-22,HOBBIES_1_014,CA_1,1.0,1.2811348504827518
2016-03-23,HOBBIES_1_014,CA_1,2.0,1.20345514348128
2016-03-23,HOBBIES_1_014,CA_1,2.0,1.6035732568283405
2016-03-24,HOBBIES_1_014,CA_1,0.0,1.6004322332383334
2016-03-24,HOBBIES_1_014,CA_1,0.0,0.5835308381077637
2016-03-25,HOBBIES_1_014,CA_1,3.0,1.014186465070781
2016-03-25,HOBBIES_1_014,CA_1,3.0,2.413415015215651
2016-03-26,HOBBIES_1_014,CA_1,0.0,2.4650635250718866
2016-03-26,HOBBIES_1_014,CA_1,0.0,0.8270530710667949
2016-03-27,HOBBIES_1_014,CA_1,4.0,0.9281014674327004
2016-03-27,HOBBIES_1_014,CA_1,4.0,2.945095326926545
2016-03-28,HOBBIES_1_014,CA_1,3.0,2.176960605612902
2016-03-28,HOBBIES_1_014,CA_1,3.0,1.9191402437564462
2016-03-29,HOBBIES_1_014,CA_1,0.0,1.9589921843337839
2016-03-29,HOBBIES_1_014,CA_1,0.0,0.6090361837696662
2016-03-30,HOBBIES_1_014,CA_1,0.0,0.5555359018210103
2016-03-30,HOBBIES_1_014,CA_1,0.0,0.5628842312749744
2016-03-31,HOBBIES_1_014,CA_1,1.0,0.5803011959635022
2016-03-31,HOBBIES_1_014,CA_1,1.0,1.1357675379647927
2016-04-01,HOBBIES_1_014,CA_1,2.0,1.3099919558423552
2016-04-01,HOBBIES_1_014,CA_1,2.0,1.778296812611516
2016-04-02,HOBBIES_1_014,CA_1,1.0,1.9068048266036763
2016-04-02,HOBBIES_1_014,CA_1,1.0,1.3948687282047
2016-04-03,HOBBIES_1_014,CA_1,2.0,1.4871108403030224
2016-04-03,HOBBIES_1_014,CA_1,2.0,1.946222206493099
2016-04-04,HOBBIES_1_014,CA_1,3.0,1.6358416688010216
2016-04-04,HOBBIES_1_014,CA_1,3.0,2.0680217095835927
2016-04-05,HOBBIES_1_014,CA_1,1.0,1.9119455131484655
2016-04-05,HOBBIES_1_014,CA_1,1.0,1.049739833799369
2016-04-06,HOBBIES_1_014,CA_1,2.0,1.049739833799369
2016-04-06,HOBBIES_1_014,CA_1,2.0,1.464203856872197
2016-04-07,HOBBIES_1_014,CA_1,5.0,1.454392672921483
2016-04-07,HOBBIES_1_014,CA_1,5.0,2.8990619815734027
2016-04-08,HOBBIES_1_014,CA_1,2.0,3.114021777948079
2016-04-08,HOBBIES_1_014,CA_1,2.0,1.870395556930625
2016-04-09,HOBBIES_1_014,CA_1,0.0,1.8539839701043792
2016-04-09,HOBBIES_1_014,CA_1,0.0,0.7831443926086442
2016-04-10,HOBBIES_1_014,CA_1,1.0,1.0104833098883161
2016-04-10,HOBBIES_1_014,CA_1,1.0,1.5196405199978138
2016-04-11,HOBBIES_1_014,CA_1,0.0,1.230839250046554
2016-04-11,HOBBIES_1_014,CA_1,0.0,0.8241925373969005
2016-04-12,HOBBIES_1_014,CA_1,0.0,0.592353850314395
2016-04-12,HOBBIES_1_014,CA_1,0.0,0.588275556034988
2016-04-13,HOBBIES_1_014,CA_1,4.0,0.6049560858538974
2016-04-13,HOBBIES_1_014,CA_1,4.0,2.6017415072387027
2016-04-14,HOBBIES_1_014,CA_1,3.0,2.6480873262157227
2016-04-14,HOBBIES_1_014,CA_1,3.0,2.0617287479308213
2016-04-15,HOBBIES_1_014,CA_1,0.0,2.086164044372442
2016-04-15,HOBBIES_1_014,CA_1,0.0,0.7092623022363572
2016-04-16,HOBBIES_1_014,CA_1,2.0,0.7267006162331653
2016-04-16,HOBBIES_1_014,CA_1,2.0,1.8226707920037517
2016-04-17,HOBBIES_1_014,CA_1,2.0,1.858616680290887
2016-04-17,HOBBIES_1_014,CA_1,2.0,1.8771525593046239
2016-04-18,HOBBIES_1_014,CA_1,1.0,1.5156527559608097
2016-04-18,HOBBIES_1_014,CA_1,1.0,1.1527849866590452
2016-04-19,HOBBIES_1_014,CA_1,2.0,1.0612231550136622
2016-04-19,HOBBIES_1_014,CA_1,2.0,1.4827397358859338
2016-04-20,HOBBIES_1_014,CA_1,0.0,1.5448578273937053
2016-04-20,HOBBIES_1_014,CA_1,0.0,0.6482249028926591
2016-04-21,HOBBIES_1_014,CA_1,0.0,0.8188673288346425
2016-04-21,HOBBIES_1_014,CA_1,0.0,0.7259964240541311
2016-04-22,HOBBIES_1_014,CA_1,3.0,0.6583527127423171
2016-04-22,HOBBIES_1_014,CA_1,3.0,2.1965842575345103
2016-04-23,HOBBIES_1_014,CA_1,1.0,2.4745527563777707
2016-04-23,HOBBIES_1_014,CA_1,1.0,1.3811706785319682
2016-04-24,HOBBIES_1_014,CA_1,1.0,1.4064983849658708
2016-04-24,HOBBIES_1_014,CA_1,1.0,1.4064983849658708
2015-06-04,HOBBIES_1_015,CA_1,0.0,4.876899073045255
2015-06-04,HOBBIES_1_015,CA_1,0.0,3.208929617288076
2015-06-05,HOBBIES_1_015,CA_1,6.0,3.135244381876574
2015-06-05,HOBBIES_1_015,CA_1,6.0,7.347890727945892
2015-06-06,HOBBIES_1_015,CA_1,11.0,7.724201698505224
2015-06-06,HOBBIES_1_015,CA_1,11.0,9.938727324107205
2015-06-07,HOBBIES_1_015,CA_1,1.0,9.146944826069056
2015-06-07,HOBBIES_1_015,CA_1,1.0,3.6727654894747226
2015-06-08,HOBBIES_1_015,CA_1,3.0,2.259246447771534
2015-06-08,HOBBIES_1_015,CA_1,3.0,3.889333790449705
2015-06-09,HOBBIES_1_015,CA_1,1.0,3.869049072938186
2015-06-09,HOBBIES_1_015,CA_1,1.0,2.8219905309153517
2015-06-10,HOBBIES_1_015,CA_1,8.0,3.0811326492514213
2015-06-10,HOBBIES_1_015,CA_1,8.0,7.141535107704872
2015-06-11,HOBBIES_1_015,CA_1,10.0,7.367970290996103
2015-06-11,HOBBIES_1_015,CA_1,10.0,7.609326940672638
2015-06-12,HOBBIES_1_015,CA_1,3.0,8.166934622458825
2015-06-12,HOBBIES_1_015,CA_1,3.0,4.574838877202538
2015-06-13,HOBBIES_1_015,CA_1,5.0,6.4104956603532495
2015-06-13,HOBBIES_1_015,CA_1,5.0,7.092251013807272
2015-06-14,HOBBIES_1_015,CA_1,1.0,5.4816933281082845
2015-06-14,HOBBIES_1_015,CA_1,1.0,3.580936376760628
2015-06-15,HOBBIES_1_015,CA_1,4.0,2.6725870506197467
2015-06-15,HOBBIES_1_015,CA_1,4.0,4.1209710486019135
2015-06-16,HOBBIES_1_015,CA_1,7.0,4.694273192754684
2015-06-16,HOBBIES_1_015,CA_1,7.0,6.7821969524719625
2015-06-17,HOBBIES_1_015,CA_1,1.0,7.074189653719941
2015-06-17,HOBBIES_1_015,CA_1,1.0,3.5138866991727506
2015-06-18,HOBBIES_1_015,CA_1,11.0,3.0504274618211293
2015-06-18,HOBBIES_1_015,CA_1,11.0,8.502345755612389
2015-06-19,HOBBIES_1_015,CA_1,5.0,9.181556477159619
2015-06-19,HOBBIES_1_015,CA_1,5.0,6.061796767459196
2015-06-20,HOBBIES_1_015,CA_1,9.0,6.663008274968203
2015-06-20,HOBBIES_1_015,CA_1,9.0,8.263273333770153
2015-06-21,HOBBIES_1_015,CA_1,1.0,8.172715604229774
2015-06-21,HOBBIES_1_015,CA_1,1.0,3.6224658895480952
2015-06-22,HOBBIES_1_015,CA_1,3.0,3.346365988503033
2015-06-22,HOBBIES_1_015,CA_1,3.0,4.961279164996154
2015-06-23,HOBBIES_1_015,CA_1,14.0,5.008075118930931
2015-06-23,HOBBIES_1_015,CA_1,14.0,9.592678466426436
2015-06-24,HOBBIES_1_015,CA_1,19.0,9.935533457144002
2015-06-24,HOBBIES_1_015,CA_1,19.0,8.619577916263394
2015-06-25,HOBBIES_1_015,CA_1,2.0,7.331130879975142
2015-06-25,HOBBIES_1_015,CA_1,2.0,2.781813557651352
2015-06-26,HOBBIES_1_015,CA_1,9.0,3.199281533867572
2015-06-26,HOBBIES_1_015,CA_1,9.0,7.951550346785046
2015-06-27,HOBBIES_1_015,CA_1,15.0,9.230056557391466
2015-06-27,HOBBIES_1_015,CA_1,15.0,10.908721214176623
2015-06-28,HOBBIES_1_015,CA_1,2.0,10.157111695262316
2015-06-28,HOBBIES_1_015,CA_1,2.0,3.7395210731385644
2015-06-29,HOBBIES_1_015,CA_1,2.0,2.7226146492905072
2015-06-29,HOBBIES_1_015,CA_1,2.0,2.746040925385369
2015-06-30,HOBBIES_1_015,CA_1,1.0,3.295919894408414
2015-06-30,HOBBIES_1_015,CA_1,1.0,4.079330279213441
2015-07-01,HOBBIES_1_015,CA_1,3.0,5.689818636314555
2015-07-01,HOBBIES_1_015,CA_1,3.0,5.620333992461522
2015-07-02,HOBBIES_1_015,CA_1,0.0,4.733917755583401
2015-07-02,HOBBIES_1_015,CA_1,0.0,3.0046304108377484
2015-07-03,HOBBIES_1_015,CA_1,10.0,4.258969184317626
2015-07-03,HOBBIES_1_015,CA_1,10.0,9.442784390356664
2015-07-04,HOBBIES_1_015,CA_1,8.0,8.906900830031745
2015-07-04,HOBBIES_1_015,CA_1,8.0,8.451086617094765
2015-07-05,HOBBIES_1_015,CA_1,4.0,7.782840588172425
2015-07-05,HOBBIES_1_015,CA_1,4.0,6.0727046382178935
2015-07-06,HOBBIES_1_015,CA_1,18.0,4.5832293626359295
2015-07-06,HOBBIES_1_015,CA_1,18.0,9.078257016506166
2015-07-07,HOBBIES_1_015,CA_1,6.0,11.593198683445728
2015-07-07,HOBBIES_1_015,CA_1,6.0,5.8537279135558515
2015-07-08,HOBBIES_1_015,CA_1,19.0,5.375610634948664
2015-07-08,HOBBIES_1_015,CA_1,19.0,7.953647394193063
2015-07-09,HOBBIES_1_015,CA_1,14.0,9.751953314750319
2015-07-09,HOBBIES_1_015,CA_1,14.0,8.026876299124158
2015-07-10,HOBBIES_1_015,CA_1,2.0,11.453354355298558
2015-07-10,HOBBIES_1_015,CA_1,2.0,3.486540953824856
2015-07-11,HOBBIES_1_015,CA_1,9.0,3.7101329187809653
2015-07-11,HOBBIES_1_015,CA_1,9.0,8.802424347283653
2015-07-12,HOBBIES_1_015,CA_1,4.0,8.87069045276583
2015-07-12,HOBBIES_1_015,CA_1,4.0,5.332366147917138
2015-07-13,HOBBIES_1_015,CA_1,2.0,4.4611468993858825
2015-07-13,HOBBIES_1_015,CA_1,2.0,2.86705789349987
2015-07-14,HOBBIES_1_015,CA_1,6.0,3.673822603528931
2015-07-14,HOBBIES_1_015,CA_1,6.0,6.301435641675362
2015-07-15,HOBBIES_1_015,CA_1,8.0,7.061352844626606
2015-07-15,HOBBIES_1_015,CA_1,8.0,8.57080758225161
2015-07-16,HOBBIES_1_015,CA_1,6.0,7.1286247586072164
2015-07-16,HOBBIES_1_015,CA_1,6.0,6.1152709053992425
2015-07-17,HOBBIES_1_015,CA_1,4.0,7.2751770519321495
2015-07-17,HOBBIES_1_015,CA_1,4.0,5.425695859728857
2015-07-18,HOBBIES_1_015,CA_1,6.0,6.557945338166038
2015-07-18,HOBBIES_1_015,CA_1,6.0,7.81964074657748
2015-07-19,HOBBIES_1_015,CA_1,7.0,7.632296882754669
2015-07-19,HOBBIES_1_015,CA_1,7.0,8.169889190294903
2015-07-20,HOBBIES_1_015,CA_1,8.0,6.431810117264687
2015-07-20,HOBBIES_1_015,CA_1,8.0,6.751533490646078
2015-07-21,HOBBIES_1_015,CA_1,2.0,7.251223499973129
2015-07-21,HOBBIES_1_015,CA_1,2.0,3.851130673020559
2015-07-22,HOBBIES_1_015,CA_1,9.0,3.762258091267534
2015-07-22,HOBBIES_1_015,CA_1,9.0,8.029637865511367
2015-07-23,HOBBIES_1_015,CA_1,3.0,8.369561224963359
2015-07-23,HOBBIES_1_015,CA_1,3.0,5.084275175013865
2015-07-24,HOBBIES_1_015,CA_1,21.0,4.663730664458555
2015-07-24,HOBBIES_1_015,CA_1,21.0,11.006076207207563
2015-07-25,HOBBIES_1_015,CA_1,15.0,8.608228255040567
2015-07-25,HOBBIES_1_015,CA_1,15.0,10.94342124098748
2015-07-26,HOBBIES_1_015,CA_1,5.0,10.116722159041695
2015-07-26,HOBBIES_1_015,CA_1,5.0,6.068499271987048
2015-07-27,HOBBIES_1_015,CA_1,6.0,4.719099091392236
2015-07-27,HOBBIES_1_015,CA_1,6.0,4.8554986252402
2015-07-28,HOBBIES_1_015,CA_1,1.0,5.614057195587026
2015-07-28,HOBBIES_1_015,CA_1,1.0,2.5456141319363543
2015-07-29,HOBBIES_1_015,CA_1,11.0,4.915285393820102
2015-07-29,HOBBIES_1_015,CA_1,11.0,9.905023580267617
2015-07-30,HOBBIES_1_015,CA_1,3.0,9.489212885361376
2015-07-30,HOBBIES_1_015,CA_1,3.0,4.701789548623719
2015-07-31,HOBBIES_1_015,CA_1,8.0,6.19892590129319
2015-07-31,HOBBIES_1_015,CA_1,8.0,8.864983135284971
2015-08-01,HOBBIES_1_015,CA_1,3.0,9.110099591852448
2015-08-01,HOBBIES_1_015,CA_1,3.0,5.970123353222722
2015-08-02,HOBBIES_1_015,CA_1,7.0,5.527590810306065
2015-08-02,HOBBIES_1_015,CA_1,7.0,7.947137412404715
2015-08-03,HOBBIES_1_015,CA_1,9.0,6.810262638527062
2015-08-03,HOBBIES_1_015,CA_1,9.0,8.40772974053099
2015-08-04,HOBBIES_1_015,CA_1,1.0,7.840352029727346
2015-08-04,HOBBIES_1_015,CA_1,1.0,3.1156030570208317
2015-08-05,HOBBIES_1_015,CA_1,6.0,3.6862887616856193
2015-08-05,HOBBIES_1_015,CA_1,6.0,6.555576073919062
2015-08-06,HOBBIES_1_015,CA_1,2.0,6.538427392095572
2015-08-06,HOBBIES_1_015,CA_1,2.0,4.227843196188118
2015-08-07,HOBBIES_1_015,CA_1,4.0,5.53735398581111
2015-08-07,HOBBIES_1_015,CA_1,4.0,10.609519451535737
2015-08-08,HOBBIES_1_015,CA_1,9.0,7.536679709595013
2015-08-08,HOBBIES_1_015,CA_1,9.0,7.709362852941969
2015-08-09,HOBBIES_1_015,CA_1,2.0,8.53656273364274
2015-08-09,HOBBIES_1_015,CA_1,2.0,4.494069885267977
2015-08-10,HOBBIES_1_015,CA_1,5.0,4.263645186729481
2015-08-10,HOBBIES_1_015,CA_1,5.0,6.6689804602858205
2015-08-11,HOBBIES_1_015,CA_1,5.0,5.43776337084081
2015-08-11,HOBBIES_1_015,CA_1,5.0,5.342728218521026
2015-08-12,HOBBIES_1_015,CA_1,11.0,6.208526374595225
2015-08-12,HOBBIES_1_015,CA_1,11.0,8.729538727090134
2015-08-13,HOBBIES_1_015,CA_1,4.0,8.293510468270206
2015-08-13,HOBBIES_1_015,CA_1,4.0,4.743349416136778
2015-08-14,HOBBIES_1_015,CA_1,13.0,5.358405811580446
2015-08-14,HOBBIES_1_015,CA_1,13.0,9.658624776378616
2015-08-15,HOBBIES_1_015,CA_1,16.0,10.268036099351434
2015-08-15,HOBBIES_1_015,CA_1,16.0,11.274227960944938
2015-08-16,HOBBIES_1_015,CA_1,12.0,10.787205326598244
2015-08-16,HOBBIES_1_015,CA_1,12.0,9.65059999958388
2015-08-17,HOBBIES_1_015,CA_1,0.0,8.55405079629599
2015-08-17,HOBBIES_1_015,CA_1,0.0,1.4314219071152339
2015-08-18,HOBBIES_1_015,CA_1,4.0,1.200201323646409
2015-08-18,HOBBIES_1_015,CA_1,4.0,3.8974737866281144
2015-08-19,HOBBIES_1_015,CA_1,3.0,4.516891234663609
2015-08-19,HOBBIES_1_015,CA_1,3.0,5.077810048328844
2015-08-20,HOBBIES_1_015,CA_1,3.0,5.838603659664279
2015-08-20,HOBBIES_1_015,CA_1,3.0,4.880769569342382
2015-08-21,HOBBIES_1_015,CA_1,3.0,6.219066292950471
2015-08-21,HOBBIES_1_015,CA_1,3.0,6.301678583906314
2015-08-22,HOBBIES_1_015,CA_1,14.0,6.714590556894415
2015-08-22,HOBBIES_1_015,CA_1,14.0,11.417943675889349
2015-08-23,HOBBIES_1_015,CA_1,2.0,9.564930540366703
2015-08-23,HOBBIES_1_015,CA_1,2.0,4.654550049293316
2015-08-24,HOBBIES_1_015,CA_1,5.0,3.543786293693736
2015-08-24,HOBBIES_1_015,CA_1,5.0,5.533069187903391
2015-08-25,HOBBIES_1_015,CA_1,8.0,5.938643900085827
2015-08-25,HOBBIES_1_015,CA_1,8.0,7.467636927321218
2015-08-26,HOBBIES_1_015,CA_1,2.0,6.731698175478988
2015-08-26,HOBBIES_1_015,CA_1,2.0,3.802034558836613
2015-08-27,HOBBIES_1_015,CA_1,8.0,3.9895610061845153
2015-08-27,HOBBIES_1_015,CA_1,8.0,7.279879779766787
2015-08-28,HOBBIES_1_015,CA_1,8.0,7.845221321747344
2015-08-28,HOBBIES_1_015,CA_1,8.0,7.443876075786296
2015-08-29,HOBBIES_1_015,CA_1,7.0,8.036779868937595
2015-08-29,HOBBIES_1_015,CA_1,7.0,8.146175919932201
2015-08-30,HOBBIES_1_015,CA_1,4.0,7.196966788711502
2015-08-30,HOBBIES_1_015,CA_1,4.0,5.345784309902019
2015-08-31,HOBBIES_1_015,CA_1,2.0,4.453849067647057
2015-08-31,HOBBIES_1_015,CA_1,2.0,2.9793122475008293
2015-09-01,HOBBIES_1_015,CA_1,3.0,4.109823050738233
2015-09-01,HOBBIES_1_015,CA_1,3.0,5.26951734106155
2015-09-02,HOBBIES_1_015,CA_1,4.0,4.572575639764201
2015-09-02,HOBBIES_1_015,CA_1,4.0,4.8051615352463335
2015-09-03,HOBBIES_1_015,CA_1,7.0,5.495340432303559
2015-09-03,HOBBIES_1_015,CA_1,7.0,7.42277683302819
2015-09-04,HOBBIES_1_015,CA_1,4.0,7.9267891509377275
2015-09-04,HOBBIES_1_015,CA_1,4.0,6.1227735726117745
2015-09-05,HOBBIES_1_015,CA_1,15.0,6.033143568053384
2015-09-05,HOBBIES_1_015,CA_1,15.0,10.541409776182135
2015-09-06,HOBBIES_1_015,CA_1,8.0,9.855548267962922
2015-09-06,HOBBIES_1_015,CA_1,8.0,7.629034608888559
2015-09-07,HOBBIES_1_015,CA_1,18.0,6.433652765825338
2015-09-07,HOBBIES_1_015,CA_1,18.0,9.529311942124702
2015-09-08,HOBBIES_1_015,CA_1,4.0,8.863628531076914
2015-09-08,HOBBIES_1_015,CA_1,4.0,3.837654755949713
2015-09-09,HOBBIES_1_015,CA_1,5.0,3.8461688649345107
2015-09-09,HOBBIES_1_015,CA_1,5.0,5.115020708784115
2015-09-10,HOBBIES_1_015,CA_1,4.0,5.603998974778989
2015-09-10,HOBBIES_1_015,CA_1,4.0,4.773587346922407
2015-09-11,HOBBIES_1_015,CA_1,3.0,5.249192708502909
2015-09-11,HOBBIES_1_015,CA_1,3.0,6.622319571849931
2015-09-12,HOBBIES_1_015,CA_1,8.0,6.970288683493432
2015-09-12,HOBBIES_1_015,CA_1,8.0,8.451561921728224
2015-09-13,HOBBIES_1_015,CA_1,10.0,8.056586666953338
2015-09-13,HOBBIES_1_015,CA_1,10.0,8.784967634117368
2015-09-14,HOBBIES_1_015,CA_1,7.0,8.192579845835837
2015-09-14,HOBBIES_1_015,CA_1,7.0,6.139769440323752
2015-09-15,HOBBIES_1_015,CA_1,7.0,6.515491496913907
2015-09-15,HOBBIES_1_015,CA_1,7.0,6.473418811393108
2015-09-16,HOBBIES_1_015,CA_1,2.0,6.585151359756693
2015-09-16,HOBBIES_1_015,CA_1,2.0,2.8810996041081816
2015-09-17,HOBBIES_1_015,CA_1,3.0,3.811842128837061
2015-09-17,HOBBIES_1_015,CA_1,3.0,4.857090351002507
2015-09-18,HOBBIES_1_015,CA_1,7.0,5.341486828689925
2015-09-18,HOBBIES_1_015,CA_1,7.0,7.73645013243975
2015-09-19,HOBBIES_1_015,CA_1,6.0,8.823796786940086
2015-09-19,HOBBIES_1_015,CA_1,6.0,8.52473515982912
2015-09-20,HOBBIES_1_015,CA_1,3.0,8.068144492193865
2015-09-20,HOBBIES_1_015,CA_1,3.0,6.519880456975
2015-09-21,HOBBIES_1_015,CA_1,4.0,5.763938133111903
2015-09-21,HOBBIES_1_015,CA_1,4.0,5.453154955005689
2015-09-22,HOBBIES_1_015,CA_1,5.0,4.6779537460791785
2015-09-22,HOBBIES_1_015,CA_1,5.0,6.667260377617488
2015-09-23,HOBBIES_1_015,CA_1,10.0,5.765294885143596
2015-09-23,HOBBIES_1_015,CA_1,10.0,7.561970366418328
2015-09-24,HOBBIES_1_015,CA_1,7.0,7.437579291148188
2015-09-24,HOBBIES_1_015,CA_1,7.0,6.4740775911662665
2015-09-25,HOBBIES_1_015,CA_1,4.0,7.410197845657844
2015-09-25,HOBBIES_1_015,CA_1,4.0,5.414807709859737
2015-09-26,HOBBIES_1_015,CA_1,11.0,6.053162600119893
2015-09-26,HOBBIES_1_015,CA_1,11.0,10.274347387131959
2015-09-27,HOBBIES_1_015,CA_1,17.0,10.823624871496564
2015-09-27,HOBBIES_1_015,CA_1,17.0,11.050880734007206
2015-09-28,HOBBIES_1_015,CA_1,7.0,9.64717314695779
2015-09-28,HOBBIES_1_015,CA_1,7.0,6.443024806244064
2015-09-29,HOBBIES_1_015,CA_1,5.0,6.409058774568743
2015-09-29,HOBBIES_1_015,CA_1,5.0,5.204937336245886
2015-09-30,HOBBIES_1_015,CA_1,2.0,5.136027611073216
2015-09-30,HOBBIES_1_015,CA_1,2.0,1.8581272371502842
2015-10-01,HOBBIES_1_015,CA_1,2.0,4.294900277707657
2015-10-01,HOBBIES_1_015,CA_1,2.0,4.087272081065274
2015-10-02,HOBBIES_1_015,CA_1,6.0,4.021185097857746
2015-10-02,HOBBIES_1_015,CA_1,6.0,7.363839928249436
2015-10-03,HOBBIES_1_015,CA_1,2.0,9.172211418798115
2015-10-03,HOBBIES_1_015,CA_1,2.0,5.51869163553861
2015-10-04,HOBBIES_1_015,CA_1,23.0,5.901689599017254
2015-10-04,HOBBIES_1_015,CA_1,23.0,21.99179115541765
2015-10-05,HOBBIES_1_015,CA_1,8.0,6.067646614873063
2015-10-05,HOBBIES_1_015,CA_1,8.0,7.028271415488031
2015-10-06,HOBBIES_1_015,CA_1,2.0,6.9985965683287175
2015-10-06,HOBBIES_1_015,CA_1,2.0,3.096713918998414
2015-10-07,HOBBIES_1_015,CA_1,8.0,2.8713532828207713
2015-10-07,HOBBIES_1_015,CA_1,8.0,6.263981066442606
2015-10-08,HOBBIES_1_015,CA_1,2.0,6.910471038957015
2015-10-08,HOBBIES_1_015,CA_1,2.0,3.5818483844206206
2015-10-09,HOBBIES_1_015,CA_1,0.0,4.145224997319313
2015-10-09,HOBBIES_1_015,CA_1,0.0,3.3507255976510164
2015-10-10,HOBBIES_1_015,CA_1,5.0,3.5569515742763858
2015-10-10,HOBBIES_1_015,CA_1,5.0,6.492133063831318
2015-10-11,HOBBIES_1_015,CA_1,1.0,7.100629002810121
2015-10-11,HOBBIES_1_015,CA_1,1.0,5.754104378787979
2015-10-12,HOBBIES_1_015,CA_1,12.0,3.974883558244606
2015-10-12,HOBBIES_1_015,CA_1,12.0,10.550050137070368
2015-10-13,HOBBIES_1_015,CA_1,0.0,8.46813701750825
2015-10-13,HOBBIES_1_015,CA_1,0.0,2.5985472593925136
2015-10-14,HOBBIES_1_015,CA_1,8.0,2.5958760123338287
2015-10-14,HOBBIES_1_015,CA_1,8.0,6.973253115097785
2015-10-15,HOBBIES_1_015,CA_1,2.0,6.918953348362747
2015-10-15,HOBBIES_1_015,CA_1,2.0,2.97859968394035
2015-10-16,HOBBIES_1_015,CA_1,1.0,5.028864728391042
2015-10-16,HOBBIES_1_015,CA_1,1.0,3.6611583351949726
2015-10-17,HOBBIES_1_015,CA_1,9.0,4.240574851421261
2015-10-17,HOBBIES_1_015,CA_1,9.0,8.952677958375673
2015-10-18,HOBBIES_1_015,CA_1,6.0,7.843590278675421
2015-10-18,HOBBIES_1_015,CA_1,6.0,7.038502632310484
2015-10-19,HOBBIES_1_015,CA_1,3.0,6.623969534615536
2015-10-19,HOBBIES_1_015,CA_1,3.0,4.773972280906775
2015-10-20,HOBBIES_1_015,CA_1,2.0,3.6767375492870094
2015-10-20,HOBBIES_1_015,CA_1,2.0,2.5946920203915167
2015-10-21,HOBBIES_1_015,CA_1,3.0,4.457135184178356
2015-10-21,HOBBIES_1_015,CA_1,3.0,5.309974799799804
2015-10-22,HOBBIES_1_015,CA_1,3.0,3.8397350471690594
2015-10-22,HOBBIES_1_015,CA_1,3.0,3.8376574241122583
2015-10-23,HOBBIES_1_015,CA_1,0.0,4.021931820533598
2015-10-23,HOBBIES_1_015,CA_1,0.0,2.291802096829612
2015-10-24,HOBBIES_1_015,CA_1,17.0,4.762210028253791
2015-10-24,HOBBIES_1_015,CA_1,17.0,15.107566744567222
2015-10-25,HOBBIES_1_015,CA_1,5.0,11.438495834559127
2015-10-25,HOBBIES_1_015,CA_1,5.0,6.448482872365553
2015-10-26,HOBBIES_1_015,CA_1,0.0,5.272103400391573
2015-10-26,HOBBIES_1_015,CA_1,0.0,2.404877347988505
2015-10-27,HOBBIES_1_015,CA_1,0.0,1.5953143070113924
2015-10-27,HOBBIES_1_015,CA_1,0.0,1.6266222769363043
2015-10-28,HOBBIES_1_015,CA_1,0.0,3.4110140689084214
2015-10-28,HOBBIES_1_015,CA_1,0.0,2.479144534819584
2015-10-29,HOBBIES_1_015,CA_1,0.0,2.174077284829998
2015-10-29,HOBBIES_1_015,CA_1,0.0,1.6791471621592078
2015-10-30,HOBBIES_1_015,CA_1,0.0,1.5685945538197936
2015-10-30,HOBBIES_1_015,CA_1,0.0,1.5685945538197936
2015-10-31,HOBBIES_1_015,CA_1,6.0,2.4885894193965057
2015-10-31,HOBBIES_1_015,CA_1,6.0,7.380767060291436
2015-11-01,HOBBIES_1_015,CA_1,15.0,7.879310390992819
2015-11-01,HOBBIES_1_015,CA_1,15.0,12.407850105305405
2015-11-02,HOBBIES_1_015,CA_1,3.0,7.701033528271324
2015-11-02,HOBBIES_1_015,CA_1,3.0,3.2413789860138906
2015-11-03,HOBBIES_1_015,CA_1,0.0,3.1290028366105056
2015-11-03,HOBBIES_1_015,CA_1,0.0,1.1400829012386335
2015-11-04,HOBBIES_1_015,CA_1,0.0,1.6586279792188299
2015-11-04,HOBBIES_1_015,CA_1,0.0,1.9941621592115757
2015-11-05,HOBBIES_1_015,CA_1,1.0,3.4368190194678356
2015-11-05,HOBBIES_1_015,CA_1,1.0,2.7603775339892818
2015-11-06,HOBBIES_1_015,CA_1,0.0,2.9057491531701016
2015-11-06,HOBBIES_1_015,CA_1,0.0,2.276608832508789
2015-11-07,HOBBIES_1_015,CA_1,17.0,4.049978889391753
2015-11-07,HOBBIES_1_015,CA_1,17.0,15.975039834263507
2015-11-08,HOBBIES_1_015,CA_1,4.0,9.462895205738198
2015-11-08,HOBBIES_1_015,CA_1,4.0,5.473773613648864
2015-11-09,HOBBIES_1_015,CA_1,2.0,3.789538131321591
2015-11-09,HOBBIES_1_015,CA_1,2.0,2.2645938111712507
2015-11-10,HOBBIES_1_015,CA_1,2.0,2.0778619922789168
2015-11-10,HOBBIES_1_015,CA_1,2.0,1.9573719866041497
2015-11-11,HOBBIES_1_015,CA_1,0.0,2.076629460716136
2015-11-11,HOBBIES_1_015,CA_1,0.0,2.2008740053950646
2015-11-12,HOBBIES_1_015,CA_1,0.0,2.083043820976495
2015-11-12,HOBBIES_1_015,CA_1,0.0,2.0626418125852894
2015-11-13,HOBBIES_1_015,CA_1,0.0,2.280687126788196
2015-11-13,HOBBIES_1_015,CA_1,0.0,2.280687126788196
2015-11-14,HOBBIES_1_015,CA_1,0.0,5.145346308113402
2015-11-14,HOBBIES_1_015,CA_1,0.0,2.7134406464761542
2015-11-15,HOBBIES_1_015,CA_1,0.0,2.2836112906708843
2015-11-15,HOBBIES_1_015,CA_1,0.0,1.6006829565519232
2015-11-16,HOBBIES_1_015,CA_1,0.0,0.780170320192763
2015-11-16,HOBBIES_1_015,CA_1,0.0,0.780170320192763
2015-11-17,HOBBIES_1_015,CA_1,10.0,0.5421925342701698
2015-11-17,HOBBIES_1_015,CA_1,10.0,8.177767892381206
2015-11-18,HOBBIES_1_015,CA_1,1.0,8.048601815460858
2015-11-18,HOBBIES_1_015,CA_1,1.0,1.9522484222248095
2015-11-19,HOBBIES_1_015,CA_1,8.0,1.8209197060936197
2015-11-19,HOBBIES_1_015,CA_1,8.0,6.936749238779686
2015-11-20,HOBBIES_1_015,CA_1,0.0,6.461146865158502
2015-11-20,HOBBIES_1_015,CA_1,0.0,1.6202250008577848
2015-11-21,HOBBIES_1_015,CA_1,0.0,2.44875928231397
2015-11-21,HOBBIES_1_015,CA_1,0.0,2.382420016803439
2015-11-22,HOBBIES_1_015,CA_1,0.0,1.5211584622325764
2015-11-22,HOBBIES_1_015,CA_1,0.0,1.4696091087133776
2015-11-23,HOBBIES_1_015,CA_1,0.0,1.1471603111119235
2015-11-23,HOBBIES_1_015,CA_1,0.0,0.5084230887274049
2015-11-24,HOBBIES_1_015,CA_1,1.0,0.5167392523374293
2015-11-24,HOBBIES_1_015,CA_1,1.0,1.5207934169749562
2015-11-25,HOBBIES_1_015,CA_1,0.0,1.3916263175092127
2015-11-25,HOBBIES_1_015,CA_1,0.0,1.0004286332006882
2015-11-26,HOBBIES_1_015,CA_1,0.0,1.1739795689557289
2015-11-26,HOBBIES_1_015,CA_1,0.0,1.1739795689557289
2015-11-27,HOBBIES_1_015,CA_1,0.0,1.161870366039842
2015-11-27,HOBBIES_1_015,CA_1,0.0,1.1659486603192493
2015-11-28,HOBBIES_1_015,CA_1,0.0,0.9905885483530359
2015-11-28,HOBBIES_1_015,CA_1,0.0,0.5656134993280896
2015-11-29,HOBBIES_1_015,CA_1,0.0,0.6035752138106008
2015-11-29,HOBBIES_1_015,CA_1,0.0,0.6035752138106008
2015-11-30,HOBBIES_1_015,CA_1,0.0,0.45654972475568883
2015-11-30,HOBBIES_1_015,CA_1,0.0,0.45654972475568883
2015-12-01,HOBBIES_1_015,CA_1,0.0,0.5693900014987128
2015-12-01,HOBBIES_1_015,CA_1,0.0,0.5473188208029581
2015-12-02,HOBBIES_1_015,CA_1,0.0,0.34828920075840997
2015-12-02,HOBBIES_1_015,CA_1,0.0,0.32628344532375064
2015-12-03,HOBBIES_1_015,CA_1,0.0,0.40326759363352116
2015-12-03,HOBBIES_1_015,CA_1,0.0,0.2901659638346353
2015-12-04,HOBBIES_1_015,CA_1,0.0,0.15683792323659287
2015-12-04,HOBBIES_1_015,CA_1,0.0,0.15683792323659287
2015-12-05,HOBBIES_1_015,CA_1,0.0,0.17869757186459254
2015-12-05,HOBBIES_1_015,CA_1,0.0,0.17869757186459254
2015-12-06,HOBBIES_1_015,CA_1,0.0,0.21665928634710377
2015-12-06,HOBBIES_1_015,CA_1,0.0,0.21665928634710377
2015-12-07,HOBBIES_1_015,CA_1,0.0,0.15164175176693284
2015-12-07,HOBBIES_1_015,CA_1,0.0,0.15164175176693284
2015-12-08,HOBBIES_1_015,CA_1,0.0,0.16642075416424726
2015-12-08,HOBBIES_1_015,CA_1,0.0,0.16642075416424726
2015-12-09,HOBBIES_1_015,CA_1,0.0,0.13725266642310416
2015-12-09,HOBBIES_1_015,CA_1,0.0,0.13725266642310416
2015-12-10,HOBBIES_1_015,CA_1,0.0,0.13725266642310416
2015-12-10,HOBBIES_1_015,CA_1,0.0,0.13725266642310416
2015-12-11,HOBBIES_1_015,CA_1,0.0,0.13748101944616345
2015-12-11,HOBBIES_1_015,CA_1,0.0,0.13748101944616345
2015-12-12,HOBBIES_1_015,CA_1,0.0,0.1593406680741631
2015-12-12,HOBBIES_1_015,CA_1,0.0,0.1593406680741631
2015-12-13,HOBBIES_1_015,CA_1,0.0,0.19730238255667434
2015-12-13,HOBBIES_1_015,CA_1,0.0,0.19730238255667434
2015-12-14,HOBBIES_1_015,CA_1,0.0,0.14201564682114776
2015-12-14,HOBBIES_1_015,CA_1,0.0,0.14201564682114776
2015-12-15,HOBBIES_1_015,CA_1,0.0,0.13725266642310416
2015-12-15,HOBBIES_1_015,CA_1,0.0,0.13725266642310416
2015-12-16,HOBBIES_1_015,CA_1,0.0,0.13725266642310416
2015-12-16,HOBBIES_1_015,CA_1,0.0,0.13725266642310416
2015-12-17,HOBBIES_1_015,CA_1,0.0,0.13725266642310416
2015-12-17,HOBBIES_1_015,CA_1,0.0,0.13725266642310416
2015-12-18,HOBBIES_1_015,CA_1,0.0,0.13748101944616345
2015-12-18,HOBBIES_1_015,CA_1,0.0,0.13748101944616345
2015-12-19,HOBBIES_1_015,CA_1,0.0,0.1593406680741631
2015-12-19,HOBBIES_1_015,CA_1,0.0,0.1593406680741631
2015-12-20,HOBBIES_1_015,CA_1,0.0,0.19730238255667434
2015-12-20,HOBBIES_1_015,CA_1,0.0,0.19730238255667434
2015-12-21,HOBBIES_1_015,CA_1,0.0,0.13228484797650342
2015-12-21,HOBBIES_1_015,CA_1,0.0,0.13228484797650342
2015-12-22,HOBBIES_1_015,CA_1,0.0,0.13725266642310416
2015-12-22,HOBBIES_1_015,CA_1,0.0,0.13725266642310416
2015-12-23,HOBBIES_1_015,CA_1,0.0,0.13725266642310416
2015-12-23,HOBBIES_1_015,CA_1,0.0,0.13725266642310416
2015-12-24,HOBBIES_1_015,CA_1,0.0,0.13725266642310416
2015-12-24,HOBBIES_1_015,CA_1,0.0,0.13725266642310416
2015-12-25,HOBBIES_1_015,CA_1,0.0,0.1343399958561564
2015-12-25,HOBBIES_1_015,CA_1,0.0,0.1343399958561564
2015-12-26,HOBBIES_1_015,CA_1,0.0,0.1593406680741631
2015-12-26,HOBBIES_1_015,CA_1,0.0,0.1593406680741631
2015-12-27,HOBBIES_1_015,CA_1,0.0,0.19730238255667434
2015-12-27,HOBBIES_1_015,CA_1,0.0,0.19730238255667434
2015-12-28,HOBBIES_1_015,CA_1,0.0,0.13228484797650342
2015-12-28,HOBBIES_1_015,CA_1,0.0,0.13228484797650342
2015-12-29,HOBBIES_1_015,CA_1,0.0,0.13725266642310416
2015-12-29,HOBBIES_1_015,CA_1,0.0,0.13725266642310416
2015-12-30,HOBBIES_1_015,CA_1,0.0,0.13725266642310416
2015-12-30,HOBBIES_1_015,CA_1,0.0,0.13725266642310416
2015-12-31,HOBBIES_1_015,CA_1,8.0,0.13725266642310416
2015-12-31,HOBBIES_1_015,CA_1,8.0,7.4441736886430245
2016-01-01,HOBBIES_1_015,CA_1,4.0,7.430672209998099
2016-01-01,HOBBIES_1_015,CA_1,4.0,4.49339840395432
2016-01-02,HOBBIES_1_015,CA_1,0.0,5.138916565367946
2016-01-02,HOBBIES_1_015,CA_1,0.0,1.1108519784375572
2016-01-03,HOBBIES_1_015,CA_1,0.0,0.9288536744296572
2016-01-03,HOBBIES_1_015,CA_1,0.0,0.6058315495307954
2016-01-04,HOBBIES_1_015,CA_1,0.0,1.1638742301132674
2016-01-04,HOBBIES_1_015,CA_1,0.0,0.7781980725970826
2016-01-05,HOBBIES_1_015,CA_1,0.0,0.796851249676123
2016-01-05,HOBBIES_1_015,CA_1,0.0,0.3968601044223745
2016-01-06,HOBBIES_1_015,CA_1,0.0,0.3968601044223745
2016-01-06,HOBBIES_1_015,CA_1,0.0,0.3968601044223745
2016-01-07,HOBBIES_1_015,CA_1,0.0,0.30101414339211524
2016-01-07,HOBBIES_1_015,CA_1,0.0,0.30101414339211524
2016-01-08,HOBBIES_1_015,CA_1,0.0,0.6744743409752677
2016-01-08,HOBBIES_1_015,CA_1,0.0,0.6744743409752677
2016-01-09,HOBBIES_1_015,CA_1,0.0,0.4730552523807182
2016-01-09,HOBBIES_1_015,CA_1,0.0,0.4730552523807182
2016-01-10,HOBBIES_1_015,CA_1,0.0,0.41505176724158516
2016-01-10,HOBBIES_1_015,CA_1,0.0,0.41505176724158516
2016-01-11,HOBBIES_1_015,CA_1,0.0,0.3918922859757738
2016-01-11,HOBBIES_1_015,CA_1,0.0,0.3918922859757738
2016-01-12,HOBBIES_1_015,CA_1,0.0,0.3968601044223745
2016-01-12,HOBBIES_1_015,CA_1,0.0,0.3968601044223745
2016-01-13,HOBBIES_1_015,CA_1,0.0,0.3968601044223745
2016-01-13,HOBBIES_1_015,CA_1,0.0,0.3968601044223745
2016-01-14,HOBBIES_1_015,CA_1,0.0,0.4836554366828592
2016-01-14,HOBBIES_1_015,CA_1,0.0,0.33161664013642117
2016-01-15,HOBBIES_1_015,CA_1,0.0,0.2878634411595605
2016-01-15,HOBBIES_1_015,CA_1,0.0,0.2654751814108665
2016-01-16,HOBBIES_1_015,CA_1,0.0,0.1593406680741631
2016-01-16,HOBBIES_1_015,CA_1,0.0,0.1593406680741631
2016-01-17,HOBBIES_1_015,CA_1,18.0,0.1013371829350299
2016-01-17,HOBBIES_1_015,CA_1,18.0,17.251759312978017
2016-01-18,HOBBIES_1_015,CA_1,8.0,12.258544666421656
2016-01-18,HOBBIES_1_015,CA_1,8.0,6.296412173945992
2016-01-19,HOBBIES_1_015,CA_1,6.0,5.959672622066255
2016-01-19,HOBBIES_1_015,CA_1,6.0,4.705258512080703
2016-01-20,HOBBIES_1_015,CA_1,1.0,4.717023797034255
2016-01-20,HOBBIES_1_015,CA_1,1.0,0.5483531916154564
2016-01-21,HOBBIES_1_015,CA_1,4.0,0.8642781879958509
2016-01-21,HOBBIES_1_015,CA_1,4.0,3.884786191044898
2016-01-22,HOBBIES_1_015,CA_1,5.0,4.940290107116996
2016-01-22,HOBBIES_1_015,CA_1,5.0,5.684728644239271
2016-01-23,HOBBIES_1_015,CA_1,6.0,6.009295849253709
2016-01-23,HOBBIES_1_015,CA_1,6.0,6.465682179657039
2016-01-24,HOBBIES_1_015,CA_1,0.0,6.975052372008922
2016-01-24,HOBBIES_1_015,CA_1,0.0,2.121114867304126
2016-01-25,HOBBIES_1_015,CA_1,4.0,2.0177897160532132
2016-01-25,HOBBIES_1_015,CA_1,4.0,4.173590535562886
2016-01-26,HOBBIES_1_015,CA_1,9.0,4.346816233523133
2016-01-26,HOBBIES_1_015,CA_1,9.0,7.775270607462525
2016-01-27,HOBBIES_1_015,CA_1,7.0,7.843853770931962
2016-01-27,HOBBIES_1_015,CA_1,7.0,5.965651618788393
2016-01-28,HOBBIES_1_015,CA_1,4.0,6.884200366097886
2016-01-28,HOBBIES_1_015,CA_1,4.0,4.47520178956637
2016-01-29,HOBBIES_1_015,CA_1,0.0,5.259351153316176
2016-01-29,HOBBIES_1_015,CA_1,0.0,2.6800286782094513
2016-01-30,HOBBIES_1_015,CA_1,10.0,3.2621677886730063
2016-01-30,HOBBIES_1_015,CA_1,10.0,8.730965696455055
2016-01-31,HOBBIES_1_015,CA_1,3.0,8.948812670569753
2016-01-31,HOBBIES_1_015,CA_1,3.0,6.048869998569411
2016-02-01,HOBBIES_1_015,CA_1,3.0,4.733261979493691
2016-02-01,HOBBIES_1_015,CA_1,3.0,4.9802892087610715
2016-02-02,HOBBIES_1_015,CA_1,11.0,4.920418661360509
2016-02-02,HOBBIES_1_015,CA_1,11.0,8.994151362673476
2016-02-03,HOBBIES_1_015,CA_1,10.0,8.688878386835993
2016-02-03,HOBBIES_1_015,CA_1,10.0,7.603110131868305
2016-02-04,HOBBIES_1_015,CA_1,5.0,7.495231046179835
2016-02-04,HOBBIES_1_015,CA_1,5.0,5.337499854029564
2016-02-05,HOBBIES_1_015,CA_1,0.0,5.677841332503759
2016-02-05,HOBBIES_1_015,CA_1,0.0,1.8651530057191876
2016-02-06,HOBBIES_1_015,CA_1,0.0,3.5043439456932552
2016-02-06,HOBBIES_1_015,CA_1,0.0,3.8618322885947074
2016-02-07,HOBBIES_1_015,CA_1,1.0,3.0101060650758007
2016-02-07,HOBBIES_1_015,CA_1,1.0,3.8382922270552475
2016-02-08,HOBBIES_1_015,CA_1,1.0,3.321508106623671
2016-02-08,HOBBIES_1_015,CA_1,1.0,3.714182723972417
2016-02-09,HOBBIES_1_015,CA_1,1.0,3.8523400609414415
2016-02-09,HOBBIES_1_015,CA_1,1.0,3.252470674496785
2016-02-10,HOBBIES_1_015,CA_1,6.0,3.3943814701640775
2016-02-10,HOBBIES_1_015,CA_1,6.0,5.6257641753205965
2016-02-11,HOBBIES_1_015,CA_1,2.0,5.674367074868564
2016-02-11,HOBBIES_1_015,CA_1,2.0,3.156633477734194
2016-02-12,HOBBIES_1_015,CA_1,0.0,3.2977241750418886
2016-02-12,HOBBIES_1_015,CA_1,0.0,2.3780876771000683
2016-02-13,HOBBIES_1_015,CA_1,1.0,2.812647431294674
2016-02-13,HOBBIES_1_015,CA_1,1.0,4.065149562518803
2016-02-14,HOBBIES_1_015,CA_1,0.0,3.6842380654892777
2016-02-14,HOBBIES_1_015,CA_1,0.0,2.615391994670531
2016-02-15,HOBBIES_1_015,CA_1,0.0,1.5528946489544317
2016-02-15,HOBBIES_1_015,CA_1,0.0,1.6266690080853334
2016-02-16,HOBBIES_1_015,CA_1,0.0,1.533742308985217
2016-02-16,HOBBIES_1_015,CA_1,0.0,1.3868982037699908
2016-02-17,HOBBIES_1_015,CA_1,0.0,1.0913241309519035
2016-02-17,HOBBIES_1_015,CA_1,0.0,0.5046278448494479
2016-02-18,HOBBIES_1_015,CA_1,2.0,0.5988182549278924
2016-02-18,HOBBIES_1_015,CA_1,2.0,2.4015067354255932
2016-02-19,HOBBIES_1_015,CA_1,10.0,2.643312444454198
2016-02-19,HOBBIES_1_015,CA_1,10.0,8.944375716273143
2016-02-20,HOBBIES_1_015,CA_1,0.0,8.956408186813595
2016-02-20,HOBBIES_1_015,CA_1,0.0,1.3174932820187408
2016-02-21,HOBBIES_1_015,CA_1,0.0,0.9669012594261087
2016-02-21,HOBBIES_1_015,CA_1,0.0,0.9619524917100419
2016-02-22,HOBBIES_1_015,CA_1,6.0,1.0057591166738082
2016-02-22,HOBBIES_1_015,CA_1,6.0,5.5286739628672175
2016-02-23,HOBBIES_1_015,CA_1,4.0,5.520893064153811
2016-02-23,HOBBIES_1_015,CA_1,4.0,3.8379358645569535
2016-02-24,HOBBIES_1_015,CA_1,11.0,4.14063272574285
2016-02-24,HOBBIES_1_015,CA_1,11.0,8.100393542279159
2016-02-25,HOBBIES_1_015,CA_1,0.0,7.5345180647899195
2016-02-25,HOBBIES_1_015,CA_1,0.0,0.9956272796201014
2016-02-26,HOBBIES_1_015,CA_1,2.0,0.9129506080784622
2016-02-26,HOBBIES_1_015,CA_1,2.0,2.7926584866753594
2016-02-27,HOBBIES_1_015,CA_1,0.0,3.8318441769217775
2016-02-27,HOBBIES_1_015,CA_1,0.0,1.8705247861478784
2016-02-28,HOBBIES_1_015,CA_1,0.0,1.566945313868122
2016-02-28,HOBBIES_1_015,CA_1,0.0,1.6759157765365826
2016-02-29,HOBBIES_1_015,CA_1,2.0,1.555758708097808
2016-02-29,HOBBIES_1_015,CA_1,2.0,2.8320736110810705
2016-03-01,HOBBIES_1_015,CA_1,5.0,2.666531924563876
2016-03-01,HOBBIES_1_015,CA_1,5.0,5.226458501107382
2016-03-02,HOBBIES_1_015,CA_1,0.0,4.860516585289504
2016-03-02,HOBBIES_1_015,CA_1,0.0,1.880104952016581
2016-03-03,HOBBIES_1_015,CA_1,2.0,2.098084356373178
2016-03-03,HOBBIES_1_015,CA_1,2.0,2.8765432717020607
2016-03-04,HOBBIES_1_015,CA_1,4.0,3.465971832374588
2016-03-04,HOBBIES_1_015,CA_1,4.0,4.87027978748553
2016-03-05,HOBBIES_1_015,CA_1,9.0,5.519297014996181
2016-03-05,HOBBIES_1_015,CA_1,9.0,8.789410132148491
2016-03-06,HOBBIES_1_015,CA_1,2.0,8.12960517516809
2016-03-06,HOBBIES_1_015,CA_1,2.0,3.7871359973774448
2016-03-07,HOBBIES_1_015,CA_1,7.0,2.6562607864084398
2016-03-07,HOBBIES_1_015,CA_1,7.0,5.759124273451022
2016-03-08,HOBBIES_1_015,CA_1,2.0,5.953443732463793
2016-03-08,HOBBIES_1_015,CA_1,2.0,2.809713620390987
2016-03-09,HOBBIES_1_015,CA_1,3.0,3.3209446101664857
2016-03-09,HOBBIES_1_015,CA_1,3.0,3.9592975127063275
2016-03-10,HOBBIES_1_015,CA_1,15.0,3.874951726690136
2016-03-10,HOBBIES_1_015,CA_1,15.0,9.542298730650137
2016-03-11,HOBBIES_1_015,CA_1,0.0,9.988401617446943
2016-03-11,HOBBIES_1_015,CA_1,0.0,1.8395746771397405
2016-03-12,HOBBIES_1_015,CA_1,6.0,2.4459062147164503
2016-03-12,HOBBIES_1_015,CA_1,6.0,6.435645030085063
2016-03-13,HOBBIES_1_015,CA_1,0.0,6.185151782165174
2016-03-13,HOBBIES_1_015,CA_1,0.0,2.2785544814265615
2016-03-14,HOBBIES_1_015,CA_1,4.0,3.259964432969725
2016-03-14,HOBBIES_1_015,CA_1,4.0,4.2881107218461185
2016-03-15,HOBBIES_1_015,CA_1,2.0,4.235966245545858
2016-03-15,HOBBIES_1_015,CA_1,2.0,3.036367225869877
2016-03-16,HOBBIES_1_015,CA_1,4.0,2.829641029980268
2016-03-16,HOBBIES_1_015,CA_1,4.0,4.454867076918709
2016-03-17,HOBBIES_1_015,CA_1,3.0,4.303677098706248
2016-03-17,HOBBIES_1_015,CA_1,3.0,3.802568321319234
2016-03-18,HOBBIES_1_015,CA_1,5.0,4.252091918676429
2016-03-18,HOBBIES_1_015,CA_1,5.0,5.9606242752149665
2016-03-19,HOBBIES_1_015,CA_1,3.0,6.746505570907558
2016-03-19,HOBBIES_1_015,CA_1,3.0,5.482840976655688
2016-03-20,HOBBIES_1_015,CA_1,2.0,4.575356507854975
2016-03-20,HOBBIES_1_015,CA_1,2.0,3.7641418541782046
2016-03-21,HOBBIES_1_015,CA_1,4.0,3.008091981205353
2016-03-21,HOBBIES_1_015,CA_1,4.0,4.245296342780725
2016-03-22,HOBBIES_1_015,CA_1,3.0,4.116971783751099
2016-03-22,HOBBIES_1_015,CA_1,3.0,3.786961080135403
2016-03-23,HOBBIES_1_015,CA_1,4.0,4.210287418130811
2016-03-23,HOBBIES_1_015,CA_1,4.0,4.482285915118235
2016-03-24,HOBBIES_1_015,CA_1,5.0,5.272339945992051
2016-03-24,HOBBIES_1_015,CA_1,5.0,5.701630841848846
2016-03-25,HOBBIES_1_015,CA_1,0.0,5.542056567831148
2016-03-25,HOBBIES_1_015,CA_1,0.0,2.205835503833247
2016-03-26,HOBBIES_1_015,CA_1,1.0,3.9948160107826287
2016-03-26,HOBBIES_1_015,CA_1,1.0,4.283924079449822
2016-03-27,HOBBIES_1_015,CA_1,3.0,2.7218403495486605
2016-03-27,HOBBIES_1_015,CA_1,3.0,4.827635085308234
2016-03-28,HOBBIES_1_015,CA_1,4.0,4.0224103697377664
2016-03-28,HOBBIES_1_015,CA_1,4.0,4.201882496637113
2016-03-29,HOBBIES_1_015,CA_1,0.0,4.074392304966944
2016-03-29,HOBBIES_1_015,CA_1,0.0,2.1407082508790096
2016-03-30,HOBBIES_1_015,CA_1,4.0,1.78447208580638
2016-03-30,HOBBIES_1_015,CA_1,4.0,4.48104563381383
2016-03-31,HOBBIES_1_015,CA_1,2.0,4.48104563381383
2016-03-31,HOBBIES_1_015,CA_1,2.0,2.9873034374454157
2016-04-01,HOBBIES_1_015,CA_1,10.0,3.1111464362685957
2016-04-01,HOBBIES_1_015,CA_1,10.0,8.20456686489266
2016-04-02,HOBBIES_1_015,CA_1,0.0,8.104488341555445
2016-04-02,HOBBIES_1_015,CA_1,0.0,2.643078051579742
2016-04-03,HOBBIES_1_015,CA_1,1.0,2.765675876686676
2016-04-03,HOBBIES_1_015,CA_1,1.0,4.037925255337617
2016-04-04,HOBBIES_1_015,CA_1,1.0,2.0485221399537017
2016-04-04,HOBBIES_1_015,CA_1,1.0,2.1579062073945297
2016-04-05,HOBBIES_1_015,CA_1,4.0,2.054083247074523
2016-04-05,HOBBIES_1_015,CA_1,4.0,4.181724919917942
2016-04-06,HOBBIES_1_015,CA_1,2.0,4.563591943911031
2016-04-06,HOBBIES_1_015,CA_1,2.0,3.0539195742632614
2016-04-07,HOBBIES_1_015,CA_1,2.0,2.9468847668415763
2016-04-07,HOBBIES_1_015,CA_1,2.0,2.9468847668415763
2016-04-08,HOBBIES_1_015,CA_1,3.0,2.690466606482438
2016-04-08,HOBBIES_1_015,CA_1,3.0,3.902054968226864
2016-04-09,HOBBIES_1_015,CA_1,10.0,4.833963987822387
2016-04-09,HOBBIES_1_015,CA_1,10.0,8.556502923107526
2016-04-10,HOBBIES_1_015,CA_1,2.0,8.298787349080863
2016-04-10,HOBBIES_1_015,CA_1,2.0,4.081693008034708
2016-04-11,HOBBIES_1_015,CA_1,1.0,2.7666499306178993
2016-04-11,HOBBIES_1_015,CA_1,1.0,2.81017057601094
2016-04-12,HOBBIES_1_015,CA_1,1.0,2.800124714609817
2016-04-12,HOBBIES_1_015,CA_1,1.0,2.7392042866722432
2016-04-13,HOBBIES_1_015,CA_1,8.0,2.913282340684563
2016-04-13,HOBBIES_1_015,CA_1,8.0,6.537969915998224
2016-04-14,HOBBIES_1_015,CA_1,3.0,6.665360873477633
2016-04-14,HOBBIES_1_015,CA_1,3.0,3.7091248917271855
2016-04-15,HOBBIES_1_015,CA_1,1.0,4.5039034368454836
2016-04-15,HOBBIES_1_015,CA_1,1.0,3.485699255613774
2016-04-16,HOBBIES_1_015,CA_1,4.0,3.014109448196632
2016-04-16,HOBBIES_1_015,CA_1,4.0,5.6143979971227695
2016-04-17,HOBBIES_1_015,CA_1,2.0,5.467482540357281
2016-04-17,HOBBIES_1_015,CA_1,2.0,4.0639681430133505
2016-04-18,HOBBIES_1_015,CA_1,2.0,2.604271816417542
2016-04-18,HOBBIES_1_015,CA_1,2.0,2.5930352998250785
2016-04-19,HOBBIES_1_015,CA_1,1.0,2.8818661410464896
2016-04-19,HOBBIES_1_015,CA_1,1.0,2.780842437863326
2016-04-20,HOBBIES_1_015,CA_1,0.0,2.9183519421504953
2016-04-20,HOBBIES_1_015,CA_1,0.0,1.5442957789584746
2016-04-21,HOBBIES_1_015,CA_1,0.0,1.525536002583633
2016-04-21,HOBBIES_1_015,CA_1,0.0,1.4976533092705382
2016-04-22,HOBBIES_1_015,CA_1,2.0,1.787426054805851
2016-04-22,HOBBIES_1_015,CA_1,2.0,3.020180715502648
2016-04-23,HOBBIES_1_015,CA_1,5.0,4.088772895322721
2016-04-23,HOBBIES_1_015,CA_1,5.0,6.396014557186964
2016-04-24,HOBBIES_1_015,CA_1,4.0,5.996519837053701
2016-04-24,HOBBIES_1_015,CA_1,4.0,5.412404826313586
2015-06-04,HOBBIES_1_016,CA_1,7.0,13.07392226175411
2015-06-04,HOBBIES_1_016,CA_1,7.0,6.393564822001073
2015-06-05,HOBBIES_1_016,CA_1,6.0,7.045517490607647
2015-06-05,HOBBIES_1_016,CA_1,6.0,6.294043500235173
2015-06-06,HOBBIES_1_016,CA_1,5.0,8.123121440846045
2015-06-06,HOBBIES_1_016,CA_1,5.0,6.8359773758017175
2015-06-07,HOBBIES_1_016,CA_1,3.0,6.566993337482059
2015-06-07,HOBBIES_1_016,CA_1,3.0,6.827748427651733
2015-06-08,HOBBIES_1_016,CA_1,8.0,4.329384211270444
2015-06-08,HOBBIES_1_016,CA_1,8.0,6.621864406880329
2015-06-09,HOBBIES_1_016,CA_1,12.0,6.7274917664037215
2015-06-09,HOBBIES_1_016,CA_1,12.0,9.534388189689382
2015-06-10,HOBBIES_1_016,CA_1,29.0,8.635740846042165
2015-06-10,HOBBIES_1_016,CA_1,29.0,16.17244642260806
2015-06-11,HOBBIES_1_016,CA_1,4.0,7.253215163011097
2015-06-11,HOBBIES_1_016,CA_1,4.0,4.000669598305035
2015-06-12,HOBBIES_1_016,CA_1,14.0,5.041811566421562
2015-06-12,HOBBIES_1_016,CA_1,14.0,10.288250981018471
2015-06-13,HOBBIES_1_016,CA_1,9.0,11.424098901789643
2015-06-13,HOBBIES_1_016,CA_1,9.0,9.44228406806183
2015-06-14,HOBBIES_1_016,CA_1,3.0,8.598910265994787
2015-06-14,HOBBIES_1_016,CA_1,3.0,6.105492847397257
2015-06-15,HOBBIES_1_016,CA_1,7.0,3.9218944317616113
2015-06-15,HOBBIES_1_016,CA_1,7.0,6.284537313639582
2015-06-16,HOBBIES_1_016,CA_1,5.0,6.6515622896333735
2015-06-16,HOBBIES_1_016,CA_1,5.0,5.787307601995242
2015-06-17,HOBBIES_1_016,CA_1,2.0,8.309394915961892
2015-06-17,HOBBIES_1_016,CA_1,2.0,7.439482828591829
2015-06-18,HOBBIES_1_016,CA_1,1.0,5.584758644187331
2015-06-18,HOBBIES_1_016,CA_1,1.0,5.70135694980823
2015-06-19,HOBBIES_1_016,CA_1,3.0,4.663970536568335
2015-06-19,HOBBIES_1_016,CA_1,3.0,6.391969671385618
2015-06-20,HOBBIES_1_016,CA_1,0.0,7.132744413649227
2015-06-20,HOBBIES_1_016,CA_1,0.0,5.436210043128444
2015-06-21,HOBBIES_1_016,CA_1,12.0,3.339593991255055
2015-06-21,HOBBIES_1_016,CA_1,12.0,10.239688686811373
2015-06-22,HOBBIES_1_016,CA_1,13.0,9.884503880575773
2015-06-22,HOBBIES_1_016,CA_1,13.0,11.867669903631082
2015-06-23,HOBBIES_1_016,CA_1,3.0,10.508112315832193
2015-06-23,HOBBIES_1_016,CA_1,3.0,4.972247599967416
2015-06-24,HOBBIES_1_016,CA_1,11.0,3.859909470207392
2015-06-24,HOBBIES_1_016,CA_1,11.0,7.108226303417557
2015-06-25,HOBBIES_1_016,CA_1,15.0,8.550760441901732
2015-06-25,HOBBIES_1_016,CA_1,15.0,10.264577303872484
2015-06-26,HOBBIES_1_016,CA_1,12.0,11.059582423136488
2015-06-26,HOBBIES_1_016,CA_1,12.0,9.03601157095892
2015-06-27,HOBBIES_1_016,CA_1,4.0,9.236229299205634
2015-06-27,HOBBIES_1_016,CA_1,4.0,5.182987459616618
2015-06-28,HOBBIES_1_016,CA_1,34.0,5.758111034163661
2015-06-28,HOBBIES_1_016,CA_1,34.0,22.344798927404142
2015-06-29,HOBBIES_1_016,CA_1,7.0,25.019924640231626
2015-06-29,HOBBIES_1_016,CA_1,7.0,6.558372724178841
2015-06-30,HOBBIES_1_016,CA_1,7.0,5.7113543768123565
2015-06-30,HOBBIES_1_016,CA_1,7.0,5.94092346677948
2015-07-01,HOBBIES_1_016,CA_1,15.0,5.966518835196219
2015-07-01,HOBBIES_1_016,CA_1,15.0,10.004753816692368
2015-07-02,HOBBIES_1_016,CA_1,3.0,9.494198550442682
2015-07-02,HOBBIES_1_016,CA_1,3.0,4.295250045718313
2015-07-03,HOBBIES_1_016,CA_1,7.0,5.774337587538302
2015-07-03,HOBBIES_1_016,CA_1,7.0,8.743092092748252
2015-07-04,HOBBIES_1_016,CA_1,4.0,8.036379644733223
2015-07-04,HOBBIES_1_016,CA_1,4.0,5.748447807344227
2015-07-05,HOBBIES_1_016,CA_1,3.0,5.426022152520148
2015-07-05,HOBBIES_1_016,CA_1,3.0,4.605617875099193
2015-07-06,HOBBIES_1_016,CA_1,6.0,5.709330957516843
2015-07-06,HOBBIES_1_016,CA_1,6.0,6.557348736692595
2015-07-07,HOBBIES_1_016,CA_1,3.0,5.772943769218674
2015-07-07,HOBBIES_1_016,CA_1,3.0,5.697230864600127
2015-07-08,HOBBIES_1_016,CA_1,4.0,5.763089887539927
2015-07-08,HOBBIES_1_016,CA_1,4.0,5.276577836933677
2015-07-09,HOBBIES_1_016,CA_1,18.0,6.781017450531342
2015-07-09,HOBBIES_1_016,CA_1,18.0,16.751978909088606
2015-07-10,HOBBIES_1_016,CA_1,10.0,15.101126643323939
2015-07-10,HOBBIES_1_016,CA_1,10.0,8.756062883426104
2015-07-11,HOBBIES_1_016,CA_1,6.0,9.137940907262017
2015-07-11,HOBBIES_1_016,CA_1,6.0,7.305065199866059
2015-07-12,HOBBIES_1_016,CA_1,6.0,5.775245714151226
2015-07-12,HOBBIES_1_016,CA_1,6.0,4.810915689986727
2015-07-13,HOBBIES_1_016,CA_1,7.0,5.663230485271379
2015-07-13,HOBBIES_1_016,CA_1,7.0,6.521501760371695
2015-07-14,HOBBIES_1_016,CA_1,7.0,6.6055447646826035
2015-07-14,HOBBIES_1_016,CA_1,7.0,7.100901626269601
2015-07-15,HOBBIES_1_016,CA_1,2.0,6.964228185573331
2015-07-15,HOBBIES_1_016,CA_1,2.0,3.9481854177617013
2015-07-16,HOBBIES_1_016,CA_1,13.0,3.916544714217192
2015-07-16,HOBBIES_1_016,CA_1,13.0,9.311164335498564
2015-07-17,HOBBIES_1_016,CA_1,2.0,10.366611573674193
2015-07-17,HOBBIES_1_016,CA_1,2.0,3.866378225232025
2015-07-18,HOBBIES_1_016,CA_1,13.0,5.002255404901299
2015-07-18,HOBBIES_1_016,CA_1,13.0,9.509458010863245
2015-07-19,HOBBIES_1_016,CA_1,21.0,9.431684574311715
2015-07-19,HOBBIES_1_016,CA_1,21.0,13.299608275119194
2015-07-20,HOBBIES_1_016,CA_1,0.0,14.16892111351079
2015-07-20,HOBBIES_1_016,CA_1,0.0,2.0894652465974617
2015-07-21,HOBBIES_1_016,CA_1,0.0,2.5211403262522243
2015-07-21,HOBBIES_1_016,CA_1,0.0,2.2319696276997902
2015-07-22,HOBBIES_1_016,CA_1,0.0,1.6997220535371442
2015-07-22,HOBBIES_1_016,CA_1,0.0,5.626960317192745
2015-07-23,HOBBIES_1_016,CA_1,4.0,5.96362549460506
2015-07-23,HOBBIES_1_016,CA_1,4.0,5.526976620306767
2015-07-24,HOBBIES_1_016,CA_1,0.0,5.00187669032082
2015-07-24,HOBBIES_1_016,CA_1,0.0,2.6693773365773463
2015-07-25,HOBBIES_1_016,CA_1,0.0,4.8697274546982605
2015-07-25,HOBBIES_1_016,CA_1,0.0,4.8697274546982605
2015-07-26,HOBBIES_1_016,CA_1,0.0,5.509983233829403
2015-07-26,HOBBIES_1_016,CA_1,0.0,5.679912814534459
2015-07-27,HOBBIES_1_016,CA_1,0.0,2.513568536596227
2015-07-27,HOBBIES_1_016,CA_1,0.0,1.969834865903527
2015-07-28,HOBBIES_1_016,CA_1,5.0,1.610194222173279
2015-07-28,HOBBIES_1_016,CA_1,5.0,5.5754510648405535
2015-07-29,HOBBIES_1_016,CA_1,7.0,5.603607956218935
2015-07-29,HOBBIES_1_016,CA_1,7.0,7.34586302080607
2015-07-30,HOBBIES_1_016,CA_1,2.0,7.293498083662146
2015-07-30,HOBBIES_1_016,CA_1,2.0,4.654149819559521
2015-07-31,HOBBIES_1_016,CA_1,2.0,3.112223845233869
2015-07-31,HOBBIES_1_016,CA_1,2.0,3.1453694042130134
2015-08-01,HOBBIES_1_016,CA_1,7.0,4.166058193400383
2015-08-01,HOBBIES_1_016,CA_1,7.0,7.495126959843815
2015-08-02,HOBBIES_1_016,CA_1,19.0,6.534031867043775
2015-08-02,HOBBIES_1_016,CA_1,19.0,11.287514571425517
2015-08-03,HOBBIES_1_016,CA_1,19.0,9.214726001189755
2015-08-03,HOBBIES_1_016,CA_1,19.0,9.523282859701306
2015-08-04,HOBBIES_1_016,CA_1,0.0,8.923903041060733
2015-08-04,HOBBIES_1_016,CA_1,0.0,1.8048842219930754
2015-08-05,HOBBIES_1_016,CA_1,2.0,1.4077244730092842
2015-08-05,HOBBIES_1_016,CA_1,2.0,2.0566414071090446
2015-08-06,HOBBIES_1_016,CA_1,0.0,2.314747532681655
2015-08-06,HOBBIES_1_016,CA_1,0.0,2.5389487980548022
2015-08-07,HOBBIES_1_016,CA_1,6.0,3.211323348043535
2015-08-07,HOBBIES_1_016,CA_1,6.0,7.147252106163769
2015-08-08,HOBBIES_1_016,CA_1,11.0,8.00454889351614
2015-08-08,HOBBIES_1_016,CA_1,11.0,10.050877667119734
2015-08-09,HOBBIES_1_016,CA_1,3.0,8.886044474486319
2015-08-09,HOBBIES_1_016,CA_1,3.0,4.692866526662031
2015-08-10,HOBBIES_1_016,CA_1,0.0,5.3173831974114165
2015-08-10,HOBBIES_1_016,CA_1,0.0,3.7354704126945304
2015-08-11,HOBBIES_1_016,CA_1,9.0,2.798695373667007
2015-08-11,HOBBIES_1_016,CA_1,9.0,7.807440327480789
2015-08-12,HOBBIES_1_016,CA_1,15.0,7.899484984940113
2015-08-12,HOBBIES_1_016,CA_1,15.0,10.868980724020837
2015-08-13,HOBBIES_1_016,CA_1,8.0,9.237761110802404
2015-08-13,HOBBIES_1_016,CA_1,8.0,6.61975450433647
2015-08-14,HOBBIES_1_016,CA_1,14.0,7.246855697710236
2015-08-14,HOBBIES_1_016,CA_1,14.0,9.58954358087239
2015-08-15,HOBBIES_1_016,CA_1,8.0,11.931034098646919
2015-08-15,HOBBIES_1_016,CA_1,8.0,8.727962740896825
2015-08-16,HOBBIES_1_016,CA_1,6.0,7.884164901930645
2015-08-16,HOBBIES_1_016,CA_1,6.0,6.694991134572711
2015-08-17,HOBBIES_1_016,CA_1,6.0,5.463601296790697
2015-08-17,HOBBIES_1_016,CA_1,6.0,5.373979776045999
2015-08-18,HOBBIES_1_016,CA_1,8.0,5.996686229643723
2015-08-18,HOBBIES_1_016,CA_1,8.0,6.666915458956108
2015-08-19,HOBBIES_1_016,CA_1,6.0,6.695718717960642
2015-08-19,HOBBIES_1_016,CA_1,6.0,6.336240932913065
2015-08-20,HOBBIES_1_016,CA_1,0.0,6.402554930234252
2015-08-20,HOBBIES_1_016,CA_1,0.0,3.0621722860268012
2015-08-21,HOBBIES_1_016,CA_1,0.0,3.4508867291565593
2015-08-21,HOBBIES_1_016,CA_1,0.0,3.7646388407563784
2015-08-22,HOBBIES_1_016,CA_1,2.0,4.449006867863028
2015-08-22,HOBBIES_1_016,CA_1,2.0,5.883345001241504
2015-08-23,HOBBIES_1_016,CA_1,4.0,5.198209777004427
2015-08-23,HOBBIES_1_016,CA_1,4.0,6.903033790365852
2015-08-24,HOBBIES_1_016,CA_1,4.0,6.032890885691221
2015-08-24,HOBBIES_1_016,CA_1,4.0,6.045085070987921
2015-08-25,HOBBIES_1_016,CA_1,6.0,6.981991154492194
2015-08-25,HOBBIES_1_016,CA_1,6.0,8.119231992832518
2015-08-26,HOBBIES_1_016,CA_1,4.0,8.93079473962486
2015-08-26,HOBBIES_1_016,CA_1,4.0,7.39836962641581
2015-08-27,HOBBIES_1_016,CA_1,9.0,4.965389545479425
2015-08-27,HOBBIES_1_016,CA_1,9.0,7.479496485932214
2015-08-28,HOBBIES_1_016,CA_1,0.0,8.126589175131047
2015-08-28,HOBBIES_1_016,CA_1,0.0,2.4870379666113016
2015-08-29,HOBBIES_1_016,CA_1,3.0,3.1177493172158233
2015-08-29,HOBBIES_1_016,CA_1,3.0,5.75365979624074
2015-08-30,HOBBIES_1_016,CA_1,3.0,6.28796758380599
2015-08-30,HOBBIES_1_016,CA_1,3.0,5.83142898322077
2015-08-31,HOBBIES_1_016,CA_1,6.0,4.96166697218025
2015-08-31,HOBBIES_1_016,CA_1,6.0,6.345386802284786
2015-09-01,HOBBIES_1_016,CA_1,1.0,6.89444154839514
2015-09-01,HOBBIES_1_016,CA_1,1.0,4.143325133972009
2015-09-02,HOBBIES_1_016,CA_1,9.0,3.2134637779752513
2015-09-02,HOBBIES_1_016,CA_1,9.0,7.848704976862534
2015-09-03,HOBBIES_1_016,CA_1,8.0,7.570655395008959
2015-09-03,HOBBIES_1_016,CA_1,8.0,6.379628490272332
2015-09-04,HOBBIES_1_016,CA_1,4.0,7.569706448340452
2015-09-04,HOBBIES_1_016,CA_1,4.0,4.617671792587792
2015-09-05,HOBBIES_1_016,CA_1,2.0,5.499483470461191
2015-09-05,HOBBIES_1_016,CA_1,2.0,3.9762145019680135
2015-09-06,HOBBIES_1_016,CA_1,12.0,4.6276631693665715
2015-09-06,HOBBIES_1_016,CA_1,12.0,9.89870985476006
2015-09-07,HOBBIES_1_016,CA_1,0.0,8.975636786826696
2015-09-07,HOBBIES_1_016,CA_1,0.0,2.5672673231413015
2015-09-08,HOBBIES_1_016,CA_1,1.0,2.52930576336525
2015-09-08,HOBBIES_1_016,CA_1,1.0,3.3900689463420024
2015-09-09,HOBBIES_1_016,CA_1,0.0,3.9914284642664204
2015-09-09,HOBBIES_1_016,CA_1,0.0,2.773755201509292
2015-09-10,HOBBIES_1_016,CA_1,5.0,4.041440793345385
2015-09-10,HOBBIES_1_016,CA_1,5.0,5.56168492233863
2015-09-11,HOBBIES_1_016,CA_1,0.0,5.961612940937888
2015-09-11,HOBBIES_1_016,CA_1,0.0,2.6345428844570433
2015-09-12,HOBBIES_1_016,CA_1,3.0,3.230209918442811
2015-09-12,HOBBIES_1_016,CA_1,3.0,5.264864445271626
2015-09-13,HOBBIES_1_016,CA_1,8.0,6.339641276904258
2015-09-13,HOBBIES_1_016,CA_1,8.0,7.87232038659069
2015-09-14,HOBBIES_1_016,CA_1,2.0,6.754508742315415
2015-09-14,HOBBIES_1_016,CA_1,2.0,2.8346734060093777
2015-09-15,HOBBIES_1_016,CA_1,2.0,2.8179511288992742
2015-09-15,HOBBIES_1_016,CA_1,2.0,2.8877308362364027
2015-09-16,HOBBIES_1_016,CA_1,17.0,3.388764975340045
2015-09-16,HOBBIES_1_016,CA_1,17.0,12.480844926356182
2015-09-17,HOBBIES_1_016,CA_1,10.0,10.582776328611514
2015-09-17,HOBBIES_1_016,CA_1,10.0,7.456192083769034
2015-09-18,HOBBIES_1_016,CA_1,6.0,7.111563409810333
2015-09-18,HOBBIES_1_016,CA_1,6.0,5.751608758932682
2015-09-19,HOBBIES_1_016,CA_1,1.0,6.767738294918041
2015-09-19,HOBBIES_1_016,CA_1,1.0,3.385615319767673
2015-09-20,HOBBIES_1_016,CA_1,0.0,3.2212188437774056
2015-09-20,HOBBIES_1_016,CA_1,0.0,3.4296194012278396
2015-09-21,HOBBIES_1_016,CA_1,9.0,1.9231622268324553
2015-09-21,HOBBIES_1_016,CA_1,9.0,7.593325320269272
2015-09-22,HOBBIES_1_016,CA_1,3.0,7.684345360670553
2015-09-22,HOBBIES_1_016,CA_1,3.0,4.2213936227471445
2015-09-23,HOBBIES_1_016,CA_1,0.0,4.618575332324083
2015-09-23,HOBBIES_1_016,CA_1,0.0,2.5537821505532996
2015-09-24,HOBBIES_1_016,CA_1,13.0,2.6808779845578843
2015-09-24,HOBBIES_1_016,CA_1,13.0,9.087191986497066
2015-09-25,HOBBIES_1_016,CA_1,4.0,9.73879237396052
2015-09-25,HOBBIES_1_016,CA_1,4.0,5.432553288204597
2015-09-26,HOBBIES_1_016,CA_1,0.0,5.716299223766256
2015-09-26,HOBBIES_1_016,CA_1,0.0,3.0983867742496383
2015-09-27,HOBBIES_1_016,CA_1,0.0,3.0016175497401587
2015-09-27,HOBBIES_1_016,CA_1,0.0,3.8475710095076785
2015-09-28,HOBBIES_1_016,CA_1,4.0,4.623100481118073
2015-09-28,HOBBIES_1_016,CA_1,4.0,4.637591255257816
2015-09-29,HOBBIES_1_016,CA_1,4.0,4.417854432757821
2015-09-29,HOBBIES_1_016,CA_1,4.0,4.240415728706952
2015-09-30,HOBBIES_1_016,CA_1,33.0,6.344417977308052
2015-09-30,HOBBIES_1_016,CA_1,33.0,27.718079975619208
2015-10-01,HOBBIES_1_016,CA_1,5.0,9.165557896173429
2015-10-01,HOBBIES_1_016,CA_1,5.0,5.288594779920953
2015-10-02,HOBBIES_1_016,CA_1,5.0,5.725797956705254
2015-10-02,HOBBIES_1_016,CA_1,5.0,5.880734832827673
2015-10-03,HOBBIES_1_016,CA_1,0.0,6.362086191297964
2015-10-03,HOBBIES_1_016,CA_1,0.0,1.822095587123503
2015-10-04,HOBBIES_1_016,CA_1,7.0,7.1695961623403095
2015-10-04,HOBBIES_1_016,CA_1,7.0,7.539622423264242
2015-10-05,HOBBIES_1_016,CA_1,7.0,7.588863301711153
2015-10-05,HOBBIES_1_016,CA_1,7.0,7.368061725354652
2015-10-06,HOBBIES_1_016,CA_1,3.0,6.989774707705363
2015-10-06,HOBBIES_1_016,CA_1,3.0,6.173602060026366
2015-10-07,HOBBIES_1_016,CA_1,8.0,3.6545692625428168
2015-10-07,HOBBIES_1_016,CA_1,8.0,6.910142489528245
2015-10-08,HOBBIES_1_016,CA_1,0.0,7.612612066727635
2015-10-08,HOBBIES_1_016,CA_1,0.0,3.038024249677556
2015-10-09,HOBBIES_1_016,CA_1,4.0,3.410489242975583
2015-10-09,HOBBIES_1_016,CA_1,4.0,6.017004750481089
2015-10-10,HOBBIES_1_016,CA_1,13.0,5.823898234501381
2015-10-10,HOBBIES_1_016,CA_1,13.0,10.15747573288932
2015-10-11,HOBBIES_1_016,CA_1,6.0,10.14576987344414
2015-10-11,HOBBIES_1_016,CA_1,6.0,8.165824129561846
2015-10-12,HOBBIES_1_016,CA_1,17.0,8.052598211079948
2015-10-12,HOBBIES_1_016,CA_1,17.0,9.98030814111666
2015-10-13,HOBBIES_1_016,CA_1,0.0,10.817969098754482
2015-10-13,HOBBIES_1_016,CA_1,0.0,2.2335801876525276
2015-10-14,HOBBIES_1_016,CA_1,16.0,0.3980407456657622
2015-10-14,HOBBIES_1_016,CA_1,16.0,9.199892827670693
2015-10-15,HOBBIES_1_016,CA_1,20.0,9.257033491362971
2015-10-15,HOBBIES_1_016,CA_1,20.0,10.110055965515746
2015-10-16,HOBBIES_1_016,CA_1,14.0,11.775197690097276
2015-10-16,HOBBIES_1_016,CA_1,14.0,9.599065157299934
2015-10-17,HOBBIES_1_016,CA_1,1.0,11.289904671638038
2015-10-17,HOBBIES_1_016,CA_1,1.0,3.9044347319223633
2015-10-18,HOBBIES_1_016,CA_1,13.0,3.9436590224383354
2015-10-18,HOBBIES_1_016,CA_1,13.0,10.70962452232088
2015-10-19,HOBBIES_1_016,CA_1,3.0,10.318472899500431
2015-10-19,HOBBIES_1_016,CA_1,3.0,4.624207210247715
2015-10-20,HOBBIES_1_016,CA_1,3.0,4.156430157042719
2015-10-20,HOBBIES_1_016,CA_1,3.0,4.607157401814976
2015-10-21,HOBBIES_1_016,CA_1,10.0,5.054860124505183
2015-10-21,HOBBIES_1_016,CA_1,10.0,8.830754681129799
2015-10-22,HOBBIES_1_016,CA_1,3.0,8.595885836526406
2015-10-22,HOBBIES_1_016,CA_1,3.0,5.5474457924523195
2015-10-23,HOBBIES_1_016,CA_1,2.0,5.628864297013062
2015-10-23,HOBBIES_1_016,CA_1,2.0,5.15495485974507
2015-10-24,HOBBIES_1_016,CA_1,18.0,4.607132982911376
2015-10-24,HOBBIES_1_016,CA_1,18.0,15.392591434909841
2015-10-25,HOBBIES_1_016,CA_1,20.0,15.542517392808117
2015-10-25,HOBBIES_1_016,CA_1,20.0,14.712105402754323
2015-10-26,HOBBIES_1_016,CA_1,3.0,11.823049516464513
2015-10-26,HOBBIES_1_016,CA_1,3.0,5.771849378031795
2015-10-27,HOBBIES_1_016,CA_1,8.0,3.9037304699957023
2015-10-27,HOBBIES_1_016,CA_1,8.0,6.9934935561045135
2015-10-28,HOBBIES_1_016,CA_1,11.0,8.088464475634515
2015-10-28,HOBBIES_1_016,CA_1,11.0,10.597596037269023
2015-10-29,HOBBIES_1_016,CA_1,7.0,8.566074098753852
2015-10-29,HOBBIES_1_016,CA_1,7.0,6.830184417016283
2015-10-30,HOBBIES_1_016,CA_1,6.0,7.350393179126765
2015-10-30,HOBBIES_1_016,CA_1,6.0,6.743760744837434
2015-10-31,HOBBIES_1_016,CA_1,8.0,7.242128413533824
2015-10-31,HOBBIES_1_016,CA_1,8.0,7.980162486398254
2015-11-01,HOBBIES_1_016,CA_1,20.0,8.342243242527118
2015-11-01,HOBBIES_1_016,CA_1,20.0,16.416331052394376
2015-11-02,HOBBIES_1_016,CA_1,4.0,10.69049981773171
2015-11-02,HOBBIES_1_016,CA_1,4.0,4.518835978676786
2015-11-03,HOBBIES_1_016,CA_1,4.0,4.622690377045543
2015-11-03,HOBBIES_1_016,CA_1,4.0,4.5094507356627505
2015-11-04,HOBBIES_1_016,CA_1,2.0,4.6991604604673265
2015-11-04,HOBBIES_1_016,CA_1,2.0,3.626025595196165
2015-11-05,HOBBIES_1_016,CA_1,4.0,11.21819327491631
2015-11-05,HOBBIES_1_016,CA_1,4.0,5.7021734693973265
2015-11-06,HOBBIES_1_016,CA_1,27.0,5.716618354107423
2015-11-06,HOBBIES_1_016,CA_1,27.0,25.67380741957011
2015-11-07,HOBBIES_1_016,CA_1,3.0,15.147445063273056
2015-11-07,HOBBIES_1_016,CA_1,3.0,8.21176157140078
2015-11-08,HOBBIES_1_016,CA_1,9.0,5.893909316643883
2015-11-08,HOBBIES_1_016,CA_1,9.0,8.720288033380367
2015-11-09,HOBBIES_1_016,CA_1,4.0,7.610842146769199
2015-11-09,HOBBIES_1_016,CA_1,4.0,4.1628583616600885
2015-11-10,HOBBIES_1_016,CA_1,6.0,4.485169682913705
2015-11-10,HOBBIES_1_016,CA_1,6.0,6.589189880211454
2015-11-11,HOBBIES_1_016,CA_1,0.0,6.354651594414178
2015-11-11,HOBBIES_1_016,CA_1,0.0,3.0709406685561795
2015-11-12,HOBBIES_1_016,CA_1,8.0,3.1245370803060672
2015-11-12,HOBBIES_1_016,CA_1,8.0,7.710353187842814
2015-11-13,HOBBIES_1_016,CA_1,3.0,8.650973119233377
2015-11-13,HOBBIES_1_016,CA_1,3.0,5.54519631007491
2015-11-14,HOBBIES_1_016,CA_1,7.0,5.9368041788532935
2015-11-14,HOBBIES_1_016,CA_1,7.0,8.073784736355934
2015-11-15,HOBBIES_1_016,CA_1,3.0,6.698517544902974
2015-11-15,HOBBIES_1_016,CA_1,3.0,4.611233735425495
2015-11-16,HOBBIES_1_016,CA_1,7.0,6.403780405105995
2015-11-16,HOBBIES_1_016,CA_1,7.0,6.8641924803247445
2015-11-17,HOBBIES_1_016,CA_1,3.0,7.328693917777714
2015-11-17,HOBBIES_1_016,CA_1,3.0,5.879407921057037
2015-11-18,HOBBIES_1_016,CA_1,4.0,4.036939256087629
2015-11-18,HOBBIES_1_016,CA_1,4.0,5.404783949686859
2015-11-19,HOBBIES_1_016,CA_1,18.0,5.929707285881728
2015-11-19,HOBBIES_1_016,CA_1,18.0,13.864477678138636
2015-11-20,HOBBIES_1_016,CA_1,3.0,10.492952619869937
2015-11-20,HOBBIES_1_016,CA_1,3.0,4.255290026269973
2015-11-21,HOBBIES_1_016,CA_1,0.0,5.492701191663729
2015-11-21,HOBBIES_1_016,CA_1,0.0,2.654103277830942
2015-11-22,HOBBIES_1_016,CA_1,5.0,2.6294963015789476
2015-11-22,HOBBIES_1_016,CA_1,5.0,5.984349997070859
2015-11-23,HOBBIES_1_016,CA_1,3.0,8.473621759664354
2015-11-23,HOBBIES_1_016,CA_1,3.0,5.364694611109797
2015-11-24,HOBBIES_1_016,CA_1,19.0,4.7336889306126295
2015-11-24,HOBBIES_1_016,CA_1,19.0,12.595136609578201
2015-11-25,HOBBIES_1_016,CA_1,2.0,7.943788555184022
2015-11-25,HOBBIES_1_016,CA_1,2.0,2.3133985693818486
2015-11-26,HOBBIES_1_016,CA_1,0.0,3.151396579655985
2015-11-26,HOBBIES_1_016,CA_1,0.0,1.6562400552618894
2015-11-27,HOBBIES_1_016,CA_1,10.0,2.4309028305941793
2015-11-27,HOBBIES_1_016,CA_1,10.0,8.277450846606476
2015-11-28,HOBBIES_1_016,CA_1,3.0,8.392439007429308
2015-11-28,HOBBIES_1_016,CA_1,3.0,5.325892573622669
2015-11-29,HOBBIES_1_016,CA_1,3.0,6.3960987711456445
2015-11-29,HOBBIES_1_016,CA_1,3.0,6.390149278091908
2015-11-30,HOBBIES_1_016,CA_1,10.0,4.332681527302922
2015-11-30,HOBBIES_1_016,CA_1,10.0,7.260840710833095
2015-12-01,HOBBIES_1_016,CA_1,10.0,8.996093907981773
2015-12-01,HOBBIES_1_016,CA_1,10.0,10.04852115896449
2015-12-02,HOBBIES_1_016,CA_1,8.0,7.439866303381091
2015-12-02,HOBBIES_1_016,CA_1,8.0,6.741986141643469
2015-12-03,HOBBIES_1_016,CA_1,9.0,7.228418922944754
2015-12-03,HOBBIES_1_016,CA_1,9.0,8.002704898843422
2015-12-04,HOBBIES_1_016,CA_1,3.0,8.38267501487435
2015-12-04,HOBBIES_1_016,CA_1,3.0,4.796449751598161
2015-12-05,HOBBIES_1_016,CA_1,31.0,4.936479556416482
2015-12-05,HOBBIES_1_016,CA_1,31.0,15.763257266787528
2015-12-06,HOBBIES_1_016,CA_1,9.0,8.185968349164154
2015-12-06,HOBBIES_1_016,CA_1,9.0,9.925951391294829
2015-12-07,HOBBIES_1_016,CA_1,7.0,8.205677670857403
2015-12-07,HOBBIES_1_016,CA_1,7.0,6.319958752261627
2015-12-08,HOBBIES_1_016,CA_1,1.0,6.974455646003721
2015-12-08,HOBBIES_1_016,CA_1,1.0,2.6621267248531333
2015-12-09,HOBBIES_1_016,CA_1,12.0,3.4624383622042987
2015-12-09,HOBBIES_1_016,CA_1,12.0,9.16405181074503
2015-12-10,HOBBIES_1_016,CA_1,5.0,8.712047222653457
2015-12-10,HOBBIES_1_016,CA_1,5.0,5.7546480547419865
2015-12-11,HOBBIES_1_016,CA_1,0.0,6.649926933753325
2015-12-11,HOBBIES_1_016,CA_1,0.0,3.27531238697948
2015-12-12,HOBBIES_1_016,CA_1,7.0,5.17066479316824
2015-12-12,HOBBIES_1_016,CA_1,7.0,9.927801277401135
2015-12-13,HOBBIES_1_016,CA_1,4.0,9.483758645764347
2015-12-13,HOBBIES_1_016,CA_1,4.0,6.612327838853375
2015-12-14,HOBBIES_1_016,CA_1,0.0,5.488296798834341
2015-12-14,HOBBIES_1_016,CA_1,0.0,4.861759247635043
2015-12-15,HOBBIES_1_016,CA_1,8.0,3.0831293261804147
2015-12-15,HOBBIES_1_016,CA_1,8.0,7.997230626942111
2015-12-16,HOBBIES_1_016,CA_1,0.0,7.724641078432028
2015-12-16,HOBBIES_1_016,CA_1,0.0,3.73871364697648
2015-12-17,HOBBIES_1_016,CA_1,2.0,2.8671621344396634
2015-12-17,HOBBIES_1_016,CA_1,2.0,4.055797104760408
2015-12-18,HOBBIES_1_016,CA_1,10.0,3.699047527260195
2015-12-18,HOBBIES_1_016,CA_1,10.0,8.668842974080432
2015-12-19,HOBBIES_1_016,CA_1,29.0,10.772462540723396
2015-12-19,HOBBIES_1_016,CA_1,29.0,27.44241193013799
2015-12-20,HOBBIES_1_016,CA_1,0.0,5.385067348339563
2015-12-20,HOBBIES_1_016,CA_1,0.0,2.5680972929984773
2015-12-21,HOBBIES_1_016,CA_1,5.0,1.0400717012433747
2015-12-21,HOBBIES_1_016,CA_1,5.0,4.624329182762373
2015-12-22,HOBBIES_1_016,CA_1,3.0,4.977781515157953
2015-12-22,HOBBIES_1_016,CA_1,3.0,3.5512492324221214
2015-12-23,HOBBIES_1_016,CA_1,15.0,6.935246867251294
2015-12-23,HOBBIES_1_016,CA_1,15.0,12.90961282773633
2015-12-24,HOBBIES_1_016,CA_1,14.0,9.436827156696442
2015-12-24,HOBBIES_1_016,CA_1,14.0,8.396653569716717
2015-12-25,HOBBIES_1_016,CA_1,0.0,8.43407264751766
2015-12-25,HOBBIES_1_016,CA_1,0.0,1.5507747224587072
2015-12-26,HOBBIES_1_016,CA_1,0.0,3.169239338076229
2015-12-26,HOBBIES_1_016,CA_1,0.0,3.7455893160013813
2015-12-27,HOBBIES_1_016,CA_1,7.0,3.1588454759864053
2015-12-27,HOBBIES_1_016,CA_1,7.0,7.64368356664082
2015-12-28,HOBBIES_1_016,CA_1,6.0,8.47258814421043
2015-12-28,HOBBIES_1_016,CA_1,6.0,7.488481664310036
2015-12-29,HOBBIES_1_016,CA_1,0.0,6.626922953865383
2015-12-29,HOBBIES_1_016,CA_1,0.0,2.708116642524377
2015-12-30,HOBBIES_1_016,CA_1,11.0,3.024407188750605
2015-12-30,HOBBIES_1_016,CA_1,11.0,9.440036122043821
2015-12-31,HOBBIES_1_016,CA_1,15.0,9.056245351164408
2015-12-31,HOBBIES_1_016,CA_1,15.0,10.186159945542071
2016-01-01,HOBBIES_1_016,CA_1,21.0,11.41550731088868
2016-01-01,HOBBIES_1_016,CA_1,21.0,11.287441658903486
2016-01-02,HOBBIES_1_016,CA_1,8.0,10.912454387123354
2016-01-02,HOBBIES_1_016,CA_1,8.0,6.6789182446385436
2016-01-03,HOBBIES_1_016,CA_1,2.0,7.648910974871215
2016-01-03,HOBBIES_1_016,CA_1,2.0,2.7507963779201163
2016-01-04,HOBBIES_1_016,CA_1,5.0,2.6199728878147255
2016-01-04,HOBBIES_1_016,CA_1,5.0,5.188032774045537
2016-01-05,HOBBIES_1_016,CA_1,3.0,5.846174107258693
2016-01-05,HOBBIES_1_016,CA_1,3.0,3.942554829612161
2016-01-06,HOBBIES_1_016,CA_1,2.0,5.944555230620478
2016-01-06,HOBBIES_1_016,CA_1,2.0,4.80006607585475
2016-01-07,HOBBIES_1_016,CA_1,0.0,6.281219064333588
2016-01-07,HOBBIES_1_016,CA_1,0.0,3.77783751005372
2016-01-08,HOBBIES_1_016,CA_1,9.0,3.155945571061114
2016-01-08,HOBBIES_1_016,CA_1,9.0,7.954582600985208
2016-01-09,HOBBIES_1_016,CA_1,15.0,8.890684975161129
2016-01-09,HOBBIES_1_016,CA_1,15.0,10.221741432560266
2016-01-10,HOBBIES_1_016,CA_1,6.0,8.949614587736813
2016-01-10,HOBBIES_1_016,CA_1,6.0,7.082073019574012
2016-01-11,HOBBIES_1_016,CA_1,3.0,5.936674098631522
2016-01-11,HOBBIES_1_016,CA_1,3.0,3.9187990485246287
2016-01-12,HOBBIES_1_016,CA_1,5.0,3.7209053791144377
2016-01-12,HOBBIES_1_016,CA_1,5.0,5.682059891256762
2016-01-13,HOBBIES_1_016,CA_1,0.0,5.960358291277291
2016-01-13,HOBBIES_1_016,CA_1,0.0,3.0819606180624786
2016-01-14,HOBBIES_1_016,CA_1,0.0,4.315757875078421
2016-01-14,HOBBIES_1_016,CA_1,0.0,4.3189853835217376
2016-01-15,HOBBIES_1_016,CA_1,4.0,6.599222446419902
2016-01-15,HOBBIES_1_016,CA_1,4.0,9.444245254519009
2016-01-16,HOBBIES_1_016,CA_1,8.0,6.584903596076546
2016-01-16,HOBBIES_1_016,CA_1,8.0,8.262053372738219
2016-01-17,HOBBIES_1_016,CA_1,6.0,7.664767221842476
2016-01-17,HOBBIES_1_016,CA_1,6.0,7.222585291719566
2016-01-18,HOBBIES_1_016,CA_1,14.0,6.303339739209638
2016-01-18,HOBBIES_1_016,CA_1,14.0,8.815984715028018
2016-01-19,HOBBIES_1_016,CA_1,5.0,8.58627388537582
2016-01-19,HOBBIES_1_016,CA_1,5.0,5.1447057563588405
2016-01-20,HOBBIES_1_016,CA_1,8.0,5.098265785880766
2016-01-20,HOBBIES_1_016,CA_1,8.0,6.740813632216781
2016-01-21,HOBBIES_1_016,CA_1,4.0,6.6601691112917205
2016-01-21,HOBBIES_1_016,CA_1,4.0,4.231301217371206
2016-01-22,HOBBIES_1_016,CA_1,0.0,5.124232316450157
2016-01-22,HOBBIES_1_016,CA_1,0.0,2.9476140641422375
2016-01-23,HOBBIES_1_016,CA_1,14.0,3.9772278914709522
2016-01-23,HOBBIES_1_016,CA_1,14.0,10.772800507127073
2016-01-24,HOBBIES_1_016,CA_1,0.0,9.710339151813951
2016-01-24,HOBBIES_1_016,CA_1,0.0,2.945452209150791
2016-01-25,HOBBIES_1_016,CA_1,0.0,2.0944413440930316
2016-01-25,HOBBIES_1_016,CA_1,0.0,2.359133854466972
2016-01-26,HOBBIES_1_016,CA_1,0.0,2.460220894418712
2016-01-26,HOBBIES_1_016,CA_1,0.0,4.1845627167736925
2016-01-27,HOBBIES_1_016,CA_1,3.0,4.683757192384787
2016-01-27,HOBBIES_1_016,CA_1,3.0,4.026444273011912
2016-01-28,HOBBIES_1_016,CA_1,12.0,3.986696702566466
2016-01-28,HOBBIES_1_016,CA_1,12.0,10.141378477983379
2016-01-29,HOBBIES_1_016,CA_1,2.0,9.562983050562064
2016-01-29,HOBBIES_1_016,CA_1,2.0,3.8527384459820304
2016-01-30,HOBBIES_1_016,CA_1,5.0,4.594478406189667
2016-01-30,HOBBIES_1_016,CA_1,5.0,7.096600123029902
2016-01-31,HOBBIES_1_016,CA_1,4.0,5.865878476846847
2016-01-31,HOBBIES_1_016,CA_1,4.0,4.890566805830523
2016-02-01,HOBBIES_1_016,CA_1,0.0,5.790850644526271
2016-02-01,HOBBIES_1_016,CA_1,0.0,2.7914595740146146
2016-02-02,HOBBIES_1_016,CA_1,11.0,2.162618853297533
2016-02-02,HOBBIES_1_016,CA_1,11.0,8.582407591132768
2016-02-03,HOBBIES_1_016,CA_1,12.0,8.689697536251543
2016-02-03,HOBBIES_1_016,CA_1,12.0,9.112012992461006
2016-02-04,HOBBIES_1_016,CA_1,0.0,8.166743288472532
2016-02-04,HOBBIES_1_016,CA_1,0.0,1.0140372195826564
2016-02-05,HOBBIES_1_016,CA_1,0.0,2.6639322505648635
2016-02-05,HOBBIES_1_016,CA_1,0.0,2.0030290739214
2016-02-06,HOBBIES_1_016,CA_1,0.0,2.9408556167352913
2016-02-06,HOBBIES_1_016,CA_1,0.0,3.5609480110399274
2016-02-07,HOBBIES_1_016,CA_1,1.0,3.862690013435231
2016-02-07,HOBBIES_1_016,CA_1,1.0,3.3356835325911884
2016-02-08,HOBBIES_1_016,CA_1,1.0,2.575368900566632
2016-02-08,HOBBIES_1_016,CA_1,1.0,2.617684866455221
2016-02-09,HOBBIES_1_016,CA_1,3.0,2.503539413289761
2016-02-09,HOBBIES_1_016,CA_1,3.0,3.4834180026981594
2016-02-10,HOBBIES_1_016,CA_1,19.0,4.534337914840873
2016-02-10,HOBBIES_1_016,CA_1,19.0,16.58564755569232
2016-02-11,HOBBIES_1_016,CA_1,0.0,9.445741498582027
2016-02-11,HOBBIES_1_016,CA_1,0.0,1.6589156654355217
2016-02-12,HOBBIES_1_016,CA_1,0.0,1.6459396662414214
2016-02-12,HOBBIES_1_016,CA_1,0.0,1.6851225868702713
2016-02-13,HOBBIES_1_016,CA_1,0.0,2.2732159036945294
2016-02-13,HOBBIES_1_016,CA_1,0.0,2.463204740109286
2016-02-14,HOBBIES_1_016,CA_1,24.0,3.1255406073806764
2016-02-14,HOBBIES_1_016,CA_1,24.0,21.908965828364536
2016-02-15,HOBBIES_1_016,CA_1,0.0,11.225360288075308
2016-02-15,HOBBIES_1_016,CA_1,0.0,0.7505295987069118
2016-02-16,HOBBIES_1_016,CA_1,0.0,1.0827657069434529
2016-02-16,HOBBIES_1_016,CA_1,0.0,1.644912546925161
2016-02-17,HOBBIES_1_016,CA_1,0.0,-0.06845048391847874
2016-02-17,HOBBIES_1_016,CA_1,0.0,0.11633595069904995
2016-02-18,HOBBIES_1_016,CA_1,0.0,2.5432519627262513
2016-02-18,HOBBIES_1_016,CA_1,0.0,1.5061488246050254
2016-02-19,HOBBIES_1_016,CA_1,12.0,1.5587833698690798
2016-02-19,HOBBIES_1_016,CA_1,12.0,10.666562442654316
2016-02-20,HOBBIES_1_016,CA_1,3.0,10.42441034236265
2016-02-20,HOBBIES_1_016,CA_1,3.0,5.022985338357469
2016-02-21,HOBBIES_1_016,CA_1,7.0,5.168308672549331
2016-02-21,HOBBIES_1_016,CA_1,7.0,7.625021962859954
2016-02-22,HOBBIES_1_016,CA_1,6.0,6.567138529713149
2016-02-22,HOBBIES_1_016,CA_1,6.0,5.930308276172304
2016-02-23,HOBBIES_1_016,CA_1,12.0,5.95389921693438
2016-02-23,HOBBIES_1_016,CA_1,12.0,8.534658251799012
2016-02-24,HOBBIES_1_016,CA_1,4.0,9.467586689329547
2016-02-24,HOBBIES_1_016,CA_1,4.0,5.5298886433837104
2016-02-25,HOBBIES_1_016,CA_1,3.0,3.966737502808588
2016-02-25,HOBBIES_1_016,CA_1,3.0,3.845669907610196
2016-02-26,HOBBIES_1_016,CA_1,0.0,4.106923901449107
2016-02-26,HOBBIES_1_016,CA_1,0.0,2.1699922566683827
2016-02-27,HOBBIES_1_016,CA_1,2.0,3.5543382744661773
2016-02-27,HOBBIES_1_016,CA_1,2.0,4.391169277100437
2016-02-28,HOBBIES_1_016,CA_1,22.0,6.0034730536548535
2016-02-28,HOBBIES_1_016,CA_1,22.0,20.883901206657093
2016-02-29,HOBBIES_1_016,CA_1,2.0,12.216899859871232
2016-02-29,HOBBIES_1_016,CA_1,2.0,2.8742178819901643
2016-03-01,HOBBIES_1_016,CA_1,2.0,1.8943415398792616
2016-03-01,HOBBIES_1_016,CA_1,2.0,2.222082806482872
2016-03-02,HOBBIES_1_016,CA_1,8.0,2.249803240277961
2016-03-02,HOBBIES_1_016,CA_1,8.0,6.356908143552602
2016-03-03,HOBBIES_1_016,CA_1,9.0,8.228544885984139
2016-03-03,HOBBIES_1_016,CA_1,9.0,7.578910238153746
2016-03-04,HOBBIES_1_016,CA_1,0.0,7.991237319084413
2016-03-04,HOBBIES_1_016,CA_1,0.0,2.8321756303837042
2016-03-05,HOBBIES_1_016,CA_1,1.0,3.2686767564592634
2016-03-05,HOBBIES_1_016,CA_1,1.0,4.447664398101334
2016-03-06,HOBBIES_1_016,CA_1,3.0,6.755941691184163
2016-03-06,HOBBIES_1_016,CA_1,3.0,7.7054418023585
2016-03-07,HOBBIES_1_016,CA_1,3.0,4.295245621810793
2016-03-07,HOBBIES_1_016,CA_1,3.0,4.1431568598894515
2016-03-08,HOBBIES_1_016,CA_1,5.0,5.135281510886043
2016-03-08,HOBBIES_1_016,CA_1,5.0,5.58594636604366
2016-03-09,HOBBIES_1_016,CA_1,2.0,5.755101882276213
2016-03-09,HOBBIES_1_016,CA_1,2.0,3.659254089559554
2016-03-10,HOBBIES_1_016,CA_1,0.0,3.8997210903169064
2016-03-10,HOBBIES_1_016,CA_1,0.0,2.5772231666364664
2016-03-11,HOBBIES_1_016,CA_1,2.0,2.2166939602142244
2016-03-11,HOBBIES_1_016,CA_1,2.0,3.0298405011813245
2016-03-12,HOBBIES_1_016,CA_1,9.0,3.98230041461764
2016-03-12,HOBBIES_1_016,CA_1,9.0,8.573941847221171
2016-03-13,HOBBIES_1_016,CA_1,2.0,8.019882076620032
2016-03-13,HOBBIES_1_016,CA_1,2.0,4.01395546827417
2016-03-14,HOBBIES_1_016,CA_1,2.0,2.5831246223045645
2016-03-14,HOBBIES_1_016,CA_1,2.0,2.649634294467136
2016-03-15,HOBBIES_1_016,CA_1,15.0,2.8276666533112653
2016-03-15,HOBBIES_1_016,CA_1,15.0,9.795462015446207
2016-03-16,HOBBIES_1_016,CA_1,1.0,9.527938349990546
2016-03-16,HOBBIES_1_016,CA_1,1.0,2.5124777655099586
2016-03-17,HOBBIES_1_016,CA_1,0.0,2.6740017779607825
2016-03-17,HOBBIES_1_016,CA_1,0.0,1.3321094276422516
2016-03-18,HOBBIES_1_016,CA_1,7.0,1.8949011231691733
2016-03-18,HOBBIES_1_016,CA_1,7.0,6.548275919314081
2016-03-19,HOBBIES_1_016,CA_1,10.0,8.305136205102135
2016-03-19,HOBBIES_1_016,CA_1,10.0,8.756086635162017
2016-03-20,HOBBIES_1_016,CA_1,8.0,7.947736766816084
2016-03-20,HOBBIES_1_016,CA_1,8.0,7.417187237015668
2016-03-21,HOBBIES_1_016,CA_1,5.0,6.745097424765404
2016-03-21,HOBBIES_1_016,CA_1,5.0,5.085253504259962
2016-03-22,HOBBIES_1_016,CA_1,1.0,5.0773726783976105
2016-03-22,HOBBIES_1_016,CA_1,1.0,2.9000918619196603
2016-03-23,HOBBIES_1_016,CA_1,2.0,2.813953345346612
2016-03-23,HOBBIES_1_016,CA_1,2.0,3.0556478359217114
2016-03-24,HOBBIES_1_016,CA_1,14.0,2.9770440819936828
2016-03-24,HOBBIES_1_016,CA_1,14.0,10.00389747161273
2016-03-25,HOBBIES_1_016,CA_1,4.0,10.070938398399123
2016-03-25,HOBBIES_1_016,CA_1,4.0,5.146314828244444
2016-03-26,HOBBIES_1_016,CA_1,17.0,6.034523714031265
2016-03-26,HOBBIES_1_016,CA_1,17.0,9.819598234345944
2016-03-27,HOBBIES_1_016,CA_1,5.0,7.983721301805841
2016-03-27,HOBBIES_1_016,CA_1,5.0,5.09845345284473
2016-03-28,HOBBIES_1_016,CA_1,2.0,4.9933662109061805
2016-03-28,HOBBIES_1_016,CA_1,2.0,2.261484139151095
2016-03-29,HOBBIES_1_016,CA_1,3.0,2.9461654720986976
2016-03-29,HOBBIES_1_016,CA_1,3.0,4.362051444308612
2016-03-30,HOBBIES_1_016,CA_1,6.0,4.666356573485878
2016-03-30,HOBBIES_1_016,CA_1,6.0,6.154646323300231
2016-03-31,HOBBIES_1_016,CA_1,4.0,6.216864193108691
2016-03-31,HOBBIES_1_016,CA_1,4.0,4.627273461642056
2016-04-01,HOBBIES_1_016,CA_1,32.0,5.562980090334201
2016-04-01,HOBBIES_1_016,CA_1,32.0,25.769622474422142
2016-04-02,HOBBIES_1_016,CA_1,1.0,21.627612508119984
2016-04-02,HOBBIES_1_016,CA_1,1.0,4.758296081871129
2016-04-03,HOBBIES_1_016,CA_1,6.0,3.3795118847527905
2016-04-03,HOBBIES_1_016,CA_1,6.0,6.722844059340197
2016-04-04,HOBBIES_1_016,CA_1,3.0,5.299110809871827
2016-04-04,HOBBIES_1_016,CA_1,3.0,4.924180099510487
2016-04-05,HOBBIES_1_016,CA_1,9.0,9.014948614224846
2016-04-05,HOBBIES_1_016,CA_1,9.0,8.006885740795987
2016-04-06,HOBBIES_1_016,CA_1,1.0,7.993297021781893
2016-04-06,HOBBIES_1_016,CA_1,1.0,3.1297949357160393
2016-04-07,HOBBIES_1_016,CA_1,6.0,3.8214822501544505
2016-04-07,HOBBIES_1_016,CA_1,6.0,6.567638698584289
2016-04-08,HOBBIES_1_016,CA_1,6.0,6.502828488510141
2016-04-08,HOBBIES_1_016,CA_1,6.0,6.914577398257988
2016-04-09,HOBBIES_1_016,CA_1,5.0,7.1140816833547635
2016-04-09,HOBBIES_1_016,CA_1,5.0,7.542578397159133
2016-04-10,HOBBIES_1_016,CA_1,0.0,6.8702736458284805
2016-04-10,HOBBIES_1_016,CA_1,0.0,3.399936674251691
2016-04-11,HOBBIES_1_016,CA_1,3.0,2.493097363616969
2016-04-11,HOBBIES_1_016,CA_1,3.0,4.085951539132365
2016-04-12,HOBBIES_1_016,CA_1,4.0,5.623538954199371
2016-04-12,HOBBIES_1_016,CA_1,4.0,6.079152258577061
2016-04-13,HOBBIES_1_016,CA_1,4.0,5.467218787570964
2016-04-13,HOBBIES_1_016,CA_1,4.0,4.823507390977267
2016-04-14,HOBBIES_1_016,CA_1,9.0,4.947612473989932
2016-04-14,HOBBIES_1_016,CA_1,9.0,8.110794156853824
2016-04-15,HOBBIES_1_016,CA_1,5.0,7.464261128508014
2016-04-15,HOBBIES_1_016,CA_1,5.0,5.839110079569267
2016-04-16,HOBBIES_1_016,CA_1,6.0,6.541481757800712
2016-04-16,HOBBIES_1_016,CA_1,6.0,7.213076918712659
2016-04-17,HOBBIES_1_016,CA_1,15.0,6.804254828594579
2016-04-17,HOBBIES_1_016,CA_1,15.0,10.228947841592845
2016-04-18,HOBBIES_1_016,CA_1,9.0,8.749869909538306
2016-04-18,HOBBIES_1_016,CA_1,9.0,6.896426930186838
2016-04-19,HOBBIES_1_016,CA_1,4.0,7.016827266368568
2016-04-19,HOBBIES_1_016,CA_1,4.0,4.153078816419522
2016-04-20,HOBBIES_1_016,CA_1,4.0,4.314239990019368
2016-04-20,HOBBIES_1_016,CA_1,4.0,4.180779028896654
2016-04-21,HOBBIES_1_016,CA_1,0.0,4.156666856163198
2016-04-21,HOBBIES_1_016,CA_1,0.0,2.67501501904512
2016-04-22,HOBBIES_1_016,CA_1,15.0,2.909692599026768
2016-04-22,HOBBIES_1_016,CA_1,15.0,13.041999923141049
2016-04-23,HOBBIES_1_016,CA_1,1.0,10.442935507555523
2016-04-23,HOBBIES_1_016,CA_1,1.0,4.441838050777808
2016-04-24,HOBBIES_1_016,CA_1,6.0,4.001752126409498
2016-04-24,HOBBIES_1_016,CA_1,6.0,7.128570288787492
2015-06-04,HOBBIES_1_017,CA_1,0.0,1.9468942306799255
2015-06-04,HOBBIES_1_017,CA_1,0.0,0.46156776171547914
2015-06-05,HOBBIES_1_017,CA_1,3.0,0.589227562059988
2015-06-05,HOBBIES_1_017,CA_1,3.0,2.050808558754383
2015-06-06,HOBBIES_1_017,CA_1,6.0,2.3561932660260263
2015-06-06,HOBBIES_1_017,CA_1,6.0,3.852584926907326
2015-06-07,HOBBIES_1_017,CA_1,2.0,3.5396069168588356
2015-06-07,HOBBIES_1_017,CA_1,2.0,1.7222627803056598
2015-06-08,HOBBIES_1_017,CA_1,2.0,1.301269710097659
2015-06-08,HOBBIES_1_017,CA_1,2.0,1.3086180395516236
2015-06-09,HOBBIES_1_017,CA_1,1.0,1.3216327763368547
2015-06-09,HOBBIES_1_017,CA_1,1.0,0.9469943939912127
2015-06-10,HOBBIES_1_017,CA_1,1.0,1.1442860966097443
2015-06-10,HOBBIES_1_017,CA_1,1.0,1.1730359328858229
2015-06-11,HOBBIES_1_017,CA_1,3.0,1.183192606859018
2015-06-11,HOBBIES_1_017,CA_1,3.0,2.0408595788415105
2015-06-12,HOBBIES_1_017,CA_1,0.0,2.31073803708908
2015-06-12,HOBBIES_1_017,CA_1,0.0,0.9282306071118572
2015-06-13,HOBBIES_1_017,CA_1,1.0,0.8842695525020309
2015-06-13,HOBBIES_1_017,CA_1,1.0,1.4340973810028472
2015-06-14,HOBBIES_1_017,CA_1,1.0,1.3788486353632714
2015-06-14,HOBBIES_1_017,CA_1,1.0,1.3821186705378288
2015-06-15,HOBBIES_1_017,CA_1,1.0,1.0419894710906892
2015-06-15,HOBBIES_1_017,CA_1,1.0,1.0346411416367245
2015-06-16,HOBBIES_1_017,CA_1,0.0,1.0197874066744088
2015-06-16,HOBBIES_1_017,CA_1,0.0,0.5314454000426103
2015-06-17,HOBBIES_1_017,CA_1,2.0,0.5828349541722135
2015-06-17,HOBBIES_1_017,CA_1,2.0,1.495483237826983
2015-06-18,HOBBIES_1_017,CA_1,0.0,1.472374356313067
2015-06-18,HOBBIES_1_017,CA_1,0.0,0.5601798163183209
2015-06-19,HOBBIES_1_017,CA_1,0.0,0.7676436751213542
2015-06-19,HOBBIES_1_017,CA_1,0.0,0.7635653808419472
2015-06-20,HOBBIES_1_017,CA_1,0.0,0.7247649056362295
2015-06-20,HOBBIES_1_017,CA_1,0.0,0.6432875263549338
2015-06-21,HOBBIES_1_017,CA_1,0.0,0.6074799691789695
2015-06-21,HOBBIES_1_017,CA_1,0.0,0.5207782514051601
2015-06-22,HOBBIES_1_017,CA_1,0.0,0.35596546588552264
2015-06-22,HOBBIES_1_017,CA_1,0.0,0.35596546588552264
2015-06-23,HOBBIES_1_017,CA_1,3.0,0.302551196717445
2015-06-23,HOBBIES_1_017,CA_1,3.0,1.960456113725375
2015-06-24,HOBBIES_1_017,CA_1,3.0,1.9771366435442845
2015-06-24,HOBBIES_1_017,CA_1,3.0,1.913327601196664
2015-06-25,HOBBIES_1_017,CA_1,0.0,1.8609701074101281
2015-06-25,HOBBIES_1_017,CA_1,0.0,0.38439071980803236
2015-06-26,HOBBIES_1_017,CA_1,0.0,0.3906123032347278
2015-06-26,HOBBIES_1_017,CA_1,0.0,0.397960632688692
2015-06-27,HOBBIES_1_017,CA_1,0.0,0.5170098871053072
2015-06-27,HOBBIES_1_017,CA_1,0.0,0.46394474804129937
2015-06-28,HOBBIES_1_017,CA_1,1.0,0.46394474804129937
2015-06-28,HOBBIES_1_017,CA_1,1.0,1.0299602127141259
2015-06-29,HOBBIES_1_017,CA_1,0.0,0.8460912076381925
2015-06-29,HOBBIES_1_017,CA_1,0.0,0.30287483559345985
2015-06-30,HOBBIES_1_017,CA_1,0.0,0.336577070315771
2015-06-30,HOBBIES_1_017,CA_1,0.0,0.336577070315771
2015-07-01,HOBBIES_1_017,CA_1,2.0,0.3463882542664848
2015-07-01,HOBBIES_1_017,CA_1,2.0,1.3917534540531216
2015-07-02,HOBBIES_1_017,CA_1,4.0,1.352472320471926
2015-07-02,HOBBIES_1_017,CA_1,4.0,2.444387487825706
2015-07-03,HOBBIES_1_017,CA_1,1.0,2.4555585457450326
2015-07-03,HOBBIES_1_017,CA_1,1.0,0.9605161061239805
2015-07-04,HOBBIES_1_017,CA_1,1.0,1.0683761799998086
2015-07-04,HOBBIES_1_017,CA_1,1.0,1.1060043938514847
2015-07-05,HOBBIES_1_017,CA_1,1.0,1.1091454174414919
2015-07-05,HOBBIES_1_017,CA_1,1.0,1.1309513316297861
2015-07-06,HOBBIES_1_017,CA_1,0.0,0.9194317562084275
2015-07-06,HOBBIES_1_017,CA_1,0.0,0.4411931730915904
2015-07-07,HOBBIES_1_017,CA_1,0.0,0.5047783465439578
2015-07-07,HOBBIES_1_017,CA_1,0.0,0.5047783465439578
2015-07-08,HOBBIES_1_017,CA_1,0.0,0.5476263591899642
2015-07-08,HOBBIES_1_017,CA_1,0.0,0.4926143965487929
2015-07-09,HOBBIES_1_017,CA_1,3.0,0.40342641421110714
2015-07-09,HOBBIES_1_017,CA_1,3.0,2.0008073424721906
2015-07-10,HOBBIES_1_017,CA_1,1.0,2.0682654598360966
2015-07-10,HOBBIES_1_017,CA_1,1.0,1.0131620544603999
2015-07-11,HOBBIES_1_017,CA_1,1.0,1.137382082389301
2015-07-11,HOBBIES_1_017,CA_1,1.0,1.1709320019615699
2015-07-12,HOBBIES_1_017,CA_1,1.0,1.1489758016202356
2015-07-12,HOBBIES_1_017,CA_1,1.0,1.1563241310742003
2015-07-13,HOBBIES_1_017,CA_1,1.0,0.9511991405004759
2015-07-13,HOBBIES_1_017,CA_1,1.0,0.9532460538765892
2015-07-14,HOBBIES_1_017,CA_1,0.0,0.9582138723231899
2015-07-14,HOBBIES_1_017,CA_1,0.0,0.4461609915381911
2015-07-15,HOBBIES_1_017,CA_1,2.0,0.4559721754889049
2015-07-15,HOBBIES_1_017,CA_1,2.0,1.4010249583604681
2015-07-16,HOBBIES_1_017,CA_1,0.0,1.5373792797115815
2015-07-16,HOBBIES_1_017,CA_1,0.0,0.6100240543718795
2015-07-17,HOBBIES_1_017,CA_1,2.0,0.45714772980126755
2015-07-17,HOBBIES_1_017,CA_1,2.0,1.4986264246342387
2015-07-18,HOBBIES_1_017,CA_1,0.0,1.6194361115025997
2015-07-18,HOBBIES_1_017,CA_1,0.0,0.5105988283407431
2015-07-19,HOBBIES_1_017,CA_1,2.0,0.5190568004814204
2015-07-19,HOBBIES_1_017,CA_1,2.0,1.6278940836432771
2015-07-20,HOBBIES_1_017,CA_1,2.0,1.3333504538999883
2015-07-20,HOBBIES_1_017,CA_1,2.0,1.3143127853662753
2015-07-21,HOBBIES_1_017,CA_1,1.0,1.354129441567036
2015-07-21,HOBBIES_1_017,CA_1,1.0,0.9488186294931126
2015-07-22,HOBBIES_1_017,CA_1,3.0,0.9337317750199735
2015-07-22,HOBBIES_1_017,CA_1,3.0,1.8551800562210081
2015-07-23,HOBBIES_1_017,CA_1,1.0,1.876290674486967
2015-07-23,HOBBIES_1_017,CA_1,1.0,0.9688885552424074
2015-07-24,HOBBIES_1_017,CA_1,1.0,1.0901392891892652
2015-07-24,HOBBIES_1_017,CA_1,1.0,1.1057009046829656
2015-07-25,HOBBIES_1_017,CA_1,0.0,1.1873301833105692
2015-07-25,HOBBIES_1_017,CA_1,0.0,0.5768066951008148
2015-07-26,HOBBIES_1_017,CA_1,3.0,0.6696259303499021
2015-07-26,HOBBIES_1_017,CA_1,3.0,2.4771031837985618
2015-07-27,HOBBIES_1_017,CA_1,1.0,1.916843723472593
2015-07-27,HOBBIES_1_017,CA_1,1.0,0.9877460022813324
2015-07-28,HOBBIES_1_017,CA_1,0.0,0.9662221069583098
2015-07-28,HOBBIES_1_017,CA_1,0.0,0.43676574870811374
2015-07-29,HOBBIES_1_017,CA_1,0.0,0.48512253288525187
2015-07-29,HOBBIES_1_017,CA_1,0.0,0.49247086233921605
2015-07-30,HOBBIES_1_017,CA_1,0.0,0.44943102671274826
2015-07-30,HOBBIES_1_017,CA_1,0.0,0.4461609915381911
2015-07-31,HOBBIES_1_017,CA_1,0.0,0.5568290743928034
2015-07-31,HOBBIES_1_017,CA_1,0.0,0.49856243396139804
2015-08-01,HOBBIES_1_017,CA_1,2.0,0.5506603206908375
2015-08-01,HOBBIES_1_017,CA_1,2.0,1.6881850489112165
2015-08-02,HOBBIES_1_017,CA_1,3.0,1.7665205550798713
2015-08-02,HOBBIES_1_017,CA_1,3.0,2.4858143093307272
2015-08-03,HOBBIES_1_017,CA_1,0.0,1.830098764962965
2015-08-03,HOBBIES_1_017,CA_1,0.0,0.40984172992017853
2015-08-04,HOBBIES_1_017,CA_1,0.0,0.41480954836677925
2015-08-04,HOBBIES_1_017,CA_1,0.0,0.4188878426461863
2015-08-05,HOBBIES_1_017,CA_1,0.0,0.49946139799328765
2015-08-05,HOBBIES_1_017,CA_1,0.0,0.4443849975984155
2015-08-06,HOBBIES_1_017,CA_1,1.0,0.3955788265433624
2015-08-06,HOBBIES_1_017,CA_1,1.0,0.8982791405817567
2015-08-07,HOBBIES_1_017,CA_1,2.0,0.9679612757699411
2015-08-07,HOBBIES_1_017,CA_1,2.0,1.4986264246342387
2015-08-08,HOBBIES_1_017,CA_1,2.0,1.673817802098932
2015-08-08,HOBBIES_1_017,CA_1,2.0,1.6685008535482617
2015-08-09,HOBBIES_1_017,CA_1,1.0,1.7866310369164196
2015-08-09,HOBBIES_1_017,CA_1,1.0,1.2422210031504664
2015-08-10,HOBBIES_1_017,CA_1,2.0,0.8521881312678642
2015-08-10,HOBBIES_1_017,CA_1,2.0,1.299910932344361
2015-08-11,HOBBIES_1_017,CA_1,4.0,1.3197950149977877
2015-08-11,HOBBIES_1_017,CA_1,4.0,2.134749977792179
2015-08-12,HOBBIES_1_017,CA_1,1.0,2.315893225898679
2015-08-12,HOBBIES_1_017,CA_1,1.0,0.9003572281588242
2015-08-13,HOBBIES_1_017,CA_1,0.0,0.9003572281588242
2015-08-13,HOBBIES_1_017,CA_1,0.0,0.37497916418803556
2015-08-14,HOBBIES_1_017,CA_1,2.0,0.541989692208059
2015-08-14,HOBBIES_1_017,CA_1,2.0,1.5655829056649921
2015-08-15,HOBBIES_1_017,CA_1,1.0,1.8119043085228175
2015-08-15,HOBBIES_1_017,CA_1,1.0,1.3144074769904672
2015-08-16,HOBBIES_1_017,CA_1,0.0,1.2827172012341364
2015-08-16,HOBBIES_1_017,CA_1,0.0,0.6392092320755268
2015-08-17,HOBBIES_1_017,CA_1,0.0,0.4537954086310927
2015-08-17,HOBBIES_1_017,CA_1,0.0,0.4578737029104997
2015-08-18,HOBBIES_1_017,CA_1,0.0,0.5173547336419048
2015-08-18,HOBBIES_1_017,CA_1,0.0,0.5173547336419048
2015-08-19,HOBBIES_1_017,CA_1,0.0,0.4542781438421713
2015-08-19,HOBBIES_1_017,CA_1,0.0,0.41478548450150915
2015-08-20,HOBBIES_1_017,CA_1,1.0,0.42459666845222294
2015-08-20,HOBBIES_1_017,CA_1,1.0,0.9720639142984767
2015-08-21,HOBBIES_1_017,CA_1,0.0,1.1253817600604863
2015-08-21,HOBBIES_1_017,CA_1,0.0,0.6003685302157848
2015-08-22,HOBBIES_1_017,CA_1,0.0,0.6065426984895695
2015-08-22,HOBBIES_1_017,CA_1,0.0,0.5699904688431853
2015-08-23,HOBBIES_1_017,CA_1,3.0,0.5149785062020135
2015-08-23,HOBBIES_1_017,CA_1,3.0,2.34706437196225
2015-08-24,HOBBIES_1_017,CA_1,0.0,1.940525663218893
2015-08-24,HOBBIES_1_017,CA_1,0.0,0.43827464128396937
2015-08-25,HOBBIES_1_017,CA_1,1.0,0.4370366681444513
2015-08-25,HOBBIES_1_017,CA_1,1.0,0.9112119330662075
2015-08-26,HOBBIES_1_017,CA_1,0.0,0.8457420775341228
2015-08-26,HOBBIES_1_017,CA_1,0.0,0.2516666960426345
2015-08-27,HOBBIES_1_017,CA_1,2.0,0.21843629265661388
2015-08-27,HOBBIES_1_017,CA_1,2.0,1.3483940261925187
2015-08-28,HOBBIES_1_017,CA_1,0.0,1.4786577817719582
2015-08-28,HOBBIES_1_017,CA_1,0.0,0.3673012232829934
2015-08-29,HOBBIES_1_017,CA_1,2.0,0.31215862892970675
2015-08-29,HOBBIES_1_017,CA_1,2.0,1.5844982566344137
2015-08-30,HOBBIES_1_017,CA_1,5.0,1.6518629670286171
2015-08-30,HOBBIES_1_017,CA_1,5.0,3.564810035420293
2015-08-31,HOBBIES_1_017,CA_1,0.0,2.679050755343792
2015-08-31,HOBBIES_1_017,CA_1,0.0,0.3659330514620278
2015-09-01,HOBBIES_1_017,CA_1,0.0,0.3709008699086285
2015-09-01,HOBBIES_1_017,CA_1,0.0,0.37497916418803556
2015-09-02,HOBBIES_1_017,CA_1,5.0,0.3935150432017722
2015-09-02,HOBBIES_1_017,CA_1,5.0,2.8798341220431998
2015-09-03,HOBBIES_1_017,CA_1,1.0,2.9063258358128228
2015-09-03,HOBBIES_1_017,CA_1,1.0,0.9631997211852351
2015-09-04,HOBBIES_1_017,CA_1,0.0,1.0268464875815333
2015-09-04,HOBBIES_1_017,CA_1,0.0,0.4885080745510415
2015-09-05,HOBBIES_1_017,CA_1,0.0,0.6340785270396162
2015-09-05,HOBBIES_1_017,CA_1,0.0,0.6414268564935801
2015-09-06,HOBBIES_1_017,CA_1,3.0,0.8950240164279665
2015-09-06,HOBBIES_1_017,CA_1,3.0,2.6728480335345206
2015-09-07,HOBBIES_1_017,CA_1,0.0,1.9884158175767506
2015-09-07,HOBBIES_1_017,CA_1,0.0,0.45317725668558556
2015-09-08,HOBBIES_1_017,CA_1,1.0,0.4582254602382557
2015-09-08,HOBBIES_1_017,CA_1,1.0,0.9836035242090446
2015-09-09,HOBBIES_1_017,CA_1,0.0,1.0290205897975517
2015-09-09,HOBBIES_1_017,CA_1,0.0,0.5200665058766691
2015-09-10,HOBBIES_1_017,CA_1,0.0,0.4655737896922199
2015-09-10,HOBBIES_1_017,CA_1,0.0,0.45189388120949786
2015-09-11,HOBBIES_1_017,CA_1,1.0,0.5348224438587026
2015-09-11,HOBBIES_1_017,CA_1,1.0,1.0772391511686015
2015-09-12,HOBBIES_1_017,CA_1,2.0,1.2244145161532876
2015-09-12,HOBBIES_1_017,CA_1,2.0,1.7322723202728565
2015-09-13,HOBBIES_1_017,CA_1,2.0,1.891541376742333
2015-09-13,HOBBIES_1_017,CA_1,2.0,1.8862244281916627
2015-09-14,HOBBIES_1_017,CA_1,0.0,1.320355880683488
2015-09-14,HOBBIES_1_017,CA_1,0.0,0.4041088402488718
2015-09-15,HOBBIES_1_017,CA_1,0.0,0.4408440429875208
2015-09-15,HOBBIES_1_017,CA_1,0.0,0.4408440429875208
2015-09-16,HOBBIES_1_017,CA_1,1.0,0.5047783465439578
2015-09-16,HOBBIES_1_017,CA_1,1.0,0.9894365093174894
2015-09-17,HOBBIES_1_017,CA_1,1.0,0.8942402825571836
2015-09-17,HOBBIES_1_017,CA_1,1.0,0.8901619882777766
2015-09-18,HOBBIES_1_017,CA_1,1.0,0.9581500918192274
2015-09-18,HOBBIES_1_017,CA_1,1.0,0.9581500918192274
2015-09-19,HOBBIES_1_017,CA_1,4.0,1.1068697410587838
2015-09-19,HOBBIES_1_017,CA_1,4.0,2.8638515742100763
2015-09-20,HOBBIES_1_017,CA_1,4.0,2.8502038787447663
2015-09-20,HOBBIES_1_017,CA_1,4.0,2.865944087141956
2015-09-21,HOBBIES_1_017,CA_1,0.0,2.1183798943738283
2015-09-21,HOBBIES_1_017,CA_1,0.0,0.37001134574143485
2015-09-22,HOBBIES_1_017,CA_1,1.0,0.38479034813874935
2015-09-22,HOBBIES_1_017,CA_1,1.0,0.913438447284095
2015-09-23,HOBBIES_1_017,CA_1,1.0,0.9036272633333814
2015-09-23,HOBBIES_1_017,CA_1,1.0,0.9377247578408184
2015-09-24,HOBBIES_1_017,CA_1,1.0,0.9663511185428598
2015-09-24,HOBBIES_1_017,CA_1,1.0,0.9643197376395661
2015-09-25,HOBBIES_1_017,CA_1,2.0,1.0893036198686659
2015-09-25,HOBBIES_1_017,CA_1,2.0,1.5637181518205283
2015-09-26,HOBBIES_1_017,CA_1,1.0,1.8858392193291702
2015-09-26,HOBBIES_1_017,CA_1,1.0,1.354528090128659
2015-09-27,HOBBIES_1_017,CA_1,4.0,1.354528090128659
2015-09-27,HOBBIES_1_017,CA_1,4.0,3.009530155531568
2015-09-28,HOBBIES_1_017,CA_1,0.0,2.1183798943738283
2015-09-28,HOBBIES_1_017,CA_1,0.0,0.44862559388514767
2015-09-29,HOBBIES_1_017,CA_1,0.0,0.47212929134548487
2015-09-29,HOBBIES_1_017,CA_1,0.0,0.48769090683918515
2015-09-30,HOBBIES_1_017,CA_1,0.0,0.529269475081947
2015-09-30,HOBBIES_1_017,CA_1,0.0,0.490477330235502
2015-10-01,HOBBIES_1_017,CA_1,1.0,0.4957942787861723
2015-10-01,HOBBIES_1_017,CA_1,1.0,1.0110957073145597
2015-10-02,HOBBIES_1_017,CA_1,2.0,1.1644135530765696
2015-10-02,HOBBIES_1_017,CA_1,2.0,1.640066739299695
2015-10-03,HOBBIES_1_017,CA_1,0.0,1.9172612328357597
2015-10-03,HOBBIES_1_017,CA_1,0.0,0.6734672905063376
2015-10-04,HOBBIES_1_017,CA_1,1.0,0.8534176285431917
2015-10-04,HOBBIES_1_017,CA_1,1.0,1.4193158012641218
2015-10-05,HOBBIES_1_017,CA_1,1.0,0.9431246642799691
2015-10-05,HOBBIES_1_017,CA_1,1.0,0.9532460538765892
2015-10-06,HOBBIES_1_017,CA_1,0.0,0.9680250562739036
2015-10-06,HOBBIES_1_017,CA_1,0.0,0.45189388120949786
2015-10-07,HOBBIES_1_017,CA_1,1.0,0.45189388120949786
2015-10-07,HOBBIES_1_017,CA_1,1.0,0.9579036666772834
2015-10-08,HOBBIES_1_017,CA_1,2.0,0.9579036666772834
2015-10-08,HOBBIES_1_017,CA_1,2.0,1.4010249583604681
2015-10-09,HOBBIES_1_017,CA_1,0.0,1.605113240563019
2015-10-09,HOBBIES_1_017,CA_1,0.0,0.6003685302157848
2015-10-10,HOBBIES_1_017,CA_1,3.0,0.5699904688431853
2015-10-10,HOBBIES_1_017,CA_1,3.0,2.303462146513721
2015-10-11,HOBBIES_1_017,CA_1,3.0,2.2950705583247153
2015-10-11,HOBBIES_1_017,CA_1,3.0,2.2795089428310154
2015-10-12,HOBBIES_1_017,CA_1,1.0,1.794744994499212
2015-10-12,HOBBIES_1_017,CA_1,1.0,0.9062526101054076
2015-10-13,HOBBIES_1_017,CA_1,2.0,0.8829537506936271
2015-10-13,HOBBIES_1_017,CA_1,2.0,1.323301982234156
2015-10-14,HOBBIES_1_017,CA_1,1.0,1.3366271654199464
2015-10-14,HOBBIES_1_017,CA_1,1.0,0.9221631423471182
2015-10-15,HOBBIES_1_017,CA_1,0.0,0.9642164716104417
2015-10-15,HOBBIES_1_017,CA_1,0.0,0.4673357567571439
2015-10-16,HOBBIES_1_017,CA_1,0.0,0.5487119220888232
2015-10-16,HOBBIES_1_017,CA_1,0.0,0.5487119220888232
2015-10-17,HOBBIES_1_017,CA_1,2.0,0.6784097816321464
2015-10-17,HOBBIES_1_017,CA_1,2.0,1.7607876654085648
2015-10-18,HOBBIES_1_017,CA_1,0.0,1.8048749367702048
2015-10-18,HOBBIES_1_017,CA_1,0.0,0.6841426713034531
2015-10-19,HOBBIES_1_017,CA_1,0.0,0.44692606276289715
2015-10-19,HOBBIES_1_017,CA_1,0.0,0.44692606276289715
2015-10-20,HOBBIES_1_017,CA_1,0.0,0.4587632270776934
2015-10-20,HOBBIES_1_017,CA_1,0.0,0.46284152135710044
2015-10-21,HOBBIES_1_017,CA_1,0.0,0.4559721754889049
2015-10-21,HOBBIES_1_017,CA_1,0.0,0.42459666845222294
2015-10-22,HOBBIES_1_017,CA_1,0.0,0.42459666845222294
2015-10-22,HOBBIES_1_017,CA_1,0.0,0.41594524697329516
2015-10-23,HOBBIES_1_017,CA_1,0.0,0.39718705772312846
2015-10-23,HOBBIES_1_017,CA_1,0.0,0.39718705772312846
2015-10-24,HOBBIES_1_017,CA_1,0.0,0.5921276526523459
2015-10-24,HOBBIES_1_017,CA_1,0.0,0.5337455650376676
2015-10-25,HOBBIES_1_017,CA_1,2.0,0.41172733942167833
2015-10-25,HOBBIES_1_017,CA_1,2.0,1.6085428832844515
2015-10-26,HOBBIES_1_017,CA_1,1.0,1.3132173901494948
2015-10-26,HOBBIES_1_017,CA_1,1.0,0.7759116858748366
2015-10-27,HOBBIES_1_017,CA_1,1.0,0.7808795043214373
2015-10-27,HOBBIES_1_017,CA_1,1.0,0.7808795043214373
2015-10-28,HOBBIES_1_017,CA_1,0.0,0.7755625557707669
2015-10-28,HOBBIES_1_017,CA_1,0.0,0.2042326632248601
2015-10-29,HOBBIES_1_017,CA_1,0.0,0.17371558118027072
2015-10-29,HOBBIES_1_017,CA_1,0.0,0.17371558118027072
2015-10-30,HOBBIES_1_017,CA_1,2.0,0.2290958561437966
2015-10-30,HOBBIES_1_017,CA_1,2.0,1.4481736752421182
2015-10-31,HOBBIES_1_017,CA_1,0.0,1.5540033364651207
2015-10-31,HOBBIES_1_017,CA_1,0.0,0.30493931106029265
2015-11-01,HOBBIES_1_017,CA_1,0.0,0.3125533768041686
2015-11-01,HOBBIES_1_017,CA_1,0.0,0.3125533768041686
2015-11-02,HOBBIES_1_017,CA_1,0.0,0.16466946845426292
2015-11-02,HOBBIES_1_017,CA_1,0.0,0.16874776273366998
2015-11-03,HOBBIES_1_017,CA_1,0.0,0.17371558118027072
2015-11-03,HOBBIES_1_017,CA_1,0.0,0.14234007414358874
2015-11-04,HOBBIES_1_017,CA_1,0.0,0.14234007414358874
2015-11-04,HOBBIES_1_017,CA_1,0.0,0.14234007414358874
2015-11-05,HOBBIES_1_017,CA_1,0.0,0.14234007414358874
2015-11-05,HOBBIES_1_017,CA_1,0.0,0.14234007414358874
2015-11-06,HOBBIES_1_017,CA_1,1.0,0.2346812704227398
2015-11-06,HOBBIES_1_017,CA_1,1.0,0.8878331694470604
2015-11-07,HOBBIES_1_017,CA_1,3.0,0.9022855330803969
2015-11-07,HOBBIES_1_017,CA_1,3.0,2.289779066723266
2015-11-08,HOBBIES_1_017,CA_1,0.0,2.259208392472942
2015-11-08,HOBBIES_1_017,CA_1,0.0,0.4198150511330691
2015-11-09,HOBBIES_1_017,CA_1,0.0,0.21061438015609224
2015-11-09,HOBBIES_1_017,CA_1,0.0,0.2146926744354993
2015-11-10,HOBBIES_1_017,CA_1,1.0,0.2249774414327704
2015-11-10,HOBBIES_1_017,CA_1,1.0,0.7882278337754013
2015-11-11,HOBBIES_1_017,CA_1,1.0,0.7752756262346806
2015-11-11,HOBBIES_1_017,CA_1,1.0,0.7679272967807166
2015-11-12,HOBBIES_1_017,CA_1,0.0,0.7710683203707236
2015-11-12,HOBBIES_1_017,CA_1,0.0,0.21108796320264966
2015-11-13,HOBBIES_1_017,CA_1,1.0,0.27627942211688916
2015-11-13,HOBBIES_1_017,CA_1,1.0,0.8532984226240722
2015-11-14,HOBBIES_1_017,CA_1,0.0,0.9748881495777447
2015-11-14,HOBBIES_1_017,CA_1,0.0,0.37994741779287655
2015-11-15,HOBBIES_1_017,CA_1,3.0,0.30234744497899296
2015-11-15,HOBBIES_1_017,CA_1,3.0,2.289779066723266
2015-11-16,HOBBIES_1_017,CA_1,0.0,1.8371719779606195
2015-11-16,HOBBIES_1_017,CA_1,0.0,0.31383075280614203
2015-11-17,HOBBIES_1_017,CA_1,0.0,0.3241155198034131
2015-11-17,HOBBIES_1_017,CA_1,0.0,0.32003722552400604
2015-11-18,HOBBIES_1_017,CA_1,0.0,0.32003722552400604
2015-11-18,HOBBIES_1_017,CA_1,0.0,0.32738555497797023
2015-11-19,HOBBIES_1_017,CA_1,1.0,0.32738555497797023
2015-11-19,HOBBIES_1_017,CA_1,1.0,0.8693336373003401
2015-11-20,HOBBIES_1_017,CA_1,2.0,0.9679612757699411
2015-11-20,HOBBIES_1_017,CA_1,2.0,1.4986264246342387
2015-11-21,HOBBIES_1_017,CA_1,1.0,1.651938710293315
2015-11-21,HOBBIES_1_017,CA_1,1.0,1.0849906492531671
2015-11-22,HOBBIES_1_017,CA_1,1.0,1.0752392501267023
2015-11-22,HOBBIES_1_017,CA_1,1.0,1.0992861872683903
2015-11-23,HOBBIES_1_017,CA_1,0.0,0.8741443316091989
2015-11-23,HOBBIES_1_017,CA_1,0.0,0.3722128404208204
2015-11-24,HOBBIES_1_017,CA_1,1.0,0.39230879136880525
2015-11-24,HOBBIES_1_017,CA_1,1.0,0.8942402825571836
2015-11-25,HOBBIES_1_017,CA_1,0.0,0.8942402825571836
2015-11-25,HOBBIES_1_017,CA_1,0.0,0.33392670375412686
2015-11-26,HOBBIES_1_017,CA_1,1.0,0.320974496213406
2015-11-26,HOBBIES_1_017,CA_1,1.0,0.8580754614063529
2015-11-27,HOBBIES_1_017,CA_1,3.0,1.0236961781763099
2015-11-27,HOBBIES_1_017,CA_1,3.0,2.1241609260202425
2015-11-28,HOBBIES_1_017,CA_1,0.0,2.2734441456639156
2015-11-28,HOBBIES_1_017,CA_1,0.0,0.5548623363418013
2015-11-29,HOBBIES_1_017,CA_1,0.0,0.5973400538784722
2015-11-29,HOBBIES_1_017,CA_1,0.0,0.5464063855167075
2015-11-30,HOBBIES_1_017,CA_1,0.0,0.31914770135681236
2015-11-30,HOBBIES_1_017,CA_1,0.0,0.3224177365313695
2015-12-01,HOBBIES_1_017,CA_1,0.0,0.32738555497797023
2015-12-01,HOBBIES_1_017,CA_1,0.0,0.29274001276673123
2015-12-02,HOBBIES_1_017,CA_1,0.0,0.29274001276673123
2015-12-02,HOBBIES_1_017,CA_1,0.0,0.29274001276673123
2015-12-03,HOBBIES_1_017,CA_1,1.0,0.302551196717445
2015-12-03,HOBBIES_1_017,CA_1,1.0,0.8591761783887732
2015-12-04,HOBBIES_1_017,CA_1,0.0,0.9973826357948985
2015-12-04,HOBBIES_1_017,CA_1,0.0,0.4408229018174699
2015-12-05,HOBBIES_1_017,CA_1,0.0,0.3080803346502997
2015-12-05,HOBBIES_1_017,CA_1,0.0,0.3080803346502997
2015-12-06,HOBBIES_1_017,CA_1,1.0,0.3080803346502997
2015-12-06,HOBBIES_1_017,CA_1,1.0,0.9161750113105176
2015-12-07,HOBBIES_1_017,CA_1,0.0,0.7701787962035299
2015-12-07,HOBBIES_1_017,CA_1,0.0,0.20612014475604892
2015-12-08,HOBBIES_1_017,CA_1,0.0,0.22089914715336334
2015-12-08,HOBBIES_1_017,CA_1,0.0,0.2054713174961234
2015-12-09,HOBBIES_1_017,CA_1,0.0,0.16963728690086366
2015-12-09,HOBBIES_1_017,CA_1,0.0,0.17371558118027072
2015-12-10,HOBBIES_1_017,CA_1,0.0,0.19164391743496456
2015-12-10,HOBBIES_1_017,CA_1,0.0,0.1521512580943024
2015-12-11,HOBBIES_1_017,CA_1,1.0,0.25285627641173525
2015-12-11,HOBBIES_1_017,CA_1,1.0,0.8537858255528551
2015-12-12,HOBBIES_1_017,CA_1,1.0,0.8432572604758756
2015-12-12,HOBBIES_1_017,CA_1,1.0,0.8432572604758756
2015-12-13,HOBBIES_1_017,CA_1,0.0,0.8432572604758756
2015-12-13,HOBBIES_1_017,CA_1,0.0,0.23924087809506434
2015-12-14,HOBBIES_1_017,CA_1,0.0,0.16229207316865885
2015-12-14,HOBBIES_1_017,CA_1,0.0,0.1663703674480659
2015-12-15,HOBBIES_1_017,CA_1,0.0,0.1616073870500223
2015-12-15,HOBBIES_1_017,CA_1,0.0,0.1616073870500223
2015-12-16,HOBBIES_1_017,CA_1,0.0,0.16972453935400247
2015-12-16,HOBBIES_1_017,CA_1,0.0,0.1302318800133403
2015-12-17,HOBBIES_1_017,CA_1,2.0,0.14004306396405397
2015-12-17,HOBBIES_1_017,CA_1,2.0,1.3429126567536354
2015-12-18,HOBBIES_1_017,CA_1,5.0,1.4440953809627108
2015-12-18,HOBBIES_1_017,CA_1,5.0,3.4945328419189434
2015-12-19,HOBBIES_1_017,CA_1,0.0,3.3118517311514863
2015-12-19,HOBBIES_1_017,CA_1,0.0,0.37560340728646585
2015-12-20,HOBBIES_1_017,CA_1,2.0,0.38541459123717964
2015-12-20,HOBBIES_1_017,CA_1,2.0,1.5607905505725288
2015-12-21,HOBBIES_1_017,CA_1,2.0,1.2715638693799103
2015-12-21,HOBBIES_1_017,CA_1,2.0,1.2748339045544677
2015-12-22,HOBBIES_1_017,CA_1,1.0,1.323065050172345
2015-12-22,HOBBIES_1_017,CA_1,1.0,0.9300458184175646
2015-12-23,HOBBIES_1_017,CA_1,1.0,0.9069298556044441
2015-12-23,HOBBIES_1_017,CA_1,1.0,0.9211295394804712
2015-12-24,HOBBIES_1_017,CA_1,2.0,0.9378100692993805
2015-12-24,HOBBIES_1_017,CA_1,2.0,1.3708099713859454
2015-12-25,HOBBIES_1_017,CA_1,0.0,1.623650629004946
2015-12-25,HOBBIES_1_017,CA_1,0.0,0.6505020646393191
2015-12-26,HOBBIES_1_017,CA_1,1.0,0.6106209927689765
2015-12-26,HOBBIES_1_017,CA_1,1.0,1.1901384287423613
2015-12-27,HOBBIES_1_017,CA_1,1.0,1.2360621471980162
2015-12-27,HOBBIES_1_017,CA_1,1.0,1.2703382346089425
2015-12-28,HOBBIES_1_017,CA_1,0.0,0.983251766881289
2015-12-28,HOBBIES_1_017,CA_1,0.0,0.4537954086310927
2015-12-29,HOBBIES_1_017,CA_1,0.0,0.4420826972587841
2015-12-29,HOBBIES_1_017,CA_1,0.0,0.4461609915381911
2015-12-30,HOBBIES_1_017,CA_1,1.0,0.4461609915381911
2015-12-30,HOBBIES_1_017,CA_1,1.0,0.9715390555089801
2015-12-31,HOBBIES_1_017,CA_1,1.0,0.9980307692786033
2015-12-31,HOBBIES_1_017,CA_1,1.0,0.9939524749991964
2016-01-01,HOBBIES_1_017,CA_1,0.0,1.1200152813690347
2016-01-01,HOBBIES_1_017,CA_1,0.0,0.5902987752744624
2016-01-02,HOBBIES_1_017,CA_1,0.0,0.5051673222512998
2016-01-02,HOBBIES_1_017,CA_1,0.0,0.5092456165307068
2016-01-03,HOBBIES_1_017,CA_1,4.0,0.5190568004814204
2016-01-03,HOBBIES_1_017,CA_1,4.0,2.9614519469656972
2016-01-04,HOBBIES_1_017,CA_1,2.0,2.260763634530976
2016-01-04,HOBBIES_1_017,CA_1,2.0,1.3200456750375817
2016-01-05,HOBBIES_1_017,CA_1,1.0,1.334179326148022
2016-01-05,HOBBIES_1_017,CA_1,1.0,0.9011794240614573
2016-01-06,HOBBIES_1_017,CA_1,0.0,0.8826435450477206
2016-01-06,HOBBIES_1_017,CA_1,0.0,0.37940896183437867
2016-01-07,HOBBIES_1_017,CA_1,0.0,0.41036543275180853
2016-01-07,HOBBIES_1_017,CA_1,0.0,0.3891677677787982
2016-01-08,HOBBIES_1_017,CA_1,1.0,0.44733654585055377
2016-01-08,HOBBIES_1_017,CA_1,1.0,0.9622283860986344
2016-01-09,HOBBIES_1_017,CA_1,2.0,1.0650243168825366
2016-01-09,HOBBIES_1_017,CA_1,2.0,1.6278940836432771
2016-01-10,HOBBIES_1_017,CA_1,3.0,1.7290665477385079
2016-01-10,HOBBIES_1_017,CA_1,3.0,2.4061045823974068
2016-01-11,HOBBIES_1_017,CA_1,2.0,1.8080813121516695
2016-01-11,HOBBIES_1_017,CA_1,2.0,1.3070172102743676
2016-01-12,HOBBIES_1_017,CA_1,0.0,1.333357130245389
2016-01-12,HOBBIES_1_017,CA_1,0.0,0.37497916418803556
2016-01-13,HOBBIES_1_017,CA_1,0.0,0.403326227152486
2016-01-13,HOBBIES_1_017,CA_1,0.0,0.42215787782074343
2016-01-14,HOBBIES_1_017,CA_1,0.0,0.45924221066346205
2016-01-14,HOBBIES_1_017,CA_1,0.0,0.4559721754889049
2016-01-15,HOBBIES_1_017,CA_1,1.0,0.5389007381381096
2016-01-15,HOBBIES_1_017,CA_1,1.0,1.067952826007384
2016-01-16,HOBBIES_1_017,CA_1,0.0,1.231983852918609
2016-01-16,HOBBIES_1_017,CA_1,0.0,0.6524664169452244
2016-01-17,HOBBIES_1_017,CA_1,2.0,0.7835093124909079
2016-01-17,HOBBIES_1_017,CA_1,2.0,1.8572652893314068
2016-01-18,HOBBIES_1_017,CA_1,0.0,1.4017337241966115
2016-01-18,HOBBIES_1_017,CA_1,0.0,0.4687642642269301
2016-01-19,HOBBIES_1_017,CA_1,1.0,0.39230879136880525
2016-01-19,HOBBIES_1_017,CA_1,1.0,0.8901619882777766
2016-01-20,HOBBIES_1_017,CA_1,0.0,0.8803508043270629
2016-01-20,HOBBIES_1_017,CA_1,0.0,0.38249760741809147
2016-01-21,HOBBIES_1_017,CA_1,0.0,0.38249760741809147
2016-01-21,HOBBIES_1_017,CA_1,0.0,0.37841931313868443
2016-01-22,HOBBIES_1_017,CA_1,0.0,0.4530694355218605
2016-01-22,HOBBIES_1_017,CA_1,0.0,0.45714772980126755
2016-01-23,HOBBIES_1_017,CA_1,1.0,0.5271739527854007
2016-01-23,HOBBIES_1_017,CA_1,1.0,1.0499288555764066
2016-01-24,HOBBIES_1_017,CA_1,0.0,1.1364414937725769
2016-01-24,HOBBIES_1_017,CA_1,0.0,0.47617648040372373
2016-01-25,HOBBIES_1_017,CA_1,0.0,0.2159313287067626
2016-01-25,HOBBIES_1_017,CA_1,0.0,0.1744806524049766
2016-01-26,HOBBIES_1_017,CA_1,0.0,0.16963728690086366
2016-01-26,HOBBIES_1_017,CA_1,0.0,0.17371558118027072
2016-01-27,HOBBIES_1_017,CA_1,0.0,0.18183273348425089
2016-01-27,HOBBIES_1_017,CA_1,0.0,0.14234007414358874
2016-01-28,HOBBIES_1_017,CA_1,0.0,0.14234007414358874
2016-01-28,HOBBIES_1_017,CA_1,0.0,0.14234007414358874
2016-01-29,HOBBIES_1_017,CA_1,4.0,0.18875755196708485
2016-01-29,HOBBIES_1_017,CA_1,4.0,2.6372347156872573
2016-01-30,HOBBIES_1_017,CA_1,0.0,2.840357599379093
2016-01-30,HOBBIES_1_017,CA_1,0.0,0.2929522021489156
2016-01-31,HOBBIES_1_017,CA_1,3.0,0.3027633860996294
2016-01-31,HOBBIES_1_017,CA_1,3.0,2.169795073915047
2016-02-01,HOBBIES_1_017,CA_1,0.0,1.737088349041871
2016-02-01,HOBBIES_1_017,CA_1,0.0,0.22923015374655473
2016-02-02,HOBBIES_1_017,CA_1,0.0,0.27810665065130613
2016-02-02,HOBBIES_1_017,CA_1,0.0,0.2496353151393406
2016-02-03,HOBBIES_1_017,CA_1,0.0,0.21108796320264966
2016-02-03,HOBBIES_1_017,CA_1,0.0,0.21843629265661388
2016-02-04,HOBBIES_1_017,CA_1,0.0,0.21843629265661388
2016-02-04,HOBBIES_1_017,CA_1,0.0,0.18379075044537468
2016-02-05,HOBBIES_1_017,CA_1,0.0,0.3306451590093304
2016-02-05,HOBBIES_1_017,CA_1,0.0,0.3306451590093304
2016-02-06,HOBBIES_1_017,CA_1,5.0,0.2620091408022813
2016-02-06,HOBBIES_1_017,CA_1,5.0,3.8683233623540296
2016-02-07,HOBBIES_1_017,CA_1,1.0,3.676838695622741
2016-02-07,HOBBIES_1_017,CA_1,1.0,1.0794338044376308
2016-02-08,HOBBIES_1_017,CA_1,0.0,0.8777490001852152
2016-02-08,HOBBIES_1_017,CA_1,0.0,0.37581750899683664
2016-02-09,HOBBIES_1_017,CA_1,4.0,0.38078532744343735
2016-02-09,HOBBIES_1_017,CA_1,4.0,2.138020012966736
2016-02-10,HOBBIES_1_017,CA_1,1.0,2.2664044217689248
2016-02-10,HOBBIES_1_017,CA_1,1.0,0.9313136990762544
2016-02-11,HOBBIES_1_017,CA_1,0.0,0.9344547226662614
2016-02-11,HOBBIES_1_017,CA_1,0.0,0.40499836441606546
2016-02-12,HOBBIES_1_017,CA_1,0.0,0.5563554660217507
2016-02-12,HOBBIES_1_017,CA_1,0.0,0.5637037954757147
2016-02-13,HOBBIES_1_017,CA_1,2.0,0.712755065266113
2016-02-13,HOBBIES_1_017,CA_1,2.0,1.7918629138679745
2016-02-14,HOBBIES_1_017,CA_1,0.0,1.7229781302013683
2016-02-14,HOBBIES_1_017,CA_1,0.0,0.6360682084855198
2016-02-15,HOBBIES_1_017,CA_1,0.0,0.4381942561778999
2016-02-15,HOBBIES_1_017,CA_1,0.0,0.4381942561778999
2016-02-16,HOBBIES_1_017,CA_1,0.0,0.5046250178835701
2016-02-16,HOBBIES_1_017,CA_1,0.0,0.508703312162977
2016-02-17,HOBBIES_1_017,CA_1,1.0,0.43436854646925627
2016-02-17,HOBBIES_1_017,CA_1,1.0,0.9403388956822081
2016-02-18,HOBBIES_1_017,CA_1,1.0,0.9440141884471628
2016-02-18,HOBBIES_1_017,CA_1,1.0,0.9541355780437829
2016-02-19,HOBBIES_1_017,CA_1,5.0,1.0598356737034038
2016-02-19,HOBBIES_1_017,CA_1,5.0,3.5039915053878796
2016-02-20,HOBBIES_1_017,CA_1,4.0,3.378157219631728
2016-02-20,HOBBIES_1_017,CA_1,4.0,2.865944087141956
2016-02-21,HOBBIES_1_017,CA_1,1.0,2.665655860802655
2016-02-21,HOBBIES_1_017,CA_1,1.0,1.1446468692626164
2016-02-22,HOBBIES_1_017,CA_1,0.0,0.8588771107696551
2016-02-22,HOBBIES_1_017,CA_1,0.0,0.3367690819734234
2016-02-23,HOBBIES_1_017,CA_1,0.0,0.44319813339711744
2016-02-23,HOBBIES_1_017,CA_1,0.0,0.47096404887579657
2016-02-24,HOBBIES_1_017,CA_1,1.0,0.45924221066346205
2016-02-24,HOBBIES_1_017,CA_1,1.0,0.9680250562739036
2016-02-25,HOBBIES_1_017,CA_1,0.0,0.9582138723231899
2016-02-25,HOBBIES_1_017,CA_1,0.0,0.4420826972587841
2016-02-26,HOBBIES_1_017,CA_1,3.0,0.6434976651319957
2016-02-26,HOBBIES_1_017,CA_1,3.0,2.185833826932362
2016-02-27,HOBBIES_1_017,CA_1,3.0,2.473930589380602
2016-02-27,HOBBIES_1_017,CA_1,3.0,2.44624149936796
2016-02-28,HOBBIES_1_017,CA_1,5.0,2.314187278072001
2016-02-28,HOBBIES_1_017,CA_1,5.0,3.3118517311514863
2016-02-29,HOBBIES_1_017,CA_1,1.0,2.3861934427740255
2016-02-29,HOBBIES_1_017,CA_1,1.0,0.8795150433966066
2016-03-01,HOBBIES_1_017,CA_1,0.0,0.9064398704461833
2016-03-01,HOBBIES_1_017,CA_1,0.0,0.478795728734274
2016-03-02,HOBBIES_1_017,CA_1,0.0,0.4886069126849875
2016-03-02,HOBBIES_1_017,CA_1,0.0,0.48521051047075553
2016-03-03,HOBBIES_1_017,CA_1,1.0,0.5378564588071744
2016-03-03,HOBBIES_1_017,CA_1,1.0,1.0228567121367413
2016-03-04,HOBBIES_1_017,CA_1,3.0,1.4269157387585718
2016-03-04,HOBBIES_1_017,CA_1,3.0,2.4478665226552234
2016-03-05,HOBBIES_1_017,CA_1,0.0,2.7051331903373783
2016-03-05,HOBBIES_1_017,CA_1,0.0,0.8951869406908121
2016-03-06,HOBBIES_1_017,CA_1,1.0,0.7114738646300725
2016-03-06,HOBBIES_1_017,CA_1,1.0,1.320270031697848
2016-03-07,HOBBIES_1_017,CA_1,2.0,0.9612542885117091
2016-03-07,HOBBIES_1_017,CA_1,2.0,1.347360972352001
2016-03-08,HOBBIES_1_017,CA_1,0.0,1.4281986540497247
2016-03-08,HOBBIES_1_017,CA_1,0.0,0.47863476538149435
2016-03-09,HOBBIES_1_017,CA_1,0.0,0.48844594933220814
2016-03-09,HOBBIES_1_017,CA_1,0.0,0.46230375451766276
2016-03-10,HOBBIES_1_017,CA_1,1.0,0.45249257056694897
2016-03-10,HOBBIES_1_017,CA_1,1.0,0.9778706345377379
2016-03-11,HOBBIES_1_017,CA_1,2.0,1.3406816681139917
2016-03-11,HOBBIES_1_017,CA_1,2.0,1.740365500030364
2016-03-12,HOBBIES_1_017,CA_1,3.0,1.7905750053537053
2016-03-12,HOBBIES_1_017,CA_1,3.0,2.4255125442983574
2016-03-13,HOBBIES_1_017,CA_1,2.0,2.3439647943933455
2016-03-13,HOBBIES_1_017,CA_1,2.0,1.689213413852146
2016-03-14,HOBBIES_1_017,CA_1,0.0,1.3168283942250814
2016-03-14,HOBBIES_1_017,CA_1,0.0,0.39650305951105796
2016-03-15,HOBBIES_1_017,CA_1,1.0,0.3935150432017722
2016-03-15,HOBBIES_1_017,CA_1,1.0,0.9243995746550282
2016-03-16,HOBBIES_1_017,CA_1,1.0,0.9561669589470766
2016-03-16,HOBBIES_1_017,CA_1,1.0,0.9715390555089801
2016-03-17,HOBBIES_1_017,CA_1,0.0,0.9782092158696868
2016-03-17,HOBBIES_1_017,CA_1,0.0,0.4487528576194908
2016-03-18,HOBBIES_1_017,CA_1,2.0,0.683993605576863
2016-03-18,HOBBIES_1_017,CA_1,2.0,1.680116408988178
2016-03-19,HOBBIES_1_017,CA_1,0.0,1.7607876654085648
2016-03-19,HOBBIES_1_017,CA_1,0.0,0.6784097816321464
2016-03-20,HOBBIES_1_017,CA_1,4.0,0.6663558951753451
2016-03-20,HOBBIES_1_017,CA_1,4.0,3.0033966052758907
2016-03-21,HOBBIES_1_017,CA_1,0.0,2.1426486630588717
2016-03-21,HOBBIES_1_017,CA_1,0.0,0.3983584087058853
2016-03-22,HOBBIES_1_017,CA_1,0.0,0.4090766586954725
2016-03-22,HOBBIES_1_017,CA_1,0.0,0.43676574870811374
2016-03-23,HOBBIES_1_017,CA_1,0.0,0.43676574870811374
2016-03-23,HOBBIES_1_017,CA_1,0.0,0.44411407816207793
2016-03-24,HOBBIES_1_017,CA_1,0.0,0.456101187073455
2016-03-24,HOBBIES_1_017,CA_1,0.0,0.4214556448622159
2016-03-25,HOBBIES_1_017,CA_1,0.0,0.5542973363677665
2016-03-25,HOBBIES_1_017,CA_1,0.0,0.5542973363677665
2016-03-26,HOBBIES_1_017,CA_1,1.0,0.5565858085811242
2016-03-26,HOBBIES_1_017,CA_1,1.0,1.0931078015571474
2016-03-27,HOBBIES_1_017,CA_1,0.0,1.1589774631083527
2016-03-27,HOBBIES_1_017,CA_1,0.0,0.5637035096885011
2016-03-28,HOBBIES_1_017,CA_1,0.0,0.29306365164274606
2016-03-28,HOBBIES_1_017,CA_1,0.0,0.29306365164274606
2016-03-29,HOBBIES_1_017,CA_1,2.0,0.30784265404006056
2016-03-29,HOBBIES_1_017,CA_1,2.0,1.3622835044226398
2016-03-30,HOBBIES_1_017,CA_1,0.0,1.3622835044226398
2016-03-30,HOBBIES_1_017,CA_1,0.0,0.30784265404006056
2016-03-31,HOBBIES_1_017,CA_1,1.0,0.2980314700893468
2016-03-31,HOBBIES_1_017,CA_1,1.0,0.8412478421340794
2016-04-01,HOBBIES_1_017,CA_1,1.0,0.9288583135769575
2016-04-01,HOBBIES_1_017,CA_1,1.0,0.923477944387428
2016-04-02,HOBBIES_1_017,CA_1,0.0,1.0066515072699032
2016-04-02,HOBBIES_1_017,CA_1,0.0,0.41532081573302565
2016-04-03,HOBBIES_1_017,CA_1,2.0,0.45779853326969655
2016-04-03,HOBBIES_1_017,CA_1,2.0,1.6126211775638588
2016-04-04,HOBBIES_1_017,CA_1,0.0,1.3074845004781883
2016-04-04,HOBBIES_1_017,CA_1,0.0,0.210198439035456
2016-04-05,HOBBIES_1_017,CA_1,3.0,0.2318467873009661
2016-04-05,HOBBIES_1_017,CA_1,3.0,1.94735681673129
2016-04-06,HOBBIES_1_017,CA_1,2.0,1.8008811101534488
2016-04-06,HOBBIES_1_017,CA_1,2.0,1.3197950149977877
2016-04-07,HOBBIES_1_017,CA_1,0.0,1.3197950149977877
2016-04-07,HOBBIES_1_017,CA_1,0.0,0.3413349802959658
2016-04-08,HOBBIES_1_017,CA_1,0.0,0.40617391872842806
2016-04-08,HOBBIES_1_017,CA_1,0.0,0.41352224818239225
2016-04-09,HOBBIES_1_017,CA_1,4.0,0.5223268356559775
2016-04-09,HOBBIES_1_017,CA_1,4.0,2.8976429046180767
2016-04-10,HOBBIES_1_017,CA_1,3.0,2.897401493782345
2016-04-10,HOBBIES_1_017,CA_1,3.0,2.3334185288095086
2016-04-11,HOBBIES_1_017,CA_1,0.0,1.786190086504814
2016-04-11,HOBBIES_1_017,CA_1,0.0,0.3659330514620278
2016-04-12,HOBBIES_1_017,CA_1,3.0,0.4192576540857666
2016-04-12,HOBBIES_1_017,CA_1,3.0,1.8625148161441143
2016-04-13,HOBBIES_1_017,CA_1,6.0,1.846245791410587
2016-04-13,HOBBIES_1_017,CA_1,6.0,3.387893530209959
2016-04-14,HOBBIES_1_017,CA_1,2.0,3.1100521622472987
2016-04-14,HOBBIES_1_017,CA_1,2.0,1.3419026270294985
2016-04-15,HOBBIES_1_017,CA_1,1.0,1.472449010629786
2016-04-15,HOBBIES_1_017,CA_1,1.0,1.0041441538606253
2016-04-16,HOBBIES_1_017,CA_1,0.0,1.318847475455879
2016-04-16,HOBBIES_1_017,CA_1,0.0,0.8139411479831901
2016-04-17,HOBBIES_1_017,CA_1,0.0,0.764200118100133
2016-04-17,HOBBIES_1_017,CA_1,0.0,0.8569383591754115
2016-04-18,HOBBIES_1_017,CA_1,0.0,0.519807421235303
2016-04-18,HOBBIES_1_017,CA_1,0.0,0.519807421235303
2016-04-19,HOBBIES_1_017,CA_1,0.0,0.7276367174939873
2016-04-19,HOBBIES_1_017,CA_1,0.0,0.531992894536556
2016-04-20,HOBBIES_1_017,CA_1,0.0,0.5744046586996493
2016-04-20,HOBBIES_1_017,CA_1,0.0,0.5323424786786468
2016-04-21,HOBBIES_1_017,CA_1,0.0,0.43779759334917634
2016-04-21,HOBBIES_1_017,CA_1,0.0,0.43779759334917634
2016-04-22,HOBBIES_1_017,CA_1,2.0,0.4950828290394423
2016-04-22,HOBBIES_1_017,CA_1,2.0,1.5745206529426126
2016-04-23,HOBBIES_1_017,CA_1,1.0,1.9172612328357597
2016-04-23,HOBBIES_1_017,CA_1,1.0,1.278638906954729
2016-04-24,HOBBIES_1_017,CA_1,6.0,1.244380848523918
2016-04-24,HOBBIES_1_017,CA_1,6.0,4.227000385573311
2015-06-04,HOBBIES_1_018,CA_1,0.0,0.09863875217723946
2015-06-04,HOBBIES_1_018,CA_1,0.0,0.09863875217723946
2015-06-05,HOBBIES_1_018,CA_1,1.0,0.13115430508875459
2015-06-05,HOBBIES_1_018,CA_1,1.0,0.7489055318873571
2015-06-06,HOBBIES_1_018,CA_1,0.0,0.8091907844304084
2015-06-06,HOBBIES_1_018,CA_1,0.0,0.2145522276307696
2015-06-07,HOBBIES_1_018,CA_1,0.0,0.2047410436800559
2015-06-07,HOBBIES_1_018,CA_1,0.0,0.2047410436800559
2015-06-08,HOBBIES_1_018,CA_1,0.0,0.11982380228779335
2015-06-08,HOBBIES_1_018,CA_1,0.0,0.12390209656720041
2015-06-09,HOBBIES_1_018,CA_1,0.0,0.15108361905862255
2015-06-09,HOBBIES_1_018,CA_1,0.0,0.11159095971796021
2015-06-10,HOBBIES_1_018,CA_1,0.0,0.0987800184013809
2015-06-10,HOBBIES_1_018,CA_1,0.0,0.0987800184013809
2015-06-11,HOBBIES_1_018,CA_1,1.0,0.08241946192647465
2015-06-11,HOBBIES_1_018,CA_1,1.0,0.6749857310988244
2015-06-12,HOBBIES_1_018,CA_1,0.0,0.7141147520445554
2015-06-12,HOBBIES_1_018,CA_1,0.0,0.1505518713979515
2015-06-13,HOBBIES_1_018,CA_1,0.0,0.17278196596219175
2015-06-13,HOBBIES_1_018,CA_1,0.0,0.17278196596219175
2015-06-14,HOBBIES_1_018,CA_1,0.0,0.17278196596219175
2015-06-14,HOBBIES_1_018,CA_1,0.0,0.17686026024159882
2015-06-15,HOBBIES_1_018,CA_1,1.0,0.12349367534472881
2015-06-15,HOBBIES_1_018,CA_1,1.0,0.6828288539688031
2015-06-16,HOBBIES_1_018,CA_1,0.0,0.6722531287312891
2015-06-16,HOBBIES_1_018,CA_1,0.0,0.12165059714438707
2015-06-17,HOBBIES_1_018,CA_1,0.0,0.1247916207343941
2015-06-17,HOBBIES_1_018,CA_1,0.0,0.1247916207343941
2015-06-18,HOBBIES_1_018,CA_1,0.0,0.12165059714438707
2015-06-18,HOBBIES_1_018,CA_1,0.0,0.12572889142379412
2015-06-19,HOBBIES_1_018,CA_1,0.0,0.19923212947087385
2015-06-19,HOBBIES_1_018,CA_1,0.0,0.14096548903946826
2015-06-20,HOBBIES_1_018,CA_1,0.0,0.13099613990430095
2015-06-20,HOBBIES_1_018,CA_1,0.0,0.13099613990430095
2015-06-21,HOBBIES_1_018,CA_1,0.0,0.12785511631429392
2015-06-21,HOBBIES_1_018,CA_1,0.0,0.12785511631429392
2015-06-22,HOBBIES_1_018,CA_1,0.0,0.08400101600406647
2015-06-22,HOBBIES_1_018,CA_1,0.0,0.08400101600406647
2015-06-23,HOBBIES_1_018,CA_1,0.0,0.08896883445066721
2015-06-23,HOBBIES_1_018,CA_1,0.0,0.08896883445066721
2015-06-24,HOBBIES_1_018,CA_1,0.0,0.08896883445066721
2015-06-24,HOBBIES_1_018,CA_1,0.0,0.08896883445066721
2015-06-25,HOBBIES_1_018,CA_1,0.0,0.0987800184013809
2015-06-25,HOBBIES_1_018,CA_1,0.0,0.0987800184013809
2015-06-26,HOBBIES_1_018,CA_1,0.0,0.10221667281586799
2015-06-26,HOBBIES_1_018,CA_1,0.0,0.10221667281586799
2015-06-27,HOBBIES_1_018,CA_1,0.0,0.12055546058462806
2015-06-27,HOBBIES_1_018,CA_1,0.0,0.12055546058462806
2015-06-28,HOBBIES_1_018,CA_1,1.0,0.12055546058462806
2015-06-28,HOBBIES_1_018,CA_1,1.0,0.7798230428559383
2015-06-29,HOBBIES_1_018,CA_1,0.0,0.6674265765088296
2015-06-29,HOBBIES_1_018,CA_1,0.0,0.11682404492192769
2015-06-30,HOBBIES_1_018,CA_1,0.0,0.10543130689362207
2015-06-30,HOBBIES_1_018,CA_1,0.0,0.10543130689362207
2015-07-01,HOBBIES_1_018,CA_1,1.0,0.10543130689362207
2015-07-01,HOBBIES_1_018,CA_1,1.0,0.6666615052841237
2015-07-02,HOBBIES_1_018,CA_1,0.0,0.6666615052841237
2015-07-02,HOBBIES_1_018,CA_1,0.0,0.11198067941781467
2015-07-03,HOBBIES_1_018,CA_1,0.0,0.1505518713979515
2015-07-03,HOBBIES_1_018,CA_1,0.0,0.1505518713979515
2015-07-04,HOBBIES_1_018,CA_1,0.0,0.16964094237218472
2015-07-04,HOBBIES_1_018,CA_1,0.0,0.17371923665159178
2015-07-05,HOBBIES_1_018,CA_1,0.0,0.18926278033570654
2015-07-05,HOBBIES_1_018,CA_1,0.0,0.13099613990430095
2015-07-06,HOBBIES_1_018,CA_1,0.0,0.08400101600406647
2015-07-06,HOBBIES_1_018,CA_1,0.0,0.08400101600406647
2015-07-07,HOBBIES_1_018,CA_1,0.0,0.08896883445066721
2015-07-07,HOBBIES_1_018,CA_1,0.0,0.08896883445066721
2015-07-08,HOBBIES_1_018,CA_1,0.0,0.08896883445066721
2015-07-08,HOBBIES_1_018,CA_1,0.0,0.08896883445066721
2015-07-09,HOBBIES_1_018,CA_1,0.0,0.08896883445066721
2015-07-09,HOBBIES_1_018,CA_1,0.0,0.08896883445066721
2015-07-10,HOBBIES_1_018,CA_1,0.0,0.10876604534006055
2015-07-10,HOBBIES_1_018,CA_1,0.0,0.10876604534006055
2015-07-11,HOBBIES_1_018,CA_1,0.0,0.13099613990430095
2015-07-11,HOBBIES_1_018,CA_1,0.0,0.13099613990430095
2015-07-12,HOBBIES_1_018,CA_1,0.0,0.14080732385501463
2015-07-12,HOBBIES_1_018,CA_1,0.0,0.14080732385501463
2015-07-13,HOBBIES_1_018,CA_1,1.0,0.0774516434798739
2015-07-13,HOBBIES_1_018,CA_1,1.0,0.6700179126522238
2015-07-14,HOBBIES_1_018,CA_1,0.0,0.6625832110047167
2015-07-14,HOBBIES_1_018,CA_1,0.0,0.11198067941781467
2015-07-15,HOBBIES_1_018,CA_1,0.0,0.12179186336852847
2015-07-15,HOBBIES_1_018,CA_1,0.0,0.12179186336852847
2015-07-16,HOBBIES_1_018,CA_1,0.0,0.10543130689362207
2015-07-16,HOBBIES_1_018,CA_1,0.0,0.10950960117302908
2015-07-17,HOBBIES_1_018,CA_1,0.0,0.16048331324727375
2015-07-17,HOBBIES_1_018,CA_1,0.0,0.10221667281586799
2015-07-18,HOBBIES_1_018,CA_1,0.0,0.11741443699462102
2015-07-18,HOBBIES_1_018,CA_1,0.0,0.11741443699462102
2015-07-19,HOBBIES_1_018,CA_1,2.0,0.12055546058462806
2015-07-19,HOBBIES_1_018,CA_1,2.0,1.4923445197401348
2015-07-20,HOBBIES_1_018,CA_1,0.0,1.2528498971388502
2015-07-20,HOBBIES_1_018,CA_1,0.0,0.1140058677723982
2015-07-21,HOBBIES_1_018,CA_1,0.0,0.11897368621899894
2015-07-21,HOBBIES_1_018,CA_1,0.0,0.11897368621899894
2015-07-22,HOBBIES_1_018,CA_1,0.0,0.11897368621899894
2015-07-22,HOBBIES_1_018,CA_1,0.0,0.123051980498406
2015-07-23,HOBBIES_1_018,CA_1,0.0,0.12886991501380116
2015-07-23,HOBBIES_1_018,CA_1,0.0,0.10177977576724649
2015-07-24,HOBBIES_1_018,CA_1,0.0,0.13115430508875459
2015-07-24,HOBBIES_1_018,CA_1,0.0,0.13115430508875459
2015-07-25,HOBBIES_1_018,CA_1,0.0,0.1629552176221651
2015-07-25,HOBBIES_1_018,CA_1,0.0,0.1629552176221651
2015-07-26,HOBBIES_1_018,CA_1,0.0,0.2186901200285338
2015-07-26,HOBBIES_1_018,CA_1,0.0,0.2186901200285338
2015-07-27,HOBBIES_1_018,CA_1,0.0,0.10662314127135947
2015-07-27,HOBBIES_1_018,CA_1,0.0,0.10662314127135947
2015-07-28,HOBBIES_1_018,CA_1,0.0,0.08896883445066721
2015-07-28,HOBBIES_1_018,CA_1,0.0,0.08896883445066721
2015-07-29,HOBBIES_1_018,CA_1,0.0,0.08896883445066721
2015-07-29,HOBBIES_1_018,CA_1,0.0,0.08896883445066721
2015-07-30,HOBBIES_1_018,CA_1,0.0,0.08896883445066721
2015-07-30,HOBBIES_1_018,CA_1,0.0,0.08896883445066721
2015-07-31,HOBBIES_1_018,CA_1,0.0,0.10876604534006055
2015-07-31,HOBBIES_1_018,CA_1,0.0,0.10876604534006055
2015-08-01,HOBBIES_1_018,CA_1,0.0,0.13099613990430095
2015-08-01,HOBBIES_1_018,CA_1,0.0,0.13099613990430095
2015-08-02,HOBBIES_1_018,CA_1,0.0,0.14080732385501463
2015-08-02,HOBBIES_1_018,CA_1,0.0,0.13036664453534186
2015-08-03,HOBBIES_1_018,CA_1,0.0,0.05809473968944448
2015-08-03,HOBBIES_1_018,CA_1,0.0,0.05809473968944448
2015-08-04,HOBBIES_1_018,CA_1,0.0,0.06306255813604522
2015-08-04,HOBBIES_1_018,CA_1,0.0,0.06306255813604522
2015-08-05,HOBBIES_1_018,CA_1,0.0,0.06306255813604522
2015-08-05,HOBBIES_1_018,CA_1,0.0,0.06306255813604522
2015-08-06,HOBBIES_1_018,CA_1,0.0,0.06306255813604522
2015-08-06,HOBBIES_1_018,CA_1,0.0,0.06306255813604522
2015-08-07,HOBBIES_1_018,CA_1,0.0,0.08285976902543857
2015-08-07,HOBBIES_1_018,CA_1,0.0,0.08285976902543857
2015-08-08,HOBBIES_1_018,CA_1,0.0,0.1011985567941986
2015-08-08,HOBBIES_1_018,CA_1,0.0,0.1011985567941986
2015-08-09,HOBBIES_1_018,CA_1,0.0,0.1011985567941986
2015-08-09,HOBBIES_1_018,CA_1,0.0,0.1011985567941986
2015-08-10,HOBBIES_1_018,CA_1,0.0,0.05809473968944448
2015-08-10,HOBBIES_1_018,CA_1,0.0,0.05809473968944448
2015-08-11,HOBBIES_1_018,CA_1,0.0,0.06306255813604522
2015-08-11,HOBBIES_1_018,CA_1,0.0,0.06306255813604522
2015-08-12,HOBBIES_1_018,CA_1,1.0,0.06306255813604522
2015-08-12,HOBBIES_1_018,CA_1,1.0,0.6684363585746318
2015-08-13,HOBBIES_1_018,CA_1,0.0,0.6560338384805241
2015-08-13,HOBBIES_1_018,CA_1,0.0,0.10543130689362207
2015-08-14,HOBBIES_1_018,CA_1,0.0,0.14400249887375896
2015-08-14,HOBBIES_1_018,CA_1,0.0,0.14400249887375896
2015-08-15,HOBBIES_1_018,CA_1,0.0,0.16234128664251898
2015-08-15,HOBBIES_1_018,CA_1,0.0,0.16641958092192605
2015-08-16,HOBBIES_1_018,CA_1,0.0,0.17882210101603377
2015-08-16,HOBBIES_1_018,CA_1,0.0,0.12055546058462806
2015-08-17,HOBBIES_1_018,CA_1,0.0,0.0774516434798739
2015-08-17,HOBBIES_1_018,CA_1,0.0,0.0774516434798739
2015-08-18,HOBBIES_1_018,CA_1,0.0,0.08241946192647465
2015-08-18,HOBBIES_1_018,CA_1,0.0,0.08241946192647465
2015-08-19,HOBBIES_1_018,CA_1,0.0,0.08241946192647465
2015-08-19,HOBBIES_1_018,CA_1,0.0,0.08241946192647465
2015-08-20,HOBBIES_1_018,CA_1,0.0,0.08241946192647465
2015-08-20,HOBBIES_1_018,CA_1,0.0,0.08241946192647465
2015-08-21,HOBBIES_1_018,CA_1,1.0,0.10221667281586799
2015-08-21,HOBBIES_1_018,CA_1,1.0,0.7265172721386631
2015-08-22,HOBBIES_1_018,CA_1,0.0,0.7674205227618306
2015-08-22,HOBBIES_1_018,CA_1,0.0,0.17278196596219175
2015-08-23,HOBBIES_1_018,CA_1,0.0,0.17278196596219175
2015-08-23,HOBBIES_1_018,CA_1,0.0,0.17278196596219175
2015-08-24,HOBBIES_1_018,CA_1,0.0,0.10701286097121393
2015-08-24,HOBBIES_1_018,CA_1,0.0,0.11109115525062094
2015-08-25,HOBBIES_1_018,CA_1,0.0,0.12846149379132957
2015-08-25,HOBBIES_1_018,CA_1,0.0,0.08896883445066721
2015-08-26,HOBBIES_1_018,CA_1,0.0,0.0987800184013809
2015-08-26,HOBBIES_1_018,CA_1,0.0,0.0987800184013809
2015-08-27,HOBBIES_1_018,CA_1,0.0,0.08241946192647465
2015-08-27,HOBBIES_1_018,CA_1,0.0,0.08241946192647465
2015-08-28,HOBBIES_1_018,CA_1,0.0,0.10221667281586799
2015-08-28,HOBBIES_1_018,CA_1,0.0,0.10221667281586799
2015-08-29,HOBBIES_1_018,CA_1,1.0,0.12055546058462806
2015-08-29,HOBBIES_1_018,CA_1,1.0,0.7798230428559383
2015-08-30,HOBBIES_1_018,CA_1,1.0,0.7674205227618306
2015-08-30,HOBBIES_1_018,CA_1,1.0,0.7993796004796948
2015-08-31,HOBBIES_1_018,CA_1,0.0,0.6646083993593003
2015-08-31,HOBBIES_1_018,CA_1,0.0,0.1140058677723982
2015-09-01,HOBBIES_1_018,CA_1,0.0,0.11897368621899894
2015-09-01,HOBBIES_1_018,CA_1,0.0,0.123051980498406
2015-09-02,HOBBIES_1_018,CA_1,0.0,0.12886991501380116
2015-09-02,HOBBIES_1_018,CA_1,0.0,0.12886991501380116
2015-09-03,HOBBIES_1_018,CA_1,0.0,0.14127243510790888
2015-09-03,HOBBIES_1_018,CA_1,0.0,0.10177977576724649
2015-09-04,HOBBIES_1_018,CA_1,0.0,0.14096548903946826
2015-09-04,HOBBIES_1_018,CA_1,0.0,0.14096548903946826
2015-09-05,HOBBIES_1_018,CA_1,0.0,0.13099613990430095
2015-09-05,HOBBIES_1_018,CA_1,0.0,0.13099613990430095
2015-09-06,HOBBIES_1_018,CA_1,1.0,0.13099613990430095
2015-09-06,HOBBIES_1_018,CA_1,1.0,0.8117821205738025
2015-09-07,HOBBIES_1_018,CA_1,0.0,0.6801571327193398
2015-09-07,HOBBIES_1_018,CA_1,0.0,0.1295546011324377
2015-09-08,HOBBIES_1_018,CA_1,0.0,0.1247916207343941
2015-09-08,HOBBIES_1_018,CA_1,0.0,0.1247916207343941
2015-09-09,HOBBIES_1_018,CA_1,0.0,0.1247916207343941
2015-09-09,HOBBIES_1_018,CA_1,0.0,0.12886991501380116
2015-09-10,HOBBIES_1_018,CA_1,0.0,0.14127243510790888
2015-09-10,HOBBIES_1_018,CA_1,0.0,0.10177977576724649
2015-09-11,HOBBIES_1_018,CA_1,0.0,0.13115430508875459
2015-09-11,HOBBIES_1_018,CA_1,0.0,0.13115430508875459
2015-09-12,HOBBIES_1_018,CA_1,0.0,0.17276640157287879
2015-09-12,HOBBIES_1_018,CA_1,0.0,0.17276640157287879
2015-09-13,HOBBIES_1_018,CA_1,0.0,0.14080732385501463
2015-09-13,HOBBIES_1_018,CA_1,0.0,0.14080732385501463
2015-09-14,HOBBIES_1_018,CA_1,0.0,0.0774516434798739
2015-09-14,HOBBIES_1_018,CA_1,0.0,0.0774516434798739
2015-09-15,HOBBIES_1_018,CA_1,0.0,0.08241946192647465
2015-09-15,HOBBIES_1_018,CA_1,0.0,0.08241946192647465
2015-09-16,HOBBIES_1_018,CA_1,1.0,0.08241946192647465
2015-09-16,HOBBIES_1_018,CA_1,1.0,0.6749857310988244
2015-09-17,HOBBIES_1_018,CA_1,0.0,0.6625832110047167
2015-09-17,HOBBIES_1_018,CA_1,0.0,0.11198067941781467
2015-09-18,HOBBIES_1_018,CA_1,0.0,0.1505518713979515
2015-09-18,HOBBIES_1_018,CA_1,0.0,0.1505518713979515
2015-09-19,HOBBIES_1_018,CA_1,0.0,0.17278196596219175
2015-09-19,HOBBIES_1_018,CA_1,0.0,0.17686026024159882
2015-09-20,HOBBIES_1_018,CA_1,0.0,0.1990739642864202
2015-09-20,HOBBIES_1_018,CA_1,0.0,0.14080732385501463
2015-09-21,HOBBIES_1_018,CA_1,0.0,0.0774516434798739
2015-09-21,HOBBIES_1_018,CA_1,0.0,0.0774516434798739
2015-09-22,HOBBIES_1_018,CA_1,0.0,0.08241946192647465
2015-09-22,HOBBIES_1_018,CA_1,0.0,0.08241946192647465
2015-09-23,HOBBIES_1_018,CA_1,1.0,0.08241946192647465
2015-09-23,HOBBIES_1_018,CA_1,1.0,0.6749857310988244
2015-09-24,HOBBIES_1_018,CA_1,1.0,0.6594421874147097
2015-09-24,HOBBIES_1_018,CA_1,1.0,0.6722531287312891
2015-09-25,HOBBIES_1_018,CA_1,0.0,0.7306850772778543
2015-09-25,HOBBIES_1_018,CA_1,0.0,0.16712219663125025
2015-09-26,HOBBIES_1_018,CA_1,0.0,0.19892310916466077
2015-09-26,HOBBIES_1_018,CA_1,0.0,0.20300140344406783
2015-09-27,HOBBIES_1_018,CA_1,0.0,0.20881933795946298
2015-09-27,HOBBIES_1_018,CA_1,0.0,0.20881933795946298
2015-09-28,HOBBIES_1_018,CA_1,0.0,0.13630461666130814
2015-09-28,HOBBIES_1_018,CA_1,0.0,0.09681195732064575
2015-09-29,HOBBIES_1_018,CA_1,0.0,0.10177977576724649
2015-09-29,HOBBIES_1_018,CA_1,0.0,0.10177977576724649
2015-09-30,HOBBIES_1_018,CA_1,0.0,0.11159095971796021
2015-09-30,HOBBIES_1_018,CA_1,0.0,0.11159095971796021
2015-10-01,HOBBIES_1_018,CA_1,0.0,0.08896883445066721
2015-10-01,HOBBIES_1_018,CA_1,0.0,0.08896883445066721
2015-10-02,HOBBIES_1_018,CA_1,0.0,0.10876604534006055
2015-10-02,HOBBIES_1_018,CA_1,0.0,0.10876604534006055
2015-10-03,HOBBIES_1_018,CA_1,0.0,0.13099613990430095
2015-10-03,HOBBIES_1_018,CA_1,0.0,0.13099613990430095
2015-10-04,HOBBIES_1_018,CA_1,0.0,0.13099613990430095
2015-10-04,HOBBIES_1_018,CA_1,0.0,0.13099613990430095
2015-10-05,HOBBIES_1_018,CA_1,0.0,0.08400101600406647
2015-10-05,HOBBIES_1_018,CA_1,0.0,0.08400101600406647
2015-10-06,HOBBIES_1_018,CA_1,0.0,0.08896883445066721
2015-10-06,HOBBIES_1_018,CA_1,0.0,0.08896883445066721
2015-10-07,HOBBIES_1_018,CA_1,0.0,0.0987800184013809
2015-10-07,HOBBIES_1_018,CA_1,0.0,0.0987800184013809
2015-10-08,HOBBIES_1_018,CA_1,0.0,0.09223064587718834
2015-10-08,HOBBIES_1_018,CA_1,0.0,0.09223064587718834
2015-10-09,HOBBIES_1_018,CA_1,0.0,0.08285976902543857
2015-10-09,HOBBIES_1_018,CA_1,0.0,0.08285976902543857
2015-10-10,HOBBIES_1_018,CA_1,0.0,0.1011985567941986
2015-10-10,HOBBIES_1_018,CA_1,0.0,0.1011985567941986
2015-10-11,HOBBIES_1_018,CA_1,0.0,0.1011985567941986
2015-10-11,HOBBIES_1_018,CA_1,0.0,0.1011985567941986
2015-10-12,HOBBIES_1_018,CA_1,0.0,0.06782553853408882
2015-10-12,HOBBIES_1_018,CA_1,0.0,0.06782553853408882
2015-10-13,HOBBIES_1_018,CA_1,0.0,0.06306255813604522
2015-10-13,HOBBIES_1_018,CA_1,0.0,0.06306255813604522
2015-10-14,HOBBIES_1_018,CA_1,0.0,0.06306255813604522
2015-10-14,HOBBIES_1_018,CA_1,0.0,0.06306255813604522
2015-10-15,HOBBIES_1_018,CA_1,0.0,0.06306255813604522
2015-10-15,HOBBIES_1_018,CA_1,0.0,0.06306255813604522
2015-10-16,HOBBIES_1_018,CA_1,0.0,0.08285976902543857
2015-10-16,HOBBIES_1_018,CA_1,0.0,0.08285976902543857
2015-10-17,HOBBIES_1_018,CA_1,0.0,0.1011985567941986
2015-10-17,HOBBIES_1_018,CA_1,0.0,0.1011985567941986
2015-10-18,HOBBIES_1_018,CA_1,0.0,0.1011985567941986
2015-10-18,HOBBIES_1_018,CA_1,0.0,0.1011985567941986
2015-10-19,HOBBIES_1_018,CA_1,0.0,0.05809473968944448
2015-10-19,HOBBIES_1_018,CA_1,0.0,0.05809473968944448
2015-10-20,HOBBIES_1_018,CA_1,0.0,0.06306255813604522
2015-10-20,HOBBIES_1_018,CA_1,0.0,0.06306255813604522
2015-10-21,HOBBIES_1_018,CA_1,0.0,0.06306255813604522
2015-10-21,HOBBIES_1_018,CA_1,0.0,0.06306255813604522
2015-10-22,HOBBIES_1_018,CA_1,0.0,0.06306255813604522
2015-10-22,HOBBIES_1_018,CA_1,0.0,0.06306255813604522
2015-10-23,HOBBIES_1_018,CA_1,0.0,0.08285976902543857
2015-10-23,HOBBIES_1_018,CA_1,0.0,0.08285976902543857
2015-10-24,HOBBIES_1_018,CA_1,0.0,0.1011985567941986
2015-10-24,HOBBIES_1_018,CA_1,0.0,0.1011985567941986
2015-10-25,HOBBIES_1_018,CA_1,0.0,0.1011985567941986
2015-10-25,HOBBIES_1_018,CA_1,0.0,0.1011985567941986
2015-10-26,HOBBIES_1_018,CA_1,0.0,0.05809473968944448
2015-10-26,HOBBIES_1_018,CA_1,0.0,0.05809473968944448
2015-10-27,HOBBIES_1_018,CA_1,0.0,0.06306255813604522
2015-10-27,HOBBIES_1_018,CA_1,0.0,0.06306255813604522
2015-10-28,HOBBIES_1_018,CA_1,0.0,0.06306255813604522
2015-10-28,HOBBIES_1_018,CA_1,0.0,0.06306255813604522
2015-10-29,HOBBIES_1_018,CA_1,1.0,0.06306255813604522
2015-10-29,HOBBIES_1_018,CA_1,1.0,0.6684363585746318
2015-10-30,HOBBIES_1_018,CA_1,1.0,0.7075653795203628
2015-10-30,HOBBIES_1_018,CA_1,1.0,0.7141147520445554
2015-10-31,HOBBIES_1_018,CA_1,0.0,0.7584615646564284
2015-10-31,HOBBIES_1_018,CA_1,0.0,0.16382300785678958
2015-11-01,HOBBIES_1_018,CA_1,0.0,0.1669640314467966
2015-11-01,HOBBIES_1_018,CA_1,0.0,0.17104232572620368
2015-11-02,HOBBIES_1_018,CA_1,0.0,0.11109115525062094
2015-11-02,HOBBIES_1_018,CA_1,0.0,0.11109115525062094
2015-11-03,HOBBIES_1_018,CA_1,0.0,0.12846149379132957
2015-11-03,HOBBIES_1_018,CA_1,0.0,0.08896883445066721
2015-11-04,HOBBIES_1_018,CA_1,0.0,0.08896883445066721
2015-11-04,HOBBIES_1_018,CA_1,0.0,0.08896883445066721
2015-11-05,HOBBIES_1_018,CA_1,0.0,0.08896883445066721
2015-11-05,HOBBIES_1_018,CA_1,0.0,0.08896883445066721
2015-11-06,HOBBIES_1_018,CA_1,0.0,0.10876604534006055
2015-11-06,HOBBIES_1_018,CA_1,0.0,0.10876604534006055
2015-11-07,HOBBIES_1_018,CA_1,0.0,0.13099613990430095
2015-11-07,HOBBIES_1_018,CA_1,0.0,0.13099613990430095
2015-11-08,HOBBIES_1_018,CA_1,0.0,0.13099613990430095
2015-11-08,HOBBIES_1_018,CA_1,0.0,0.13099613990430095
2015-11-09,HOBBIES_1_018,CA_1,0.0,0.08400101600406647
2015-11-09,HOBBIES_1_018,CA_1,0.0,0.08400101600406647
2015-11-10,HOBBIES_1_018,CA_1,0.0,0.08896883445066721
2015-11-10,HOBBIES_1_018,CA_1,0.0,0.08896883445066721
2015-11-11,HOBBIES_1_018,CA_1,0.0,0.08582781086066017
2015-11-11,HOBBIES_1_018,CA_1,0.0,0.08582781086066017
2015-11-12,HOBBIES_1_018,CA_1,0.0,0.0987800184013809
2015-11-12,HOBBIES_1_018,CA_1,0.0,0.0987800184013809
2015-11-13,HOBBIES_1_018,CA_1,0.0,0.11202785676658172
2015-11-13,HOBBIES_1_018,CA_1,0.0,0.11202785676658172
2015-11-14,HOBBIES_1_018,CA_1,0.0,0.1011985567941986
2015-11-14,HOBBIES_1_018,CA_1,0.0,0.1011985567941986
2015-11-15,HOBBIES_1_018,CA_1,0.0,0.1011985567941986
2015-11-15,HOBBIES_1_018,CA_1,0.0,0.1011985567941986
2015-11-16,HOBBIES_1_018,CA_1,0.0,0.05809473968944448
2015-11-16,HOBBIES_1_018,CA_1,0.0,0.05809473968944448
2015-11-17,HOBBIES_1_018,CA_1,0.0,0.06306255813604522
2015-11-17,HOBBIES_1_018,CA_1,0.0,0.06306255813604522
2015-11-18,HOBBIES_1_018,CA_1,0.0,0.06306255813604522
2015-11-18,HOBBIES_1_018,CA_1,0.0,0.06306255813604522
2015-11-19,HOBBIES_1_018,CA_1,0.0,0.06306255813604522
2015-11-19,HOBBIES_1_018,CA_1,0.0,0.06306255813604522
2015-11-20,HOBBIES_1_018,CA_1,0.0,0.08285976902543857
2015-11-20,HOBBIES_1_018,CA_1,0.0,0.08285976902543857
2015-11-21,HOBBIES_1_018,CA_1,0.0,0.1011985567941986
2015-11-21,HOBBIES_1_018,CA_1,0.0,0.1011985567941986
2015-11-22,HOBBIES_1_018,CA_1,0.0,0.1011985567941986
2015-11-22,HOBBIES_1_018,CA_1,0.0,0.1011985567941986
2015-11-23,HOBBIES_1_018,CA_1,0.0,0.05809473968944448
2015-11-23,HOBBIES_1_018,CA_1,0.0,0.05809473968944448
2015-11-24,HOBBIES_1_018,CA_1,0.0,0.06306255813604522
2015-11-24,HOBBIES_1_018,CA_1,0.0,0.06306255813604522
2015-11-25,HOBBIES_1_018,CA_1,2.0,0.06306255813604522
2015-11-25,HOBBIES_1_018,CA_1,2.0,1.3020216391464166
2015-11-26,HOBBIES_1_018,CA_1,0.0,1.2665931988364045
2015-11-26,HOBBIES_1_018,CA_1,0.0,0.1030217213124125
2015-11-27,HOBBIES_1_018,CA_1,0.0,0.14473393688255637
2015-11-27,HOBBIES_1_018,CA_1,0.0,0.14473393688255637
2015-11-28,HOBBIES_1_018,CA_1,0.0,0.1669640314467966
2015-11-28,HOBBIES_1_018,CA_1,0.0,0.17104232572620368
2015-11-29,HOBBIES_1_018,CA_1,1.0,0.17686026024159882
2015-11-29,HOBBIES_1_018,CA_1,1.0,0.8117821205738025
2015-11-30,HOBBIES_1_018,CA_1,0.0,0.6704263338746954
2015-11-30,HOBBIES_1_018,CA_1,0.0,0.11982380228779335
2015-12-01,HOBBIES_1_018,CA_1,0.0,0.1247916207343941
2015-12-01,HOBBIES_1_018,CA_1,0.0,0.1247916207343941
2015-12-02,HOBBIES_1_018,CA_1,0.0,0.1414721505533035
2015-12-02,HOBBIES_1_018,CA_1,0.0,0.14555044483271057
2015-12-03,HOBBIES_1_018,CA_1,0.0,0.14127243510790888
2015-12-03,HOBBIES_1_018,CA_1,0.0,0.10177977576724649
2015-12-04,HOBBIES_1_018,CA_1,0.0,0.13115430508875459
2015-12-04,HOBBIES_1_018,CA_1,0.0,0.13115430508875459
2015-12-05,HOBBIES_1_018,CA_1,0.0,0.1629552176221651
2015-12-05,HOBBIES_1_018,CA_1,0.0,0.1629552176221651
2015-12-06,HOBBIES_1_018,CA_1,0.0,0.1629552176221651
2015-12-06,HOBBIES_1_018,CA_1,0.0,0.1629552176221651
2015-12-07,HOBBIES_1_018,CA_1,0.0,0.09681195732064575
2015-12-07,HOBBIES_1_018,CA_1,0.0,0.09681195732064575
2015-12-08,HOBBIES_1_018,CA_1,0.0,0.10177977576724649
2015-12-08,HOBBIES_1_018,CA_1,0.0,0.10177977576724649
2015-12-09,HOBBIES_1_018,CA_1,0.0,0.11159095971796021
2015-12-09,HOBBIES_1_018,CA_1,0.0,0.0987800184013809
2015-12-10,HOBBIES_1_018,CA_1,0.0,0.08241946192647465
2015-12-10,HOBBIES_1_018,CA_1,0.0,0.08241946192647465
2015-12-11,HOBBIES_1_018,CA_1,0.0,0.10221667281586799
2015-12-11,HOBBIES_1_018,CA_1,0.0,0.10221667281586799
2015-12-12,HOBBIES_1_018,CA_1,0.0,0.12055546058462806
2015-12-12,HOBBIES_1_018,CA_1,0.0,0.12055546058462806
2015-12-13,HOBBIES_1_018,CA_1,0.0,0.13036664453534186
2015-12-13,HOBBIES_1_018,CA_1,0.0,0.13036664453534186
2015-12-14,HOBBIES_1_018,CA_1,0.0,0.06782553853408882
2015-12-14,HOBBIES_1_018,CA_1,0.0,0.06782553853408882
2015-12-15,HOBBIES_1_018,CA_1,0.0,0.06306255813604522
2015-12-15,HOBBIES_1_018,CA_1,0.0,0.06306255813604522
2015-12-16,HOBBIES_1_018,CA_1,0.0,0.06306255813604522
2015-12-16,HOBBIES_1_018,CA_1,0.0,0.06306255813604522
2015-12-17,HOBBIES_1_018,CA_1,0.0,0.06306255813604522
2015-12-17,HOBBIES_1_018,CA_1,0.0,0.06306255813604522
2015-12-18,HOBBIES_1_018,CA_1,1.0,0.08285976902543857
2015-12-18,HOBBIES_1_018,CA_1,1.0,0.7199678996144705
2015-12-19,HOBBIES_1_018,CA_1,0.0,0.7569798434421577
2015-12-19,HOBBIES_1_018,CA_1,0.0,0.16234128664251898
2015-12-20,HOBBIES_1_018,CA_1,0.0,0.16234128664251898
2015-12-20,HOBBIES_1_018,CA_1,0.0,0.16234128664251898
2015-12-21,HOBBIES_1_018,CA_1,1.0,0.10046348844702133
2015-12-21,HOBBIES_1_018,CA_1,1.0,0.661693686837523
2015-12-22,HOBBIES_1_018,CA_1,0.0,0.6666615052841237
2015-12-22,HOBBIES_1_018,CA_1,0.0,0.11198067941781467
2015-12-23,HOBBIES_1_018,CA_1,0.0,0.11198067941781467
2015-12-23,HOBBIES_1_018,CA_1,0.0,0.11198067941781467
2015-12-24,HOBBIES_1_018,CA_1,0.0,0.11198067941781467
2015-12-24,HOBBIES_1_018,CA_1,0.0,0.11605897369722168
2015-12-25,HOBBIES_1_018,CA_1,0.0,0.16389166218145926
2015-12-25,HOBBIES_1_018,CA_1,0.0,0.10562502175005352
2015-12-26,HOBBIES_1_018,CA_1,0.0,0.13099613990430095
2015-12-26,HOBBIES_1_018,CA_1,0.0,0.13099613990430095
2015-12-27,HOBBIES_1_018,CA_1,0.0,0.13099613990430095
2015-12-27,HOBBIES_1_018,CA_1,0.0,0.13099613990430095
2015-12-28,HOBBIES_1_018,CA_1,0.0,0.08400101600406647
2015-12-28,HOBBIES_1_018,CA_1,0.0,0.08400101600406647
2015-12-29,HOBBIES_1_018,CA_1,0.0,0.08896883445066721
2015-12-29,HOBBIES_1_018,CA_1,0.0,0.08896883445066721
2015-12-30,HOBBIES_1_018,CA_1,0.0,0.08896883445066721
2015-12-30,HOBBIES_1_018,CA_1,0.0,0.08896883445066721
2015-12-31,HOBBIES_1_018,CA_1,0.0,0.08896883445066721
2015-12-31,HOBBIES_1_018,CA_1,0.0,0.08896883445066721
2016-01-01,HOBBIES_1_018,CA_1,1.0,0.11543620570076732
2016-01-01,HOBBIES_1_018,CA_1,1.0,0.7331874324993699
2016-01-02,HOBBIES_1_018,CA_1,0.0,0.7674205227618306
2016-01-02,HOBBIES_1_018,CA_1,0.0,0.17278196596219175
2016-01-03,HOBBIES_1_018,CA_1,0.0,0.17278196596219175
2016-01-03,HOBBIES_1_018,CA_1,0.0,0.17278196596219175
2016-01-04,HOBBIES_1_018,CA_1,0.0,0.11682404492192769
2016-01-04,HOBBIES_1_018,CA_1,0.0,0.12090233920133474
2016-01-05,HOBBIES_1_018,CA_1,0.0,0.121912121267137
2016-01-05,HOBBIES_1_018,CA_1,0.0,0.08241946192647465
2016-01-06,HOBBIES_1_018,CA_1,0.0,0.08241946192647465
2016-01-06,HOBBIES_1_018,CA_1,0.0,0.08241946192647465
2016-01-07,HOBBIES_1_018,CA_1,0.0,0.07927843833646761
2016-01-07,HOBBIES_1_018,CA_1,0.0,0.07927843833646761
2016-01-08,HOBBIES_1_018,CA_1,0.0,0.10221667281586799
2016-01-08,HOBBIES_1_018,CA_1,0.0,0.10221667281586799
2016-01-09,HOBBIES_1_018,CA_1,0.0,0.12055546058462806
2016-01-09,HOBBIES_1_018,CA_1,0.0,0.12055546058462806
2016-01-10,HOBBIES_1_018,CA_1,0.0,0.12055546058462806
2016-01-10,HOBBIES_1_018,CA_1,0.0,0.12055546058462806
2016-01-11,HOBBIES_1_018,CA_1,0.0,0.0774516434798739
2016-01-11,HOBBIES_1_018,CA_1,0.0,0.0774516434798739
2016-01-12,HOBBIES_1_018,CA_1,0.0,0.08241946192647465
2016-01-12,HOBBIES_1_018,CA_1,0.0,0.08241946192647465
2016-01-13,HOBBIES_1_018,CA_1,0.0,0.08241946192647465
2016-01-13,HOBBIES_1_018,CA_1,0.0,0.08241946192647465
2016-01-14,HOBBIES_1_018,CA_1,0.0,0.08241946192647465
2016-01-14,HOBBIES_1_018,CA_1,0.0,0.08241946192647465
2016-01-15,HOBBIES_1_018,CA_1,0.0,0.11202785676658172
2016-01-15,HOBBIES_1_018,CA_1,0.0,0.11202785676658172
2016-01-16,HOBBIES_1_018,CA_1,0.0,0.1011985567941986
2016-01-16,HOBBIES_1_018,CA_1,0.0,0.1011985567941986
2016-01-17,HOBBIES_1_018,CA_1,0.0,0.1011985567941986
2016-01-17,HOBBIES_1_018,CA_1,0.0,0.1011985567941986
2016-01-18,HOBBIES_1_018,CA_1,0.0,0.06782553853408882
2016-01-18,HOBBIES_1_018,CA_1,0.0,0.06782553853408882
2016-01-19,HOBBIES_1_018,CA_1,0.0,0.06306255813604522
2016-01-19,HOBBIES_1_018,CA_1,0.0,0.06306255813604522
2016-01-20,HOBBIES_1_018,CA_1,0.0,0.06306255813604522
2016-01-20,HOBBIES_1_018,CA_1,0.0,0.06306255813604522
2016-01-21,HOBBIES_1_018,CA_1,0.0,0.06306255813604522
2016-01-21,HOBBIES_1_018,CA_1,0.0,0.06306255813604522
2016-01-22,HOBBIES_1_018,CA_1,0.0,0.08285976902543857
2016-01-22,HOBBIES_1_018,CA_1,0.0,0.08285976902543857
2016-01-23,HOBBIES_1_018,CA_1,0.0,0.1011985567941986
2016-01-23,HOBBIES_1_018,CA_1,0.0,0.1011985567941986
2016-01-24,HOBBIES_1_018,CA_1,1.0,0.1011985567941986
2016-01-24,HOBBIES_1_018,CA_1,1.0,0.7693823635362654
2016-01-25,HOBBIES_1_018,CA_1,1.0,0.6510660200339234
2016-01-25,HOBBIES_1_018,CA_1,1.0,0.6576153925581161
2016-01-26,HOBBIES_1_018,CA_1,0.0,0.6567652764893216
2016-01-26,HOBBIES_1_018,CA_1,0.0,0.10616274490241953
2016-01-27,HOBBIES_1_018,CA_1,0.0,0.10616274490241953
2016-01-27,HOBBIES_1_018,CA_1,0.0,0.11024103918182654
2016-01-28,HOBBIES_1_018,CA_1,0.0,0.11605897369722168
2016-01-28,HOBBIES_1_018,CA_1,0.0,0.11605897369722168
2016-01-29,HOBBIES_1_018,CA_1,0.0,0.1670326857714663
2016-01-29,HOBBIES_1_018,CA_1,0.0,0.10876604534006055
2016-01-30,HOBBIES_1_018,CA_1,0.0,0.13099613990430095
2016-01-30,HOBBIES_1_018,CA_1,0.0,0.13099613990430095
2016-01-31,HOBBIES_1_018,CA_1,0.0,0.13099613990430095
2016-01-31,HOBBIES_1_018,CA_1,0.0,0.13099613990430095
2016-02-01,HOBBIES_1_018,CA_1,0.0,0.08400101600406647
2016-02-01,HOBBIES_1_018,CA_1,0.0,0.08400101600406647
2016-02-02,HOBBIES_1_018,CA_1,0.0,0.08896883445066721
2016-02-02,HOBBIES_1_018,CA_1,0.0,0.08896883445066721
2016-02-03,HOBBIES_1_018,CA_1,0.0,0.08896883445066721
2016-02-03,HOBBIES_1_018,CA_1,0.0,0.08896883445066721
2016-02-04,HOBBIES_1_018,CA_1,0.0,0.08896883445066721
2016-02-04,HOBBIES_1_018,CA_1,0.0,0.08896883445066721
2016-02-05,HOBBIES_1_018,CA_1,0.0,0.10876604534006055
2016-02-05,HOBBIES_1_018,CA_1,0.0,0.10876604534006055
2016-02-06,HOBBIES_1_018,CA_1,0.0,0.13099613990430095
2016-02-06,HOBBIES_1_018,CA_1,0.0,0.13099613990430095
2016-02-07,HOBBIES_1_018,CA_1,0.0,0.1376663002650076
2016-02-07,HOBBIES_1_018,CA_1,0.0,0.1376663002650076
2016-02-08,HOBBIES_1_018,CA_1,0.0,0.0872628274305876
2016-02-08,HOBBIES_1_018,CA_1,0.0,0.0872628274305876
2016-02-09,HOBBIES_1_018,CA_1,0.0,0.06306255813604522
2016-02-09,HOBBIES_1_018,CA_1,0.0,0.06306255813604522
2016-02-10,HOBBIES_1_018,CA_1,0.0,0.05992153454603819
2016-02-10,HOBBIES_1_018,CA_1,0.0,0.05992153454603819
2016-02-11,HOBBIES_1_018,CA_1,0.0,0.06306255813604522
2016-02-11,HOBBIES_1_018,CA_1,0.0,0.06306255813604522
2016-02-12,HOBBIES_1_018,CA_1,0.0,0.08285976902543857
2016-02-12,HOBBIES_1_018,CA_1,0.0,0.08285976902543857
2016-02-13,HOBBIES_1_018,CA_1,0.0,0.1011985567941986
2016-02-13,HOBBIES_1_018,CA_1,0.0,0.1011985567941986
2016-02-14,HOBBIES_1_018,CA_1,0.0,0.09805753320419157
2016-02-14,HOBBIES_1_018,CA_1,0.0,0.09805753320419157
2016-02-15,HOBBIES_1_018,CA_1,0.0,0.06782553853408882
2016-02-15,HOBBIES_1_018,CA_1,0.0,0.06782553853408882
2016-02-16,HOBBIES_1_018,CA_1,0.0,0.06306255813604522
2016-02-16,HOBBIES_1_018,CA_1,0.0,0.06306255813604522
2016-02-17,HOBBIES_1_018,CA_1,0.0,0.05992153454603819
2016-02-17,HOBBIES_1_018,CA_1,0.0,0.05992153454603819
2016-02-18,HOBBIES_1_018,CA_1,0.0,0.06306255813604522
2016-02-18,HOBBIES_1_018,CA_1,0.0,0.06306255813604522
2016-02-19,HOBBIES_1_018,CA_1,0.0,0.08285976902543857
2016-02-19,HOBBIES_1_018,CA_1,0.0,0.08285976902543857
2016-02-20,HOBBIES_1_018,CA_1,0.0,0.1011985567941986
2016-02-20,HOBBIES_1_018,CA_1,0.0,0.1011985567941986
2016-02-21,HOBBIES_1_018,CA_1,0.0,0.1011985567941986
2016-02-21,HOBBIES_1_018,CA_1,0.0,0.1011985567941986
2016-02-22,HOBBIES_1_018,CA_1,0.0,0.05809473968944448
2016-02-22,HOBBIES_1_018,CA_1,0.0,0.05809473968944448
2016-02-23,HOBBIES_1_018,CA_1,0.0,0.06306255813604522
2016-02-23,HOBBIES_1_018,CA_1,0.0,0.06306255813604522
2016-02-24,HOBBIES_1_018,CA_1,0.0,0.06306255813604522
2016-02-24,HOBBIES_1_018,CA_1,0.0,0.06306255813604522
2016-02-25,HOBBIES_1_018,CA_1,0.0,0.06306255813604522
2016-02-25,HOBBIES_1_018,CA_1,0.0,0.06306255813604522
2016-02-26,HOBBIES_1_018,CA_1,0.0,0.08285976902543857
2016-02-26,HOBBIES_1_018,CA_1,0.0,0.08285976902543857
2016-02-27,HOBBIES_1_018,CA_1,0.0,0.1011985567941986
2016-02-27,HOBBIES_1_018,CA_1,0.0,0.1011985567941986
2016-02-28,HOBBIES_1_018,CA_1,0.0,0.1011985567941986
2016-02-28,HOBBIES_1_018,CA_1,0.0,0.1011985567941986
2016-02-29,HOBBIES_1_018,CA_1,0.0,0.05809473968944448
2016-02-29,HOBBIES_1_018,CA_1,0.0,0.05809473968944448
2016-03-01,HOBBIES_1_018,CA_1,0.0,0.06306255813604522
2016-03-01,HOBBIES_1_018,CA_1,0.0,0.06306255813604522
2016-03-02,HOBBIES_1_018,CA_1,0.0,0.06306255813604522
2016-03-02,HOBBIES_1_018,CA_1,0.0,0.06306255813604522
2016-03-03,HOBBIES_1_018,CA_1,0.0,0.06306255813604522
2016-03-03,HOBBIES_1_018,CA_1,0.0,0.06306255813604522
2016-03-04,HOBBIES_1_018,CA_1,0.0,0.08285976902543857
2016-03-04,HOBBIES_1_018,CA_1,0.0,0.08285976902543857
2016-03-05,HOBBIES_1_018,CA_1,0.0,0.1011985567941986
2016-03-05,HOBBIES_1_018,CA_1,0.0,0.1011985567941986
2016-03-06,HOBBIES_1_018,CA_1,0.0,0.1011985567941986
2016-03-06,HOBBIES_1_018,CA_1,0.0,0.1011985567941986
2016-03-07,HOBBIES_1_018,CA_1,0.0,0.05809473968944448
2016-03-07,HOBBIES_1_018,CA_1,0.0,0.05809473968944448
2016-03-08,HOBBIES_1_018,CA_1,0.0,0.06306255813604522
2016-03-08,HOBBIES_1_018,CA_1,0.0,0.06306255813604522
2016-03-09,HOBBIES_1_018,CA_1,0.0,0.06306255813604522
2016-03-09,HOBBIES_1_018,CA_1,0.0,0.06306255813604522
2016-03-10,HOBBIES_1_018,CA_1,0.0,0.06306255813604522
2016-03-10,HOBBIES_1_018,CA_1,0.0,0.06306255813604522
2016-03-11,HOBBIES_1_018,CA_1,0.0,0.08285976902543857
2016-03-11,HOBBIES_1_018,CA_1,0.0,0.08285976902543857
2016-03-12,HOBBIES_1_018,CA_1,0.0,0.1011985567941986
2016-03-12,HOBBIES_1_018,CA_1,0.0,0.1011985567941986
2016-03-13,HOBBIES_1_018,CA_1,0.0,0.1011985567941986
2016-03-13,HOBBIES_1_018,CA_1,0.0,0.1011985567941986
2016-03-14,HOBBIES_1_018,CA_1,0.0,0.05809473968944448
2016-03-14,HOBBIES_1_018,CA_1,0.0,0.05809473968944448
2016-03-15,HOBBIES_1_018,CA_1,0.0,0.06306255813604522
2016-03-15,HOBBIES_1_018,CA_1,0.0,0.06306255813604522
2016-03-16,HOBBIES_1_018,CA_1,0.0,0.06306255813604522
2016-03-16,HOBBIES_1_018,CA_1,0.0,0.06306255813604522
2016-03-17,HOBBIES_1_018,CA_1,0.0,0.05992153454603819
2016-03-17,HOBBIES_1_018,CA_1,0.0,0.05992153454603819
2016-03-18,HOBBIES_1_018,CA_1,0.0,0.08285976902543857
2016-03-18,HOBBIES_1_018,CA_1,0.0,0.08285976902543857
2016-03-19,HOBBIES_1_018,CA_1,0.0,0.1011985567941986
2016-03-19,HOBBIES_1_018,CA_1,0.0,0.1011985567941986
2016-03-20,HOBBIES_1_018,CA_1,0.0,0.1011985567941986
2016-03-20,HOBBIES_1_018,CA_1,0.0,0.1011985567941986
2016-03-21,HOBBIES_1_018,CA_1,0.0,0.05809473968944448
2016-03-21,HOBBIES_1_018,CA_1,0.0,0.05809473968944448
2016-03-22,HOBBIES_1_018,CA_1,0.0,0.06306255813604522
2016-03-22,HOBBIES_1_018,CA_1,0.0,0.06306255813604522
2016-03-23,HOBBIES_1_018,CA_1,0.0,0.06306255813604522
2016-03-23,HOBBIES_1_018,CA_1,0.0,0.06306255813604522
2016-03-24,HOBBIES_1_018,CA_1,0.0,0.05992153454603819
2016-03-24,HOBBIES_1_018,CA_1,0.0,0.05992153454603819
2016-03-25,HOBBIES_1_018,CA_1,0.0,0.08285976902543857
2016-03-25,HOBBIES_1_018,CA_1,0.0,0.08285976902543857
2016-03-26,HOBBIES_1_018,CA_1,0.0,0.1011985567941986
2016-03-26,HOBBIES_1_018,CA_1,0.0,0.1011985567941986
2016-03-27,HOBBIES_1_018,CA_1,0.0,0.09805753320419157
2016-03-27,HOBBIES_1_018,CA_1,0.0,0.09805753320419157
2016-03-28,HOBBIES_1_018,CA_1,0.0,0.05809473968944448
2016-03-28,HOBBIES_1_018,CA_1,0.0,0.05809473968944448
2016-03-29,HOBBIES_1_018,CA_1,0.0,0.06306255813604522
2016-03-29,HOBBIES_1_018,CA_1,0.0,0.06306255813604522
2016-03-30,HOBBIES_1_018,CA_1,0.0,0.06306255813604522
2016-03-30,HOBBIES_1_018,CA_1,0.0,0.06306255813604522
2016-03-31,HOBBIES_1_018,CA_1,0.0,0.06306255813604522
2016-03-31,HOBBIES_1_018,CA_1,0.0,0.06306255813604522
2016-04-01,HOBBIES_1_018,CA_1,0.0,0.08285976902543857
2016-04-01,HOBBIES_1_018,CA_1,0.0,0.08285976902543857
2016-04-02,HOBBIES_1_018,CA_1,0.0,0.1011985567941986
2016-04-02,HOBBIES_1_018,CA_1,0.0,0.1011985567941986
2016-04-03,HOBBIES_1_018,CA_1,0.0,0.1011985567941986
2016-04-03,HOBBIES_1_018,CA_1,0.0,0.1011985567941986
2016-04-04,HOBBIES_1_018,CA_1,0.0,0.05809473968944448
2016-04-04,HOBBIES_1_018,CA_1,0.0,0.05809473968944448
2016-04-05,HOBBIES_1_018,CA_1,0.0,0.06306255813604522
2016-04-05,HOBBIES_1_018,CA_1,0.0,0.06306255813604522
2016-04-06,HOBBIES_1_018,CA_1,0.0,0.06306255813604522
2016-04-06,HOBBIES_1_018,CA_1,0.0,0.06306255813604522
2016-04-07,HOBBIES_1_018,CA_1,0.0,0.06306255813604522
2016-04-07,HOBBIES_1_018,CA_1,0.0,0.06306255813604522
2016-04-08,HOBBIES_1_018,CA_1,0.0,0.08285976902543857
2016-04-08,HOBBIES_1_018,CA_1,0.0,0.08285976902543857
2016-04-09,HOBBIES_1_018,CA_1,0.0,0.1011985567941986
2016-04-09,HOBBIES_1_018,CA_1,0.0,0.1011985567941986
2016-04-10,HOBBIES_1_018,CA_1,0.0,0.1011985567941986
2016-04-10,HOBBIES_1_018,CA_1,0.0,0.1011985567941986
2016-04-11,HOBBIES_1_018,CA_1,0.0,0.05809473968944448
2016-04-11,HOBBIES_1_018,CA_1,0.0,0.05809473968944448
2016-04-12,HOBBIES_1_018,CA_1,0.0,0.06306255813604522
2016-04-12,HOBBIES_1_018,CA_1,0.0,0.06306255813604522
2016-04-13,HOBBIES_1_018,CA_1,0.0,0.06306255813604522
2016-04-13,HOBBIES_1_018,CA_1,0.0,0.06306255813604522
2016-04-14,HOBBIES_1_018,CA_1,0.0,0.06306255813604522
2016-04-14,HOBBIES_1_018,CA_1,0.0,0.06306255813604522
2016-04-15,HOBBIES_1_018,CA_1,0.0,0.08285976902543857
2016-04-15,HOBBIES_1_018,CA_1,0.0,0.08285976902543857
2016-04-16,HOBBIES_1_018,CA_1,0.0,0.1011985567941986
2016-04-16,HOBBIES_1_018,CA_1,0.0,0.1011985567941986
2016-04-17,HOBBIES_1_018,CA_1,0.0,0.1011985567941986
2016-04-17,HOBBIES_1_018,CA_1,0.0,0.1011985567941986
2016-04-18,HOBBIES_1_018,CA_1,0.0,0.05809473968944448
2016-04-18,HOBBIES_1_018,CA_1,0.0,0.05809473968944448
2016-04-19,HOBBIES_1_018,CA_1,0.0,0.06306255813604522
2016-04-19,HOBBIES_1_018,CA_1,0.0,0.06306255813604522
2016-04-20,HOBBIES_1_018,CA_1,0.0,0.06306255813604522
2016-04-20,HOBBIES_1_018,CA_1,0.0,0.06306255813604522
2016-04-21,HOBBIES_1_018,CA_1,0.0,0.06306255813604522
2016-04-21,HOBBIES_1_018,CA_1,0.0,0.06306255813604522
2016-04-22,HOBBIES_1_018,CA_1,0.0,0.08285976902543857
2016-04-22,HOBBIES_1_018,CA_1,0.0,0.08285976902543857
2016-04-23,HOBBIES_1_018,CA_1,0.0,0.1011985567941986
2016-04-23,HOBBIES_1_018,CA_1,0.0,0.1011985567941986
2016-04-24,HOBBIES_1_018,CA_1,0.0,0.1011985567941986
2016-04-24,HOBBIES_1_018,CA_1,0.0,0.1011985567941986
2015-06-04,HOBBIES_1_019,CA_1,7.0,1.2542006021396872
2015-06-04,HOBBIES_1_019,CA_1,7.0,7.197027352005843
2015-06-05,HOBBIES_1_019,CA_1,0.0,7.894085759388679
2015-06-05,HOBBIES_1_019,CA_1,0.0,4.235500767070175
2015-06-06,HOBBIES_1_019,CA_1,2.0,4.21550548781147
2015-06-06,HOBBIES_1_019,CA_1,2.0,5.721434722723859
2015-06-07,HOBBIES_1_019,CA_1,0.0,4.120388304165202
2015-06-07,HOBBIES_1_019,CA_1,0.0,3.1803662395073857
2015-06-08,HOBBIES_1_019,CA_1,4.0,2.555368258429939
2015-06-08,HOBBIES_1_019,CA_1,4.0,6.6610461924239885
2015-06-09,HOBBIES_1_019,CA_1,3.0,6.9705441635293175
2015-06-09,HOBBIES_1_019,CA_1,3.0,6.739314880537229
2015-06-10,HOBBIES_1_019,CA_1,7.0,5.502037651322689
2015-06-10,HOBBIES_1_019,CA_1,7.0,8.663841221395977
2015-06-11,HOBBIES_1_019,CA_1,0.0,7.9142924466024684
2015-06-11,HOBBIES_1_019,CA_1,0.0,2.609335074662709
2015-06-12,HOBBIES_1_019,CA_1,5.0,2.7872537357027056
2015-06-12,HOBBIES_1_019,CA_1,5.0,6.982187749984343
2015-06-13,HOBBIES_1_019,CA_1,10.0,7.405023132513107
2015-06-13,HOBBIES_1_019,CA_1,10.0,9.327581610184515
2015-06-14,HOBBIES_1_019,CA_1,24.0,8.660921628607872
2015-06-14,HOBBIES_1_019,CA_1,24.0,10.883034159316743
2015-06-15,HOBBIES_1_019,CA_1,1.0,9.59385177852217
2015-06-15,HOBBIES_1_019,CA_1,1.0,3.2860843287506105
2015-06-16,HOBBIES_1_019,CA_1,0.0,3.3419517588696652
2015-06-16,HOBBIES_1_019,CA_1,0.0,1.6971412812634494
2015-06-17,HOBBIES_1_019,CA_1,12.0,1.626226012419761
2015-06-17,HOBBIES_1_019,CA_1,12.0,9.622202331188763
2015-06-18,HOBBIES_1_019,CA_1,64.0,9.253922707102706
2015-06-18,HOBBIES_1_019,CA_1,64.0,57.14285087332864
2015-06-19,HOBBIES_1_019,CA_1,14.0,18.418927480200107
2015-06-19,HOBBIES_1_019,CA_1,14.0,12.776071635760008
2015-06-20,HOBBIES_1_019,CA_1,10.0,11.573621532767678
2015-06-20,HOBBIES_1_019,CA_1,10.0,13.102229288550411
2015-06-21,HOBBIES_1_019,CA_1,0.0,13.294898937814375
2015-06-21,HOBBIES_1_019,CA_1,0.0,-0.1309030358562041
2015-06-22,HOBBIES_1_019,CA_1,0.0,2.3711463036111295
2015-06-22,HOBBIES_1_019,CA_1,0.0,3.662429176310361
2015-06-23,HOBBIES_1_019,CA_1,1.0,5.614839385714053
2015-06-23,HOBBIES_1_019,CA_1,1.0,5.2919556311200795
2015-06-24,HOBBIES_1_019,CA_1,17.0,6.03237703406371
2015-06-24,HOBBIES_1_019,CA_1,17.0,16.183275978238477
2015-06-25,HOBBIES_1_019,CA_1,10.0,15.81380361402962
2015-06-25,HOBBIES_1_019,CA_1,10.0,9.679145150539552
2015-06-26,HOBBIES_1_019,CA_1,7.0,9.07571173776223
2015-06-26,HOBBIES_1_019,CA_1,7.0,7.27445518335115
2015-06-27,HOBBIES_1_019,CA_1,6.0,6.924926114063612
2015-06-27,HOBBIES_1_019,CA_1,6.0,7.007301189705349
2015-06-28,HOBBIES_1_019,CA_1,8.0,6.522803434748607
2015-06-28,HOBBIES_1_019,CA_1,8.0,8.665052112477857
2015-06-29,HOBBIES_1_019,CA_1,8.0,8.04966795189221
2015-06-29,HOBBIES_1_019,CA_1,8.0,10.318765360308264
2015-06-30,HOBBIES_1_019,CA_1,0.0,10.677145349616632
2015-06-30,HOBBIES_1_019,CA_1,0.0,4.883082731328139
2015-07-01,HOBBIES_1_019,CA_1,41.0,3.024774730174183
2015-07-01,HOBBIES_1_019,CA_1,41.0,39.53995465542155
2015-07-02,HOBBIES_1_019,CA_1,8.0,27.840968082152212
2015-07-02,HOBBIES_1_019,CA_1,8.0,8.015719440984023
2015-07-03,HOBBIES_1_019,CA_1,34.0,9.69968478615447
2015-07-03,HOBBIES_1_019,CA_1,34.0,3.946467633861144
2015-07-04,HOBBIES_1_019,CA_1,2.0,6.695764145014777
2015-07-04,HOBBIES_1_019,CA_1,2.0,2.7793836809573365
2015-07-05,HOBBIES_1_019,CA_1,0.0,1.7378009735205726
2015-07-05,HOBBIES_1_019,CA_1,0.0,2.8173695827945613
2015-07-06,HOBBIES_1_019,CA_1,25.0,2.2813741969693577
2015-07-06,HOBBIES_1_019,CA_1,25.0,16.094230500160574
2015-07-07,HOBBIES_1_019,CA_1,9.0,15.412836504802657
2015-07-07,HOBBIES_1_019,CA_1,9.0,8.552354089407183
2015-07-08,HOBBIES_1_019,CA_1,8.0,7.025969074345149
2015-07-08,HOBBIES_1_019,CA_1,8.0,6.517495461514729
2015-07-09,HOBBIES_1_019,CA_1,2.0,7.7611128628479555
2015-07-09,HOBBIES_1_019,CA_1,2.0,3.5413838760355656
2015-07-10,HOBBIES_1_019,CA_1,15.0,7.164724997882018
2015-07-10,HOBBIES_1_019,CA_1,15.0,11.812164936446816
2015-07-11,HOBBIES_1_019,CA_1,11.0,12.05599354309397
2015-07-11,HOBBIES_1_019,CA_1,11.0,9.145030706162638
2015-07-12,HOBBIES_1_019,CA_1,18.0,10.107466546247522
2015-07-12,HOBBIES_1_019,CA_1,18.0,12.149618270290622
2015-07-13,HOBBIES_1_019,CA_1,14.0,10.339902854628095
2015-07-13,HOBBIES_1_019,CA_1,14.0,11.260556808773673
2015-07-14,HOBBIES_1_019,CA_1,0.0,8.84966843262963
2015-07-14,HOBBIES_1_019,CA_1,0.0,2.2217366472738935
2015-07-15,HOBBIES_1_019,CA_1,11.0,1.757887020161872
2015-07-15,HOBBIES_1_019,CA_1,11.0,9.247616196621962
2015-07-16,HOBBIES_1_019,CA_1,2.0,11.897737942249382
2015-07-16,HOBBIES_1_019,CA_1,2.0,5.740380176608413
2015-07-17,HOBBIES_1_019,CA_1,6.0,5.986214356810574
2015-07-17,HOBBIES_1_019,CA_1,6.0,7.828881741183025
2015-07-18,HOBBIES_1_019,CA_1,7.0,6.990633994995535
2015-07-18,HOBBIES_1_019,CA_1,7.0,7.446061160623143
2015-07-19,HOBBIES_1_019,CA_1,3.0,8.064668444429355
2015-07-19,HOBBIES_1_019,CA_1,3.0,7.377548837566133
2015-07-20,HOBBIES_1_019,CA_1,1.0,7.659787478179794
2015-07-20,HOBBIES_1_019,CA_1,1.0,4.1264795509053425
2015-07-21,HOBBIES_1_019,CA_1,7.0,4.381009447648784
2015-07-21,HOBBIES_1_019,CA_1,7.0,8.103196148671392
2015-07-22,HOBBIES_1_019,CA_1,0.0,8.507595226494573
2015-07-22,HOBBIES_1_019,CA_1,0.0,3.2669264032656256
2015-07-23,HOBBIES_1_019,CA_1,25.0,3.3523608956973323
2015-07-23,HOBBIES_1_019,CA_1,25.0,24.57938604627134
2015-07-24,HOBBIES_1_019,CA_1,1.0,14.799442155641428
2015-07-24,HOBBIES_1_019,CA_1,1.0,4.009054868240829
2015-07-25,HOBBIES_1_019,CA_1,11.0,4.892371140666571
2015-07-25,HOBBIES_1_019,CA_1,11.0,10.243486198954702
2015-07-26,HOBBIES_1_019,CA_1,5.0,8.91086091194328
2015-07-26,HOBBIES_1_019,CA_1,5.0,5.5812502879714785
2015-07-27,HOBBIES_1_019,CA_1,0.0,6.251261509601637
2015-07-27,HOBBIES_1_019,CA_1,0.0,3.2190052381918886
2015-07-28,HOBBIES_1_019,CA_1,2.0,2.1545300773482667
2015-07-28,HOBBIES_1_019,CA_1,2.0,4.65518220954947
2015-07-29,HOBBIES_1_019,CA_1,14.0,5.101869164264405
2015-07-29,HOBBIES_1_019,CA_1,14.0,12.230736399064877
2015-07-30,HOBBIES_1_019,CA_1,34.0,9.832871439784041
2015-07-30,HOBBIES_1_019,CA_1,34.0,23.636348785303415
2015-07-31,HOBBIES_1_019,CA_1,4.0,10.159725536115062
2015-07-31,HOBBIES_1_019,CA_1,4.0,6.794551796801593
2015-08-01,HOBBIES_1_019,CA_1,9.0,9.302245994686187
2015-08-01,HOBBIES_1_019,CA_1,9.0,10.014856787849421
2015-08-02,HOBBIES_1_019,CA_1,0.0,9.55392275548426
2015-08-02,HOBBIES_1_019,CA_1,0.0,0.9638902035293744
2015-08-03,HOBBIES_1_019,CA_1,0.0,6.305421459462283
2015-08-03,HOBBIES_1_019,CA_1,0.0,3.3606042762390547
2015-08-04,HOBBIES_1_019,CA_1,18.0,3.7136466190541673
2015-08-04,HOBBIES_1_019,CA_1,18.0,16.697066210688003
2015-08-05,HOBBIES_1_019,CA_1,0.0,16.22306575659981
2015-08-05,HOBBIES_1_019,CA_1,0.0,3.102131230446285
2015-08-06,HOBBIES_1_019,CA_1,14.0,3.944449147045322
2015-08-06,HOBBIES_1_019,CA_1,14.0,7.728350785680494
2015-08-07,HOBBIES_1_019,CA_1,48.0,10.186525793743796
2015-08-07,HOBBIES_1_019,CA_1,48.0,24.65357513945484
2015-08-08,HOBBIES_1_019,CA_1,0.0,18.96923052909347
2015-08-08,HOBBIES_1_019,CA_1,0.0,2.137974884973822
2015-08-09,HOBBIES_1_019,CA_1,24.0,1.2684402074929106
2015-08-09,HOBBIES_1_019,CA_1,24.0,14.081324489211912
2015-08-10,HOBBIES_1_019,CA_1,0.0,13.557097213912416
2015-08-10,HOBBIES_1_019,CA_1,0.0,3.9634672918244576
2015-08-11,HOBBIES_1_019,CA_1,0.0,0.8435019804709173
2015-08-11,HOBBIES_1_019,CA_1,0.0,2.8226174487071365
2015-08-12,HOBBIES_1_019,CA_1,4.0,3.3466844761773165
2015-08-12,HOBBIES_1_019,CA_1,4.0,6.736605815173806
2015-08-13,HOBBIES_1_019,CA_1,16.0,9.507122015492323
2015-08-13,HOBBIES_1_019,CA_1,16.0,14.102776772178212
2015-08-14,HOBBIES_1_019,CA_1,2.0,15.433419313123384
2015-08-14,HOBBIES_1_019,CA_1,2.0,9.71895582650819
2015-08-15,HOBBIES_1_019,CA_1,5.0,4.819927708313726
2015-08-15,HOBBIES_1_019,CA_1,5.0,6.8911938841391205
2015-08-16,HOBBIES_1_019,CA_1,25.0,7.354874977385355
2015-08-16,HOBBIES_1_019,CA_1,25.0,16.469248488401593
2015-08-17,HOBBIES_1_019,CA_1,1.0,19.29903974966528
2015-08-17,HOBBIES_1_019,CA_1,1.0,6.000733613409912
2015-08-18,HOBBIES_1_019,CA_1,10.0,6.760463946746177
2015-08-18,HOBBIES_1_019,CA_1,10.0,9.895117342194704
2015-08-19,HOBBIES_1_019,CA_1,12.0,8.66791224402446
2015-08-19,HOBBIES_1_019,CA_1,12.0,8.920940022992625
2015-08-20,HOBBIES_1_019,CA_1,31.0,9.231235745446627
2015-08-20,HOBBIES_1_019,CA_1,31.0,14.539755242105493
2015-08-21,HOBBIES_1_019,CA_1,4.0,16.799360360677937
2015-08-21,HOBBIES_1_019,CA_1,4.0,9.38975728229424
2015-08-22,HOBBIES_1_019,CA_1,6.0,5.8557799450556605
2015-08-22,HOBBIES_1_019,CA_1,6.0,7.206513609904188
2015-08-23,HOBBIES_1_019,CA_1,0.0,9.571543576308699
2015-08-23,HOBBIES_1_019,CA_1,0.0,1.8518246796739748
2015-08-24,HOBBIES_1_019,CA_1,12.0,3.0075011843552972
2015-08-24,HOBBIES_1_019,CA_1,12.0,10.691198182078965
2015-08-25,HOBBIES_1_019,CA_1,4.0,10.171455519760823
2015-08-25,HOBBIES_1_019,CA_1,4.0,7.4144766066569865
2015-08-26,HOBBIES_1_019,CA_1,1.0,7.381324729875926
2015-08-26,HOBBIES_1_019,CA_1,1.0,5.6412875379202765
2015-08-27,HOBBIES_1_019,CA_1,0.0,8.193929114362522
2015-08-27,HOBBIES_1_019,CA_1,0.0,4.88474304764927
2015-08-28,HOBBIES_1_019,CA_1,11.0,4.648711342176526
2015-08-28,HOBBIES_1_019,CA_1,11.0,10.915848803614777
2015-08-29,HOBBIES_1_019,CA_1,5.0,10.576668991534616
2015-08-29,HOBBIES_1_019,CA_1,5.0,7.569582264078342
2015-08-30,HOBBIES_1_019,CA_1,4.0,5.161183420036116
2015-08-30,HOBBIES_1_019,CA_1,4.0,5.510644833371945
2015-08-31,HOBBIES_1_019,CA_1,24.0,6.607530720133598
2015-08-31,HOBBIES_1_019,CA_1,24.0,14.872927899866877
2015-09-01,HOBBIES_1_019,CA_1,1.0,16.755798950759043
2015-09-01,HOBBIES_1_019,CA_1,1.0,3.8272063530727225
2015-09-02,HOBBIES_1_019,CA_1,4.0,3.2657473289879806
2015-09-02,HOBBIES_1_019,CA_1,4.0,5.75806812497212
2015-09-03,HOBBIES_1_019,CA_1,0.0,7.104722488993186
2015-09-03,HOBBIES_1_019,CA_1,0.0,0.9864309432854503
2015-09-04,HOBBIES_1_019,CA_1,0.0,4.934258165676448
2015-09-04,HOBBIES_1_019,CA_1,0.0,3.055390854237998
2015-09-05,HOBBIES_1_019,CA_1,3.0,3.32052930712056
2015-09-05,HOBBIES_1_019,CA_1,3.0,6.593390063410719
2015-09-06,HOBBIES_1_019,CA_1,5.0,5.898030893478832
2015-09-06,HOBBIES_1_019,CA_1,5.0,7.523861931907358
2015-09-07,HOBBIES_1_019,CA_1,31.0,6.214318122560871
2015-09-07,HOBBIES_1_019,CA_1,31.0,29.545023571168056
2015-09-08,HOBBIES_1_019,CA_1,0.0,10.02425831187579
2015-09-08,HOBBIES_1_019,CA_1,0.0,1.279336460547153
2015-09-09,HOBBIES_1_019,CA_1,5.0,1.269596814663565
2015-09-09,HOBBIES_1_019,CA_1,5.0,6.326994930380232
2015-09-10,HOBBIES_1_019,CA_1,0.0,6.527619962090967
2015-09-10,HOBBIES_1_019,CA_1,0.0,0.9677865055393348
2015-09-11,HOBBIES_1_019,CA_1,3.0,3.6617836051670634
2015-09-11,HOBBIES_1_019,CA_1,3.0,5.905731427704095
2015-09-12,HOBBIES_1_019,CA_1,4.0,6.280735251645276
2015-09-12,HOBBIES_1_019,CA_1,4.0,6.952451533544992
2015-09-13,HOBBIES_1_019,CA_1,1.0,7.403793113647579
2015-09-13,HOBBIES_1_019,CA_1,1.0,4.812754772024511
2015-09-14,HOBBIES_1_019,CA_1,2.0,6.546540102407299
2015-09-14,HOBBIES_1_019,CA_1,2.0,5.879907467097895
2015-09-15,HOBBIES_1_019,CA_1,9.0,3.783076332324723
2015-09-15,HOBBIES_1_019,CA_1,9.0,9.003094040260109
2015-09-16,HOBBIES_1_019,CA_1,5.0,9.34658827345289
2015-09-16,HOBBIES_1_019,CA_1,5.0,8.645504500688716
2015-09-17,HOBBIES_1_019,CA_1,9.0,6.153471585944406
2015-09-17,HOBBIES_1_019,CA_1,9.0,8.598192452580209
2015-09-18,HOBBIES_1_019,CA_1,0.0,9.128235955282308
2015-09-18,HOBBIES_1_019,CA_1,0.0,2.3480247075453033
2015-09-19,HOBBIES_1_019,CA_1,1.0,3.0935073588214377
2015-09-19,HOBBIES_1_019,CA_1,1.0,4.831720555901283
2015-09-20,HOBBIES_1_019,CA_1,0.0,4.419990824078483
2015-09-20,HOBBIES_1_019,CA_1,0.0,3.11937539396308
2015-09-21,HOBBIES_1_019,CA_1,2.0,3.872504368470249
2015-09-21,HOBBIES_1_019,CA_1,2.0,3.5786375950793614
2015-09-22,HOBBIES_1_019,CA_1,8.0,3.9521006816973605
2015-09-22,HOBBIES_1_019,CA_1,8.0,8.258078281156306
2015-09-23,HOBBIES_1_019,CA_1,9.0,8.737485989872296
2015-09-23,HOBBIES_1_019,CA_1,9.0,9.88617363068463
2015-09-24,HOBBIES_1_019,CA_1,1.0,7.281720350847645
2015-09-24,HOBBIES_1_019,CA_1,1.0,3.4100906873881875
2015-09-25,HOBBIES_1_019,CA_1,24.0,3.4898218674670725
2015-09-25,HOBBIES_1_019,CA_1,24.0,17.421178471146384
2015-09-26,HOBBIES_1_019,CA_1,0.0,15.067632924767464
2015-09-26,HOBBIES_1_019,CA_1,0.0,1.9052025064896208
2015-09-27,HOBBIES_1_019,CA_1,0.0,1.658355299441515
2015-09-27,HOBBIES_1_019,CA_1,0.0,1.7528488879588697
2015-09-28,HOBBIES_1_019,CA_1,0.0,1.6324379347264097
2015-09-28,HOBBIES_1_019,CA_1,0.0,1.287407498867778
2015-09-29,HOBBIES_1_019,CA_1,24.0,5.243187630618213
2015-09-29,HOBBIES_1_019,CA_1,24.0,24.940050436219074
2015-09-30,HOBBIES_1_019,CA_1,0.0,13.616376001011586
2015-09-30,HOBBIES_1_019,CA_1,0.0,1.1303473793692942
2015-10-01,HOBBIES_1_019,CA_1,9.0,1.1796851944486193
2015-10-01,HOBBIES_1_019,CA_1,9.0,8.124094134143027
2015-10-02,HOBBIES_1_019,CA_1,5.0,7.430730220433763
2015-10-02,HOBBIES_1_019,CA_1,5.0,6.95653588782379
2015-10-03,HOBBIES_1_019,CA_1,8.0,6.529713595331159
2015-10-03,HOBBIES_1_019,CA_1,8.0,7.8653622634524485
2015-10-04,HOBBIES_1_019,CA_1,2.0,7.717709133021951
2015-10-04,HOBBIES_1_019,CA_1,2.0,3.6035946872905495
2015-10-05,HOBBIES_1_019,CA_1,1.0,4.6810040974670795
2015-10-05,HOBBIES_1_019,CA_1,1.0,5.037098780225751
2015-10-06,HOBBIES_1_019,CA_1,0.0,5.110044315759751
2015-10-06,HOBBIES_1_019,CA_1,0.0,3.0376814992490444
2015-10-07,HOBBIES_1_019,CA_1,7.0,3.2694052477655497
2015-10-07,HOBBIES_1_019,CA_1,7.0,8.400600972317257
2015-10-08,HOBBIES_1_019,CA_1,19.0,8.203299514670364
2015-10-08,HOBBIES_1_019,CA_1,19.0,14.679838301778718
2015-10-09,HOBBIES_1_019,CA_1,0.0,9.644974318862658
2015-10-09,HOBBIES_1_019,CA_1,0.0,1.2615815506640256
2015-10-10,HOBBIES_1_019,CA_1,6.0,2.1175873437881116
2015-10-10,HOBBIES_1_019,CA_1,6.0,7.387354030287133
2015-10-11,HOBBIES_1_019,CA_1,3.0,7.797736351527582
2015-10-11,HOBBIES_1_019,CA_1,3.0,4.926930293214795
2015-10-12,HOBBIES_1_019,CA_1,6.0,7.049501557608523
2015-10-12,HOBBIES_1_019,CA_1,6.0,7.624965040788656
2015-10-13,HOBBIES_1_019,CA_1,1.0,7.311442827670754
2015-10-13,HOBBIES_1_019,CA_1,1.0,4.984310410831181
2015-10-14,HOBBIES_1_019,CA_1,9.0,4.334616236678323
2015-10-14,HOBBIES_1_019,CA_1,9.0,9.10442022083683
2015-10-15,HOBBIES_1_019,CA_1,7.0,8.272396341339533
2015-10-15,HOBBIES_1_019,CA_1,7.0,7.564310290961227
2015-10-16,HOBBIES_1_019,CA_1,2.0,8.184070997986689
2015-10-16,HOBBIES_1_019,CA_1,2.0,3.937845473677887
2015-10-17,HOBBIES_1_019,CA_1,0.0,4.912634107614661
2015-10-17,HOBBIES_1_019,CA_1,0.0,2.881464500478947
2015-10-18,HOBBIES_1_019,CA_1,1.0,2.6473313900843243
2015-10-18,HOBBIES_1_019,CA_1,1.0,4.104753181234523
2015-10-19,HOBBIES_1_019,CA_1,5.0,3.6777192380900305
2015-10-19,HOBBIES_1_019,CA_1,5.0,7.249063445936149
2015-10-20,HOBBIES_1_019,CA_1,9.0,7.070289816699449
2015-10-20,HOBBIES_1_019,CA_1,9.0,9.194298008565287
2015-10-21,HOBBIES_1_019,CA_1,9.0,9.873735689419712
2015-10-21,HOBBIES_1_019,CA_1,9.0,8.994340094964091
2015-10-22,HOBBIES_1_019,CA_1,0.0,9.290792976735188
2015-10-22,HOBBIES_1_019,CA_1,0.0,2.2979468225361748
2015-10-23,HOBBIES_1_019,CA_1,0.0,2.010876230345731
2015-10-23,HOBBIES_1_019,CA_1,0.0,2.162845372447329
2015-10-24,HOBBIES_1_019,CA_1,7.0,2.4605969844657776
2015-10-24,HOBBIES_1_019,CA_1,7.0,8.139690973239592
2015-10-25,HOBBIES_1_019,CA_1,9.0,8.304834070068173
2015-10-25,HOBBIES_1_019,CA_1,9.0,9.14004349348814
2015-10-26,HOBBIES_1_019,CA_1,6.0,9.574155283442387
2015-10-26,HOBBIES_1_019,CA_1,6.0,8.941947669635395
2015-10-27,HOBBIES_1_019,CA_1,2.0,7.42512308207654
2015-10-27,HOBBIES_1_019,CA_1,2.0,3.7751276766519197
2015-10-28,HOBBIES_1_019,CA_1,0.0,4.730807256798673
2015-10-28,HOBBIES_1_019,CA_1,0.0,2.8203869452225034
2015-10-29,HOBBIES_1_019,CA_1,0.0,2.0122219429141266
2015-10-29,HOBBIES_1_019,CA_1,0.0,2.3395728090980934
2015-10-30,HOBBIES_1_019,CA_1,4.0,2.516849236989258
2015-10-30,HOBBIES_1_019,CA_1,4.0,6.024660206435232
2015-10-31,HOBBIES_1_019,CA_1,13.0,6.483030679511251
2015-10-31,HOBBIES_1_019,CA_1,13.0,11.479491410690839
2015-11-01,HOBBIES_1_019,CA_1,2.0,9.185428516177918
2015-11-01,HOBBIES_1_019,CA_1,2.0,4.087736192652074
2015-11-02,HOBBIES_1_019,CA_1,8.0,5.0978221409574305
2015-11-02,HOBBIES_1_019,CA_1,8.0,7.973931627485674
2015-11-03,HOBBIES_1_019,CA_1,3.0,8.02118293110509
2015-11-03,HOBBIES_1_019,CA_1,3.0,5.3465460129263755
2015-11-04,HOBBIES_1_019,CA_1,8.0,5.516014520210843
2015-11-04,HOBBIES_1_019,CA_1,8.0,8.014884896373703
2015-11-05,HOBBIES_1_019,CA_1,3.0,7.724435954159639
2015-11-05,HOBBIES_1_019,CA_1,3.0,5.346917787129717
2015-11-06,HOBBIES_1_019,CA_1,0.0,5.550257758991069
2015-11-06,HOBBIES_1_019,CA_1,0.0,2.628892033255146
2015-11-07,HOBBIES_1_019,CA_1,8.0,3.3524072545541834
2015-11-07,HOBBIES_1_019,CA_1,8.0,9.66042650506782
2015-11-08,HOBBIES_1_019,CA_1,6.0,8.808622150534893
2015-11-08,HOBBIES_1_019,CA_1,6.0,7.609958498681439
2015-11-09,HOBBIES_1_019,CA_1,1.0,8.571564941342915
2015-11-09,HOBBIES_1_019,CA_1,1.0,4.574666168903592
2015-11-10,HOBBIES_1_019,CA_1,0.0,3.836680603828157
2015-11-10,HOBBIES_1_019,CA_1,0.0,2.2634922772041515
2015-11-11,HOBBIES_1_019,CA_1,8.0,2.0091844874455407
2015-11-11,HOBBIES_1_019,CA_1,8.0,7.3875283321592855
2015-11-12,HOBBIES_1_019,CA_1,0.0,8.251948215350524
2015-11-12,HOBBIES_1_019,CA_1,0.0,2.847633352847652
2015-11-13,HOBBIES_1_019,CA_1,0.0,2.8464525283987627
2015-11-13,HOBBIES_1_019,CA_1,0.0,2.704367194212957
2015-11-14,HOBBIES_1_019,CA_1,2.0,3.6227624469273105
2015-11-14,HOBBIES_1_019,CA_1,2.0,5.301889147810623
2015-11-15,HOBBIES_1_019,CA_1,0.0,4.1241285646513335
2015-11-15,HOBBIES_1_019,CA_1,0.0,2.8411013674484398
2015-11-16,HOBBIES_1_019,CA_1,0.0,2.3622608687464743
2015-11-16,HOBBIES_1_019,CA_1,0.0,2.3622608687464743
2015-11-17,HOBBIES_1_019,CA_1,0.0,1.808411465439468
2015-11-17,HOBBIES_1_019,CA_1,0.0,1.7311940409923157
2015-11-18,HOBBIES_1_019,CA_1,0.0,2.330872292028426
2015-11-18,HOBBIES_1_019,CA_1,0.0,0.9950910221203036
2015-11-19,HOBBIES_1_019,CA_1,0.0,0.6379116955049524
2015-11-19,HOBBIES_1_019,CA_1,0.0,0.6379116955049524
2015-11-20,HOBBIES_1_019,CA_1,0.0,0.520157748316609
2015-11-20,HOBBIES_1_019,CA_1,0.0,0.520157748316609
2015-11-21,HOBBIES_1_019,CA_1,0.0,0.8354422753748845
2015-11-21,HOBBIES_1_019,CA_1,0.0,0.762609113483036
2015-11-22,HOBBIES_1_019,CA_1,2.0,0.5704033985526098
2015-11-22,HOBBIES_1_019,CA_1,2.0,2.726217837742754
2015-11-23,HOBBIES_1_019,CA_1,7.0,2.8886296307551502
2015-11-23,HOBBIES_1_019,CA_1,7.0,8.068820549928512
2015-11-24,HOBBIES_1_019,CA_1,2.0,7.956965867405851
2015-11-24,HOBBIES_1_019,CA_1,2.0,2.9845288895047264
2015-11-25,HOBBIES_1_019,CA_1,2.0,2.966818209138804
2015-11-25,HOBBIES_1_019,CA_1,2.0,2.859176620576689
2015-11-26,HOBBIES_1_019,CA_1,0.0,2.8347658099454054
2015-11-26,HOBBIES_1_019,CA_1,0.0,0.95997703990657
2015-11-27,HOBBIES_1_019,CA_1,0.0,1.207749132879436
2015-11-27,HOBBIES_1_019,CA_1,0.0,1.0465539265497614
2015-11-28,HOBBIES_1_019,CA_1,0.0,1.0930199216243837
2015-11-28,HOBBIES_1_019,CA_1,0.0,1.0930199216243837
2015-11-29,HOBBIES_1_019,CA_1,2.0,1.1696926066010813
2015-11-29,HOBBIES_1_019,CA_1,2.0,2.8448172289662157
2015-11-30,HOBBIES_1_019,CA_1,6.0,3.5832277133236503
2015-11-30,HOBBIES_1_019,CA_1,6.0,7.827855525622893
2015-12-01,HOBBIES_1_019,CA_1,0.0,6.971289264987521
2015-12-01,HOBBIES_1_019,CA_1,0.0,1.3157824070551283
2015-12-02,HOBBIES_1_019,CA_1,0.0,1.3157824070551283
2015-12-02,HOBBIES_1_019,CA_1,0.0,1.3102893074870852
2015-12-03,HOBBIES_1_019,CA_1,0.0,1.2936087776681757
2015-12-03,HOBBIES_1_019,CA_1,0.0,1.2737426292315501
2015-12-04,HOBBIES_1_019,CA_1,0.0,1.4444103654590916
2015-12-04,HOBBIES_1_019,CA_1,0.0,0.48756897124357734
2015-12-05,HOBBIES_1_019,CA_1,8.0,0.5390303821053235
2015-12-05,HOBBIES_1_019,CA_1,8.0,8.178208851435024
2015-12-06,HOBBIES_1_019,CA_1,0.0,7.993011837432273
2015-12-06,HOBBIES_1_019,CA_1,0.0,1.4049173140002793
2015-12-07,HOBBIES_1_019,CA_1,0.0,2.016603053837917
2015-12-07,HOBBIES_1_019,CA_1,0.0,1.9946707726099484
2015-12-08,HOBBIES_1_019,CA_1,0.0,1.1257109810840271
2015-12-08,HOBBIES_1_019,CA_1,0.0,1.1727958644588967
2015-12-09,HOBBIES_1_019,CA_1,10.0,1.418582243530644
2015-12-09,HOBBIES_1_019,CA_1,10.0,9.531432397545965
2015-12-10,HOBBIES_1_019,CA_1,27.0,9.210227635804618
2015-12-10,HOBBIES_1_019,CA_1,27.0,17.771738074645388
2015-12-11,HOBBIES_1_019,CA_1,0.0,10.062255846568236
2015-12-11,HOBBIES_1_019,CA_1,0.0,1.6984423953663519
2015-12-12,HOBBIES_1_019,CA_1,0.0,2.075029942553738
2015-12-12,HOBBIES_1_019,CA_1,0.0,1.820944194483001
2015-12-13,HOBBIES_1_019,CA_1,0.0,1.7555138395096512
2015-12-13,HOBBIES_1_019,CA_1,0.0,1.1357633541304328
2015-12-14,HOBBIES_1_019,CA_1,7.0,2.4925945587610965
2015-12-14,HOBBIES_1_019,CA_1,7.0,7.820060037046312
2015-12-15,HOBBIES_1_019,CA_1,7.0,7.885771731419256
2015-12-15,HOBBIES_1_019,CA_1,7.0,7.885771731419256
2015-12-16,HOBBIES_1_019,CA_1,2.0,8.782354342343575
2015-12-16,HOBBIES_1_019,CA_1,2.0,4.152828663576962
2015-12-17,HOBBIES_1_019,CA_1,50.0,2.5127240856740567
2015-12-17,HOBBIES_1_019,CA_1,50.0,26.92758983256689
2015-12-18,HOBBIES_1_019,CA_1,5.0,16.506022054059745
2015-12-18,HOBBIES_1_019,CA_1,5.0,7.000456524372756
2015-12-19,HOBBIES_1_019,CA_1,2.0,6.3534841862771705
2015-12-19,HOBBIES_1_019,CA_1,2.0,4.59211844004579
2015-12-20,HOBBIES_1_019,CA_1,0.0,6.129529417439748
2015-12-20,HOBBIES_1_019,CA_1,0.0,1.6638612769610048
2015-12-21,HOBBIES_1_019,CA_1,1.0,3.219762558918726
2015-12-21,HOBBIES_1_019,CA_1,1.0,5.761532189575905
2015-12-22,HOBBIES_1_019,CA_1,1.0,5.769102459390269
2015-12-22,HOBBIES_1_019,CA_1,1.0,5.738570465759124
2015-12-23,HOBBIES_1_019,CA_1,4.0,5.363467398451063
2015-12-23,HOBBIES_1_019,CA_1,4.0,5.877385535884126
2015-12-24,HOBBIES_1_019,CA_1,24.0,9.297513202357843
2015-12-24,HOBBIES_1_019,CA_1,24.0,21.193144038761716
2015-12-25,HOBBIES_1_019,CA_1,0.0,7.7659037505329325
2015-12-25,HOBBIES_1_019,CA_1,0.0,1.9664365079925663
2015-12-26,HOBBIES_1_019,CA_1,6.0,2.0525436377795336
2015-12-26,HOBBIES_1_019,CA_1,6.0,7.1114839641783165
2015-12-27,HOBBIES_1_019,CA_1,8.0,7.54959847688038
2015-12-27,HOBBIES_1_019,CA_1,8.0,7.700439342312897
2015-12-28,HOBBIES_1_019,CA_1,5.0,8.16184364445671
2015-12-28,HOBBIES_1_019,CA_1,5.0,6.451204116594866
2015-12-29,HOBBIES_1_019,CA_1,0.0,6.851763139185079
2015-12-29,HOBBIES_1_019,CA_1,0.0,3.756173301460353
2015-12-30,HOBBIES_1_019,CA_1,29.0,3.7762920791991257
2015-12-30,HOBBIES_1_019,CA_1,29.0,30.279680768834876
2015-12-31,HOBBIES_1_019,CA_1,0.0,27.063217940063456
2015-12-31,HOBBIES_1_019,CA_1,0.0,2.1843432450678963
2016-01-01,HOBBIES_1_019,CA_1,0.0,1.5409086077782947
2016-01-01,HOBBIES_1_019,CA_1,0.0,1.3862896943709597
2016-01-02,HOBBIES_1_019,CA_1,32.0,2.1898505053563135
2016-01-02,HOBBIES_1_019,CA_1,32.0,12.590410823780639
2016-01-03,HOBBIES_1_019,CA_1,0.0,11.224863318954341
2016-01-03,HOBBIES_1_019,CA_1,0.0,1.8603178421305933
2016-01-04,HOBBIES_1_019,CA_1,21.0,1.9366107664305887
2016-01-04,HOBBIES_1_019,CA_1,21.0,11.626195528618824
2016-01-05,HOBBIES_1_019,CA_1,6.0,13.16072842830419
2016-01-05,HOBBIES_1_019,CA_1,6.0,7.893454052384162
2016-01-06,HOBBIES_1_019,CA_1,0.0,8.098953979885978
2016-01-06,HOBBIES_1_019,CA_1,0.0,3.0786679784125788
2016-01-07,HOBBIES_1_019,CA_1,48.0,3.7612776493683944
2016-01-07,HOBBIES_1_019,CA_1,48.0,30.8943913141482
2016-01-08,HOBBIES_1_019,CA_1,16.0,14.975619748647913
2016-01-08,HOBBIES_1_019,CA_1,16.0,10.945531045196166
2016-01-09,HOBBIES_1_019,CA_1,9.0,9.313007344131304
2016-01-09,HOBBIES_1_019,CA_1,9.0,8.565861159456006
2016-01-10,HOBBIES_1_019,CA_1,0.0,8.217064439093658
2016-01-10,HOBBIES_1_019,CA_1,0.0,2.2800747583286123
2016-01-11,HOBBIES_1_019,CA_1,7.0,2.095148916694005
2016-01-11,HOBBIES_1_019,CA_1,7.0,7.822989887068591
2016-01-12,HOBBIES_1_019,CA_1,3.0,7.235424433273609
2016-01-12,HOBBIES_1_019,CA_1,3.0,4.624105473555311
2016-01-13,HOBBIES_1_019,CA_1,4.0,4.85137282407843
2016-01-13,HOBBIES_1_019,CA_1,4.0,5.124622713686262
2016-01-14,HOBBIES_1_019,CA_1,11.0,8.188025049755353
2016-01-14,HOBBIES_1_019,CA_1,11.0,9.698154328566623
2016-01-15,HOBBIES_1_019,CA_1,5.0,11.499448763469843
2016-01-15,HOBBIES_1_019,CA_1,5.0,7.359757197726367
2016-01-16,HOBBIES_1_019,CA_1,10.0,9.75132685116838
2016-01-16,HOBBIES_1_019,CA_1,10.0,12.332247165823233
2016-01-17,HOBBIES_1_019,CA_1,25.0,9.879452936107686
2016-01-17,HOBBIES_1_019,CA_1,25.0,15.018774904519423
2016-01-18,HOBBIES_1_019,CA_1,1.0,13.598188764694404
2016-01-18,HOBBIES_1_019,CA_1,1.0,5.0273812576023325
2016-01-19,HOBBIES_1_019,CA_1,2.0,4.219479097729204
2016-01-19,HOBBIES_1_019,CA_1,2.0,4.211310788580978
2016-01-20,HOBBIES_1_019,CA_1,5.0,3.7327322784453485
2016-01-20,HOBBIES_1_019,CA_1,5.0,6.564130674612767
2016-01-21,HOBBIES_1_019,CA_1,27.0,9.977418103699176
2016-01-21,HOBBIES_1_019,CA_1,27.0,26.403846224890174
2016-01-22,HOBBIES_1_019,CA_1,7.0,15.624911385233975
2016-01-22,HOBBIES_1_019,CA_1,7.0,8.236155875750931
2016-01-23,HOBBIES_1_019,CA_1,17.0,8.969850914859169
2016-01-23,HOBBIES_1_019,CA_1,17.0,13.486920202438428
2016-01-24,HOBBIES_1_019,CA_1,8.0,10.025628754589894
2016-01-24,HOBBIES_1_019,CA_1,8.0,6.518618636287768
2016-01-25,HOBBIES_1_019,CA_1,10.0,8.081374701115235
2016-01-25,HOBBIES_1_019,CA_1,10.0,9.1935007359426
2016-01-26,HOBBIES_1_019,CA_1,4.0,9.074719662679035
2016-01-26,HOBBIES_1_019,CA_1,4.0,6.394929490532541
2016-01-27,HOBBIES_1_019,CA_1,2.0,6.172616516332818
2016-01-27,HOBBIES_1_019,CA_1,2.0,5.226843289425272
2016-01-28,HOBBIES_1_019,CA_1,32.0,5.51477496100399
2016-01-28,HOBBIES_1_019,CA_1,32.0,25.584219316429778
2016-01-29,HOBBIES_1_019,CA_1,0.0,18.12435275950372
2016-01-29,HOBBIES_1_019,CA_1,0.0,4.2176147614563355
2016-01-30,HOBBIES_1_019,CA_1,4.0,3.942744486401369
2016-01-30,HOBBIES_1_019,CA_1,4.0,7.327279228449046
2016-01-31,HOBBIES_1_019,CA_1,0.0,6.9880395654674485
2016-01-31,HOBBIES_1_019,CA_1,0.0,4.972365187071689
2016-02-01,HOBBIES_1_019,CA_1,0.0,8.329779834725331
2016-02-01,HOBBIES_1_019,CA_1,0.0,2.1224907111721114
2016-02-02,HOBBIES_1_019,CA_1,0.0,2.4122612969067476
2016-02-02,HOBBIES_1_019,CA_1,0.0,2.534450913875318
2016-02-03,HOBBIES_1_019,CA_1,0.0,2.4800224899626513
2016-02-03,HOBBIES_1_019,CA_1,0.0,1.7833864527305932
2016-02-04,HOBBIES_1_019,CA_1,0.0,1.1102177828994333
2016-02-04,HOBBIES_1_019,CA_1,0.0,0.06487279899415213
2016-02-05,HOBBIES_1_019,CA_1,0.0,1.4261082395279954
2016-02-05,HOBBIES_1_019,CA_1,0.0,1.2951430149969154
2016-02-06,HOBBIES_1_019,CA_1,8.0,1.4666419806183892
2016-02-06,HOBBIES_1_019,CA_1,8.0,8.733803123946647
2016-02-07,HOBBIES_1_019,CA_1,4.0,7.21339649512054
2016-02-07,HOBBIES_1_019,CA_1,4.0,5.963750783147341
2016-02-08,HOBBIES_1_019,CA_1,0.0,6.343745715820595
2016-02-08,HOBBIES_1_019,CA_1,0.0,2.4458310880817278
2016-02-09,HOBBIES_1_019,CA_1,0.0,2.1337175549894325
2016-02-09,HOBBIES_1_019,CA_1,0.0,2.0528207267781644
2016-02-10,HOBBIES_1_019,CA_1,0.0,2.0195590127999177
2016-02-10,HOBBIES_1_019,CA_1,0.0,2.2482275836245047
2016-02-11,HOBBIES_1_019,CA_1,0.0,1.219171643628301
2016-02-11,HOBBIES_1_019,CA_1,0.0,-0.13135863069289108
2016-02-12,HOBBIES_1_019,CA_1,10.0,0.44451273656276014
2016-02-12,HOBBIES_1_019,CA_1,10.0,9.901517313757932
2016-02-13,HOBBIES_1_019,CA_1,10.0,10.21806082077051
2016-02-13,HOBBIES_1_019,CA_1,10.0,9.973036144099826
2016-02-14,HOBBIES_1_019,CA_1,4.0,8.006077403292212
2016-02-14,HOBBIES_1_019,CA_1,4.0,4.767993244012586
2016-02-15,HOBBIES_1_019,CA_1,0.0,5.4456356777654955
2016-02-15,HOBBIES_1_019,CA_1,0.0,0.8913038546378014
2016-02-16,HOBBIES_1_019,CA_1,0.0,1.1358236281113487
2016-02-16,HOBBIES_1_019,CA_1,0.0,1.4333329086533397
2016-02-17,HOBBIES_1_019,CA_1,12.0,1.9360232460041278
2016-02-17,HOBBIES_1_019,CA_1,12.0,11.158107240261703
2016-02-18,HOBBIES_1_019,CA_1,24.0,9.538413996898976
2016-02-18,HOBBIES_1_019,CA_1,24.0,12.786231145199084
2016-02-19,HOBBIES_1_019,CA_1,5.0,5.7643427185758105
2016-02-19,HOBBIES_1_019,CA_1,5.0,6.58177989475945
2016-02-20,HOBBIES_1_019,CA_1,0.0,6.552785579532374
2016-02-20,HOBBIES_1_019,CA_1,0.0,2.302185344856768
2016-02-21,HOBBIES_1_019,CA_1,0.0,1.7613130933823178
2016-02-21,HOBBIES_1_019,CA_1,0.0,1.398843457024803
2016-02-22,HOBBIES_1_019,CA_1,0.0,4.174079716199735
2016-02-22,HOBBIES_1_019,CA_1,0.0,2.288517219114949
2016-02-23,HOBBIES_1_019,CA_1,0.0,2.540278318464081
2016-02-23,HOBBIES_1_019,CA_1,0.0,1.5308588269012422
2016-02-24,HOBBIES_1_019,CA_1,0.0,1.2461516402079316
2016-02-24,HOBBIES_1_019,CA_1,0.0,1.2461516402079316
2016-02-25,HOBBIES_1_019,CA_1,0.0,1.3245247599976493
2016-02-25,HOBBIES_1_019,CA_1,0.0,1.3245247599976493
2016-02-26,HOBBIES_1_019,CA_1,0.0,1.132367151257085
2016-02-26,HOBBIES_1_019,CA_1,0.0,1.5236079780179226
2016-02-27,HOBBIES_1_019,CA_1,0.0,1.8985610374634005
2016-02-27,HOBBIES_1_019,CA_1,0.0,1.9873673375505847
2016-02-28,HOBBIES_1_019,CA_1,0.0,1.8416739776150401
2016-02-28,HOBBIES_1_019,CA_1,0.0,1.8416739776150401
2016-02-29,HOBBIES_1_019,CA_1,0.0,1.0760389337026357
2016-02-29,HOBBIES_1_019,CA_1,0.0,1.0760389337026357
2016-03-01,HOBBIES_1_019,CA_1,0.0,1.0810067521492364
2016-03-01,HOBBIES_1_019,CA_1,0.0,1.0810067521492364
2016-03-02,HOBBIES_1_019,CA_1,0.0,1.2958475481011404
2016-03-02,HOBBIES_1_019,CA_1,0.0,1.144925148606507
2016-03-03,HOBBIES_1_019,CA_1,0.0,-0.20419996432476095
2016-03-03,HOBBIES_1_019,CA_1,0.0,-0.3590809448463604
2016-03-04,HOBBIES_1_019,CA_1,0.0,0.43949940449543373
2016-03-04,HOBBIES_1_019,CA_1,0.0,0.26191533120461136
2016-03-05,HOBBIES_1_019,CA_1,0.0,0.16758071626500945
2016-03-05,HOBBIES_1_019,CA_1,0.0,0.16758071626500945
2016-03-06,HOBBIES_1_019,CA_1,0.0,0.20554243074752068
2016-03-06,HOBBIES_1_019,CA_1,0.0,0.20554243074752068
2016-03-07,HOBBIES_1_019,CA_1,0.0,0.1564194006528657
2016-03-07,HOBBIES_1_019,CA_1,0.0,0.1564194006528657
2016-03-08,HOBBIES_1_019,CA_1,0.0,0.16138721909946643
2016-03-08,HOBBIES_1_019,CA_1,0.0,0.16138721909946643
2016-03-09,HOBBIES_1_019,CA_1,0.0,0.16138721909946643
2016-03-09,HOBBIES_1_019,CA_1,0.0,0.16138721909946643
2016-03-10,HOBBIES_1_019,CA_1,29.0,0.16138721909946643
2016-03-10,HOBBIES_1_019,CA_1,29.0,29.496948389561787
2016-03-11,HOBBIES_1_019,CA_1,2.0,22.20756985880737
2016-03-11,HOBBIES_1_019,CA_1,2.0,2.438555516522287
2016-03-12,HOBBIES_1_019,CA_1,12.0,2.92736945426651
2016-03-12,HOBBIES_1_019,CA_1,12.0,10.889124811353204
2016-03-13,HOBBIES_1_019,CA_1,11.0,9.711669933497717
2016-03-13,HOBBIES_1_019,CA_1,11.0,9.892341532046707
2016-03-14,HOBBIES_1_019,CA_1,11.0,10.398006786153948
2016-03-14,HOBBIES_1_019,CA_1,11.0,8.488930914014663
2016-03-15,HOBBIES_1_019,CA_1,9.0,9.965203775830002
2016-03-15,HOBBIES_1_019,CA_1,9.0,10.032912414008086
2016-03-16,HOBBIES_1_019,CA_1,4.0,9.717215300697685
2016-03-16,HOBBIES_1_019,CA_1,4.0,5.251184198956515
2016-03-17,HOBBIES_1_019,CA_1,7.0,4.101927404553437
2016-03-17,HOBBIES_1_019,CA_1,7.0,5.868570522504736
2016-03-18,HOBBIES_1_019,CA_1,15.0,7.708657680679407
2016-03-18,HOBBIES_1_019,CA_1,15.0,10.474287281171218
2016-03-19,HOBBIES_1_019,CA_1,9.0,10.175495858977776
2016-03-19,HOBBIES_1_019,CA_1,9.0,8.713830470290624
2016-03-20,HOBBIES_1_019,CA_1,1.0,8.251177480066689
2016-03-20,HOBBIES_1_019,CA_1,1.0,2.7750951539282718
2016-03-21,HOBBIES_1_019,CA_1,30.0,2.715990469559773
2016-03-21,HOBBIES_1_019,CA_1,30.0,18.554669322789227
2016-03-22,HOBBIES_1_019,CA_1,1.0,12.1757717227725
2016-03-22,HOBBIES_1_019,CA_1,1.0,3.3910358021043185
2016-03-23,HOBBIES_1_019,CA_1,15.0,3.4963931904966428
2016-03-23,HOBBIES_1_019,CA_1,15.0,10.107833757942265
2016-03-24,HOBBIES_1_019,CA_1,3.0,9.790733102449789
2016-03-24,HOBBIES_1_019,CA_1,3.0,4.450661763413586
2016-03-25,HOBBIES_1_019,CA_1,4.0,8.489548155375674
2016-03-25,HOBBIES_1_019,CA_1,4.0,8.569939316765717
2016-03-26,HOBBIES_1_019,CA_1,0.0,8.229435125942764
2016-03-26,HOBBIES_1_019,CA_1,0.0,4.413237623833078
2016-03-27,HOBBIES_1_019,CA_1,0.0,4.773840874956693
2016-03-27,HOBBIES_1_019,CA_1,0.0,3.616659585296961
2016-03-28,HOBBIES_1_019,CA_1,5.0,1.8439782879716868
2016-03-28,HOBBIES_1_019,CA_1,5.0,6.594688343641447
2016-03-29,HOBBIES_1_019,CA_1,8.0,6.680564264957886
2016-03-29,HOBBIES_1_019,CA_1,8.0,7.693122905969466
2016-03-30,HOBBIES_1_019,CA_1,5.0,8.09607178251277
2016-03-30,HOBBIES_1_019,CA_1,5.0,6.384130506642365
2016-03-31,HOBBIES_1_019,CA_1,21.0,6.0429968918285075
2016-03-31,HOBBIES_1_019,CA_1,21.0,16.25920798774918
2016-04-01,HOBBIES_1_019,CA_1,5.0,14.094627588691802
2016-04-01,HOBBIES_1_019,CA_1,5.0,6.951361645122952
2016-04-02,HOBBIES_1_019,CA_1,3.0,6.693840246505394
2016-04-02,HOBBIES_1_019,CA_1,3.0,5.024465441478267
2016-04-03,HOBBIES_1_019,CA_1,24.0,5.147651909323514
2016-04-03,HOBBIES_1_019,CA_1,24.0,13.909481497228207
2016-04-04,HOBBIES_1_019,CA_1,6.0,16.382051783340867
2016-04-04,HOBBIES_1_019,CA_1,6.0,6.3641407325077735
2016-04-05,HOBBIES_1_019,CA_1,25.0,6.644123134302766
2016-04-05,HOBBIES_1_019,CA_1,25.0,10.389783290697672
2016-04-06,HOBBIES_1_019,CA_1,4.0,13.896155944363692
2016-04-06,HOBBIES_1_019,CA_1,4.0,5.219112387281348
2016-04-07,HOBBIES_1_019,CA_1,6.0,5.576319541468525
2016-04-07,HOBBIES_1_019,CA_1,6.0,7.144624814542823
2016-04-08,HOBBIES_1_019,CA_1,16.0,7.113398676908683
2016-04-08,HOBBIES_1_019,CA_1,16.0,11.360333880423527
2016-04-09,HOBBIES_1_019,CA_1,5.0,11.6420155611581
2016-04-09,HOBBIES_1_019,CA_1,5.0,6.697541140451946
2016-04-10,HOBBIES_1_019,CA_1,10.0,7.2567311302271404
2016-04-10,HOBBIES_1_019,CA_1,10.0,9.736720779395233
2016-04-11,HOBBIES_1_019,CA_1,24.0,8.668810853997806
2016-04-11,HOBBIES_1_019,CA_1,24.0,14.3800890046992
2016-04-12,HOBBIES_1_019,CA_1,6.0,13.421605402696997
2016-04-12,HOBBIES_1_019,CA_1,6.0,5.192908094741892
2016-04-13,HOBBIES_1_019,CA_1,5.0,6.041977562361808
2016-04-13,HOBBIES_1_019,CA_1,5.0,5.608375071653112
2016-04-14,HOBBIES_1_019,CA_1,6.0,5.207060511268385
2016-04-14,HOBBIES_1_019,CA_1,6.0,6.174790175865129
2016-04-15,HOBBIES_1_019,CA_1,3.0,8.053267769095006
2016-04-15,HOBBIES_1_019,CA_1,3.0,6.609951298840901
2016-04-16,HOBBIES_1_019,CA_1,31.0,5.602229253380983
2016-04-16,HOBBIES_1_019,CA_1,31.0,30.42327903241005
2016-04-17,HOBBIES_1_019,CA_1,30.0,22.369342889635853
2016-04-17,HOBBIES_1_019,CA_1,30.0,20.57357723769493
2016-04-18,HOBBIES_1_019,CA_1,0.0,16.581771031900807
2016-04-18,HOBBIES_1_019,CA_1,0.0,4.650070043941655
2016-04-19,HOBBIES_1_019,CA_1,5.0,3.6369244811989296
2016-04-19,HOBBIES_1_019,CA_1,5.0,4.0374819247180485
2016-04-20,HOBBIES_1_019,CA_1,0.0,5.507558903081273
2016-04-20,HOBBIES_1_019,CA_1,0.0,2.5459016116069346
2016-04-21,HOBBIES_1_019,CA_1,11.0,9.092726394775122
2016-04-21,HOBBIES_1_019,CA_1,11.0,10.22740379358456
2016-04-22,HOBBIES_1_019,CA_1,4.0,10.028714629753091
2016-04-22,HOBBIES_1_019,CA_1,4.0,7.219065347037964
2016-04-23,HOBBIES_1_019,CA_1,6.0,8.921036090967997
2016-04-23,HOBBIES_1_019,CA_1,6.0,9.146726740173568
2016-04-24,HOBBIES_1_019,CA_1,12.0,7.538355608358859
2016-04-24,HOBBIES_1_019,CA_1,12.0,11.173559307256928
2015-06-04,HOBBIES_1_020,CA_1,0.0,0.6785433883461423
2015-06-04,HOBBIES_1_020,CA_1,0.0,0.1320191510386474
2015-06-05,HOBBIES_1_020,CA_1,0.0,0.19459602172878818
2015-06-05,HOBBIES_1_020,CA_1,0.0,0.1905177274493811
2015-06-06,HOBBIES_1_020,CA_1,0.0,0.2321298239335053
2015-06-06,HOBBIES_1_020,CA_1,0.0,0.23620811821291238
2015-06-07,HOBBIES_1_020,CA_1,0.0,0.2212218580535707
2015-06-07,HOBBIES_1_020,CA_1,0.0,0.1629552176221651
2015-06-08,HOBBIES_1_020,CA_1,1.0,0.10662314127135947
2015-06-08,HOBBIES_1_020,CA_1,1.0,0.6926400379195167
2015-06-09,HOBBIES_1_020,CA_1,1.0,0.6753941523212961
2015-06-09,HOBBIES_1_020,CA_1,1.0,0.6875023464515444
2015-06-10,HOBBIES_1_020,CA_1,0.0,0.6816844119361493
2015-06-10,HOBBIES_1_020,CA_1,0.0,0.13108188034924736
2015-06-11,HOBBIES_1_020,CA_1,1.0,0.13108188034924736
2015-06-11,HOBBIES_1_020,CA_1,1.0,0.6857627062155562
2015-06-12,HOBBIES_1_020,CA_1,0.0,0.7621521518107106
2015-06-12,HOBBIES_1_020,CA_1,0.0,0.1985892711641067
2015-06-13,HOBBIES_1_020,CA_1,2.0,0.2263969342621987
2015-06-13,HOBBIES_1_020,CA_1,2.0,1.4935592873134311
2015-06-14,HOBBIES_1_020,CA_1,0.0,1.4505328042339842
2015-06-14,HOBBIES_1_020,CA_1,0.0,0.2190031929691429
2015-06-15,HOBBIES_1_020,CA_1,0.0,0.18145421643455337
2015-06-15,HOBBIES_1_020,CA_1,0.0,0.16194809249790637
2015-06-16,HOBBIES_1_020,CA_1,0.0,0.12794085675924033
2015-06-16,HOBBIES_1_020,CA_1,0.0,0.1320191510386474
2015-06-17,HOBBIES_1_020,CA_1,2.0,0.15078929309476324
2015-06-17,HOBBIES_1_020,CA_1,2.0,1.3338162138650445
2015-06-18,HOBBIES_1_020,CA_1,0.0,1.2820272170801261
2015-06-18,HOBBIES_1_020,CA_1,0.0,0.16939153306102633
2015-06-19,HOBBIES_1_020,CA_1,0.0,0.22615046923577198
2015-06-19,HOBBIES_1_020,CA_1,0.0,0.22615046923577198
2015-06-20,HOBBIES_1_020,CA_1,0.0,0.313686284175551
2015-06-20,HOBBIES_1_020,CA_1,0.0,0.31776457845495804
2015-06-21,HOBBIES_1_020,CA_1,0.0,0.2647065869739775
2015-06-21,HOBBIES_1_020,CA_1,0.0,0.21884246663667978
2015-06-22,HOBBIES_1_020,CA_1,0.0,0.16018201170339402
2015-06-22,HOBBIES_1_020,CA_1,0.0,0.14475418204615415
2015-06-23,HOBBIES_1_020,CA_1,0.0,0.12369915384820881
2015-06-23,HOBBIES_1_020,CA_1,0.0,0.12369915384820881
2015-06-24,HOBBIES_1_020,CA_1,0.0,0.13056849971640455
2015-06-24,HOBBIES_1_020,CA_1,0.0,0.13056849971640455
2015-06-25,HOBBIES_1_020,CA_1,1.0,0.12369915384820881
2015-06-25,HOBBIES_1_020,CA_1,1.0,0.7097160504963659
2015-06-26,HOBBIES_1_020,CA_1,0.0,0.754080608095985
2015-06-26,HOBBIES_1_020,CA_1,0.0,0.1905177274493811
2015-06-27,HOBBIES_1_020,CA_1,0.0,0.2321298239335053
2015-06-27,HOBBIES_1_020,CA_1,0.0,0.2145522276307696
2015-06-28,HOBBIES_1_020,CA_1,1.0,0.2047410436800559
2015-06-28,HOBBIES_1_020,CA_1,1.0,0.8034578947591018
2015-06-29,HOBBIES_1_020,CA_1,0.0,0.6745046281541024
2015-06-29,HOBBIES_1_020,CA_1,0.0,0.11982380228779335
2015-06-30,HOBBIES_1_020,CA_1,0.0,0.1247916207343941
2015-06-30,HOBBIES_1_020,CA_1,0.0,0.1247916207343941
2015-07-01,HOBBIES_1_020,CA_1,0.0,0.13460280468510777
2015-07-01,HOBBIES_1_020,CA_1,0.0,0.13868109896451483
2015-07-02,HOBBIES_1_020,CA_1,0.0,0.12846149379132957
2015-07-02,HOBBIES_1_020,CA_1,0.0,0.08896883445066721
2015-07-03,HOBBIES_1_020,CA_1,2.0,0.10876604534006055
2015-07-03,HOBBIES_1_020,CA_1,2.0,1.425144096595703
2015-07-04,HOBBIES_1_020,CA_1,0.0,1.4823257846237943
2015-07-04,HOBBIES_1_020,CA_1,0.0,0.19578208557465374
2015-07-05,HOBBIES_1_020,CA_1,0.0,0.19892310916466077
2015-07-05,HOBBIES_1_020,CA_1,0.0,0.19892310916466077
2015-07-06,HOBBIES_1_020,CA_1,0.0,0.1140058677723982
2015-07-06,HOBBIES_1_020,CA_1,0.0,0.11808416205180523
2015-07-07,HOBBIES_1_020,CA_1,0.0,0.12886991501380116
2015-07-07,HOBBIES_1_020,CA_1,0.0,0.10177977576724649
2015-07-08,HOBBIES_1_020,CA_1,0.0,0.10177977576724649
2015-07-08,HOBBIES_1_020,CA_1,0.0,0.10177977576724649
2015-07-09,HOBBIES_1_020,CA_1,1.0,0.11159095971796021
2015-07-09,HOBBIES_1_020,CA_1,1.0,0.6976078563661173
2015-07-10,HOBBIES_1_020,CA_1,0.0,0.7922379141996179
2015-07-10,HOBBIES_1_020,CA_1,0.0,0.228675033553014
2015-07-11,HOBBIES_1_020,CA_1,1.0,0.2047410436800559
2015-07-11,HOBBIES_1_020,CA_1,1.0,0.8169571967824304
2015-07-12,HOBBIES_1_020,CA_1,0.0,0.820950446217749
2015-07-12,HOBBIES_1_020,CA_1,0.0,0.23039018369751724
2015-07-13,HOBBIES_1_020,CA_1,1.0,0.12390209656720041
2015-07-13,HOBBIES_1_020,CA_1,1.0,0.6825345280049437
2015-07-14,HOBBIES_1_020,CA_1,0.0,0.6816844119361493
2015-07-14,HOBBIES_1_020,CA_1,0.0,0.13516017462865443
2015-07-15,HOBBIES_1_020,CA_1,0.0,0.14097810914404957
2015-07-15,HOBBIES_1_020,CA_1,0.0,0.1368998148646425
2015-07-16,HOBBIES_1_020,CA_1,0.0,0.1368998148646425
2015-07-16,HOBBIES_1_020,CA_1,0.0,0.14097810914404957
2015-07-17,HOBBIES_1_020,CA_1,0.0,0.21680972577360957
2015-07-17,HOBBIES_1_020,CA_1,0.0,0.14096548903946826
2015-07-18,HOBBIES_1_020,CA_1,1.0,0.15981419403215807
2015-07-18,HOBBIES_1_020,CA_1,1.0,0.8086410969837955
2015-07-19,HOBBIES_1_020,CA_1,2.0,0.7993796004796948
2015-07-19,HOBBIES_1_020,CA_1,2.0,1.4935592873134311
2015-07-20,HOBBIES_1_020,CA_1,0.0,1.2124464909865458
2015-07-20,HOBBIES_1_020,CA_1,0.0,0.08308757882319985
2015-07-21,HOBBIES_1_020,CA_1,0.0,0.08805539726980059
2015-07-21,HOBBIES_1_020,CA_1,0.0,0.0921336915492076
2015-07-22,HOBBIES_1_020,CA_1,0.0,0.13516017462865443
2015-07-22,HOBBIES_1_020,CA_1,0.0,0.13516017462865443
2015-07-23,HOBBIES_1_020,CA_1,0.0,0.15078929309476324
2015-07-23,HOBBIES_1_020,CA_1,0.0,0.12369915384820881
2015-07-24,HOBBIES_1_020,CA_1,0.0,0.1487319013914903
2015-07-24,HOBBIES_1_020,CA_1,0.0,0.1487319013914903
2015-07-25,HOBBIES_1_020,CA_1,0.0,0.1903439978756145
2015-07-25,HOBBIES_1_020,CA_1,0.0,0.1903439978756145
2015-07-26,HOBBIES_1_020,CA_1,1.0,0.2186901200285338
2015-07-26,HOBBIES_1_020,CA_1,1.0,0.8850946192829068
2015-07-27,HOBBIES_1_020,CA_1,0.0,0.6923457119556575
2015-07-27,HOBBIES_1_020,CA_1,0.0,0.14174318036875544
2015-07-28,HOBBIES_1_020,CA_1,0.0,0.1247916207343941
2015-07-28,HOBBIES_1_020,CA_1,0.0,0.1247916207343941
2015-07-29,HOBBIES_1_020,CA_1,0.0,0.1247916207343941
2015-07-29,HOBBIES_1_020,CA_1,0.0,0.12886991501380116
2015-07-30,HOBBIES_1_020,CA_1,0.0,0.14127243510790888
2015-07-30,HOBBIES_1_020,CA_1,0.0,0.10177977576724649
2015-07-31,HOBBIES_1_020,CA_1,0.0,0.13115430508875459
2015-07-31,HOBBIES_1_020,CA_1,0.0,0.13115430508875459
2015-08-01,HOBBIES_1_020,CA_1,2.0,0.17276640157287879
2015-08-01,HOBBIES_1_020,CA_1,2.0,1.5422072605083423
2015-08-02,HOBBIES_1_020,CA_1,0.0,1.503370471264145
2015-08-02,HOBBIES_1_020,CA_1,0.0,0.20873429311537445
2015-08-03,HOBBIES_1_020,CA_1,0.0,0.1140058677723982
2015-08-03,HOBBIES_1_020,CA_1,0.0,0.1140058677723982
2015-08-04,HOBBIES_1_020,CA_1,0.0,0.11897368621899894
2015-08-04,HOBBIES_1_020,CA_1,0.0,0.123051980498406
2015-08-05,HOBBIES_1_020,CA_1,0.0,0.12886991501380116
2015-08-05,HOBBIES_1_020,CA_1,0.0,0.10177977576724649
2015-08-06,HOBBIES_1_020,CA_1,0.0,0.10177977576724649
2015-08-06,HOBBIES_1_020,CA_1,0.0,0.10177977576724649
2015-08-07,HOBBIES_1_020,CA_1,0.0,0.13115430508875459
2015-08-07,HOBBIES_1_020,CA_1,0.0,0.13115430508875459
2015-08-08,HOBBIES_1_020,CA_1,0.0,0.2186901200285338
2015-08-08,HOBBIES_1_020,CA_1,0.0,0.2186901200285338
2015-08-09,HOBBIES_1_020,CA_1,0.0,0.17276640157287879
2015-08-09,HOBBIES_1_020,CA_1,0.0,0.17276640157287879
2015-08-10,HOBBIES_1_020,CA_1,1.0,0.08400101600406647
2015-08-10,HOBBIES_1_020,CA_1,1.0,0.6828288539688031
2015-08-11,HOBBIES_1_020,CA_1,0.0,0.6753941523212961
2015-08-11,HOBBIES_1_020,CA_1,0.0,0.1247916207343941
2015-08-12,HOBBIES_1_020,CA_1,0.0,0.1247916207343941
2015-08-12,HOBBIES_1_020,CA_1,0.0,0.1247916207343941
2015-08-13,HOBBIES_1_020,CA_1,0.0,0.1247916207343941
2015-08-13,HOBBIES_1_020,CA_1,0.0,0.12886991501380116
2015-08-14,HOBBIES_1_020,CA_1,0.0,0.18942094552016017
2015-08-14,HOBBIES_1_020,CA_1,0.0,0.13115430508875459
2015-08-15,HOBBIES_1_020,CA_1,0.0,0.17276640157287879
2015-08-15,HOBBIES_1_020,CA_1,0.0,0.14080732385501463
2015-08-16,HOBBIES_1_020,CA_1,0.0,0.12055546058462806
2015-08-16,HOBBIES_1_020,CA_1,0.0,0.12055546058462806
2015-08-17,HOBBIES_1_020,CA_1,0.0,0.0774516434798739
2015-08-17,HOBBIES_1_020,CA_1,0.0,0.0774516434798739
2015-08-18,HOBBIES_1_020,CA_1,0.0,0.08241946192647465
2015-08-18,HOBBIES_1_020,CA_1,0.0,0.08241946192647465
2015-08-19,HOBBIES_1_020,CA_1,0.0,0.08241946192647465
2015-08-19,HOBBIES_1_020,CA_1,0.0,0.08241946192647465
2015-08-20,HOBBIES_1_020,CA_1,0.0,0.08241946192647465
2015-08-20,HOBBIES_1_020,CA_1,0.0,0.08241946192647465
2015-08-21,HOBBIES_1_020,CA_1,0.0,0.10221667281586799
2015-08-21,HOBBIES_1_020,CA_1,0.0,0.10221667281586799
2015-08-22,HOBBIES_1_020,CA_1,0.0,0.12055546058462806
2015-08-22,HOBBIES_1_020,CA_1,0.0,0.12055546058462806
2015-08-23,HOBBIES_1_020,CA_1,0.0,0.12055546058462806
2015-08-23,HOBBIES_1_020,CA_1,0.0,0.12055546058462806
2015-08-24,HOBBIES_1_020,CA_1,0.0,0.0872628274305876
2015-08-24,HOBBIES_1_020,CA_1,0.0,0.0872628274305876
2015-08-25,HOBBIES_1_020,CA_1,0.0,0.06306255813604522
2015-08-25,HOBBIES_1_020,CA_1,0.0,0.06306255813604522
2015-08-26,HOBBIES_1_020,CA_1,1.0,0.06306255813604522
2015-08-26,HOBBIES_1_020,CA_1,1.0,0.6684363585746318
2015-08-27,HOBBIES_1_020,CA_1,0.0,0.6560338384805241
2015-08-27,HOBBIES_1_020,CA_1,0.0,0.10543130689362207
2015-08-28,HOBBIES_1_020,CA_1,1.0,0.14400249887375896
2015-08-28,HOBBIES_1_020,CA_1,1.0,0.7141147520445554
2015-08-29,HOBBIES_1_020,CA_1,0.0,0.7616025882464355
2015-08-29,HOBBIES_1_020,CA_1,0.0,0.17104232572620368
2015-08-30,HOBBIES_1_020,CA_1,0.0,0.17686026024159882
2015-08-30,HOBBIES_1_020,CA_1,0.0,0.17278196596219175
2015-08-31,HOBBIES_1_020,CA_1,1.0,0.10701286097121393
2015-08-31,HOBBIES_1_020,CA_1,1.0,0.6745046281541024
2015-09-01,HOBBIES_1_020,CA_1,1.0,0.679472446600703
2015-09-01,HOBBIES_1_020,CA_1,1.0,0.6753941523212961
2015-09-02,HOBBIES_1_020,CA_1,2.0,0.6695762178059009
2015-09-02,HOBBIES_1_020,CA_1,2.0,1.2421417575906866
2015-09-03,HOBBIES_1_020,CA_1,0.0,1.2421417575906866
2015-09-03,HOBBIES_1_020,CA_1,0.0,0.0921336915492076
2015-09-04,HOBBIES_1_020,CA_1,1.0,0.14575160413394636
2015-09-04,HOBBIES_1_020,CA_1,1.0,0.7353373314250962
2015-09-05,HOBBIES_1_020,CA_1,0.0,0.8136417497687815
2015-09-05,HOBBIES_1_020,CA_1,0.0,0.2190031929691429
2015-09-06,HOBBIES_1_020,CA_1,0.0,0.2620296760485894
2015-09-06,HOBBIES_1_020,CA_1,0.0,0.2637693162845775
2015-09-07,HOBBIES_1_020,CA_1,0.0,0.1831134715644721
2015-09-07,HOBBIES_1_020,CA_1,0.0,0.18719176584387917
2015-09-08,HOBBIES_1_020,CA_1,0.0,0.1948313055399433
2015-09-08,HOBBIES_1_020,CA_1,0.0,0.1553386461992811
2015-09-09,HOBBIES_1_020,CA_1,1.0,0.1818303599689042
2015-09-09,HOBBIES_1_020,CA_1,1.0,0.7678472566170608
2015-09-10,HOBBIES_1_020,CA_1,1.0,0.7289530227533301
2015-09-10,HOBBIES_1_020,CA_1,1.0,0.7289530227533301
2015-09-11,HOBBIES_1_020,CA_1,0.0,0.7995245338330893
2015-09-11,HOBBIES_1_020,CA_1,0.0,0.23596165318648563
2015-09-12,HOBBIES_1_020,CA_1,0.0,0.25795138176918236
2015-09-12,HOBBIES_1_020,CA_1,0.0,0.2620296760485894
2015-09-13,HOBBIES_1_020,CA_1,0.0,0.26784761056398454
2015-09-13,HOBBIES_1_020,CA_1,0.0,0.26784761056398454
2015-09-14,HOBBIES_1_020,CA_1,0.0,0.19967467104405623
2015-09-14,HOBBIES_1_020,CA_1,0.0,0.14475418204615415
2015-09-15,HOBBIES_1_020,CA_1,2.0,0.12369915384820881
2015-09-15,HOBBIES_1_020,CA_1,2.0,1.3338162138650445
2015-09-16,HOBBIES_1_020,CA_1,1.0,1.294979424620847
2015-09-16,HOBBIES_1_020,CA_1,1.0,0.7175184425314088
2015-09-17,HOBBIES_1_020,CA_1,0.0,0.6386579288567028
2015-09-17,HOBBIES_1_020,CA_1,0.0,0.08805539726980059
2015-09-18,HOBBIES_1_020,CA_1,0.0,0.15148449380525297
2015-09-18,HOBBIES_1_020,CA_1,0.0,0.15556278808466004
2015-09-19,HOBBIES_1_020,CA_1,0.0,0.22057899974680356
2015-09-19,HOBBIES_1_020,CA_1,0.0,0.2263969342621987
2015-09-20,HOBBIES_1_020,CA_1,0.0,0.23879945435630642
2015-09-20,HOBBIES_1_020,CA_1,0.0,0.18053281392490084
2015-09-21,HOBBIES_1_020,CA_1,1.0,0.1089201514508943
2015-09-21,HOBBIES_1_020,CA_1,1.0,0.6949370480990514
2015-09-22,HOBBIES_1_020,CA_1,1.0,0.7041828762704538
2015-09-22,HOBBIES_1_020,CA_1,1.0,0.7302057229149996
2015-09-23,HOBBIES_1_020,CA_1,1.0,0.7329462721886487
2015-09-23,HOBBIES_1_020,CA_1,1.0,0.7329462721886487
2015-09-24,HOBBIES_1_020,CA_1,0.0,0.6867787655191951
2015-09-24,HOBBIES_1_020,CA_1,0.0,0.12482669855446049
2015-09-25,HOBBIES_1_020,CA_1,0.0,0.18877808721339304
2015-09-25,HOBBIES_1_020,CA_1,0.0,0.18877808721339304
2015-09-26,HOBBIES_1_020,CA_1,0.0,0.2263969342621987
2015-09-26,HOBBIES_1_020,CA_1,0.0,0.2263969342621987
2015-09-27,HOBBIES_1_020,CA_1,0.0,0.23879945435630642
2015-09-27,HOBBIES_1_020,CA_1,0.0,0.18053281392490084
2015-09-28,HOBBIES_1_020,CA_1,0.0,0.1089201514508943
2015-09-28,HOBBIES_1_020,CA_1,0.0,0.1089201514508943
2015-09-29,HOBBIES_1_020,CA_1,0.0,0.12369915384820881
2015-09-29,HOBBIES_1_020,CA_1,0.0,0.12369915384820881
2015-09-30,HOBBIES_1_020,CA_1,0.0,0.11159095971796021
2015-09-30,HOBBIES_1_020,CA_1,0.0,0.11159095971796021
2015-10-01,HOBBIES_1_020,CA_1,0.0,0.10177977576724649
2015-10-01,HOBBIES_1_020,CA_1,0.0,0.10177977576724649
2015-10-02,HOBBIES_1_020,CA_1,0.0,0.13115430508875459
2015-10-02,HOBBIES_1_020,CA_1,0.0,0.13115430508875459
2015-10-03,HOBBIES_1_020,CA_1,0.0,0.1629552176221651
2015-10-03,HOBBIES_1_020,CA_1,0.0,0.1629552176221651
2015-10-04,HOBBIES_1_020,CA_1,0.0,0.1629552176221651
2015-10-04,HOBBIES_1_020,CA_1,0.0,0.1629552176221651
2015-10-05,HOBBIES_1_020,CA_1,1.0,0.10662314127135947
2015-10-05,HOBBIES_1_020,CA_1,1.0,0.6926400379195167
2015-10-06,HOBBIES_1_020,CA_1,1.0,0.6852053362720096
2015-10-06,HOBBIES_1_020,CA_1,1.0,0.6852053362720096
2015-10-07,HOBBIES_1_020,CA_1,1.0,0.6793874017566145
2015-10-07,HOBBIES_1_020,CA_1,1.0,0.6793874017566145
2015-10-08,HOBBIES_1_020,CA_1,0.0,0.6265497347264544
2015-10-08,HOBBIES_1_020,CA_1,0.0,0.08002549741895915
2015-10-09,HOBBIES_1_020,CA_1,0.0,0.1712004909106573
2015-10-09,HOBBIES_1_020,CA_1,0.0,0.1712004909106573
2015-10-10,HOBBIES_1_020,CA_1,1.0,0.20881933795946298
2015-10-10,HOBBIES_1_020,CA_1,1.0,0.8034578947591018
2015-10-11,HOBBIES_1_020,CA_1,0.0,0.8034578947591018
2015-10-11,HOBBIES_1_020,CA_1,0.0,0.2047410436800559
2015-10-12,HOBBIES_1_020,CA_1,0.0,0.1295546011324377
2015-10-12,HOBBIES_1_020,CA_1,0.0,0.1295546011324377
2015-10-13,HOBBIES_1_020,CA_1,0.0,0.1247916207343941
2015-10-13,HOBBIES_1_020,CA_1,0.0,0.12886991501380116
2015-10-14,HOBBIES_1_020,CA_1,0.0,0.14127243510790888
2015-10-14,HOBBIES_1_020,CA_1,0.0,0.10177977576724649
2015-10-15,HOBBIES_1_020,CA_1,0.0,0.10177977576724649
2015-10-15,HOBBIES_1_020,CA_1,0.0,0.10177977576724649
2015-10-16,HOBBIES_1_020,CA_1,1.0,0.13115430508875459
2015-10-16,HOBBIES_1_020,CA_1,1.0,0.7664831281900927
2015-10-17,HOBBIES_1_020,CA_1,0.0,0.8169571967824304
2015-10-17,HOBBIES_1_020,CA_1,0.0,0.22231863998279164
2015-10-18,HOBBIES_1_020,CA_1,0.0,0.22231863998279164
2015-10-18,HOBBIES_1_020,CA_1,0.0,0.22231863998279164
2015-10-19,HOBBIES_1_020,CA_1,0.0,0.14174318036875544
2015-10-19,HOBBIES_1_020,CA_1,0.0,0.1458214746481625
2015-10-20,HOBBIES_1_020,CA_1,0.0,0.15108361905862255
2015-10-20,HOBBIES_1_020,CA_1,0.0,0.11159095971796021
2015-10-21,HOBBIES_1_020,CA_1,0.0,0.11159095971796021
2015-10-21,HOBBIES_1_020,CA_1,0.0,0.11159095971796021
2015-10-22,HOBBIES_1_020,CA_1,0.0,0.08896883445066721
2015-10-22,HOBBIES_1_020,CA_1,0.0,0.08896883445066721
2015-10-23,HOBBIES_1_020,CA_1,0.0,0.10876604534006055
2015-10-23,HOBBIES_1_020,CA_1,0.0,0.10876604534006055
2015-10-24,HOBBIES_1_020,CA_1,0.0,0.14080732385501463
2015-10-24,HOBBIES_1_020,CA_1,0.0,0.14080732385501463
2015-10-25,HOBBIES_1_020,CA_1,1.0,0.12055546058462806
2015-10-25,HOBBIES_1_020,CA_1,1.0,0.7798230428559383
2015-10-26,HOBBIES_1_020,CA_1,1.0,0.6576153925581161
2015-10-26,HOBBIES_1_020,CA_1,1.0,0.6704263338746954
2015-10-27,HOBBIES_1_020,CA_1,0.0,0.6695762178059009
2015-10-27,HOBBIES_1_020,CA_1,0.0,0.11897368621899894
2015-10-28,HOBBIES_1_020,CA_1,0.0,0.11897368621899894
2015-10-28,HOBBIES_1_020,CA_1,0.0,0.123051980498406
2015-10-29,HOBBIES_1_020,CA_1,1.0,0.12886991501380116
2015-10-29,HOBBIES_1_020,CA_1,1.0,0.679472446600703
2015-10-30,HOBBIES_1_020,CA_1,0.0,0.7503924900233699
2015-10-30,HOBBIES_1_020,CA_1,0.0,0.18275131509735906
2015-10-31,HOBBIES_1_020,CA_1,1.0,0.20160002009004888
2015-10-31,HOBBIES_1_020,CA_1,1.0,0.7962385768896878
2015-11-01,HOBBIES_1_020,CA_1,0.0,0.7935616659642997
2015-11-01,HOBBIES_1_020,CA_1,0.0,0.20300140344406783
2015-11-02,HOBBIES_1_020,CA_1,0.0,0.12390209656720041
2015-11-02,HOBBIES_1_020,CA_1,0.0,0.11982380228779335
2015-11-03,HOBBIES_1_020,CA_1,0.0,0.1247916207343941
2015-11-03,HOBBIES_1_020,CA_1,0.0,0.12886991501380116
2015-11-04,HOBBIES_1_020,CA_1,0.0,0.14127243510790888
2015-11-04,HOBBIES_1_020,CA_1,0.0,0.10177977576724649
2015-11-05,HOBBIES_1_020,CA_1,0.0,0.10177977576724649
2015-11-05,HOBBIES_1_020,CA_1,0.0,0.10177977576724649
2015-11-06,HOBBIES_1_020,CA_1,0.0,0.13115430508875459
2015-11-06,HOBBIES_1_020,CA_1,0.0,0.13115430508875459
2015-11-07,HOBBIES_1_020,CA_1,0.0,0.1629552176221651
2015-11-07,HOBBIES_1_020,CA_1,0.0,0.1629552176221651
2015-11-08,HOBBIES_1_020,CA_1,0.0,0.17276640157287879
2015-11-08,HOBBIES_1_020,CA_1,0.0,0.17276640157287879
2015-11-09,HOBBIES_1_020,CA_1,0.0,0.10662314127135947
2015-11-09,HOBBIES_1_020,CA_1,0.0,0.10662314127135947
2015-11-10,HOBBIES_1_020,CA_1,0.0,0.08896883445066721
2015-11-10,HOBBIES_1_020,CA_1,0.0,0.08896883445066721
2015-11-11,HOBBIES_1_020,CA_1,1.0,0.08582781086066017
2015-11-11,HOBBIES_1_020,CA_1,1.0,0.6846556488253968
2015-11-12,HOBBIES_1_020,CA_1,0.0,0.6852053362720096
2015-11-12,HOBBIES_1_020,CA_1,0.0,0.13460280468510777
2015-11-13,HOBBIES_1_020,CA_1,0.0,0.1505518713979515
2015-11-13,HOBBIES_1_020,CA_1,0.0,0.1505518713979515
2015-11-14,HOBBIES_1_020,CA_1,1.0,0.18259314991290543
2015-11-14,HOBBIES_1_020,CA_1,1.0,0.7813100009919514
2015-11-15,HOBBIES_1_020,CA_1,0.0,0.7714988170412376
2015-11-15,HOBBIES_1_020,CA_1,0.0,0.17278196596219175
2015-11-16,HOBBIES_1_020,CA_1,0.0,0.10701286097121393
2015-11-16,HOBBIES_1_020,CA_1,0.0,0.10701286097121393
2015-11-17,HOBBIES_1_020,CA_1,1.0,0.11198067941781467
2015-11-17,HOBBIES_1_020,CA_1,1.0,0.679472446600703
2015-11-18,HOBBIES_1_020,CA_1,0.0,0.679472446600703
2015-11-18,HOBBIES_1_020,CA_1,0.0,0.1247916207343941
2015-11-19,HOBBIES_1_020,CA_1,0.0,0.1247916207343941
2015-11-19,HOBBIES_1_020,CA_1,0.0,0.1247916207343941
2015-11-20,HOBBIES_1_020,CA_1,0.0,0.1729401311466454
2015-11-20,HOBBIES_1_020,CA_1,0.0,0.17701842542605245
2015-11-21,HOBBIES_1_020,CA_1,0.0,0.2212218580535707
2015-11-21,HOBBIES_1_020,CA_1,0.0,0.1629552176221651
2015-11-22,HOBBIES_1_020,CA_1,0.0,0.1629552176221651
2015-11-22,HOBBIES_1_020,CA_1,0.0,0.1629552176221651
2015-11-23,HOBBIES_1_020,CA_1,0.0,0.09681195732064575
2015-11-23,HOBBIES_1_020,CA_1,0.0,0.09681195732064575
2015-11-24,HOBBIES_1_020,CA_1,0.0,0.10177977576724649
2015-11-24,HOBBIES_1_020,CA_1,0.0,0.10177977576724649
2015-11-25,HOBBIES_1_020,CA_1,0.0,0.11159095971796021
2015-11-25,HOBBIES_1_020,CA_1,0.0,0.11159095971796021
2015-11-26,HOBBIES_1_020,CA_1,0.0,0.08582781086066017
2015-11-26,HOBBIES_1_020,CA_1,0.0,0.08582781086066017
2015-11-27,HOBBIES_1_020,CA_1,0.0,0.10876604534006055
2015-11-27,HOBBIES_1_020,CA_1,0.0,0.10876604534006055
2015-11-28,HOBBIES_1_020,CA_1,0.0,0.14080732385501463
2015-11-28,HOBBIES_1_020,CA_1,0.0,0.14080732385501463
2015-11-29,HOBBIES_1_020,CA_1,0.0,0.12055546058462806
2015-11-29,HOBBIES_1_020,CA_1,0.0,0.12055546058462806
2015-11-30,HOBBIES_1_020,CA_1,0.0,0.0774516434798739
2015-11-30,HOBBIES_1_020,CA_1,0.0,0.0774516434798739
2015-12-01,HOBBIES_1_020,CA_1,0.0,0.09223064587718834
2015-12-01,HOBBIES_1_020,CA_1,0.0,0.09223064587718834
2015-12-02,HOBBIES_1_020,CA_1,0.0,0.06306255813604522
2015-12-02,HOBBIES_1_020,CA_1,0.0,0.06306255813604522
2015-12-03,HOBBIES_1_020,CA_1,0.0,0.06306255813604522
2015-12-03,HOBBIES_1_020,CA_1,0.0,0.06306255813604522
2015-12-04,HOBBIES_1_020,CA_1,0.0,0.08285976902543857
2015-12-04,HOBBIES_1_020,CA_1,0.0,0.08285976902543857
2015-12-05,HOBBIES_1_020,CA_1,0.0,0.1011985567941986
2015-12-05,HOBBIES_1_020,CA_1,0.0,0.1011985567941986
2015-12-06,HOBBIES_1_020,CA_1,0.0,0.1011985567941986
2015-12-06,HOBBIES_1_020,CA_1,0.0,0.1011985567941986
2015-12-07,HOBBIES_1_020,CA_1,0.0,0.05809473968944448
2015-12-07,HOBBIES_1_020,CA_1,0.0,0.05809473968944448
2015-12-08,HOBBIES_1_020,CA_1,0.0,0.06306255813604522
2015-12-08,HOBBIES_1_020,CA_1,0.0,0.06306255813604522
2015-12-09,HOBBIES_1_020,CA_1,1.0,0.06306255813604522
2015-12-09,HOBBIES_1_020,CA_1,1.0,0.6684363585746318
2015-12-10,HOBBIES_1_020,CA_1,0.0,0.6560338384805241
2015-12-10,HOBBIES_1_020,CA_1,0.0,0.10543130689362207
2015-12-11,HOBBIES_1_020,CA_1,1.0,0.14400249887375896
2015-12-11,HOBBIES_1_020,CA_1,1.0,0.7141147520445554
2015-12-12,HOBBIES_1_020,CA_1,0.0,0.7616025882464355
2015-12-12,HOBBIES_1_020,CA_1,0.0,0.17104232572620368
2015-12-13,HOBBIES_1_020,CA_1,0.0,0.17686026024159882
2015-12-13,HOBBIES_1_020,CA_1,0.0,0.17278196596219175
2015-12-14,HOBBIES_1_020,CA_1,1.0,0.11674365981585827
2015-12-14,HOBBIES_1_020,CA_1,1.0,0.6842354269987467
2015-12-15,HOBBIES_1_020,CA_1,0.0,0.679472446600703
2015-12-15,HOBBIES_1_020,CA_1,0.0,0.1247916207343941
2015-12-16,HOBBIES_1_020,CA_1,1.0,0.1247916207343941
2015-12-16,HOBBIES_1_020,CA_1,1.0,0.6753941523212961
2015-12-17,HOBBIES_1_020,CA_1,0.0,0.6695762178059009
2015-12-17,HOBBIES_1_020,CA_1,0.0,0.123051980498406
2015-12-18,HOBBIES_1_020,CA_1,0.0,0.17701842542605245
2015-12-18,HOBBIES_1_020,CA_1,0.0,0.1729401311466454
2015-12-19,HOBBIES_1_020,CA_1,2.0,0.2047410436800559
2015-12-19,HOBBIES_1_020,CA_1,2.0,1.4976375815928384
2015-12-20,HOBBIES_1_020,CA_1,1.0,1.4976375815928384
2015-12-20,HOBBIES_1_020,CA_1,1.0,0.837162108911581
2015-12-21,HOBBIES_1_020,CA_1,0.0,0.6751407867118878
2015-12-21,HOBBIES_1_020,CA_1,0.0,0.12453825512498598
2015-12-22,HOBBIES_1_020,CA_1,0.0,0.12950607357158672
2015-12-22,HOBBIES_1_020,CA_1,0.0,0.13358436785099378
2015-12-23,HOBBIES_1_020,CA_1,0.0,0.1864220348811541
2015-12-23,HOBBIES_1_020,CA_1,0.0,0.17681213973930932
2015-12-24,HOBBIES_1_020,CA_1,2.0,0.1533806292381573
2015-12-24,HOBBIES_1_020,CA_1,2.0,1.3240050299143307
2015-12-25,HOBBIES_1_020,CA_1,0.0,1.401069946811842
2015-12-25,HOBBIES_1_020,CA_1,0.0,0.2328206295964786
2015-12-26,HOBBIES_1_020,CA_1,0.0,0.313686284175551
2015-12-26,HOBBIES_1_020,CA_1,0.0,0.313686284175551
2015-12-27,HOBBIES_1_020,CA_1,0.0,0.25795138176918236
2015-12-27,HOBBIES_1_020,CA_1,0.0,0.2620296760485894
2015-12-28,HOBBIES_1_020,CA_1,0.0,0.1872721509499485
2015-12-28,HOBBIES_1_020,CA_1,0.0,0.14475418204615415
2015-12-29,HOBBIES_1_020,CA_1,0.0,0.11388796989749504
2015-12-29,HOBBIES_1_020,CA_1,0.0,0.11388796989749504
2015-12-30,HOBBIES_1_020,CA_1,1.0,0.12369915384820881
2015-12-30,HOBBIES_1_020,CA_1,1.0,0.7097160504963659
2015-12-31,HOBBIES_1_020,CA_1,1.0,0.7041828762704538
2015-12-31,HOBBIES_1_020,CA_1,1.0,0.7302057229149996
2016-01-01,HOBBIES_1_020,CA_1,0.0,0.7865723262923685
2016-01-01,HOBBIES_1_020,CA_1,0.0,0.22300944564576494
2016-01-02,HOBBIES_1_020,CA_1,3.0,0.26776256571989615
2016-01-02,HOBBIES_1_020,CA_1,3.0,2.0866768697264955
2016-01-03,HOBBIES_1_020,CA_1,0.0,2.055444010396047
2016-01-03,HOBBIES_1_020,CA_1,0.0,0.22881437691985662
2016-01-04,HOBBIES_1_020,CA_1,1.0,0.12861654940439304
2016-01-04,HOBBIES_1_020,CA_1,1.0,0.6751407867118878
2016-01-05,HOBBIES_1_020,CA_1,1.0,0.6801086051584885
2016-01-05,HOBBIES_1_020,CA_1,1.0,0.7383983035759144
2016-01-06,HOBBIES_1_020,CA_1,0.0,0.7576364563758083
2016-01-06,HOBBIES_1_020,CA_1,0.0,0.25947606353773045
2016-01-07,HOBBIES_1_020,CA_1,1.0,0.2661462238984372
2016-01-07,HOBBIES_1_020,CA_1,1.0,0.7848249118415106
2016-01-08,HOBBIES_1_020,CA_1,0.0,0.7937916441617825
2016-01-08,HOBBIES_1_020,CA_1,0.0,0.23022876351517904
2016-01-09,HOBBIES_1_020,CA_1,1.0,0.34544758337786813
2016-01-09,HOBBIES_1_020,CA_1,1.0,0.9940132017347149
2016-01-10,HOBBIES_1_020,CA_1,0.0,0.9528776184789196
2016-01-10,HOBBIES_1_020,CA_1,0.0,0.3790813410820291
2016-01-11,HOBBIES_1_020,CA_1,2.0,0.2644044738859319
2016-01-11,HOBBIES_1_020,CA_1,2.0,1.2707655274555898
2016-01-12,HOBBIES_1_020,CA_1,0.0,1.2774029538425642
2016-01-12,HOBBIES_1_020,CA_1,0.0,0.30091571778702847
2016-01-13,HOBBIES_1_020,CA_1,0.0,0.35375338481718893
2016-01-13,HOBBIES_1_020,CA_1,0.0,0.2912930029231035
2016-01-14,HOBBIES_1_020,CA_1,1.0,0.2912930029231035
2016-01-14,HOBBIES_1_020,CA_1,1.0,0.8072040882314115
2016-01-15,HOBBIES_1_020,CA_1,0.0,0.8734298293940748
2016-01-15,HOBBIES_1_020,CA_1,0.0,0.3503763295414599
2016-01-16,HOBBIES_1_020,CA_1,0.0,0.4547631177582839
2016-01-16,HOBBIES_1_020,CA_1,0.0,0.3511228392763216
2016-01-17,HOBBIES_1_020,CA_1,3.0,0.2637693162845775
2016-01-17,HOBBIES_1_020,CA_1,3.0,2.315165031187774
2016-01-18,HOBBIES_1_020,CA_1,1.0,1.7756770928652617
2016-01-18,HOBBIES_1_020,CA_1,1.0,0.781542821089511
2016-01-19,HOBBIES_1_020,CA_1,0.0,0.760099310872558
2016-01-19,HOBBIES_1_020,CA_1,0.0,0.22626076440899762
2016-01-20,HOBBIES_1_020,CA_1,1.0,0.21644958045828389
2016-01-20,HOBBIES_1_020,CA_1,1.0,0.7576364563758083
2016-01-21,HOBBIES_1_020,CA_1,0.0,0.767447640326522
2016-01-21,HOBBIES_1_020,CA_1,0.0,0.27336554176785127
2016-01-22,HOBBIES_1_020,CA_1,0.0,0.3229902049172712
2016-01-22,HOBBIES_1_020,CA_1,0.0,0.31891191063786417
2016-01-23,HOBBIES_1_020,CA_1,0.0,0.390632165268731
2016-01-23,HOBBIES_1_020,CA_1,0.0,0.3225345999697715
2016-01-24,HOBBIES_1_020,CA_1,0.0,0.3578501034719759
2016-01-24,HOBBIES_1_020,CA_1,0.0,0.29958346304057043
2016-01-25,HOBBIES_1_020,CA_1,0.0,0.16018201170339402
2016-01-25,HOBBIES_1_020,CA_1,0.0,0.16018201170339402
2016-01-26,HOBBIES_1_020,CA_1,0.0,0.11388796989749504
2016-01-26,HOBBIES_1_020,CA_1,0.0,0.11388796989749504
2016-01-27,HOBBIES_1_020,CA_1,0.0,0.11388796989749504
2016-01-27,HOBBIES_1_020,CA_1,0.0,0.11388796989749504
2016-01-28,HOBBIES_1_020,CA_1,0.0,0.12369915384820881
2016-01-28,HOBBIES_1_020,CA_1,0.0,0.12369915384820881
2016-01-29,HOBBIES_1_020,CA_1,0.0,0.1487319013914903
2016-01-29,HOBBIES_1_020,CA_1,0.0,0.1487319013914903
2016-01-30,HOBBIES_1_020,CA_1,1.0,0.18053281392490084
2016-01-30,HOBBIES_1_020,CA_1,1.0,0.8293597168765381
2016-01-31,HOBBIES_1_020,CA_1,0.0,0.8822451982418752
2016-01-31,HOBBIES_1_020,CA_1,0.0,0.29622854837815554
2016-02-01,HOBBIES_1_020,CA_1,0.0,0.12963498623850703
2016-02-01,HOBBIES_1_020,CA_1,0.0,0.12963498623850703
2016-02-02,HOBBIES_1_020,CA_1,0.0,0.11198067941781467
2016-02-02,HOBBIES_1_020,CA_1,0.0,0.11605897369722168
2016-02-03,HOBBIES_1_020,CA_1,1.0,0.13827267774204324
2016-02-03,HOBBIES_1_020,CA_1,1.0,0.684796915049538
2016-02-04,HOBBIES_1_020,CA_1,0.0,0.6625832110047167
2016-02-04,HOBBIES_1_020,CA_1,0.0,0.11198067941781467
2016-02-05,HOBBIES_1_020,CA_1,1.0,0.1505518713979515
2016-02-05,HOBBIES_1_020,CA_1,1.0,0.7365030117932494
2016-02-06,HOBBIES_1_020,CA_1,0.0,0.7935616659642997
2016-02-06,HOBBIES_1_020,CA_1,0.0,0.20300140344406783
2016-02-07,HOBBIES_1_020,CA_1,0.0,0.20567831436945594
2016-02-07,HOBBIES_1_020,CA_1,0.0,0.20160002009004888
2016-02-08,HOBBIES_1_020,CA_1,0.0,0.11982380228779335
2016-02-08,HOBBIES_1_020,CA_1,0.0,0.12390209656720041
2016-02-09,HOBBIES_1_020,CA_1,0.0,0.14127243510790888
2016-02-09,HOBBIES_1_020,CA_1,0.0,0.10177977576724649
2016-02-10,HOBBIES_1_020,CA_1,0.0,0.09863875217723946
2016-02-10,HOBBIES_1_020,CA_1,0.0,0.09863875217723946
2016-02-11,HOBBIES_1_020,CA_1,0.0,0.10177977576724649
2016-02-11,HOBBIES_1_020,CA_1,0.0,0.10177977576724649
2016-02-12,HOBBIES_1_020,CA_1,0.0,0.13115430508875459
2016-02-12,HOBBIES_1_020,CA_1,0.0,0.13115430508875459
2016-02-13,HOBBIES_1_020,CA_1,0.0,0.17276640157287879
2016-02-13,HOBBIES_1_020,CA_1,0.0,0.17276640157287879
2016-02-14,HOBBIES_1_020,CA_1,2.0,0.12785511631429392
2016-02-14,HOBBIES_1_020,CA_1,2.0,1.5211625738679917
2016-02-15,HOBBIES_1_020,CA_1,0.0,1.280773083636252
2016-02-15,HOBBIES_1_020,CA_1,0.0,0.12373666661704255
2016-02-16,HOBBIES_1_020,CA_1,0.0,0.11897368621899894
2016-02-16,HOBBIES_1_020,CA_1,0.0,0.11897368621899894
2016-02-17,HOBBIES_1_020,CA_1,0.0,0.1256438465797056
2016-02-17,HOBBIES_1_020,CA_1,0.0,0.12972214085911266
2016-02-18,HOBBIES_1_020,CA_1,1.0,0.12886991501380116
2016-02-18,HOBBIES_1_020,CA_1,1.0,0.6877966724154038
2016-02-19,HOBBIES_1_020,CA_1,0.0,0.746314195743963
2016-02-19,HOBBIES_1_020,CA_1,0.0,0.18275131509735906
2016-02-20,HOBBIES_1_020,CA_1,0.0,0.2047410436800559
2016-02-20,HOBBIES_1_020,CA_1,0.0,0.2047410436800559
2016-02-21,HOBBIES_1_020,CA_1,0.0,0.2604759460864244
2016-02-21,HOBBIES_1_020,CA_1,0.0,0.2645542403658314
2016-02-22,HOBBIES_1_020,CA_1,0.0,0.13630461666130814
2016-02-22,HOBBIES_1_020,CA_1,0.0,0.09681195732064575
2016-02-23,HOBBIES_1_020,CA_1,0.0,0.10177977576724649
2016-02-23,HOBBIES_1_020,CA_1,0.0,0.10177977576724649
2016-02-24,HOBBIES_1_020,CA_1,0.0,0.10177977576724649
2016-02-24,HOBBIES_1_020,CA_1,0.0,0.10177977576724649
2016-02-25,HOBBIES_1_020,CA_1,0.0,0.10177977576724649
2016-02-25,HOBBIES_1_020,CA_1,0.0,0.10177977576724649
2016-02-26,HOBBIES_1_020,CA_1,0.0,0.13115430508875459
2016-02-26,HOBBIES_1_020,CA_1,0.0,0.13115430508875459
2016-02-27,HOBBIES_1_020,CA_1,1.0,0.1629552176221651
2016-02-27,HOBBIES_1_020,CA_1,1.0,0.8117821205738025
2016-02-28,HOBBIES_1_020,CA_1,0.0,0.8091907844304084
2016-02-28,HOBBIES_1_020,CA_1,0.0,0.2145522276307696
2016-02-29,HOBBIES_1_020,CA_1,0.0,0.10701286097121393
2016-02-29,HOBBIES_1_020,CA_1,0.0,0.10701286097121393
2016-03-01,HOBBIES_1_020,CA_1,0.0,0.11198067941781467
2016-03-01,HOBBIES_1_020,CA_1,0.0,0.11605897369722168
2016-03-02,HOBBIES_1_020,CA_1,0.0,0.12846149379132957
2016-03-02,HOBBIES_1_020,CA_1,0.0,0.08896883445066721
2016-03-03,HOBBIES_1_020,CA_1,0.0,0.0987800184013809
2016-03-03,HOBBIES_1_020,CA_1,0.0,0.0987800184013809
2016-03-04,HOBBIES_1_020,CA_1,0.0,0.10221667281586799
2016-03-04,HOBBIES_1_020,CA_1,0.0,0.10221667281586799
2016-03-05,HOBBIES_1_020,CA_1,0.0,0.12055546058462806
2016-03-05,HOBBIES_1_020,CA_1,0.0,0.12055546058462806
2016-03-06,HOBBIES_1_020,CA_1,1.0,0.12055546058462806
2016-03-06,HOBBIES_1_020,CA_1,1.0,0.7798230428559383
2016-03-07,HOBBIES_1_020,CA_1,1.0,0.6576153925581161
2016-03-07,HOBBIES_1_020,CA_1,1.0,0.6704263338746954
2016-03-08,HOBBIES_1_020,CA_1,0.0,0.6695762178059009
2016-03-08,HOBBIES_1_020,CA_1,0.0,0.11897368621899894
2016-03-09,HOBBIES_1_020,CA_1,1.0,0.11897368621899894
2016-03-09,HOBBIES_1_020,CA_1,1.0,0.6736545120853079
2016-03-10,HOBBIES_1_020,CA_1,0.0,0.6736545120853079
2016-03-10,HOBBIES_1_020,CA_1,0.0,0.123051980498406
2016-03-11,HOBBIES_1_020,CA_1,0.0,0.17701842542605245
2016-03-11,HOBBIES_1_020,CA_1,0.0,0.1729401311466454
2016-03-12,HOBBIES_1_020,CA_1,0.0,0.2145522276307696
2016-03-12,HOBBIES_1_020,CA_1,0.0,0.21863052191017665
2016-03-13,HOBBIES_1_020,CA_1,0.0,0.2212218580535707
2016-03-13,HOBBIES_1_020,CA_1,0.0,0.1629552176221651
2016-03-14,HOBBIES_1_020,CA_1,0.0,0.09681195732064575
2016-03-14,HOBBIES_1_020,CA_1,0.0,0.09681195732064575
2016-03-15,HOBBIES_1_020,CA_1,0.0,0.10177977576724649
2016-03-15,HOBBIES_1_020,CA_1,0.0,0.10177977576724649
2016-03-16,HOBBIES_1_020,CA_1,0.0,0.10177977576724649
2016-03-16,HOBBIES_1_020,CA_1,0.0,0.10177977576724649
2016-03-17,HOBBIES_1_020,CA_1,0.0,0.09863875217723946
2016-03-17,HOBBIES_1_020,CA_1,0.0,0.09863875217723946
2016-03-18,HOBBIES_1_020,CA_1,0.0,0.13115430508875459
2016-03-18,HOBBIES_1_020,CA_1,0.0,0.13115430508875459
2016-03-19,HOBBIES_1_020,CA_1,1.0,0.1629552176221651
2016-03-19,HOBBIES_1_020,CA_1,1.0,0.8117821205738025
2016-03-20,HOBBIES_1_020,CA_1,0.0,0.8091907844304084
2016-03-20,HOBBIES_1_020,CA_1,0.0,0.2145522276307696
2016-03-21,HOBBIES_1_020,CA_1,1.0,0.12963498623850703
2016-03-21,HOBBIES_1_020,CA_1,1.0,0.680237517825409
2016-03-22,HOBBIES_1_020,CA_1,1.0,0.6695762178059009
2016-03-22,HOBBIES_1_020,CA_1,1.0,0.6736545120853079
2016-03-23,HOBBIES_1_020,CA_1,0.0,0.6834656960360215
2016-03-23,HOBBIES_1_020,CA_1,0.0,0.12878487016971263
2016-03-24,HOBBIES_1_020,CA_1,1.0,0.1158326626289919
2016-03-24,HOBBIES_1_020,CA_1,1.0,0.6705134884953009
2016-03-25,HOBBIES_1_020,CA_1,0.0,0.7347633715572612
2016-03-25,HOBBIES_1_020,CA_1,0.0,0.1712004909106573
2016-03-26,HOBBIES_1_020,CA_1,0.0,0.20881933795946298
2016-03-26,HOBBIES_1_020,CA_1,0.0,0.2047410436800559
2016-03-27,HOBBIES_1_020,CA_1,0.0,0.20160002009004888
2016-03-27,HOBBIES_1_020,CA_1,0.0,0.20567831436945594
2016-03-28,HOBBIES_1_020,CA_1,0.0,0.13630461666130814
2016-03-28,HOBBIES_1_020,CA_1,0.0,0.09681195732064575
2016-03-29,HOBBIES_1_020,CA_1,0.0,0.10177977576724649
2016-03-29,HOBBIES_1_020,CA_1,0.0,0.10177977576724649
2016-03-30,HOBBIES_1_020,CA_1,0.0,0.10177977576724649
2016-03-30,HOBBIES_1_020,CA_1,0.0,0.10177977576724649
2016-03-31,HOBBIES_1_020,CA_1,1.0,0.10177977576724649
2016-03-31,HOBBIES_1_020,CA_1,1.0,0.6999048665456521
2016-04-01,HOBBIES_1_020,CA_1,0.0,0.754080608095985
2016-04-01,HOBBIES_1_020,CA_1,0.0,0.1905177274493811
2016-04-02,HOBBIES_1_020,CA_1,1.0,0.2321298239335053
2016-04-02,HOBBIES_1_020,CA_1,1.0,0.8267683807331442
2016-04-03,HOBBIES_1_020,CA_1,1.0,0.8111392622670353
2016-04-03,HOBBIES_1_020,CA_1,1.0,0.8152175565464422
2016-04-04,HOBBIES_1_020,CA_1,1.0,0.6906060717196694
2016-04-04,HOBBIES_1_020,CA_1,1.0,0.6865277774402624
2016-04-05,HOBBIES_1_020,CA_1,0.0,0.6484691128074165
2016-04-05,HOBBIES_1_020,CA_1,0.0,0.1019448754999213
2016-04-06,HOBBIES_1_020,CA_1,0.0,0.13516017462865443
2016-04-06,HOBBIES_1_020,CA_1,0.0,0.13516017462865443
2016-04-07,HOBBIES_1_020,CA_1,0.0,0.15078929309476324
2016-04-07,HOBBIES_1_020,CA_1,0.0,0.15078929309476324
2016-04-08,HOBBIES_1_020,CA_1,0.0,0.18942094552016017
2016-04-08,HOBBIES_1_020,CA_1,0.0,0.13115430508875459
2016-04-09,HOBBIES_1_020,CA_1,0.0,0.1629552176221651
2016-04-09,HOBBIES_1_020,CA_1,0.0,0.1629552176221651
2016-04-10,HOBBIES_1_020,CA_1,0.0,0.1629552176221651
2016-04-10,HOBBIES_1_020,CA_1,0.0,0.1629552176221651
2016-04-11,HOBBIES_1_020,CA_1,0.0,0.09681195732064575
2016-04-11,HOBBIES_1_020,CA_1,0.0,0.09681195732064575
2016-04-12,HOBBIES_1_020,CA_1,0.0,0.10177977576724649
2016-04-12,HOBBIES_1_020,CA_1,0.0,0.10177977576724649
2016-04-13,HOBBIES_1_020,CA_1,0.0,0.10177977576724649
2016-04-13,HOBBIES_1_020,CA_1,0.0,0.10177977576724649
2016-04-14,HOBBIES_1_020,CA_1,0.0,0.11159095971796021
2016-04-14,HOBBIES_1_020,CA_1,0.0,0.11159095971796021
2016-04-15,HOBBIES_1_020,CA_1,1.0,0.13115430508875459
2016-04-15,HOBBIES_1_020,CA_1,1.0,0.7489055318873571
2016-04-16,HOBBIES_1_020,CA_1,1.0,0.8091907844304084
2016-04-16,HOBBIES_1_020,CA_1,1.0,0.8091907844304084
2016-04-17,HOBBIES_1_020,CA_1,0.0,0.8033728499150132
2016-04-17,HOBBIES_1_020,CA_1,0.0,0.20873429311537445
2016-04-18,HOBBIES_1_020,CA_1,0.0,0.12381705172311189
2016-04-18,HOBBIES_1_020,CA_1,0.0,0.12789534600251895
2016-04-19,HOBBIES_1_020,CA_1,0.0,0.11605897369722168
2016-04-19,HOBBIES_1_020,CA_1,0.0,0.11605897369722168
2016-04-20,HOBBIES_1_020,CA_1,0.0,0.12846149379132957
2016-04-20,HOBBIES_1_020,CA_1,0.0,0.08896883445066721
2016-04-21,HOBBIES_1_020,CA_1,0.0,0.08896883445066721
2016-04-21,HOBBIES_1_020,CA_1,0.0,0.08896883445066721
2016-04-22,HOBBIES_1_020,CA_1,0.0,0.10876604534006055
2016-04-22,HOBBIES_1_020,CA_1,0.0,0.10876604534006055
2016-04-23,HOBBIES_1_020,CA_1,0.0,0.13099613990430095
2016-04-23,HOBBIES_1_020,CA_1,0.0,0.13099613990430095
2016-04-24,HOBBIES_1_020,CA_1,0.0,0.13099613990430095
2016-04-24,HOBBIES_1_020,CA_1,0.0,0.13099613990430095
