id,item_id,store_id,date,demand,prediction
FOODS_1_021_CA_1_evaluation,FOODS_1_021,CA_1,2016-03-01,0,1.0
FOODS_1_021_CA_2_evaluation,FOODS_1_021,CA_2,2016-03-01,0,1.0
FOODS_1_021_CA_3_evaluation,FOODS_1_021,CA_3,2016-03-01,2,0.0
FOODS_1_021_CA_4_evaluation,FOODS_1_021,CA_4,2016-03-01,0,4.0
FOODS_1_021_TX_1_evaluation,FOODS_1_021,TX_1,2016-03-01,1,0.0
FOODS_1_021_TX_2_evaluation,FOODS_1_021,TX_2,2016-03-01,0,0.0
FOODS_1_021_TX_3_evaluation,FOODS_1_021,TX_3,2016-03-01,0,0.0
FOODS_1_021_WI_1_evaluation,FOODS_1_021,WI_1,2016-03-01,0,0.0
FOODS_1_021_WI_2_evaluation,FOODS_1_021,WI_2,2016-03-01,1,0.0
FOODS_1_021_WI_3_evaluation,FOODS_1_021,WI_3,2016-03-01,0,0.0
FOODS_2_035_CA_1_evaluation,FOODS_2_035,CA_1,2016-03-01,2,2.0
FOODS_2_035_CA_2_evaluation,FOODS_2_035,CA_2,2016-03-01,3,3.0
FOODS_2_035_CA_3_evaluation,FOODS_2_035,CA_3,2016-03-01,4,2.0
FOODS_2_035_CA_4_evaluation,FOODS_2_035,CA_4,2016-03-01,1,4.0
FOODS_2_035_TX_1_evaluation,FOODS_2_035,TX_1,2016-03-01,2,1.0
FOODS_2_035_TX_2_evaluation,FOODS_2_035,TX_2,2016-03-01,3,2.0
FOODS_2_035_TX_3_evaluation,FOODS_2_035,TX_3,2016-03-01,3,1.0
FOODS_2_035_WI_1_evaluation,FOODS_2_035,WI_1,2016-03-01,0,2.0
FOODS_2_035_WI_2_evaluation,FOODS_2_035,WI_2,2016-03-01,3,0.0
FOODS_2_035_WI_3_evaluation,FOODS_2_035,WI_3,2016-03-01,1,0.0
FOODS_3_180_CA_1_evaluation,FOODS_3_180,CA_1,2016-03-01,2,1.0
FOODS_3_180_CA_2_evaluation,FOODS_3_180,CA_2,2016-03-01,0,1.0
FOODS_3_180_CA_3_evaluation,FOODS_3_180,CA_3,2016-03-01,0,1.0
FOODS_3_180_CA_4_evaluation,FOODS_3_180,CA_4,2016-03-01,0,1.0
FOODS_3_180_TX_1_evaluation,FOODS_3_180,TX_1,2016-03-01,0,0.0
FOODS_3_180_TX_2_evaluation,FOODS_3_180,TX_2,2016-03-01,2,0.0
FOODS_3_180_TX_3_evaluation,FOODS_3_180,TX_3,2016-03-01,0,0.0
FOODS_3_180_WI_1_evaluation,FOODS_3_180,WI_1,2016-03-01,0,3.0
FOODS_3_180_WI_2_evaluation,FOODS_3_180,WI_2,2016-03-01,0,2.0
FOODS_3_180_WI_3_evaluation,FOODS_3_180,WI_3,2016-03-01,1,0.0
FOODS_3_260_CA_1_evaluation,FOODS_3_260,CA_1,2016-03-01,0,0.0
FOODS_3_260_CA_2_evaluation,FOODS_3_260,CA_2,2016-03-01,0,0.0
FOODS_3_260_CA_3_evaluation,FOODS_3_260,CA_3,2016-03-01,0,0.0
FOODS_3_260_CA_4_evaluation,FOODS_3_260,CA_4,2016-03-01,1,0.0
FOODS_3_260_TX_1_evaluation,FOODS_3_260,TX_1,2016-03-01,0,0.0
FOODS_3_260_TX_2_evaluation,FOODS_3_260,TX_2,2016-03-01,1,0.0
FOODS_3_260_TX_3_evaluation,FOODS_3_260,TX_3,2016-03-01,0,0.0
FOODS_3_260_WI_1_evaluation,FOODS_3_260,WI_1,2016-03-01,0,0.0
FOODS_3_260_WI_2_evaluation,FOODS_3_260,WI_2,2016-03-01,0,0.0
FOODS_3_260_WI_3_evaluation,FOODS_3_260,WI_3,2016-03-01,0,0.0
HOBBIES_1_022_CA_1_evaluation,HOBBIES_1_022,CA_1,2016-03-01,1,1.0
HOBBIES_1_022_CA_2_evaluation,HOBBIES_1_022,CA_2,2016-03-01,0,1.0
HOBBIES_1_022_CA_3_evaluation,HOBBIES_1_022,CA_3,2016-03-01,0,2.0
HOBBIES_1_022_CA_4_evaluation,HOBBIES_1_022,CA_4,2016-03-01,0,0.0
HOBBIES_1_022_TX_1_evaluation,HOBBIES_1_022,TX_1,2016-03-01,0,0.0
HOBBIES_1_022_TX_2_evaluation,HOBBIES_1_022,TX_2,2016-03-01,0,1.0
HOBBIES_1_022_TX_3_evaluation,HOBBIES_1_022,TX_3,2016-03-01,0,1.0
HOBBIES_1_022_WI_1_evaluation,HOBBIES_1_022,WI_1,2016-03-01,2,0.0
HOBBIES_1_022_WI_2_evaluation,HOBBIES_1_022,WI_2,2016-03-01,0,0.0
HOBBIES_1_022_WI_3_evaluation,HOBBIES_1_022,WI_3,2016-03-01,1,1.0
HOBBIES_1_209_CA_1_evaluation,HOBBIES_1_209,CA_1,2016-03-01,3,6.0
HOBBIES_1_209_CA_2_evaluation,HOBBIES_1_209,CA_2,2016-03-01,8,8.0
HOBBIES_1_209_CA_3_evaluation,HOBBIES_1_209,CA_3,2016-03-01,10,8.0
HOBBIES_1_209_CA_4_evaluation,HOBBIES_1_209,CA_4,2016-03-01,0,0.0
HOBBIES_1_209_TX_1_evaluation,HOBBIES_1_209,TX_1,2016-03-01,3,0.0
HOBBIES_1_209_TX_2_evaluation,HOBBIES_1_209,TX_2,2016-03-01,5,2.0
HOBBIES_1_209_TX_3_evaluation,HOBBIES_1_209,TX_3,2016-03-01,0,0.0
HOBBIES_1_209_WI_1_evaluation,HOBBIES_1_209,WI_1,2016-03-01,1,7.0
HOBBIES_1_209_WI_2_evaluation,HOBBIES_1_209,WI_2,2016-03-01,1,0.0
HOBBIES_1_209_WI_3_evaluation,HOBBIES_1_209,WI_3,2016-03-01,3,0.0
HOBBIES_2_041_CA_1_evaluation,HOBBIES_2_041,CA_1,2016-03-01,0,0.0
HOBBIES_2_041_CA_2_evaluation,HOBBIES_2_041,CA_2,2016-03-01,0,3.0
HOBBIES_2_041_CA_3_evaluation,HOBBIES_2_041,CA_3,2016-03-01,0,0.0
HOBBIES_2_041_CA_4_evaluation,HOBBIES_2_041,CA_4,2016-03-01,0,0.0
HOBBIES_2_041_TX_1_evaluation,HOBBIES_2_041,TX_1,2016-03-01,0,0.0
HOBBIES_2_041_TX_2_evaluation,HOBBIES_2_041,TX_2,2016-03-01,0,0.0
HOBBIES_2_041_TX_3_evaluation,HOBBIES_2_041,TX_3,2016-03-01,0,2.0
HOBBIES_2_041_WI_1_evaluation,HOBBIES_2_041,WI_1,2016-03-01,1,0.0
HOBBIES_2_041_WI_2_evaluation,HOBBIES_2_041,WI_2,2016-03-01,1,0.0
HOBBIES_2_041_WI_3_evaluation,HOBBIES_2_041,WI_3,2016-03-01,0,0.0
HOBBIES_2_113_CA_1_evaluation,HOBBIES_2_113,CA_1,2016-03-01,0,0.0
HOBBIES_2_113_CA_2_evaluation,HOBBIES_2_113,CA_2,2016-03-01,0,0.0
HOBBIES_2_113_CA_3_evaluation,HOBBIES_2_113,CA_3,2016-03-01,0,0.0
HOBBIES_2_113_CA_4_evaluation,HOBBIES_2_113,CA_4,2016-03-01,0,0.0
HOBBIES_2_113_TX_1_evaluation,HOBBIES_2_113,TX_1,2016-03-01,0,0.0
HOBBIES_2_113_TX_2_evaluation,HOBBIES_2_113,TX_2,2016-03-01,0,0.0
HOBBIES_2_113_TX_3_evaluation,HOBBIES_2_113,TX_3,2016-03-01,0,0.0
HOBBIES_2_113_WI_1_evaluation,HOBBIES_2_113,WI_1,2016-03-01,0,0.0
HOBBIES_2_113_WI_2_evaluation,HOBBIES_2_113,WI_2,2016-03-01,0,0.0
HOBBIES_2_113_WI_3_evaluation,HOBBIES_2_113,WI_3,2016-03-01,0,0.0
HOUSEHOLD_1_100_CA_1_evaluation,HOUSEHOLD_1_100,CA_1,2016-03-01,0,0.0
HOUSEHOLD_1_100_CA_2_evaluation,HOUSEHOLD_1_100,CA_2,2016-03-01,0,0.0
HOUSEHOLD_1_100_CA_3_evaluation,HOUSEHOLD_1_100,CA_3,2016-03-01,0,0.0
HOUSEHOLD_1_100_CA_4_evaluation,HOUSEHOLD_1_100,CA_4,2016-03-01,0,0.0
HOUSEHOLD_1_100_TX_1_evaluation,HOUSEHOLD_1_100,TX_1,2016-03-01,0,0.0
HOUSEHOLD_1_100_TX_2_evaluation,HOUSEHOLD_1_100,TX_2,2016-03-01,0,0.0
HOUSEHOLD_1_100_TX_3_evaluation,HOUSEHOLD_1_100,TX_3,2016-03-01,0,0.0
HOUSEHOLD_1_100_WI_1_evaluation,HOUSEHOLD_1_100,WI_1,2016-03-01,0,0.0
HOUSEHOLD_1_100_WI_2_evaluation,HOUSEHOLD_1_100,WI_2,2016-03-01,0,0.0
HOUSEHOLD_1_100_WI_3_evaluation,HOUSEHOLD_1_100,WI_3,2016-03-01,0,0.0
HOUSEHOLD_1_290_CA_1_evaluation,HOUSEHOLD_1_290,CA_1,2016-03-01,0,0.0
HOUSEHOLD_1_290_CA_2_evaluation,HOUSEHOLD_1_290,CA_2,2016-03-01,0,1.0
HOUSEHOLD_1_290_CA_3_evaluation,HOUSEHOLD_1_290,CA_3,2016-03-01,0,1.0
HOUSEHOLD_1_290_CA_4_evaluation,HOUSEHOLD_1_290,CA_4,2016-03-01,0,0.0
HOUSEHOLD_1_290_TX_1_evaluation,HOUSEHOLD_1_290,TX_1,2016-03-01,3,2.0
HOUSEHOLD_1_290_TX_2_evaluation,HOUSEHOLD_1_290,TX_2,2016-03-01,0,3.0
HOUSEHOLD_1_290_TX_3_evaluation,HOUSEHOLD_1_290,TX_3,2016-03-01,3,0.0
HOUSEHOLD_1_290_WI_1_evaluation,HOUSEHOLD_1_290,WI_1,2016-03-01,0,0.0
HOUSEHOLD_1_290_WI_2_evaluation,HOUSEHOLD_1_290,WI_2,2016-03-01,0,3.0
HOUSEHOLD_1_290_WI_3_evaluation,HOUSEHOLD_1_290,WI_3,2016-03-01,3,0.0
HOUSEHOLD_1_370_CA_1_evaluation,HOUSEHOLD_1_370,CA_1,2016-03-01,2,1.0
HOUSEHOLD_1_370_CA_2_evaluation,HOUSEHOLD_1_370,CA_2,2016-03-01,3,3.0
HOUSEHOLD_1_370_CA_3_evaluation,HOUSEHOLD_1_370,CA_3,2016-03-01,3,2.0
HOUSEHOLD_1_370_CA_4_evaluation,HOUSEHOLD_1_370,CA_4,2016-03-01,1,0.0
HOUSEHOLD_1_370_TX_1_evaluation,HOUSEHOLD_1_370,TX_1,2016-03-01,0,2.0
HOUSEHOLD_1_370_TX_2_evaluation,HOUSEHOLD_1_370,TX_2,2016-03-01,1,0.0
HOUSEHOLD_1_370_TX_3_evaluation,HOUSEHOLD_1_370,TX_3,2016-03-01,5,0.0
HOUSEHOLD_1_370_WI_1_evaluation,HOUSEHOLD_1_370,WI_1,2016-03-01,1,1.0
HOUSEHOLD_1_370_WI_2_evaluation,HOUSEHOLD_1_370,WI_2,2016-03-01,4,5.0
HOUSEHOLD_1_370_WI_3_evaluation,HOUSEHOLD_1_370,WI_3,2016-03-01,0,2.0
HOUSEHOLD_1_489_CA_1_evaluation,HOUSEHOLD_1_489,CA_1,2016-03-01,0,2.0
HOUSEHOLD_1_489_CA_2_evaluation,HOUSEHOLD_1_489,CA_2,2016-03-01,2,1.0
HOUSEHOLD_1_489_CA_3_evaluation,HOUSEHOLD_1_489,CA_3,2016-03-01,0,0.0
HOUSEHOLD_1_489_CA_4_evaluation,HOUSEHOLD_1_489,CA_4,2016-03-01,0,1.0
HOUSEHOLD_1_489_TX_1_evaluation,HOUSEHOLD_1_489,TX_1,2016-03-01,0,4.0
HOUSEHOLD_1_489_TX_2_evaluation,HOUSEHOLD_1_489,TX_2,2016-03-01,1,0.0
HOUSEHOLD_1_489_TX_3_evaluation,HOUSEHOLD_1_489,TX_3,2016-03-01,1,1.0
HOUSEHOLD_1_489_WI_1_evaluation,HOUSEHOLD_1_489,WI_1,2016-03-01,1,1.0
HOUSEHOLD_1_489_WI_2_evaluation,HOUSEHOLD_1_489,WI_2,2016-03-01,2,1.0
HOUSEHOLD_1_489_WI_3_evaluation,HOUSEHOLD_1_489,WI_3,2016-03-01,1,0.0
HOUSEHOLD_2_442_CA_1_evaluation,HOUSEHOLD_2_442,CA_1,2016-03-01,2,2.0
HOUSEHOLD_2_442_CA_2_evaluation,HOUSEHOLD_2_442,CA_2,2016-03-01,1,3.0
HOUSEHOLD_2_442_CA_3_evaluation,HOUSEHOLD_2_442,CA_3,2016-03-01,1,0.0
HOUSEHOLD_2_442_CA_4_evaluation,HOUSEHOLD_2_442,CA_4,2016-03-01,0,0.0
HOUSEHOLD_2_442_TX_1_evaluation,HOUSEHOLD_2_442,TX_1,2016-03-01,0,1.0
HOUSEHOLD_2_442_TX_2_evaluation,HOUSEHOLD_2_442,TX_2,2016-03-01,0,1.0
HOUSEHOLD_2_442_TX_3_evaluation,HOUSEHOLD_2_442,TX_3,2016-03-01,1,0.0
HOUSEHOLD_2_442_WI_1_evaluation,HOUSEHOLD_2_442,WI_1,2016-03-01,1,1.0
HOUSEHOLD_2_442_WI_2_evaluation,HOUSEHOLD_2_442,WI_2,2016-03-01,1,3.0
HOUSEHOLD_2_442_WI_3_evaluation,HOUSEHOLD_2_442,WI_3,2016-03-01,2,1.0
FOODS_1_021_CA_1_evaluation,FOODS_1_021,CA_1,2016-03-02,3,0.0
FOODS_1_021_CA_2_evaluation,FOODS_1_021,CA_2,2016-03-02,1,4.0
FOODS_1_021_CA_3_evaluation,FOODS_1_021,CA_3,2016-03-02,1,1.0
FOODS_1_021_CA_4_evaluation,FOODS_1_021,CA_4,2016-03-02,0,2.0
FOODS_1_021_TX_1_evaluation,FOODS_1_021,TX_1,2016-03-02,0,0.0
FOODS_1_021_TX_2_evaluation,FOODS_1_021,TX_2,2016-03-02,0,0.0
FOODS_1_021_TX_3_evaluation,FOODS_1_021,TX_3,2016-03-02,0,0.0
FOODS_1_021_WI_1_evaluation,FOODS_1_021,WI_1,2016-03-02,4,3.0
FOODS_1_021_WI_2_evaluation,FOODS_1_021,WI_2,2016-03-02,0,2.0
FOODS_1_021_WI_3_evaluation,FOODS_1_021,WI_3,2016-03-02,3,1.0
FOODS_2_035_CA_1_evaluation,FOODS_2_035,CA_1,2016-03-02,0,0.0
FOODS_2_035_CA_2_evaluation,FOODS_2_035,CA_2,2016-03-02,1,5.0
FOODS_2_035_CA_3_evaluation,FOODS_2_035,CA_3,2016-03-02,4,1.0
FOODS_2_035_CA_4_evaluation,FOODS_2_035,CA_4,2016-03-02,0,0.0
FOODS_2_035_TX_1_evaluation,FOODS_2_035,TX_1,2016-03-02,1,0.0
FOODS_2_035_TX_2_evaluation,FOODS_2_035,TX_2,2016-03-02,2,0.0
FOODS_2_035_TX_3_evaluation,FOODS_2_035,TX_3,2016-03-02,2,1.0
FOODS_2_035_WI_1_evaluation,FOODS_2_035,WI_1,2016-03-02,1,0.0
FOODS_2_035_WI_2_evaluation,FOODS_2_035,WI_2,2016-03-02,1,1.0
FOODS_2_035_WI_3_evaluation,FOODS_2_035,WI_3,2016-03-02,0,0.0
FOODS_3_180_CA_1_evaluation,FOODS_3_180,CA_1,2016-03-02,0,0.0
FOODS_3_180_CA_2_evaluation,FOODS_3_180,CA_2,2016-03-02,0,0.0
FOODS_3_180_CA_3_evaluation,FOODS_3_180,CA_3,2016-03-02,1,0.0
FOODS_3_180_CA_4_evaluation,FOODS_3_180,CA_4,2016-03-02,1,1.0
FOODS_3_180_TX_1_evaluation,FOODS_3_180,TX_1,2016-03-02,0,0.0
FOODS_3_180_TX_2_evaluation,FOODS_3_180,TX_2,2016-03-02,1,1.0
FOODS_3_180_TX_3_evaluation,FOODS_3_180,TX_3,2016-03-02,0,0.0
FOODS_3_180_WI_1_evaluation,FOODS_3_180,WI_1,2016-03-02,2,0.0
FOODS_3_180_WI_2_evaluation,FOODS_3_180,WI_2,2016-03-02,1,3.0
FOODS_3_180_WI_3_evaluation,FOODS_3_180,WI_3,2016-03-02,0,0.0
FOODS_3_260_CA_1_evaluation,FOODS_3_260,CA_1,2016-03-02,1,0.0
FOODS_3_260_CA_2_evaluation,FOODS_3_260,CA_2,2016-03-02,0,0.0
FOODS_3_260_CA_3_evaluation,FOODS_3_260,CA_3,2016-03-02,0,0.0
FOODS_3_260_CA_4_evaluation,FOODS_3_260,CA_4,2016-03-02,1,1.0
FOODS_3_260_TX_1_evaluation,FOODS_3_260,TX_1,2016-03-02,0,0.0
FOODS_3_260_TX_2_evaluation,FOODS_3_260,TX_2,2016-03-02,0,0.0
FOODS_3_260_TX_3_evaluation,FOODS_3_260,TX_3,2016-03-02,0,0.0
FOODS_3_260_WI_1_evaluation,FOODS_3_260,WI_1,2016-03-02,0,0.0
FOODS_3_260_WI_2_evaluation,FOODS_3_260,WI_2,2016-03-02,0,0.0
FOODS_3_260_WI_3_evaluation,FOODS_3_260,WI_3,2016-03-02,0,0.0
HOBBIES_1_022_CA_1_evaluation,HOBBIES_1_022,CA_1,2016-03-02,0,0.0
HOBBIES_1_022_CA_2_evaluation,HOBBIES_1_022,CA_2,2016-03-02,0,0.0
HOBBIES_1_022_CA_3_evaluation,HOBBIES_1_022,CA_3,2016-03-02,0,2.0
HOBBIES_1_022_CA_4_evaluation,HOBBIES_1_022,CA_4,2016-03-02,0,0.0
HOBBIES_1_022_TX_1_evaluation,HOBBIES_1_022,TX_1,2016-03-02,0,0.0
HOBBIES_1_022_TX_2_evaluation,HOBBIES_1_022,TX_2,2016-03-02,1,1.0
HOBBIES_1_022_TX_3_evaluation,HOBBIES_1_022,TX_3,2016-03-02,0,0.0
HOBBIES_1_022_WI_1_evaluation,HOBBIES_1_022,WI_1,2016-03-02,0,0.0
HOBBIES_1_022_WI_2_evaluation,HOBBIES_1_022,WI_2,2016-03-02,0,1.0
HOBBIES_1_022_WI_3_evaluation,HOBBIES_1_022,WI_3,2016-03-02,1,0.0
HOBBIES_1_209_CA_1_evaluation,HOBBIES_1_209,CA_1,2016-03-02,1,1.0
HOBBIES_1_209_CA_2_evaluation,HOBBIES_1_209,CA_2,2016-03-02,7,4.0
HOBBIES_1_209_CA_3_evaluation,HOBBIES_1_209,CA_3,2016-03-02,5,1.0
HOBBIES_1_209_CA_4_evaluation,HOBBIES_1_209,CA_4,2016-03-02,0,0.0
HOBBIES_1_209_TX_1_evaluation,HOBBIES_1_209,TX_1,2016-03-02,0,1.0
HOBBIES_1_209_TX_2_evaluation,HOBBIES_1_209,TX_2,2016-03-02,0,0.0
HOBBIES_1_209_TX_3_evaluation,HOBBIES_1_209,TX_3,2016-03-02,0,0.0
HOBBIES_1_209_WI_1_evaluation,HOBBIES_1_209,WI_1,2016-03-02,1,0.0
HOBBIES_1_209_WI_2_evaluation,HOBBIES_1_209,WI_2,2016-03-02,1,0.0
HOBBIES_1_209_WI_3_evaluation,HOBBIES_1_209,WI_3,2016-03-02,0,1.0
HOBBIES_2_041_CA_1_evaluation,HOBBIES_2_041,CA_1,2016-03-02,0,0.0
HOBBIES_2_041_CA_2_evaluation,HOBBIES_2_041,CA_2,2016-03-02,4,0.0
HOBBIES_2_041_CA_3_evaluation,HOBBIES_2_041,CA_3,2016-03-02,1,0.0
HOBBIES_2_041_CA_4_evaluation,HOBBIES_2_041,CA_4,2016-03-02,0,0.0
HOBBIES_2_041_TX_1_evaluation,HOBBIES_2_041,TX_1,2016-03-02,0,0.0
HOBBIES_2_041_TX_2_evaluation,HOBBIES_2_041,TX_2,2016-03-02,0,0.0
HOBBIES_2_041_TX_3_evaluation,HOBBIES_2_041,TX_3,2016-03-02,0,0.0
HOBBIES_2_041_WI_1_evaluation,HOBBIES_2_041,WI_1,2016-03-02,0,0.0
HOBBIES_2_041_WI_2_evaluation,HOBBIES_2_041,WI_2,2016-03-02,0,0.0
HOBBIES_2_041_WI_3_evaluation,HOBBIES_2_041,WI_3,2016-03-02,0,0.0
HOBBIES_2_113_CA_1_evaluation,HOBBIES_2_113,CA_1,2016-03-02,0,0.0
HOBBIES_2_113_CA_2_evaluation,HOBBIES_2_113,CA_2,2016-03-02,0,0.0
HOBBIES_2_113_CA_3_evaluation,HOBBIES_2_113,CA_3,2016-03-02,0,0.0
HOBBIES_2_113_CA_4_evaluation,HOBBIES_2_113,CA_4,2016-03-02,0,0.0
HOBBIES_2_113_TX_1_evaluation,HOBBIES_2_113,TX_1,2016-03-02,0,0.0
HOBBIES_2_113_TX_2_evaluation,HOBBIES_2_113,TX_2,2016-03-02,0,0.0
HOBBIES_2_113_TX_3_evaluation,HOBBIES_2_113,TX_3,2016-03-02,0,0.0
HOBBIES_2_113_WI_1_evaluation,HOBBIES_2_113,WI_1,2016-03-02,0,0.0
HOBBIES_2_113_WI_2_evaluation,HOBBIES_2_113,WI_2,2016-03-02,0,0.0
HOBBIES_2_113_WI_3_evaluation,HOBBIES_2_113,WI_3,2016-03-02,0,0.0
HOUSEHOLD_1_100_CA_1_evaluation,HOUSEHOLD_1_100,CA_1,2016-03-02,0,0.0
HOUSEHOLD_1_100_CA_2_evaluation,HOUSEHOLD_1_100,CA_2,2016-03-02,0,0.0
HOUSEHOLD_1_100_CA_3_evaluation,HOUSEHOLD_1_100,CA_3,2016-03-02,0,0.0
HOUSEHOLD_1_100_CA_4_evaluation,HOUSEHOLD_1_100,CA_4,2016-03-02,0,0.0
HOUSEHOLD_1_100_TX_1_evaluation,HOUSEHOLD_1_100,TX_1,2016-03-02,0,0.0
HOUSEHOLD_1_100_TX_2_evaluation,HOUSEHOLD_1_100,TX_2,2016-03-02,0,0.0
HOUSEHOLD_1_100_TX_3_evaluation,HOUSEHOLD_1_100,TX_3,2016-03-02,0,0.0
HOUSEHOLD_1_100_WI_1_evaluation,HOUSEHOLD_1_100,WI_1,2016-03-02,0,0.0
HOUSEHOLD_1_100_WI_2_evaluation,HOUSEHOLD_1_100,WI_2,2016-03-02,0,0.0
HOUSEHOLD_1_100_WI_3_evaluation,HOUSEHOLD_1_100,WI_3,2016-03-02,0,0.0
HOUSEHOLD_1_290_CA_1_evaluation,HOUSEHOLD_1_290,CA_1,2016-03-02,0,0.0
HOUSEHOLD_1_290_CA_2_evaluation,HOUSEHOLD_1_290,CA_2,2016-03-02,2,0.0
HOUSEHOLD_1_290_CA_3_evaluation,HOUSEHOLD_1_290,CA_3,2016-03-02,1,1.0
HOUSEHOLD_1_290_CA_4_evaluation,HOUSEHOLD_1_290,CA_4,2016-03-02,0,0.0
HOUSEHOLD_1_290_TX_1_evaluation,HOUSEHOLD_1_290,TX_1,2016-03-02,1,0.0
HOUSEHOLD_1_290_TX_2_evaluation,HOUSEHOLD_1_290,TX_2,2016-03-02,1,0.0
HOUSEHOLD_1_290_TX_3_evaluation,HOUSEHOLD_1_290,TX_3,2016-03-02,1,1.0
HOUSEHOLD_1_290_WI_1_evaluation,HOUSEHOLD_1_290,WI_1,2016-03-02,1,0.0
HOUSEHOLD_1_290_WI_2_evaluation,HOUSEHOLD_1_290,WI_2,2016-03-02,0,4.0
HOUSEHOLD_1_290_WI_3_evaluation,HOUSEHOLD_1_290,WI_3,2016-03-02,2,4.0
HOUSEHOLD_1_370_CA_1_evaluation,HOUSEHOLD_1_370,CA_1,2016-03-02,3,1.0
HOUSEHOLD_1_370_CA_2_evaluation,HOUSEHOLD_1_370,CA_2,2016-03-02,3,1.0
HOUSEHOLD_1_370_CA_3_evaluation,HOUSEHOLD_1_370,CA_3,2016-03-02,2,3.0
HOUSEHOLD_1_370_CA_4_evaluation,HOUSEHOLD_1_370,CA_4,2016-03-02,0,1.0
HOUSEHOLD_1_370_TX_1_evaluation,HOUSEHOLD_1_370,TX_1,2016-03-02,2,0.0
HOUSEHOLD_1_370_TX_2_evaluation,HOUSEHOLD_1_370,TX_2,2016-03-02,2,1.0
HOUSEHOLD_1_370_TX_3_evaluation,HOUSEHOLD_1_370,TX_3,2016-03-02,0,0.0
HOUSEHOLD_1_370_WI_1_evaluation,HOUSEHOLD_1_370,WI_1,2016-03-02,0,0.0
HOUSEHOLD_1_370_WI_2_evaluation,HOUSEHOLD_1_370,WI_2,2016-03-02,2,1.0
HOUSEHOLD_1_370_WI_3_evaluation,HOUSEHOLD_1_370,WI_3,2016-03-02,2,3.0
HOUSEHOLD_1_489_CA_1_evaluation,HOUSEHOLD_1_489,CA_1,2016-03-02,1,0.0
HOUSEHOLD_1_489_CA_2_evaluation,HOUSEHOLD_1_489,CA_2,2016-03-02,0,0.0
HOUSEHOLD_1_489_CA_3_evaluation,HOUSEHOLD_1_489,CA_3,2016-03-02,3,4.0
HOUSEHOLD_1_489_CA_4_evaluation,HOUSEHOLD_1_489,CA_4,2016-03-02,0,1.0
HOUSEHOLD_1_489_TX_1_evaluation,HOUSEHOLD_1_489,TX_1,2016-03-02,0,0.0
HOUSEHOLD_1_489_TX_2_evaluation,HOUSEHOLD_1_489,TX_2,2016-03-02,0,5.0
HOUSEHOLD_1_489_TX_3_evaluation,HOUSEHOLD_1_489,TX_3,2016-03-02,2,4.0
HOUSEHOLD_1_489_WI_1_evaluation,HOUSEHOLD_1_489,WI_1,2016-03-02,0,0.0
HOUSEHOLD_1_489_WI_2_evaluation,HOUSEHOLD_1_489,WI_2,2016-03-02,1,1.0
HOUSEHOLD_1_489_WI_3_evaluation,HOUSEHOLD_1_489,WI_3,2016-03-02,0,0.0
HOUSEHOLD_2_442_CA_1_evaluation,HOUSEHOLD_2_442,CA_1,2016-03-02,3,3.0
HOUSEHOLD_2_442_CA_2_evaluation,HOUSEHOLD_2_442,CA_2,2016-03-02,0,1.0
HOUSEHOLD_2_442_CA_3_evaluation,HOUSEHOLD_2_442,CA_3,2016-03-02,0,0.0
HOUSEHOLD_2_442_CA_4_evaluation,HOUSEHOLD_2_442,CA_4,2016-03-02,0,0.0
HOUSEHOLD_2_442_TX_1_evaluation,HOUSEHOLD_2_442,TX_1,2016-03-02,1,0.0
HOUSEHOLD_2_442_TX_2_evaluation,HOUSEHOLD_2_442,TX_2,2016-03-02,0,1.0
HOUSEHOLD_2_442_TX_3_evaluation,HOUSEHOLD_2_442,TX_3,2016-03-02,0,1.0
HOUSEHOLD_2_442_WI_1_evaluation,HOUSEHOLD_2_442,WI_1,2016-03-02,0,2.0
HOUSEHOLD_2_442_WI_2_evaluation,HOUSEHOLD_2_442,WI_2,2016-03-02,0,1.0
HOUSEHOLD_2_442_WI_3_evaluation,HOUSEHOLD_2_442,WI_3,2016-03-02,1,0.0
FOODS_1_021_CA_1_evaluation,FOODS_1_021,CA_1,2016-03-03,0,0.0
FOODS_1_021_CA_2_evaluation,FOODS_1_021,CA_2,2016-03-03,2,0.0
FOODS_1_021_CA_3_evaluation,FOODS_1_021,CA_3,2016-03-03,1,1.0
FOODS_1_021_CA_4_evaluation,FOODS_1_021,CA_4,2016-03-03,0,3.0
FOODS_1_021_TX_1_evaluation,FOODS_1_021,TX_1,2016-03-03,0,0.0
FOODS_1_021_TX_2_evaluation,FOODS_1_021,TX_2,2016-03-03,0,0.0
FOODS_1_021_TX_3_evaluation,FOODS_1_021,TX_3,2016-03-03,0,0.0
FOODS_1_021_WI_1_evaluation,FOODS_1_021,WI_1,2016-03-03,0,5.0
FOODS_1_021_WI_2_evaluation,FOODS_1_021,WI_2,2016-03-03,1,1.0
FOODS_1_021_WI_3_evaluation,FOODS_1_021,WI_3,2016-03-03,0,0.0
FOODS_2_035_CA_1_evaluation,FOODS_2_035,CA_1,2016-03-03,1,2.0
FOODS_2_035_CA_2_evaluation,FOODS_2_035,CA_2,2016-03-03,1,2.0
FOODS_2_035_CA_3_evaluation,FOODS_2_035,CA_3,2016-03-03,2,1.0
FOODS_2_035_CA_4_evaluation,FOODS_2_035,CA_4,2016-03-03,1,1.0
FOODS_2_035_TX_1_evaluation,FOODS_2_035,TX_1,2016-03-03,2,1.0
FOODS_2_035_TX_2_evaluation,FOODS_2_035,TX_2,2016-03-03,0,1.0
FOODS_2_035_TX_3_evaluation,FOODS_2_035,TX_3,2016-03-03,1,2.0
FOODS_2_035_WI_1_evaluation,FOODS_2_035,WI_1,2016-03-03,1,0.0
FOODS_2_035_WI_2_evaluation,FOODS_2_035,WI_2,2016-03-03,0,1.0
FOODS_2_035_WI_3_evaluation,FOODS_2_035,WI_3,2016-03-03,0,2.0
FOODS_3_180_CA_1_evaluation,FOODS_3_180,CA_1,2016-03-03,0,0.0
FOODS_3_180_CA_2_evaluation,FOODS_3_180,CA_2,2016-03-03,0,0.0
FOODS_3_180_CA_3_evaluation,FOODS_3_180,CA_3,2016-03-03,0,0.0
FOODS_3_180_CA_4_evaluation,FOODS_3_180,CA_4,2016-03-03,0,2.0
FOODS_3_180_TX_1_evaluation,FOODS_3_180,TX_1,2016-03-03,1,0.0
FOODS_3_180_TX_2_evaluation,FOODS_3_180,TX_2,2016-03-03,0,0.0
FOODS_3_180_TX_3_evaluation,FOODS_3_180,TX_3,2016-03-03,0,1.0
FOODS_3_180_WI_1_evaluation,FOODS_3_180,WI_1,2016-03-03,0,0.0
FOODS_3_180_WI_2_evaluation,FOODS_3_180,WI_2,2016-03-03,0,0.0
FOODS_3_180_WI_3_evaluation,FOODS_3_180,WI_3,2016-03-03,1,0.0
FOODS_3_260_CA_1_evaluation,FOODS_3_260,CA_1,2016-03-03,2,2.0
FOODS_3_260_CA_2_evaluation,FOODS_3_260,CA_2,2016-03-03,0,0.0
FOODS_3_260_CA_3_evaluation,FOODS_3_260,CA_3,2016-03-03,0,0.0
FOODS_3_260_CA_4_evaluation,FOODS_3_260,CA_4,2016-03-03,0,3.0
FOODS_3_260_TX_1_evaluation,FOODS_3_260,TX_1,2016-03-03,1,0.0
FOODS_3_260_TX_2_evaluation,FOODS_3_260,TX_2,2016-03-03,0,0.0
FOODS_3_260_TX_3_evaluation,FOODS_3_260,TX_3,2016-03-03,0,0.0
FOODS_3_260_WI_1_evaluation,FOODS_3_260,WI_1,2016-03-03,0,0.0
FOODS_3_260_WI_2_evaluation,FOODS_3_260,WI_2,2016-03-03,0,0.0
FOODS_3_260_WI_3_evaluation,FOODS_3_260,WI_3,2016-03-03,0,0.0
HOBBIES_1_022_CA_1_evaluation,HOBBIES_1_022,CA_1,2016-03-03,3,0.0
HOBBIES_1_022_CA_2_evaluation,HOBBIES_1_022,CA_2,2016-03-03,1,0.0
HOBBIES_1_022_CA_3_evaluation,HOBBIES_1_022,CA_3,2016-03-03,0,1.0
HOBBIES_1_022_CA_4_evaluation,HOBBIES_1_022,CA_4,2016-03-03,1,0.0
HOBBIES_1_022_TX_1_evaluation,HOBBIES_1_022,TX_1,2016-03-03,0,0.0
HOBBIES_1_022_TX_2_evaluation,HOBBIES_1_022,TX_2,2016-03-03,1,1.0
HOBBIES_1_022_TX_3_evaluation,HOBBIES_1_022,TX_3,2016-03-03,2,0.0
HOBBIES_1_022_WI_1_evaluation,HOBBIES_1_022,WI_1,2016-03-03,0,0.0
HOBBIES_1_022_WI_2_evaluation,HOBBIES_1_022,WI_2,2016-03-03,0,0.0
HOBBIES_1_022_WI_3_evaluation,HOBBIES_1_022,WI_3,2016-03-03,0,1.0
HOBBIES_1_209_CA_1_evaluation,HOBBIES_1_209,CA_1,2016-03-03,5,0.0
HOBBIES_1_209_CA_2_evaluation,HOBBIES_1_209,CA_2,2016-03-03,6,0.0
HOBBIES_1_209_CA_3_evaluation,HOBBIES_1_209,CA_3,2016-03-03,0,1.0
HOBBIES_1_209_CA_4_evaluation,HOBBIES_1_209,CA_4,2016-03-03,0,0.0
HOBBIES_1_209_TX_1_evaluation,HOBBIES_1_209,TX_1,2016-03-03,0,0.0
HOBBIES_1_209_TX_2_evaluation,HOBBIES_1_209,TX_2,2016-03-03,0,1.0
HOBBIES_1_209_TX_3_evaluation,HOBBIES_1_209,TX_3,2016-03-03,0,0.0
HOBBIES_1_209_WI_1_evaluation,HOBBIES_1_209,WI_1,2016-03-03,4,1.0
HOBBIES_1_209_WI_2_evaluation,HOBBIES_1_209,WI_2,2016-03-03,5,0.0
HOBBIES_1_209_WI_3_evaluation,HOBBIES_1_209,WI_3,2016-03-03,0,2.0
HOBBIES_2_041_CA_1_evaluation,HOBBIES_2_041,CA_1,2016-03-03,0,0.0
HOBBIES_2_041_CA_2_evaluation,HOBBIES_2_041,CA_2,2016-03-03,3,0.0
HOBBIES_2_041_CA_3_evaluation,HOBBIES_2_041,CA_3,2016-03-03,0,0.0
HOBBIES_2_041_CA_4_evaluation,HOBBIES_2_041,CA_4,2016-03-03,0,2.0
HOBBIES_2_041_TX_1_evaluation,HOBBIES_2_041,TX_1,2016-03-03,0,1.0
HOBBIES_2_041_TX_2_evaluation,HOBBIES_2_041,TX_2,2016-03-03,1,3.0
HOBBIES_2_041_TX_3_evaluation,HOBBIES_2_041,TX_3,2016-03-03,0,0.0
HOBBIES_2_041_WI_1_evaluation,HOBBIES_2_041,WI_1,2016-03-03,0,0.0
HOBBIES_2_041_WI_2_evaluation,HOBBIES_2_041,WI_2,2016-03-03,0,0.0
HOBBIES_2_041_WI_3_evaluation,HOBBIES_2_041,WI_3,2016-03-03,0,0.0
HOBBIES_2_113_CA_1_evaluation,HOBBIES_2_113,CA_1,2016-03-03,0,0.0
HOBBIES_2_113_CA_2_evaluation,HOBBIES_2_113,CA_2,2016-03-03,0,0.0
HOBBIES_2_113_CA_3_evaluation,HOBBIES_2_113,CA_3,2016-03-03,0,0.0
HOBBIES_2_113_CA_4_evaluation,HOBBIES_2_113,CA_4,2016-03-03,0,0.0
HOBBIES_2_113_TX_1_evaluation,HOBBIES_2_113,TX_1,2016-03-03,1,0.0
HOBBIES_2_113_TX_2_evaluation,HOBBIES_2_113,TX_2,2016-03-03,0,0.0
HOBBIES_2_113_TX_3_evaluation,HOBBIES_2_113,TX_3,2016-03-03,0,0.0
HOBBIES_2_113_WI_1_evaluation,HOBBIES_2_113,WI_1,2016-03-03,0,0.0
HOBBIES_2_113_WI_2_evaluation,HOBBIES_2_113,WI_2,2016-03-03,0,0.0
HOBBIES_2_113_WI_3_evaluation,HOBBIES_2_113,WI_3,2016-03-03,0,0.0
HOUSEHOLD_1_100_CA_1_evaluation,HOUSEHOLD_1_100,CA_1,2016-03-03,0,0.0
HOUSEHOLD_1_100_CA_2_evaluation,HOUSEHOLD_1_100,CA_2,2016-03-03,1,0.0
HOUSEHOLD_1_100_CA_3_evaluation,HOUSEHOLD_1_100,CA_3,2016-03-03,0,0.0
HOUSEHOLD_1_100_CA_4_evaluation,HOUSEHOLD_1_100,CA_4,2016-03-03,0,0.0
HOUSEHOLD_1_100_TX_1_evaluation,HOUSEHOLD_1_100,TX_1,2016-03-03,0,0.0
HOUSEHOLD_1_100_TX_2_evaluation,HOUSEHOLD_1_100,TX_2,2016-03-03,0,0.0
HOUSEHOLD_1_100_TX_3_evaluation,HOUSEHOLD_1_100,TX_3,2016-03-03,0,0.0
HOUSEHOLD_1_100_WI_1_evaluation,HOUSEHOLD_1_100,WI_1,2016-03-03,0,0.0
HOUSEHOLD_1_100_WI_2_evaluation,HOUSEHOLD_1_100,WI_2,2016-03-03,0,0.0
HOUSEHOLD_1_100_WI_3_evaluation,HOUSEHOLD_1_100,WI_3,2016-03-03,0,0.0
HOUSEHOLD_1_290_CA_1_evaluation,HOUSEHOLD_1_290,CA_1,2016-03-03,2,0.0
HOUSEHOLD_1_290_CA_2_evaluation,HOUSEHOLD_1_290,CA_2,2016-03-03,0,1.0
HOUSEHOLD_1_290_CA_3_evaluation,HOUSEHOLD_1_290,CA_3,2016-03-03,0,2.0
HOUSEHOLD_1_290_CA_4_evaluation,HOUSEHOLD_1_290,CA_4,2016-03-03,0,0.0
HOUSEHOLD_1_290_TX_1_evaluation,HOUSEHOLD_1_290,TX_1,2016-03-03,1,0.0
HOUSEHOLD_1_290_TX_2_evaluation,HOUSEHOLD_1_290,TX_2,2016-03-03,0,2.0
HOUSEHOLD_1_290_TX_3_evaluation,HOUSEHOLD_1_290,TX_3,2016-03-03,0,0.0
HOUSEHOLD_1_290_WI_1_evaluation,HOUSEHOLD_1_290,WI_1,2016-03-03,0,1.0
HOUSEHOLD_1_290_WI_2_evaluation,HOUSEHOLD_1_290,WI_2,2016-03-03,1,4.0
HOUSEHOLD_1_290_WI_3_evaluation,HOUSEHOLD_1_290,WI_3,2016-03-03,0,1.0
HOUSEHOLD_1_370_CA_1_evaluation,HOUSEHOLD_1_370,CA_1,2016-03-03,0,5.0
HOUSEHOLD_1_370_CA_2_evaluation,HOUSEHOLD_1_370,CA_2,2016-03-03,4,4.0
HOUSEHOLD_1_370_CA_3_evaluation,HOUSEHOLD_1_370,CA_3,2016-03-03,4,4.0
HOUSEHOLD_1_370_CA_4_evaluation,HOUSEHOLD_1_370,CA_4,2016-03-03,1,1.0
HOUSEHOLD_1_370_TX_1_evaluation,HOUSEHOLD_1_370,TX_1,2016-03-03,1,1.0
HOUSEHOLD_1_370_TX_2_evaluation,HOUSEHOLD_1_370,TX_2,2016-03-03,2,1.0
HOUSEHOLD_1_370_TX_3_evaluation,HOUSEHOLD_1_370,TX_3,2016-03-03,1,0.0
HOUSEHOLD_1_370_WI_1_evaluation,HOUSEHOLD_1_370,WI_1,2016-03-03,0,1.0
HOUSEHOLD_1_370_WI_2_evaluation,HOUSEHOLD_1_370,WI_2,2016-03-03,2,4.0
HOUSEHOLD_1_370_WI_3_evaluation,HOUSEHOLD_1_370,WI_3,2016-03-03,1,1.0
HOUSEHOLD_1_489_CA_1_evaluation,HOUSEHOLD_1_489,CA_1,2016-03-03,2,1.0
HOUSEHOLD_1_489_CA_2_evaluation,HOUSEHOLD_1_489,CA_2,2016-03-03,4,3.0
HOUSEHOLD_1_489_CA_3_evaluation,HOUSEHOLD_1_489,CA_3,2016-03-03,2,3.0
HOUSEHOLD_1_489_CA_4_evaluation,HOUSEHOLD_1_489,CA_4,2016-03-03,0,2.0
HOUSEHOLD_1_489_TX_1_evaluation,HOUSEHOLD_1_489,TX_1,2016-03-03,0,0.0
HOUSEHOLD_1_489_TX_2_evaluation,HOUSEHOLD_1_489,TX_2,2016-03-03,1,3.0
HOUSEHOLD_1_489_TX_3_evaluation,HOUSEHOLD_1_489,TX_3,2016-03-03,2,3.0
HOUSEHOLD_1_489_WI_1_evaluation,HOUSEHOLD_1_489,WI_1,2016-03-03,1,0.0
HOUSEHOLD_1_489_WI_2_evaluation,HOUSEHOLD_1_489,WI_2,2016-03-03,2,1.0
HOUSEHOLD_1_489_WI_3_evaluation,HOUSEHOLD_1_489,WI_3,2016-03-03,0,1.0
HOUSEHOLD_2_442_CA_1_evaluation,HOUSEHOLD_2_442,CA_1,2016-03-03,2,3.0
HOUSEHOLD_2_442_CA_2_evaluation,HOUSEHOLD_2_442,CA_2,2016-03-03,1,1.0
HOUSEHOLD_2_442_CA_3_evaluation,HOUSEHOLD_2_442,CA_3,2016-03-03,2,1.0
HOUSEHOLD_2_442_CA_4_evaluation,HOUSEHOLD_2_442,CA_4,2016-03-03,0,1.0
HOUSEHOLD_2_442_TX_1_evaluation,HOUSEHOLD_2_442,TX_1,2016-03-03,0,0.0
HOUSEHOLD_2_442_TX_2_evaluation,HOUSEHOLD_2_442,TX_2,2016-03-03,0,2.0
HOUSEHOLD_2_442_TX_3_evaluation,HOUSEHOLD_2_442,TX_3,2016-03-03,0,1.0
HOUSEHOLD_2_442_WI_1_evaluation,HOUSEHOLD_2_442,WI_1,2016-03-03,0,0.0
HOUSEHOLD_2_442_WI_2_evaluation,HOUSEHOLD_2_442,WI_2,2016-03-03,0,0.0
HOUSEHOLD_2_442_WI_3_evaluation,HOUSEHOLD_2_442,WI_3,2016-03-03,2,1.0
FOODS_1_021_CA_1_evaluation,FOODS_1_021,CA_1,2016-03-04,1,6.0
FOODS_1_021_CA_2_evaluation,FOODS_1_021,CA_2,2016-03-04,3,9.0
FOODS_1_021_CA_3_evaluation,FOODS_1_021,CA_3,2016-03-04,2,2.0
FOODS_1_021_CA_4_evaluation,FOODS_1_021,CA_4,2016-03-04,0,6.0
FOODS_1_021_TX_1_evaluation,FOODS_1_021,TX_1,2016-03-04,2,0.0
FOODS_1_021_TX_2_evaluation,FOODS_1_021,TX_2,2016-03-04,0,0.0
FOODS_1_021_TX_3_evaluation,FOODS_1_021,TX_3,2016-03-04,0,0.0
FOODS_1_021_WI_1_evaluation,FOODS_1_021,WI_1,2016-03-04,1,2.0
FOODS_1_021_WI_2_evaluation,FOODS_1_021,WI_2,2016-03-04,0,0.0
FOODS_1_021_WI_3_evaluation,FOODS_1_021,WI_3,2016-03-04,1,2.0
FOODS_2_035_CA_1_evaluation,FOODS_2_035,CA_1,2016-03-04,2,0.0
FOODS_2_035_CA_2_evaluation,FOODS_2_035,CA_2,2016-03-04,2,3.0
FOODS_2_035_CA_3_evaluation,FOODS_2_035,CA_3,2016-03-04,3,4.0
FOODS_2_035_CA_4_evaluation,FOODS_2_035,CA_4,2016-03-04,2,2.0
FOODS_2_035_TX_1_evaluation,FOODS_2_035,TX_1,2016-03-04,1,3.0
FOODS_2_035_TX_2_evaluation,FOODS_2_035,TX_2,2016-03-04,1,2.0
FOODS_2_035_TX_3_evaluation,FOODS_2_035,TX_3,2016-03-04,1,1.0
FOODS_2_035_WI_1_evaluation,FOODS_2_035,WI_1,2016-03-04,1,1.0
FOODS_2_035_WI_2_evaluation,FOODS_2_035,WI_2,2016-03-04,0,1.0
FOODS_2_035_WI_3_evaluation,FOODS_2_035,WI_3,2016-03-04,2,0.0
FOODS_3_180_CA_1_evaluation,FOODS_3_180,CA_1,2016-03-04,0,0.0
FOODS_3_180_CA_2_evaluation,FOODS_3_180,CA_2,2016-03-04,0,0.0
FOODS_3_180_CA_3_evaluation,FOODS_3_180,CA_3,2016-03-04,1,1.0
FOODS_3_180_CA_4_evaluation,FOODS_3_180,CA_4,2016-03-04,0,0.0
FOODS_3_180_TX_1_evaluation,FOODS_3_180,TX_1,2016-03-04,0,0.0
FOODS_3_180_TX_2_evaluation,FOODS_3_180,TX_2,2016-03-04,0,0.0
FOODS_3_180_TX_3_evaluation,FOODS_3_180,TX_3,2016-03-04,0,0.0
FOODS_3_180_WI_1_evaluation,FOODS_3_180,WI_1,2016-03-04,1,0.0
FOODS_3_180_WI_2_evaluation,FOODS_3_180,WI_2,2016-03-04,1,0.0
FOODS_3_180_WI_3_evaluation,FOODS_3_180,WI_3,2016-03-04,0,0.0
FOODS_3_260_CA_1_evaluation,FOODS_3_260,CA_1,2016-03-04,1,3.0
FOODS_3_260_CA_2_evaluation,FOODS_3_260,CA_2,2016-03-04,0,0.0
FOODS_3_260_CA_3_evaluation,FOODS_3_260,CA_3,2016-03-04,0,0.0
FOODS_3_260_CA_4_evaluation,FOODS_3_260,CA_4,2016-03-04,0,0.0
FOODS_3_260_TX_1_evaluation,FOODS_3_260,TX_1,2016-03-04,0,0.0
FOODS_3_260_TX_2_evaluation,FOODS_3_260,TX_2,2016-03-04,2,1.0
FOODS_3_260_TX_3_evaluation,FOODS_3_260,TX_3,2016-03-04,0,0.0
FOODS_3_260_WI_1_evaluation,FOODS_3_260,WI_1,2016-03-04,0,1.0
FOODS_3_260_WI_2_evaluation,FOODS_3_260,WI_2,2016-03-04,0,0.0
FOODS_3_260_WI_3_evaluation,FOODS_3_260,WI_3,2016-03-04,0,0.0
HOBBIES_1_022_CA_1_evaluation,HOBBIES_1_022,CA_1,2016-03-04,0,0.0
HOBBIES_1_022_CA_2_evaluation,HOBBIES_1_022,CA_2,2016-03-04,0,0.0
HOBBIES_1_022_CA_3_evaluation,HOBBIES_1_022,CA_3,2016-03-04,0,0.0
HOBBIES_1_022_CA_4_evaluation,HOBBIES_1_022,CA_4,2016-03-04,0,0.0
HOBBIES_1_022_TX_1_evaluation,HOBBIES_1_022,TX_1,2016-03-04,0,0.0
HOBBIES_1_022_TX_2_evaluation,HOBBIES_1_022,TX_2,2016-03-04,1,0.0
HOBBIES_1_022_TX_3_evaluation,HOBBIES_1_022,TX_3,2016-03-04,0,0.0
HOBBIES_1_022_WI_1_evaluation,HOBBIES_1_022,WI_1,2016-03-04,1,0.0
HOBBIES_1_022_WI_2_evaluation,HOBBIES_1_022,WI_2,2016-03-04,1,0.0
HOBBIES_1_022_WI_3_evaluation,HOBBIES_1_022,WI_3,2016-03-04,0,0.0
HOBBIES_1_209_CA_1_evaluation,HOBBIES_1_209,CA_1,2016-03-04,3,4.0
HOBBIES_1_209_CA_2_evaluation,HOBBIES_1_209,CA_2,2016-03-04,0,1.0
HOBBIES_1_209_CA_3_evaluation,HOBBIES_1_209,CA_3,2016-03-04,3,13.0
HOBBIES_1_209_CA_4_evaluation,HOBBIES_1_209,CA_4,2016-03-04,0,0.0
HOBBIES_1_209_TX_1_evaluation,HOBBIES_1_209,TX_1,2016-03-04,0,0.0
HOBBIES_1_209_TX_2_evaluation,HOBBIES_1_209,TX_2,2016-03-04,2,0.0
HOBBIES_1_209_TX_3_evaluation,HOBBIES_1_209,TX_3,2016-03-04,0,0.0
HOBBIES_1_209_WI_1_evaluation,HOBBIES_1_209,WI_1,2016-03-04,1,0.0
HOBBIES_1_209_WI_2_evaluation,HOBBIES_1_209,WI_2,2016-03-04,8,2.0
HOBBIES_1_209_WI_3_evaluation,HOBBIES_1_209,WI_3,2016-03-04,3,1.0
HOBBIES_2_041_CA_1_evaluation,HOBBIES_2_041,CA_1,2016-03-04,0,0.0
HOBBIES_2_041_CA_2_evaluation,HOBBIES_2_041,CA_2,2016-03-04,0,0.0
HOBBIES_2_041_CA_3_evaluation,HOBBIES_2_041,CA_3,2016-03-04,0,0.0
HOBBIES_2_041_CA_4_evaluation,HOBBIES_2_041,CA_4,2016-03-04,0,0.0
HOBBIES_2_041_TX_1_evaluation,HOBBIES_2_041,TX_1,2016-03-04,1,0.0
HOBBIES_2_041_TX_2_evaluation,HOBBIES_2_041,TX_2,2016-03-04,0,0.0
HOBBIES_2_041_TX_3_evaluation,HOBBIES_2_041,TX_3,2016-03-04,0,0.0
HOBBIES_2_041_WI_1_evaluation,HOBBIES_2_041,WI_1,2016-03-04,0,0.0
HOBBIES_2_041_WI_2_evaluation,HOBBIES_2_041,WI_2,2016-03-04,0,0.0
HOBBIES_2_041_WI_3_evaluation,HOBBIES_2_041,WI_3,2016-03-04,3,0.0
HOBBIES_2_113_CA_1_evaluation,HOBBIES_2_113,CA_1,2016-03-04,0,0.0
HOBBIES_2_113_CA_2_evaluation,HOBBIES_2_113,CA_2,2016-03-04,0,0.0
HOBBIES_2_113_CA_3_evaluation,HOBBIES_2_113,CA_3,2016-03-04,0,0.0
HOBBIES_2_113_CA_4_evaluation,HOBBIES_2_113,CA_4,2016-03-04,0,0.0
HOBBIES_2_113_TX_1_evaluation,HOBBIES_2_113,TX_1,2016-03-04,0,0.0
HOBBIES_2_113_TX_2_evaluation,HOBBIES_2_113,TX_2,2016-03-04,0,1.0
HOBBIES_2_113_TX_3_evaluation,HOBBIES_2_113,TX_3,2016-03-04,0,0.0
HOBBIES_2_113_WI_1_evaluation,HOBBIES_2_113,WI_1,2016-03-04,0,1.0
HOBBIES_2_113_WI_2_evaluation,HOBBIES_2_113,WI_2,2016-03-04,0,0.0
HOBBIES_2_113_WI_3_evaluation,HOBBIES_2_113,WI_3,2016-03-04,0,0.0
HOUSEHOLD_1_100_CA_1_evaluation,HOUSEHOLD_1_100,CA_1,2016-03-04,0,0.0
HOUSEHOLD_1_100_CA_2_evaluation,HOUSEHOLD_1_100,CA_2,2016-03-04,0,0.0
HOUSEHOLD_1_100_CA_3_evaluation,HOUSEHOLD_1_100,CA_3,2016-03-04,0,0.0
HOUSEHOLD_1_100_CA_4_evaluation,HOUSEHOLD_1_100,CA_4,2016-03-04,0,0.0
HOUSEHOLD_1_100_TX_1_evaluation,HOUSEHOLD_1_100,TX_1,2016-03-04,0,0.0
HOUSEHOLD_1_100_TX_2_evaluation,HOUSEHOLD_1_100,TX_2,2016-03-04,0,0.0
HOUSEHOLD_1_100_TX_3_evaluation,HOUSEHOLD_1_100,TX_3,2016-03-04,0,0.0
HOUSEHOLD_1_100_WI_1_evaluation,HOUSEHOLD_1_100,WI_1,2016-03-04,0,0.0
HOUSEHOLD_1_100_WI_2_evaluation,HOUSEHOLD_1_100,WI_2,2016-03-04,0,0.0
HOUSEHOLD_1_100_WI_3_evaluation,HOUSEHOLD_1_100,WI_3,2016-03-04,0,0.0
HOUSEHOLD_1_290_CA_1_evaluation,HOUSEHOLD_1_290,CA_1,2016-03-04,0,0.0
HOUSEHOLD_1_290_CA_2_evaluation,HOUSEHOLD_1_290,CA_2,2016-03-04,1,1.0
HOUSEHOLD_1_290_CA_3_evaluation,HOUSEHOLD_1_290,CA_3,2016-03-04,0,0.0
HOUSEHOLD_1_290_CA_4_evaluation,HOUSEHOLD_1_290,CA_4,2016-03-04,0,0.0
HOUSEHOLD_1_290_TX_1_evaluation,HOUSEHOLD_1_290,TX_1,2016-03-04,2,2.0
HOUSEHOLD_1_290_TX_2_evaluation,HOUSEHOLD_1_290,TX_2,2016-03-04,1,0.0
HOUSEHOLD_1_290_TX_3_evaluation,HOUSEHOLD_1_290,TX_3,2016-03-04,1,0.0
HOUSEHOLD_1_290_WI_1_evaluation,HOUSEHOLD_1_290,WI_1,2016-03-04,0,0.0
HOUSEHOLD_1_290_WI_2_evaluation,HOUSEHOLD_1_290,WI_2,2016-03-04,1,4.0
HOUSEHOLD_1_290_WI_3_evaluation,HOUSEHOLD_1_290,WI_3,2016-03-04,1,0.0
HOUSEHOLD_1_370_CA_1_evaluation,HOUSEHOLD_1_370,CA_1,2016-03-04,1,2.0
HOUSEHOLD_1_370_CA_2_evaluation,HOUSEHOLD_1_370,CA_2,2016-03-04,4,1.0
HOUSEHOLD_1_370_CA_3_evaluation,HOUSEHOLD_1_370,CA_3,2016-03-04,5,4.0
HOUSEHOLD_1_370_CA_4_evaluation,HOUSEHOLD_1_370,CA_4,2016-03-04,1,0.0
HOUSEHOLD_1_370_TX_1_evaluation,HOUSEHOLD_1_370,TX_1,2016-03-04,0,0.0
HOUSEHOLD_1_370_TX_2_evaluation,HOUSEHOLD_1_370,TX_2,2016-03-04,1,5.0
HOUSEHOLD_1_370_TX_3_evaluation,HOUSEHOLD_1_370,TX_3,2016-03-04,0,2.0
HOUSEHOLD_1_370_WI_1_evaluation,HOUSEHOLD_1_370,WI_1,2016-03-04,0,4.0
HOUSEHOLD_1_370_WI_2_evaluation,HOUSEHOLD_1_370,WI_2,2016-03-04,3,6.0
HOUSEHOLD_1_370_WI_3_evaluation,HOUSEHOLD_1_370,WI_3,2016-03-04,0,0.0
HOUSEHOLD_1_489_CA_1_evaluation,HOUSEHOLD_1_489,CA_1,2016-03-04,0,3.0
HOUSEHOLD_1_489_CA_2_evaluation,HOUSEHOLD_1_489,CA_2,2016-03-04,1,0.0
HOUSEHOLD_1_489_CA_3_evaluation,HOUSEHOLD_1_489,CA_3,2016-03-04,1,4.0
HOUSEHOLD_1_489_CA_4_evaluation,HOUSEHOLD_1_489,CA_4,2016-03-04,1,2.0
HOUSEHOLD_1_489_TX_1_evaluation,HOUSEHOLD_1_489,TX_1,2016-03-04,0,2.0
HOUSEHOLD_1_489_TX_2_evaluation,HOUSEHOLD_1_489,TX_2,2016-03-04,3,0.0
HOUSEHOLD_1_489_TX_3_evaluation,HOUSEHOLD_1_489,TX_3,2016-03-04,3,2.0
HOUSEHOLD_1_489_WI_1_evaluation,HOUSEHOLD_1_489,WI_1,2016-03-04,0,0.0
HOUSEHOLD_1_489_WI_2_evaluation,HOUSEHOLD_1_489,WI_2,2016-03-04,0,1.0
HOUSEHOLD_1_489_WI_3_evaluation,HOUSEHOLD_1_489,WI_3,2016-03-04,0,0.0
HOUSEHOLD_2_442_CA_1_evaluation,HOUSEHOLD_2_442,CA_1,2016-03-04,1,1.0
HOUSEHOLD_2_442_CA_2_evaluation,HOUSEHOLD_2_442,CA_2,2016-03-04,0,1.0
HOUSEHOLD_2_442_CA_3_evaluation,HOUSEHOLD_2_442,CA_3,2016-03-04,1,0.0
HOUSEHOLD_2_442_CA_4_evaluation,HOUSEHOLD_2_442,CA_4,2016-03-04,2,1.0
HOUSEHOLD_2_442_TX_1_evaluation,HOUSEHOLD_2_442,TX_1,2016-03-04,0,2.0
HOUSEHOLD_2_442_TX_2_evaluation,HOUSEHOLD_2_442,TX_2,2016-03-04,2,3.0
HOUSEHOLD_2_442_TX_3_evaluation,HOUSEHOLD_2_442,TX_3,2016-03-04,0,2.0
HOUSEHOLD_2_442_WI_1_evaluation,HOUSEHOLD_2_442,WI_1,2016-03-04,1,3.0
HOUSEHOLD_2_442_WI_2_evaluation,HOUSEHOLD_2_442,WI_2,2016-03-04,0,0.0
HOUSEHOLD_2_442_WI_3_evaluation,HOUSEHOLD_2_442,WI_3,2016-03-04,1,1.0
FOODS_1_021_CA_1_evaluation,FOODS_1_021,CA_1,2016-03-05,6,2.0
FOODS_1_021_CA_2_evaluation,FOODS_1_021,CA_2,2016-03-05,9,2.0
FOODS_1_021_CA_3_evaluation,FOODS_1_021,CA_3,2016-03-05,0,3.0
FOODS_1_021_CA_4_evaluation,FOODS_1_021,CA_4,2016-03-05,1,3.0
FOODS_1_021_TX_1_evaluation,FOODS_1_021,TX_1,2016-03-05,5,0.0
FOODS_1_021_TX_2_evaluation,FOODS_1_021,TX_2,2016-03-05,0,0.0
FOODS_1_021_TX_3_evaluation,FOODS_1_021,TX_3,2016-03-05,0,0.0
FOODS_1_021_WI_1_evaluation,FOODS_1_021,WI_1,2016-03-05,0,2.0
FOODS_1_021_WI_2_evaluation,FOODS_1_021,WI_2,2016-03-05,2,4.0
FOODS_1_021_WI_3_evaluation,FOODS_1_021,WI_3,2016-03-05,3,3.0
FOODS_2_035_CA_1_evaluation,FOODS_2_035,CA_1,2016-03-05,1,1.0
FOODS_2_035_CA_2_evaluation,FOODS_2_035,CA_2,2016-03-05,3,2.0
FOODS_2_035_CA_3_evaluation,FOODS_2_035,CA_3,2016-03-05,5,7.0
FOODS_2_035_CA_4_evaluation,FOODS_2_035,CA_4,2016-03-05,2,2.0
FOODS_2_035_TX_1_evaluation,FOODS_2_035,TX_1,2016-03-05,0,0.0
FOODS_2_035_TX_2_evaluation,FOODS_2_035,TX_2,2016-03-05,2,3.0
FOODS_2_035_TX_3_evaluation,FOODS_2_035,TX_3,2016-03-05,3,1.0
FOODS_2_035_WI_1_evaluation,FOODS_2_035,WI_1,2016-03-05,2,0.0
FOODS_2_035_WI_2_evaluation,FOODS_2_035,WI_2,2016-03-05,1,0.0
FOODS_2_035_WI_3_evaluation,FOODS_2_035,WI_3,2016-03-05,2,0.0
FOODS_3_180_CA_1_evaluation,FOODS_3_180,CA_1,2016-03-05,0,0.0
FOODS_3_180_CA_2_evaluation,FOODS_3_180,CA_2,2016-03-05,0,0.0
FOODS_3_180_CA_3_evaluation,FOODS_3_180,CA_3,2016-03-05,1,1.0
FOODS_3_180_CA_4_evaluation,FOODS_3_180,CA_4,2016-03-05,1,0.0
FOODS_3_180_TX_1_evaluation,FOODS_3_180,TX_1,2016-03-05,0,0.0
FOODS_3_180_TX_2_evaluation,FOODS_3_180,TX_2,2016-03-05,0,1.0
FOODS_3_180_TX_3_evaluation,FOODS_3_180,TX_3,2016-03-05,0,1.0
FOODS_3_180_WI_1_evaluation,FOODS_3_180,WI_1,2016-03-05,1,0.0
FOODS_3_180_WI_2_evaluation,FOODS_3_180,WI_2,2016-03-05,1,1.0
FOODS_3_180_WI_3_evaluation,FOODS_3_180,WI_3,2016-03-05,0,0.0
FOODS_3_260_CA_1_evaluation,FOODS_3_260,CA_1,2016-03-05,0,0.0
FOODS_3_260_CA_2_evaluation,FOODS_3_260,CA_2,2016-03-05,0,0.0
FOODS_3_260_CA_3_evaluation,FOODS_3_260,CA_3,2016-03-05,0,1.0
FOODS_3_260_CA_4_evaluation,FOODS_3_260,CA_4,2016-03-05,0,0.0
FOODS_3_260_TX_1_evaluation,FOODS_3_260,TX_1,2016-03-05,1,0.0
FOODS_3_260_TX_2_evaluation,FOODS_3_260,TX_2,2016-03-05,1,2.0
FOODS_3_260_TX_3_evaluation,FOODS_3_260,TX_3,2016-03-05,0,0.0
FOODS_3_260_WI_1_evaluation,FOODS_3_260,WI_1,2016-03-05,0,0.0
FOODS_3_260_WI_2_evaluation,FOODS_3_260,WI_2,2016-03-05,0,0.0
FOODS_3_260_WI_3_evaluation,FOODS_3_260,WI_3,2016-03-05,0,0.0
HOBBIES_1_022_CA_1_evaluation,HOBBIES_1_022,CA_1,2016-03-05,0,1.0
HOBBIES_1_022_CA_2_evaluation,HOBBIES_1_022,CA_2,2016-03-05,1,0.0
HOBBIES_1_022_CA_3_evaluation,HOBBIES_1_022,CA_3,2016-03-05,0,0.0
HOBBIES_1_022_CA_4_evaluation,HOBBIES_1_022,CA_4,2016-03-05,0,0.0
HOBBIES_1_022_TX_1_evaluation,HOBBIES_1_022,TX_1,2016-03-05,0,0.0
HOBBIES_1_022_TX_2_evaluation,HOBBIES_1_022,TX_2,2016-03-05,0,3.0
HOBBIES_1_022_TX_3_evaluation,HOBBIES_1_022,TX_3,2016-03-05,1,0.0
HOBBIES_1_022_WI_1_evaluation,HOBBIES_1_022,WI_1,2016-03-05,0,0.0
HOBBIES_1_022_WI_2_evaluation,HOBBIES_1_022,WI_2,2016-03-05,1,0.0
HOBBIES_1_022_WI_3_evaluation,HOBBIES_1_022,WI_3,2016-03-05,0,0.0
HOBBIES_1_209_CA_1_evaluation,HOBBIES_1_209,CA_1,2016-03-05,10,0.0
HOBBIES_1_209_CA_2_evaluation,HOBBIES_1_209,CA_2,2016-03-05,5,2.0
HOBBIES_1_209_CA_3_evaluation,HOBBIES_1_209,CA_3,2016-03-05,8,5.0
HOBBIES_1_209_CA_4_evaluation,HOBBIES_1_209,CA_4,2016-03-05,0,0.0
HOBBIES_1_209_TX_1_evaluation,HOBBIES_1_209,TX_1,2016-03-05,0,2.0
HOBBIES_1_209_TX_2_evaluation,HOBBIES_1_209,TX_2,2016-03-05,7,0.0
HOBBIES_1_209_TX_3_evaluation,HOBBIES_1_209,TX_3,2016-03-05,0,0.0
HOBBIES_1_209_WI_1_evaluation,HOBBIES_1_209,WI_1,2016-03-05,0,7.0
HOBBIES_1_209_WI_2_evaluation,HOBBIES_1_209,WI_2,2016-03-05,0,4.0
HOBBIES_1_209_WI_3_evaluation,HOBBIES_1_209,WI_3,2016-03-05,1,5.0
HOBBIES_2_041_CA_1_evaluation,HOBBIES_2_041,CA_1,2016-03-05,0,0.0
HOBBIES_2_041_CA_2_evaluation,HOBBIES_2_041,CA_2,2016-03-05,0,2.0
HOBBIES_2_041_CA_3_evaluation,HOBBIES_2_041,CA_3,2016-03-05,0,0.0
HOBBIES_2_041_CA_4_evaluation,HOBBIES_2_041,CA_4,2016-03-05,0,0.0
HOBBIES_2_041_TX_1_evaluation,HOBBIES_2_041,TX_1,2016-03-05,0,0.0
HOBBIES_2_041_TX_2_evaluation,HOBBIES_2_041,TX_2,2016-03-05,2,3.0
HOBBIES_2_041_TX_3_evaluation,HOBBIES_2_041,TX_3,2016-03-05,0,0.0
HOBBIES_2_041_WI_1_evaluation,HOBBIES_2_041,WI_1,2016-03-05,0,0.0
HOBBIES_2_041_WI_2_evaluation,HOBBIES_2_041,WI_2,2016-03-05,1,3.0
HOBBIES_2_041_WI_3_evaluation,HOBBIES_2_041,WI_3,2016-03-05,0,0.0
HOBBIES_2_113_CA_1_evaluation,HOBBIES_2_113,CA_1,2016-03-05,0,0.0
HOBBIES_2_113_CA_2_evaluation,HOBBIES_2_113,CA_2,2016-03-05,0,0.0
HOBBIES_2_113_CA_3_evaluation,HOBBIES_2_113,CA_3,2016-03-05,0,0.0
HOBBIES_2_113_CA_4_evaluation,HOBBIES_2_113,CA_4,2016-03-05,0,0.0
HOBBIES_2_113_TX_1_evaluation,HOBBIES_2_113,TX_1,2016-03-05,0,0.0
HOBBIES_2_113_TX_2_evaluation,HOBBIES_2_113,TX_2,2016-03-05,0,0.0
HOBBIES_2_113_TX_3_evaluation,HOBBIES_2_113,TX_3,2016-03-05,1,1.0
HOBBIES_2_113_WI_1_evaluation,HOBBIES_2_113,WI_1,2016-03-05,0,2.0
HOBBIES_2_113_WI_2_evaluation,HOBBIES_2_113,WI_2,2016-03-05,0,0.0
HOBBIES_2_113_WI_3_evaluation,HOBBIES_2_113,WI_3,2016-03-05,0,0.0
HOUSEHOLD_1_100_CA_1_evaluation,HOUSEHOLD_1_100,CA_1,2016-03-05,0,0.0
HOUSEHOLD_1_100_CA_2_evaluation,HOUSEHOLD_1_100,CA_2,2016-03-05,0,0.0
HOUSEHOLD_1_100_CA_3_evaluation,HOUSEHOLD_1_100,CA_3,2016-03-05,0,0.0
HOUSEHOLD_1_100_CA_4_evaluation,HOUSEHOLD_1_100,CA_4,2016-03-05,0,0.0
HOUSEHOLD_1_100_TX_1_evaluation,HOUSEHOLD_1_100,TX_1,2016-03-05,0,0.0
HOUSEHOLD_1_100_TX_2_evaluation,HOUSEHOLD_1_100,TX_2,2016-03-05,0,0.0
HOUSEHOLD_1_100_TX_3_evaluation,HOUSEHOLD_1_100,TX_3,2016-03-05,0,0.0
HOUSEHOLD_1_100_WI_1_evaluation,HOUSEHOLD_1_100,WI_1,2016-03-05,0,0.0
HOUSEHOLD_1_100_WI_2_evaluation,HOUSEHOLD_1_100,WI_2,2016-03-05,0,0.0
HOUSEHOLD_1_100_WI_3_evaluation,HOUSEHOLD_1_100,WI_3,2016-03-05,0,0.0
HOUSEHOLD_1_290_CA_1_evaluation,HOUSEHOLD_1_290,CA_1,2016-03-05,0,1.0
HOUSEHOLD_1_290_CA_2_evaluation,HOUSEHOLD_1_290,CA_2,2016-03-05,1,2.0
HOUSEHOLD_1_290_CA_3_evaluation,HOUSEHOLD_1_290,CA_3,2016-03-05,2,0.0
HOUSEHOLD_1_290_CA_4_evaluation,HOUSEHOLD_1_290,CA_4,2016-03-05,0,0.0
HOUSEHOLD_1_290_TX_1_evaluation,HOUSEHOLD_1_290,TX_1,2016-03-05,5,1.0
HOUSEHOLD_1_290_TX_2_evaluation,HOUSEHOLD_1_290,TX_2,2016-03-05,4,1.0
HOUSEHOLD_1_290_TX_3_evaluation,HOUSEHOLD_1_290,TX_3,2016-03-05,7,2.0
HOUSEHOLD_1_290_WI_1_evaluation,HOUSEHOLD_1_290,WI_1,2016-03-05,0,0.0
HOUSEHOLD_1_290_WI_2_evaluation,HOUSEHOLD_1_290,WI_2,2016-03-05,4,1.0
HOUSEHOLD_1_290_WI_3_evaluation,HOUSEHOLD_1_290,WI_3,2016-03-05,0,0.0
HOUSEHOLD_1_370_CA_1_evaluation,HOUSEHOLD_1_370,CA_1,2016-03-05,2,3.0
HOUSEHOLD_1_370_CA_2_evaluation,HOUSEHOLD_1_370,CA_2,2016-03-05,7,0.0
HOUSEHOLD_1_370_CA_3_evaluation,HOUSEHOLD_1_370,CA_3,2016-03-05,3,2.0
HOUSEHOLD_1_370_CA_4_evaluation,HOUSEHOLD_1_370,CA_4,2016-03-05,2,0.0
HOUSEHOLD_1_370_TX_1_evaluation,HOUSEHOLD_1_370,TX_1,2016-03-05,0,2.0
HOUSEHOLD_1_370_TX_2_evaluation,HOUSEHOLD_1_370,TX_2,2016-03-05,0,2.0
HOUSEHOLD_1_370_TX_3_evaluation,HOUSEHOLD_1_370,TX_3,2016-03-05,1,2.0
HOUSEHOLD_1_370_WI_1_evaluation,HOUSEHOLD_1_370,WI_1,2016-03-05,1,0.0
HOUSEHOLD_1_370_WI_2_evaluation,HOUSEHOLD_1_370,WI_2,2016-03-05,0,3.0
HOUSEHOLD_1_370_WI_3_evaluation,HOUSEHOLD_1_370,WI_3,2016-03-05,1,1.0
HOUSEHOLD_1_489_CA_1_evaluation,HOUSEHOLD_1_489,CA_1,2016-03-05,4,0.0
HOUSEHOLD_1_489_CA_2_evaluation,HOUSEHOLD_1_489,CA_2,2016-03-05,1,1.0
HOUSEHOLD_1_489_CA_3_evaluation,HOUSEHOLD_1_489,CA_3,2016-03-05,2,2.0
HOUSEHOLD_1_489_CA_4_evaluation,HOUSEHOLD_1_489,CA_4,2016-03-05,1,1.0
HOUSEHOLD_1_489_TX_1_evaluation,HOUSEHOLD_1_489,TX_1,2016-03-05,4,0.0
HOUSEHOLD_1_489_TX_2_evaluation,HOUSEHOLD_1_489,TX_2,2016-03-05,2,0.0
HOUSEHOLD_1_489_TX_3_evaluation,HOUSEHOLD_1_489,TX_3,2016-03-05,1,0.0
HOUSEHOLD_1_489_WI_1_evaluation,HOUSEHOLD_1_489,WI_1,2016-03-05,1,1.0
HOUSEHOLD_1_489_WI_2_evaluation,HOUSEHOLD_1_489,WI_2,2016-03-05,1,2.0
HOUSEHOLD_1_489_WI_3_evaluation,HOUSEHOLD_1_489,WI_3,2016-03-05,1,1.0
HOUSEHOLD_2_442_CA_1_evaluation,HOUSEHOLD_2_442,CA_1,2016-03-05,1,4.0
HOUSEHOLD_2_442_CA_2_evaluation,HOUSEHOLD_2_442,CA_2,2016-03-05,2,1.0
HOUSEHOLD_2_442_CA_3_evaluation,HOUSEHOLD_2_442,CA_3,2016-03-05,1,4.0
HOUSEHOLD_2_442_CA_4_evaluation,HOUSEHOLD_2_442,CA_4,2016-03-05,0,0.0
HOUSEHOLD_2_442_TX_1_evaluation,HOUSEHOLD_2_442,TX_1,2016-03-05,0,1.0
HOUSEHOLD_2_442_TX_2_evaluation,HOUSEHOLD_2_442,TX_2,2016-03-05,0,1.0
HOUSEHOLD_2_442_TX_3_evaluation,HOUSEHOLD_2_442,TX_3,2016-03-05,2,2.0
HOUSEHOLD_2_442_WI_1_evaluation,HOUSEHOLD_2_442,WI_1,2016-03-05,0,2.0
HOUSEHOLD_2_442_WI_2_evaluation,HOUSEHOLD_2_442,WI_2,2016-03-05,2,3.0
HOUSEHOLD_2_442_WI_3_evaluation,HOUSEHOLD_2_442,WI_3,2016-03-05,1,0.0
FOODS_1_021_CA_1_evaluation,FOODS_1_021,CA_1,2016-03-06,4,0.0
FOODS_1_021_CA_2_evaluation,FOODS_1_021,CA_2,2016-03-06,6,2.0
FOODS_1_021_CA_3_evaluation,FOODS_1_021,CA_3,2016-03-06,2,7.0
FOODS_1_021_CA_4_evaluation,FOODS_1_021,CA_4,2016-03-06,5,4.0
FOODS_1_021_TX_1_evaluation,FOODS_1_021,TX_1,2016-03-06,0,2.0
FOODS_1_021_TX_2_evaluation,FOODS_1_021,TX_2,2016-03-06,0,0.0
FOODS_1_021_TX_3_evaluation,FOODS_1_021,TX_3,2016-03-06,0,0.0
FOODS_1_021_WI_1_evaluation,FOODS_1_021,WI_1,2016-03-06,0,3.0
FOODS_1_021_WI_2_evaluation,FOODS_1_021,WI_2,2016-03-06,0,3.0
FOODS_1_021_WI_3_evaluation,FOODS_1_021,WI_3,2016-03-06,0,1.0
FOODS_2_035_CA_1_evaluation,FOODS_2_035,CA_1,2016-03-06,2,1.0
FOODS_2_035_CA_2_evaluation,FOODS_2_035,CA_2,2016-03-06,3,3.0
FOODS_2_035_CA_3_evaluation,FOODS_2_035,CA_3,2016-03-06,5,6.0
FOODS_2_035_CA_4_evaluation,FOODS_2_035,CA_4,2016-03-06,2,3.0
FOODS_2_035_TX_1_evaluation,FOODS_2_035,TX_1,2016-03-06,0,1.0
FOODS_2_035_TX_2_evaluation,FOODS_2_035,TX_2,2016-03-06,5,1.0
FOODS_2_035_TX_3_evaluation,FOODS_2_035,TX_3,2016-03-06,1,3.0
FOODS_2_035_WI_1_evaluation,FOODS_2_035,WI_1,2016-03-06,0,0.0
FOODS_2_035_WI_2_evaluation,FOODS_2_035,WI_2,2016-03-06,1,1.0
FOODS_2_035_WI_3_evaluation,FOODS_2_035,WI_3,2016-03-06,3,2.0
FOODS_3_180_CA_1_evaluation,FOODS_3_180,CA_1,2016-03-06,0,2.0
FOODS_3_180_CA_2_evaluation,FOODS_3_180,CA_2,2016-03-06,0,1.0
FOODS_3_180_CA_3_evaluation,FOODS_3_180,CA_3,2016-03-06,0,0.0
FOODS_3_180_CA_4_evaluation,FOODS_3_180,CA_4,2016-03-06,1,0.0
FOODS_3_180_TX_1_evaluation,FOODS_3_180,TX_1,2016-03-06,0,1.0
FOODS_3_180_TX_2_evaluation,FOODS_3_180,TX_2,2016-03-06,0,1.0
FOODS_3_180_TX_3_evaluation,FOODS_3_180,TX_3,2016-03-06,0,0.0
FOODS_3_180_WI_1_evaluation,FOODS_3_180,WI_1,2016-03-06,1,0.0
FOODS_3_180_WI_2_evaluation,FOODS_3_180,WI_2,2016-03-06,1,1.0
FOODS_3_180_WI_3_evaluation,FOODS_3_180,WI_3,2016-03-06,1,0.0
FOODS_3_260_CA_1_evaluation,FOODS_3_260,CA_1,2016-03-06,0,2.0
FOODS_3_260_CA_2_evaluation,FOODS_3_260,CA_2,2016-03-06,0,0.0
FOODS_3_260_CA_3_evaluation,FOODS_3_260,CA_3,2016-03-06,0,1.0
FOODS_3_260_CA_4_evaluation,FOODS_3_260,CA_4,2016-03-06,0,0.0
FOODS_3_260_TX_1_evaluation,FOODS_3_260,TX_1,2016-03-06,0,1.0
FOODS_3_260_TX_2_evaluation,FOODS_3_260,TX_2,2016-03-06,0,0.0
FOODS_3_260_TX_3_evaluation,FOODS_3_260,TX_3,2016-03-06,0,0.0
FOODS_3_260_WI_1_evaluation,FOODS_3_260,WI_1,2016-03-06,3,0.0
FOODS_3_260_WI_2_evaluation,FOODS_3_260,WI_2,2016-03-06,0,0.0
FOODS_3_260_WI_3_evaluation,FOODS_3_260,WI_3,2016-03-06,0,0.0
HOBBIES_1_022_CA_1_evaluation,HOBBIES_1_022,CA_1,2016-03-06,0,1.0
HOBBIES_1_022_CA_2_evaluation,HOBBIES_1_022,CA_2,2016-03-06,0,0.0
HOBBIES_1_022_CA_3_evaluation,HOBBIES_1_022,CA_3,2016-03-06,1,2.0
HOBBIES_1_022_CA_4_evaluation,HOBBIES_1_022,CA_4,2016-03-06,0,0.0
HOBBIES_1_022_TX_1_evaluation,HOBBIES_1_022,TX_1,2016-03-06,0,0.0
HOBBIES_1_022_TX_2_evaluation,HOBBIES_1_022,TX_2,2016-03-06,0,0.0
HOBBIES_1_022_TX_3_evaluation,HOBBIES_1_022,TX_3,2016-03-06,1,0.0
HOBBIES_1_022_WI_1_evaluation,HOBBIES_1_022,WI_1,2016-03-06,0,0.0
HOBBIES_1_022_WI_2_evaluation,HOBBIES_1_022,WI_2,2016-03-06,2,1.0
HOBBIES_1_022_WI_3_evaluation,HOBBIES_1_022,WI_3,2016-03-06,3,1.0
HOBBIES_1_209_CA_1_evaluation,HOBBIES_1_209,CA_1,2016-03-06,4,4.0
HOBBIES_1_209_CA_2_evaluation,HOBBIES_1_209,CA_2,2016-03-06,2,2.0
HOBBIES_1_209_CA_3_evaluation,HOBBIES_1_209,CA_3,2016-03-06,7,5.0
HOBBIES_1_209_CA_4_evaluation,HOBBIES_1_209,CA_4,2016-03-06,0,0.0
HOBBIES_1_209_TX_1_evaluation,HOBBIES_1_209,TX_1,2016-03-06,1,5.0
HOBBIES_1_209_TX_2_evaluation,HOBBIES_1_209,TX_2,2016-03-06,2,4.0
HOBBIES_1_209_TX_3_evaluation,HOBBIES_1_209,TX_3,2016-03-06,0,0.0
HOBBIES_1_209_WI_1_evaluation,HOBBIES_1_209,WI_1,2016-03-06,4,0.0
HOBBIES_1_209_WI_2_evaluation,HOBBIES_1_209,WI_2,2016-03-06,0,1.0
HOBBIES_1_209_WI_3_evaluation,HOBBIES_1_209,WI_3,2016-03-06,2,7.0
HOBBIES_2_041_CA_1_evaluation,HOBBIES_2_041,CA_1,2016-03-06,1,0.0
HOBBIES_2_041_CA_2_evaluation,HOBBIES_2_041,CA_2,2016-03-06,0,0.0
HOBBIES_2_041_CA_3_evaluation,HOBBIES_2_041,CA_3,2016-03-06,0,1.0
HOBBIES_2_041_CA_4_evaluation,HOBBIES_2_041,CA_4,2016-03-06,0,0.0
HOBBIES_2_041_TX_1_evaluation,HOBBIES_2_041,TX_1,2016-03-06,0,0.0
HOBBIES_2_041_TX_2_evaluation,HOBBIES_2_041,TX_2,2016-03-06,1,4.0
HOBBIES_2_041_TX_3_evaluation,HOBBIES_2_041,TX_3,2016-03-06,0,0.0
HOBBIES_2_041_WI_1_evaluation,HOBBIES_2_041,WI_1,2016-03-06,3,0.0
HOBBIES_2_041_WI_2_evaluation,HOBBIES_2_041,WI_2,2016-03-06,1,0.0
HOBBIES_2_041_WI_3_evaluation,HOBBIES_2_041,WI_3,2016-03-06,0,0.0
HOBBIES_2_113_CA_1_evaluation,HOBBIES_2_113,CA_1,2016-03-06,0,0.0
HOBBIES_2_113_CA_2_evaluation,HOBBIES_2_113,CA_2,2016-03-06,0,0.0
HOBBIES_2_113_CA_3_evaluation,HOBBIES_2_113,CA_3,2016-03-06,0,0.0
HOBBIES_2_113_CA_4_evaluation,HOBBIES_2_113,CA_4,2016-03-06,0,0.0
HOBBIES_2_113_TX_1_evaluation,HOBBIES_2_113,TX_1,2016-03-06,0,2.0
HOBBIES_2_113_TX_2_evaluation,HOBBIES_2_113,TX_2,2016-03-06,0,1.0
HOBBIES_2_113_TX_3_evaluation,HOBBIES_2_113,TX_3,2016-03-06,0,0.0
HOBBIES_2_113_WI_1_evaluation,HOBBIES_2_113,WI_1,2016-03-06,0,0.0
HOBBIES_2_113_WI_2_evaluation,HOBBIES_2_113,WI_2,2016-03-06,0,2.0
HOBBIES_2_113_WI_3_evaluation,HOBBIES_2_113,WI_3,2016-03-06,0,0.0
HOUSEHOLD_1_100_CA_1_evaluation,HOUSEHOLD_1_100,CA_1,2016-03-06,0,0.0
HOUSEHOLD_1_100_CA_2_evaluation,HOUSEHOLD_1_100,CA_2,2016-03-06,0,0.0
HOUSEHOLD_1_100_CA_3_evaluation,HOUSEHOLD_1_100,CA_3,2016-03-06,0,0.0
HOUSEHOLD_1_100_CA_4_evaluation,HOUSEHOLD_1_100,CA_4,2016-03-06,0,0.0
HOUSEHOLD_1_100_TX_1_evaluation,HOUSEHOLD_1_100,TX_1,2016-03-06,0,0.0
HOUSEHOLD_1_100_TX_2_evaluation,HOUSEHOLD_1_100,TX_2,2016-03-06,0,0.0
HOUSEHOLD_1_100_TX_3_evaluation,HOUSEHOLD_1_100,TX_3,2016-03-06,0,0.0
HOUSEHOLD_1_100_WI_1_evaluation,HOUSEHOLD_1_100,WI_1,2016-03-06,0,0.0
HOUSEHOLD_1_100_WI_2_evaluation,HOUSEHOLD_1_100,WI_2,2016-03-06,0,0.0
HOUSEHOLD_1_100_WI_3_evaluation,HOUSEHOLD_1_100,WI_3,2016-03-06,0,0.0
HOUSEHOLD_1_290_CA_1_evaluation,HOUSEHOLD_1_290,CA_1,2016-03-06,2,0.0
HOUSEHOLD_1_290_CA_2_evaluation,HOUSEHOLD_1_290,CA_2,2016-03-06,0,2.0
HOUSEHOLD_1_290_CA_3_evaluation,HOUSEHOLD_1_290,CA_3,2016-03-06,0,0.0
HOUSEHOLD_1_290_CA_4_evaluation,HOUSEHOLD_1_290,CA_4,2016-03-06,0,0.0
HOUSEHOLD_1_290_TX_1_evaluation,HOUSEHOLD_1_290,TX_1,2016-03-06,1,0.0
HOUSEHOLD_1_290_TX_2_evaluation,HOUSEHOLD_1_290,TX_2,2016-03-06,4,1.0
HOUSEHOLD_1_290_TX_3_evaluation,HOUSEHOLD_1_290,TX_3,2016-03-06,0,2.0
HOUSEHOLD_1_290_WI_1_evaluation,HOUSEHOLD_1_290,WI_1,2016-03-06,0,0.0
HOUSEHOLD_1_290_WI_2_evaluation,HOUSEHOLD_1_290,WI_2,2016-03-06,5,1.0
HOUSEHOLD_1_290_WI_3_evaluation,HOUSEHOLD_1_290,WI_3,2016-03-06,0,4.0
HOUSEHOLD_1_370_CA_1_evaluation,HOUSEHOLD_1_370,CA_1,2016-03-06,2,2.0
HOUSEHOLD_1_370_CA_2_evaluation,HOUSEHOLD_1_370,CA_2,2016-03-06,2,2.0
HOUSEHOLD_1_370_CA_3_evaluation,HOUSEHOLD_1_370,CA_3,2016-03-06,4,2.0
HOUSEHOLD_1_370_CA_4_evaluation,HOUSEHOLD_1_370,CA_4,2016-03-06,1,1.0
HOUSEHOLD_1_370_TX_1_evaluation,HOUSEHOLD_1_370,TX_1,2016-03-06,1,1.0
HOUSEHOLD_1_370_TX_2_evaluation,HOUSEHOLD_1_370,TX_2,2016-03-06,2,3.0
HOUSEHOLD_1_370_TX_3_evaluation,HOUSEHOLD_1_370,TX_3,2016-03-06,0,0.0
HOUSEHOLD_1_370_WI_1_evaluation,HOUSEHOLD_1_370,WI_1,2016-03-06,3,3.0
HOUSEHOLD_1_370_WI_2_evaluation,HOUSEHOLD_1_370,WI_2,2016-03-06,3,8.0
HOUSEHOLD_1_370_WI_3_evaluation,HOUSEHOLD_1_370,WI_3,2016-03-06,2,0.0
HOUSEHOLD_1_489_CA_1_evaluation,HOUSEHOLD_1_489,CA_1,2016-03-06,0,0.0
HOUSEHOLD_1_489_CA_2_evaluation,HOUSEHOLD_1_489,CA_2,2016-03-06,0,3.0
HOUSEHOLD_1_489_CA_3_evaluation,HOUSEHOLD_1_489,CA_3,2016-03-06,3,4.0
HOUSEHOLD_1_489_CA_4_evaluation,HOUSEHOLD_1_489,CA_4,2016-03-06,0,1.0
HOUSEHOLD_1_489_TX_1_evaluation,HOUSEHOLD_1_489,TX_1,2016-03-06,2,6.0
HOUSEHOLD_1_489_TX_2_evaluation,HOUSEHOLD_1_489,TX_2,2016-03-06,4,1.0
HOUSEHOLD_1_489_TX_3_evaluation,HOUSEHOLD_1_489,TX_3,2016-03-06,0,0.0
HOUSEHOLD_1_489_WI_1_evaluation,HOUSEHOLD_1_489,WI_1,2016-03-06,0,1.0
HOUSEHOLD_1_489_WI_2_evaluation,HOUSEHOLD_1_489,WI_2,2016-03-06,3,0.0
HOUSEHOLD_1_489_WI_3_evaluation,HOUSEHOLD_1_489,WI_3,2016-03-06,2,1.0
HOUSEHOLD_2_442_CA_1_evaluation,HOUSEHOLD_2_442,CA_1,2016-03-06,2,2.0
HOUSEHOLD_2_442_CA_2_evaluation,HOUSEHOLD_2_442,CA_2,2016-03-06,5,1.0
HOUSEHOLD_2_442_CA_3_evaluation,HOUSEHOLD_2_442,CA_3,2016-03-06,4,3.0
HOUSEHOLD_2_442_CA_4_evaluation,HOUSEHOLD_2_442,CA_4,2016-03-06,1,1.0
HOUSEHOLD_2_442_TX_1_evaluation,HOUSEHOLD_2_442,TX_1,2016-03-06,1,1.0
HOUSEHOLD_2_442_TX_2_evaluation,HOUSEHOLD_2_442,TX_2,2016-03-06,2,0.0
HOUSEHOLD_2_442_TX_3_evaluation,HOUSEHOLD_2_442,TX_3,2016-03-06,1,0.0
HOUSEHOLD_2_442_WI_1_evaluation,HOUSEHOLD_2_442,WI_1,2016-03-06,0,2.0
HOUSEHOLD_2_442_WI_2_evaluation,HOUSEHOLD_2_442,WI_2,2016-03-06,2,2.0
HOUSEHOLD_2_442_WI_3_evaluation,HOUSEHOLD_2_442,WI_3,2016-03-06,1,0.0
FOODS_1_021_CA_1_evaluation,FOODS_1_021,CA_1,2016-03-07,2,0.0
FOODS_1_021_CA_2_evaluation,FOODS_1_021,CA_2,2016-03-07,0,0.0
FOODS_1_021_CA_3_evaluation,FOODS_1_021,CA_3,2016-03-07,1,3.0
FOODS_1_021_CA_4_evaluation,FOODS_1_021,CA_4,2016-03-07,0,3.0
FOODS_1_021_TX_1_evaluation,FOODS_1_021,TX_1,2016-03-07,0,1.0
FOODS_1_021_TX_2_evaluation,FOODS_1_021,TX_2,2016-03-07,0,0.0
FOODS_1_021_TX_3_evaluation,FOODS_1_021,TX_3,2016-03-07,0,0.0
FOODS_1_021_WI_1_evaluation,FOODS_1_021,WI_1,2016-03-07,2,1.0
FOODS_1_021_WI_2_evaluation,FOODS_1_021,WI_2,2016-03-07,0,0.0
FOODS_1_021_WI_3_evaluation,FOODS_1_021,WI_3,2016-03-07,5,0.0
FOODS_2_035_CA_1_evaluation,FOODS_2_035,CA_1,2016-03-07,0,0.0
FOODS_2_035_CA_2_evaluation,FOODS_2_035,CA_2,2016-03-07,5,1.0
FOODS_2_035_CA_3_evaluation,FOODS_2_035,CA_3,2016-03-07,10,1.0
FOODS_2_035_CA_4_evaluation,FOODS_2_035,CA_4,2016-03-07,0,2.0
FOODS_2_035_TX_1_evaluation,FOODS_2_035,TX_1,2016-03-07,2,1.0
FOODS_2_035_TX_2_evaluation,FOODS_2_035,TX_2,2016-03-07,3,3.0
FOODS_2_035_TX_3_evaluation,FOODS_2_035,TX_3,2016-03-07,2,2.0
FOODS_2_035_WI_1_evaluation,FOODS_2_035,WI_1,2016-03-07,2,1.0
FOODS_2_035_WI_2_evaluation,FOODS_2_035,WI_2,2016-03-07,5,1.0
FOODS_2_035_WI_3_evaluation,FOODS_2_035,WI_3,2016-03-07,1,1.0
FOODS_3_180_CA_1_evaluation,FOODS_3_180,CA_1,2016-03-07,0,0.0
FOODS_3_180_CA_2_evaluation,FOODS_3_180,CA_2,2016-03-07,0,0.0
FOODS_3_180_CA_3_evaluation,FOODS_3_180,CA_3,2016-03-07,0,0.0
FOODS_3_180_CA_4_evaluation,FOODS_3_180,CA_4,2016-03-07,1,0.0
FOODS_3_180_TX_1_evaluation,FOODS_3_180,TX_1,2016-03-07,0,0.0
FOODS_3_180_TX_2_evaluation,FOODS_3_180,TX_2,2016-03-07,1,0.0
FOODS_3_180_TX_3_evaluation,FOODS_3_180,TX_3,2016-03-07,1,0.0
FOODS_3_180_WI_1_evaluation,FOODS_3_180,WI_1,2016-03-07,2,0.0
FOODS_3_180_WI_2_evaluation,FOODS_3_180,WI_2,2016-03-07,0,0.0
FOODS_3_180_WI_3_evaluation,FOODS_3_180,WI_3,2016-03-07,1,0.0
FOODS_3_260_CA_1_evaluation,FOODS_3_260,CA_1,2016-03-07,1,0.0
FOODS_3_260_CA_2_evaluation,FOODS_3_260,CA_2,2016-03-07,0,0.0
FOODS_3_260_CA_3_evaluation,FOODS_3_260,CA_3,2016-03-07,0,1.0
FOODS_3_260_CA_4_evaluation,FOODS_3_260,CA_4,2016-03-07,0,0.0
FOODS_3_260_TX_1_evaluation,FOODS_3_260,TX_1,2016-03-07,0,0.0
FOODS_3_260_TX_2_evaluation,FOODS_3_260,TX_2,2016-03-07,0,0.0
FOODS_3_260_TX_3_evaluation,FOODS_3_260,TX_3,2016-03-07,0,0.0
FOODS_3_260_WI_1_evaluation,FOODS_3_260,WI_1,2016-03-07,0,0.0
FOODS_3_260_WI_2_evaluation,FOODS_3_260,WI_2,2016-03-07,0,0.0
FOODS_3_260_WI_3_evaluation,FOODS_3_260,WI_3,2016-03-07,0,0.0
HOBBIES_1_022_CA_1_evaluation,HOBBIES_1_022,CA_1,2016-03-07,0,0.0
HOBBIES_1_022_CA_2_evaluation,HOBBIES_1_022,CA_2,2016-03-07,2,0.0
HOBBIES_1_022_CA_3_evaluation,HOBBIES_1_022,CA_3,2016-03-07,2,2.0
HOBBIES_1_022_CA_4_evaluation,HOBBIES_1_022,CA_4,2016-03-07,0,0.0
HOBBIES_1_022_TX_1_evaluation,HOBBIES_1_022,TX_1,2016-03-07,1,0.0
HOBBIES_1_022_TX_2_evaluation,HOBBIES_1_022,TX_2,2016-03-07,3,0.0
HOBBIES_1_022_TX_3_evaluation,HOBBIES_1_022,TX_3,2016-03-07,0,0.0
HOBBIES_1_022_WI_1_evaluation,HOBBIES_1_022,WI_1,2016-03-07,0,0.0
HOBBIES_1_022_WI_2_evaluation,HOBBIES_1_022,WI_2,2016-03-07,0,0.0
HOBBIES_1_022_WI_3_evaluation,HOBBIES_1_022,WI_3,2016-03-07,1,1.0
HOBBIES_1_209_CA_1_evaluation,HOBBIES_1_209,CA_1,2016-03-07,1,0.0
HOBBIES_1_209_CA_2_evaluation,HOBBIES_1_209,CA_2,2016-03-07,2,3.0
HOBBIES_1_209_CA_3_evaluation,HOBBIES_1_209,CA_3,2016-03-07,7,12.0
HOBBIES_1_209_CA_4_evaluation,HOBBIES_1_209,CA_4,2016-03-07,0,0.0
HOBBIES_1_209_TX_1_evaluation,HOBBIES_1_209,TX_1,2016-03-07,0,4.0
HOBBIES_1_209_TX_2_evaluation,HOBBIES_1_209,TX_2,2016-03-07,3,1.0
HOBBIES_1_209_TX_3_evaluation,HOBBIES_1_209,TX_3,2016-03-07,0,6.0
HOBBIES_1_209_WI_1_evaluation,HOBBIES_1_209,WI_1,2016-03-07,2,0.0
HOBBIES_1_209_WI_2_evaluation,HOBBIES_1_209,WI_2,2016-03-07,2,8.0
HOBBIES_1_209_WI_3_evaluation,HOBBIES_1_209,WI_3,2016-03-07,4,0.0
HOBBIES_2_041_CA_1_evaluation,HOBBIES_2_041,CA_1,2016-03-07,0,0.0
HOBBIES_2_041_CA_2_evaluation,HOBBIES_2_041,CA_2,2016-03-07,2,2.0
HOBBIES_2_041_CA_3_evaluation,HOBBIES_2_041,CA_3,2016-03-07,0,0.0
HOBBIES_2_041_CA_4_evaluation,HOBBIES_2_041,CA_4,2016-03-07,0,0.0
HOBBIES_2_041_TX_1_evaluation,HOBBIES_2_041,TX_1,2016-03-07,0,0.0
HOBBIES_2_041_TX_2_evaluation,HOBBIES_2_041,TX_2,2016-03-07,1,0.0
HOBBIES_2_041_TX_3_evaluation,HOBBIES_2_041,TX_3,2016-03-07,0,0.0
HOBBIES_2_041_WI_1_evaluation,HOBBIES_2_041,WI_1,2016-03-07,0,0.0
HOBBIES_2_041_WI_2_evaluation,HOBBIES_2_041,WI_2,2016-03-07,0,0.0
HOBBIES_2_041_WI_3_evaluation,HOBBIES_2_041,WI_3,2016-03-07,0,0.0
HOBBIES_2_113_CA_1_evaluation,HOBBIES_2_113,CA_1,2016-03-07,1,0.0
HOBBIES_2_113_CA_2_evaluation,HOBBIES_2_113,CA_2,2016-03-07,0,0.0
HOBBIES_2_113_CA_3_evaluation,HOBBIES_2_113,CA_3,2016-03-07,0,0.0
HOBBIES_2_113_CA_4_evaluation,HOBBIES_2_113,CA_4,2016-03-07,0,0.0
HOBBIES_2_113_TX_1_evaluation,HOBBIES_2_113,TX_1,2016-03-07,0,0.0
HOBBIES_2_113_TX_2_evaluation,HOBBIES_2_113,TX_2,2016-03-07,0,1.0
HOBBIES_2_113_TX_3_evaluation,HOBBIES_2_113,TX_3,2016-03-07,0,0.0
HOBBIES_2_113_WI_1_evaluation,HOBBIES_2_113,WI_1,2016-03-07,0,0.0
HOBBIES_2_113_WI_2_evaluation,HOBBIES_2_113,WI_2,2016-03-07,0,0.0
HOBBIES_2_113_WI_3_evaluation,HOBBIES_2_113,WI_3,2016-03-07,0,0.0
HOUSEHOLD_1_100_CA_1_evaluation,HOUSEHOLD_1_100,CA_1,2016-03-07,0,0.0
HOUSEHOLD_1_100_CA_2_evaluation,HOUSEHOLD_1_100,CA_2,2016-03-07,0,0.0
HOUSEHOLD_1_100_CA_3_evaluation,HOUSEHOLD_1_100,CA_3,2016-03-07,0,0.0
HOUSEHOLD_1_100_CA_4_evaluation,HOUSEHOLD_1_100,CA_4,2016-03-07,0,0.0
HOUSEHOLD_1_100_TX_1_evaluation,HOUSEHOLD_1_100,TX_1,2016-03-07,0,0.0
HOUSEHOLD_1_100_TX_2_evaluation,HOUSEHOLD_1_100,TX_2,2016-03-07,0,0.0
HOUSEHOLD_1_100_TX_3_evaluation,HOUSEHOLD_1_100,TX_3,2016-03-07,0,0.0
HOUSEHOLD_1_100_WI_1_evaluation,HOUSEHOLD_1_100,WI_1,2016-03-07,0,0.0
HOUSEHOLD_1_100_WI_2_evaluation,HOUSEHOLD_1_100,WI_2,2016-03-07,0,0.0
HOUSEHOLD_1_100_WI_3_evaluation,HOUSEHOLD_1_100,WI_3,2016-03-07,0,0.0
HOUSEHOLD_1_290_CA_1_evaluation,HOUSEHOLD_1_290,CA_1,2016-03-07,2,0.0
HOUSEHOLD_1_290_CA_2_evaluation,HOUSEHOLD_1_290,CA_2,2016-03-07,2,0.0
HOUSEHOLD_1_290_CA_3_evaluation,HOUSEHOLD_1_290,CA_3,2016-03-07,3,0.0
HOUSEHOLD_1_290_CA_4_evaluation,HOUSEHOLD_1_290,CA_4,2016-03-07,0,0.0
HOUSEHOLD_1_290_TX_1_evaluation,HOUSEHOLD_1_290,TX_1,2016-03-07,3,0.0
HOUSEHOLD_1_290_TX_2_evaluation,HOUSEHOLD_1_290,TX_2,2016-03-07,0,1.0
HOUSEHOLD_1_290_TX_3_evaluation,HOUSEHOLD_1_290,TX_3,2016-03-07,1,3.0
HOUSEHOLD_1_290_WI_1_evaluation,HOUSEHOLD_1_290,WI_1,2016-03-07,0,0.0
HOUSEHOLD_1_290_WI_2_evaluation,HOUSEHOLD_1_290,WI_2,2016-03-07,7,1.0
HOUSEHOLD_1_290_WI_3_evaluation,HOUSEHOLD_1_290,WI_3,2016-03-07,2,0.0
HOUSEHOLD_1_370_CA_1_evaluation,HOUSEHOLD_1_370,CA_1,2016-03-07,1,1.0
HOUSEHOLD_1_370_CA_2_evaluation,HOUSEHOLD_1_370,CA_2,2016-03-07,5,7.0
HOUSEHOLD_1_370_CA_3_evaluation,HOUSEHOLD_1_370,CA_3,2016-03-07,7,1.0
HOUSEHOLD_1_370_CA_4_evaluation,HOUSEHOLD_1_370,CA_4,2016-03-07,1,1.0
HOUSEHOLD_1_370_TX_1_evaluation,HOUSEHOLD_1_370,TX_1,2016-03-07,0,1.0
HOUSEHOLD_1_370_TX_2_evaluation,HOUSEHOLD_1_370,TX_2,2016-03-07,0,2.0
HOUSEHOLD_1_370_TX_3_evaluation,HOUSEHOLD_1_370,TX_3,2016-03-07,1,2.0
HOUSEHOLD_1_370_WI_1_evaluation,HOUSEHOLD_1_370,WI_1,2016-03-07,0,1.0
HOUSEHOLD_1_370_WI_2_evaluation,HOUSEHOLD_1_370,WI_2,2016-03-07,5,4.0
HOUSEHOLD_1_370_WI_3_evaluation,HOUSEHOLD_1_370,WI_3,2016-03-07,0,1.0
HOUSEHOLD_1_489_CA_1_evaluation,HOUSEHOLD_1_489,CA_1,2016-03-07,0,0.0
HOUSEHOLD_1_489_CA_2_evaluation,HOUSEHOLD_1_489,CA_2,2016-03-07,1,3.0
HOUSEHOLD_1_489_CA_3_evaluation,HOUSEHOLD_1_489,CA_3,2016-03-07,5,2.0
HOUSEHOLD_1_489_CA_4_evaluation,HOUSEHOLD_1_489,CA_4,2016-03-07,0,1.0
HOUSEHOLD_1_489_TX_1_evaluation,HOUSEHOLD_1_489,TX_1,2016-03-07,0,3.0
HOUSEHOLD_1_489_TX_2_evaluation,HOUSEHOLD_1_489,TX_2,2016-03-07,1,4.0
HOUSEHOLD_1_489_TX_3_evaluation,HOUSEHOLD_1_489,TX_3,2016-03-07,5,1.0
HOUSEHOLD_1_489_WI_1_evaluation,HOUSEHOLD_1_489,WI_1,2016-03-07,0,0.0
HOUSEHOLD_1_489_WI_2_evaluation,HOUSEHOLD_1_489,WI_2,2016-03-07,0,0.0
HOUSEHOLD_1_489_WI_3_evaluation,HOUSEHOLD_1_489,WI_3,2016-03-07,0,2.0
HOUSEHOLD_2_442_CA_1_evaluation,HOUSEHOLD_2_442,CA_1,2016-03-07,1,2.0
HOUSEHOLD_2_442_CA_2_evaluation,HOUSEHOLD_2_442,CA_2,2016-03-07,4,6.0
HOUSEHOLD_2_442_CA_3_evaluation,HOUSEHOLD_2_442,CA_3,2016-03-07,1,1.0
HOUSEHOLD_2_442_CA_4_evaluation,HOUSEHOLD_2_442,CA_4,2016-03-07,0,2.0
HOUSEHOLD_2_442_TX_1_evaluation,HOUSEHOLD_2_442,TX_1,2016-03-07,0,0.0
HOUSEHOLD_2_442_TX_2_evaluation,HOUSEHOLD_2_442,TX_2,2016-03-07,1,0.0
HOUSEHOLD_2_442_TX_3_evaluation,HOUSEHOLD_2_442,TX_3,2016-03-07,0,1.0
HOUSEHOLD_2_442_WI_1_evaluation,HOUSEHOLD_2_442,WI_1,2016-03-07,2,5.0
HOUSEHOLD_2_442_WI_2_evaluation,HOUSEHOLD_2_442,WI_2,2016-03-07,2,3.0
HOUSEHOLD_2_442_WI_3_evaluation,HOUSEHOLD_2_442,WI_3,2016-03-07,1,0.0
FOODS_1_021_CA_1_evaluation,FOODS_1_021,CA_1,2016-03-08,0,0.0
FOODS_1_021_CA_2_evaluation,FOODS_1_021,CA_2,2016-03-08,0,0.0
FOODS_1_021_CA_3_evaluation,FOODS_1_021,CA_3,2016-03-08,3,2.0
FOODS_1_021_CA_4_evaluation,FOODS_1_021,CA_4,2016-03-08,21,0.0
FOODS_1_021_TX_1_evaluation,FOODS_1_021,TX_1,2016-03-08,0,1.0
FOODS_1_021_TX_2_evaluation,FOODS_1_021,TX_2,2016-03-08,0,0.0
FOODS_1_021_TX_3_evaluation,FOODS_1_021,TX_3,2016-03-08,0,0.0
FOODS_1_021_WI_1_evaluation,FOODS_1_021,WI_1,2016-03-08,0,0.0
FOODS_1_021_WI_2_evaluation,FOODS_1_021,WI_2,2016-03-08,1,1.0
FOODS_1_021_WI_3_evaluation,FOODS_1_021,WI_3,2016-03-08,1,0.0
FOODS_2_035_CA_1_evaluation,FOODS_2_035,CA_1,2016-03-08,0,2.0
FOODS_2_035_CA_2_evaluation,FOODS_2_035,CA_2,2016-03-08,2,3.0
FOODS_2_035_CA_3_evaluation,FOODS_2_035,CA_3,2016-03-08,4,4.0
FOODS_2_035_CA_4_evaluation,FOODS_2_035,CA_4,2016-03-08,1,1.0
FOODS_2_035_TX_1_evaluation,FOODS_2_035,TX_1,2016-03-08,2,2.0
FOODS_2_035_TX_2_evaluation,FOODS_2_035,TX_2,2016-03-08,4,3.0
FOODS_2_035_TX_3_evaluation,FOODS_2_035,TX_3,2016-03-08,2,3.0
FOODS_2_035_WI_1_evaluation,FOODS_2_035,WI_1,2016-03-08,1,0.0
FOODS_2_035_WI_2_evaluation,FOODS_2_035,WI_2,2016-03-08,1,3.0
FOODS_2_035_WI_3_evaluation,FOODS_2_035,WI_3,2016-03-08,2,1.0
FOODS_3_180_CA_1_evaluation,FOODS_3_180,CA_1,2016-03-08,0,2.0
FOODS_3_180_CA_2_evaluation,FOODS_3_180,CA_2,2016-03-08,1,0.0
FOODS_3_180_CA_3_evaluation,FOODS_3_180,CA_3,2016-03-08,0,0.0
FOODS_3_180_CA_4_evaluation,FOODS_3_180,CA_4,2016-03-08,2,0.0
FOODS_3_180_TX_1_evaluation,FOODS_3_180,TX_1,2016-03-08,0,0.0
FOODS_3_180_TX_2_evaluation,FOODS_3_180,TX_2,2016-03-08,0,2.0
FOODS_3_180_TX_3_evaluation,FOODS_3_180,TX_3,2016-03-08,0,0.0
FOODS_3_180_WI_1_evaluation,FOODS_3_180,WI_1,2016-03-08,2,0.0
FOODS_3_180_WI_2_evaluation,FOODS_3_180,WI_2,2016-03-08,0,0.0
FOODS_3_180_WI_3_evaluation,FOODS_3_180,WI_3,2016-03-08,1,1.0
FOODS_3_260_CA_1_evaluation,FOODS_3_260,CA_1,2016-03-08,0,0.0
FOODS_3_260_CA_2_evaluation,FOODS_3_260,CA_2,2016-03-08,0,0.0
FOODS_3_260_CA_3_evaluation,FOODS_3_260,CA_3,2016-03-08,1,0.0
FOODS_3_260_CA_4_evaluation,FOODS_3_260,CA_4,2016-03-08,0,1.0
FOODS_3_260_TX_1_evaluation,FOODS_3_260,TX_1,2016-03-08,0,0.0
FOODS_3_260_TX_2_evaluation,FOODS_3_260,TX_2,2016-03-08,1,1.0
FOODS_3_260_TX_3_evaluation,FOODS_3_260,TX_3,2016-03-08,0,0.0
FOODS_3_260_WI_1_evaluation,FOODS_3_260,WI_1,2016-03-08,1,0.0
FOODS_3_260_WI_2_evaluation,FOODS_3_260,WI_2,2016-03-08,0,0.0
FOODS_3_260_WI_3_evaluation,FOODS_3_260,WI_3,2016-03-08,0,0.0
HOBBIES_1_022_CA_1_evaluation,HOBBIES_1_022,CA_1,2016-03-08,0,1.0
HOBBIES_1_022_CA_2_evaluation,HOBBIES_1_022,CA_2,2016-03-08,0,0.0
HOBBIES_1_022_CA_3_evaluation,HOBBIES_1_022,CA_3,2016-03-08,1,0.0
HOBBIES_1_022_CA_4_evaluation,HOBBIES_1_022,CA_4,2016-03-08,0,0.0
HOBBIES_1_022_TX_1_evaluation,HOBBIES_1_022,TX_1,2016-03-08,0,0.0
HOBBIES_1_022_TX_2_evaluation,HOBBIES_1_022,TX_2,2016-03-08,0,0.0
HOBBIES_1_022_TX_3_evaluation,HOBBIES_1_022,TX_3,2016-03-08,1,0.0
HOBBIES_1_022_WI_1_evaluation,HOBBIES_1_022,WI_1,2016-03-08,0,2.0
HOBBIES_1_022_WI_2_evaluation,HOBBIES_1_022,WI_2,2016-03-08,0,0.0
HOBBIES_1_022_WI_3_evaluation,HOBBIES_1_022,WI_3,2016-03-08,0,1.0
HOBBIES_1_209_CA_1_evaluation,HOBBIES_1_209,CA_1,2016-03-08,3,3.0
HOBBIES_1_209_CA_2_evaluation,HOBBIES_1_209,CA_2,2016-03-08,4,8.0
HOBBIES_1_209_CA_3_evaluation,HOBBIES_1_209,CA_3,2016-03-08,6,10.0
HOBBIES_1_209_CA_4_evaluation,HOBBIES_1_209,CA_4,2016-03-08,0,0.0
HOBBIES_1_209_TX_1_evaluation,HOBBIES_1_209,TX_1,2016-03-08,0,3.0
HOBBIES_1_209_TX_2_evaluation,HOBBIES_1_209,TX_2,2016-03-08,2,5.0
HOBBIES_1_209_TX_3_evaluation,HOBBIES_1_209,TX_3,2016-03-08,0,0.0
HOBBIES_1_209_WI_1_evaluation,HOBBIES_1_209,WI_1,2016-03-08,1,1.0
HOBBIES_1_209_WI_2_evaluation,HOBBIES_1_209,WI_2,2016-03-08,2,1.0
HOBBIES_1_209_WI_3_evaluation,HOBBIES_1_209,WI_3,2016-03-08,4,3.0
HOBBIES_2_041_CA_1_evaluation,HOBBIES_2_041,CA_1,2016-03-08,0,0.0
HOBBIES_2_041_CA_2_evaluation,HOBBIES_2_041,CA_2,2016-03-08,1,0.0
HOBBIES_2_041_CA_3_evaluation,HOBBIES_2_041,CA_3,2016-03-08,1,0.0
HOBBIES_2_041_CA_4_evaluation,HOBBIES_2_041,CA_4,2016-03-08,2,0.0
HOBBIES_2_041_TX_1_evaluation,HOBBIES_2_041,TX_1,2016-03-08,0,0.0
HOBBIES_2_041_TX_2_evaluation,HOBBIES_2_041,TX_2,2016-03-08,0,0.0
HOBBIES_2_041_TX_3_evaluation,HOBBIES_2_041,TX_3,2016-03-08,0,0.0
HOBBIES_2_041_WI_1_evaluation,HOBBIES_2_041,WI_1,2016-03-08,2,1.0
HOBBIES_2_041_WI_2_evaluation,HOBBIES_2_041,WI_2,2016-03-08,0,1.0
HOBBIES_2_041_WI_3_evaluation,HOBBIES_2_041,WI_3,2016-03-08,0,0.0
HOBBIES_2_113_CA_1_evaluation,HOBBIES_2_113,CA_1,2016-03-08,0,0.0
HOBBIES_2_113_CA_2_evaluation,HOBBIES_2_113,CA_2,2016-03-08,0,0.0
HOBBIES_2_113_CA_3_evaluation,HOBBIES_2_113,CA_3,2016-03-08,0,0.0
HOBBIES_2_113_CA_4_evaluation,HOBBIES_2_113,CA_4,2016-03-08,0,0.0
HOBBIES_2_113_TX_1_evaluation,HOBBIES_2_113,TX_1,2016-03-08,0,0.0
HOBBIES_2_113_TX_2_evaluation,HOBBIES_2_113,TX_2,2016-03-08,0,0.0
HOBBIES_2_113_TX_3_evaluation,HOBBIES_2_113,TX_3,2016-03-08,0,0.0
HOBBIES_2_113_WI_1_evaluation,HOBBIES_2_113,WI_1,2016-03-08,0,0.0
HOBBIES_2_113_WI_2_evaluation,HOBBIES_2_113,WI_2,2016-03-08,0,0.0
HOBBIES_2_113_WI_3_evaluation,HOBBIES_2_113,WI_3,2016-03-08,0,0.0
HOUSEHOLD_1_100_CA_1_evaluation,HOUSEHOLD_1_100,CA_1,2016-03-08,0,0.0
HOUSEHOLD_1_100_CA_2_evaluation,HOUSEHOLD_1_100,CA_2,2016-03-08,0,0.0
HOUSEHOLD_1_100_CA_3_evaluation,HOUSEHOLD_1_100,CA_3,2016-03-08,0,0.0
HOUSEHOLD_1_100_CA_4_evaluation,HOUSEHOLD_1_100,CA_4,2016-03-08,0,0.0
HOUSEHOLD_1_100_TX_1_evaluation,HOUSEHOLD_1_100,TX_1,2016-03-08,0,0.0
HOUSEHOLD_1_100_TX_2_evaluation,HOUSEHOLD_1_100,TX_2,2016-03-08,0,0.0
HOUSEHOLD_1_100_TX_3_evaluation,HOUSEHOLD_1_100,TX_3,2016-03-08,0,0.0
HOUSEHOLD_1_100_WI_1_evaluation,HOUSEHOLD_1_100,WI_1,2016-03-08,0,0.0
HOUSEHOLD_1_100_WI_2_evaluation,HOUSEHOLD_1_100,WI_2,2016-03-08,0,0.0
HOUSEHOLD_1_100_WI_3_evaluation,HOUSEHOLD_1_100,WI_3,2016-03-08,0,0.0
HOUSEHOLD_1_290_CA_1_evaluation,HOUSEHOLD_1_290,CA_1,2016-03-08,0,0.0
HOUSEHOLD_1_290_CA_2_evaluation,HOUSEHOLD_1_290,CA_2,2016-03-08,0,0.0
HOUSEHOLD_1_290_CA_3_evaluation,HOUSEHOLD_1_290,CA_3,2016-03-08,0,0.0
HOUSEHOLD_1_290_CA_4_evaluation,HOUSEHOLD_1_290,CA_4,2016-03-08,0,0.0
HOUSEHOLD_1_290_TX_1_evaluation,HOUSEHOLD_1_290,TX_1,2016-03-08,2,3.0
HOUSEHOLD_1_290_TX_2_evaluation,HOUSEHOLD_1_290,TX_2,2016-03-08,0,0.0
HOUSEHOLD_1_290_TX_3_evaluation,HOUSEHOLD_1_290,TX_3,2016-03-08,2,3.0
HOUSEHOLD_1_290_WI_1_evaluation,HOUSEHOLD_1_290,WI_1,2016-03-08,0,0.0
HOUSEHOLD_1_290_WI_2_evaluation,HOUSEHOLD_1_290,WI_2,2016-03-08,3,0.0
HOUSEHOLD_1_290_WI_3_evaluation,HOUSEHOLD_1_290,WI_3,2016-03-08,1,3.0
HOUSEHOLD_1_370_CA_1_evaluation,HOUSEHOLD_1_370,CA_1,2016-03-08,1,2.0
HOUSEHOLD_1_370_CA_2_evaluation,HOUSEHOLD_1_370,CA_2,2016-03-08,3,3.0
HOUSEHOLD_1_370_CA_3_evaluation,HOUSEHOLD_1_370,CA_3,2016-03-08,2,3.0
HOUSEHOLD_1_370_CA_4_evaluation,HOUSEHOLD_1_370,CA_4,2016-03-08,0,1.0
HOUSEHOLD_1_370_TX_1_evaluation,HOUSEHOLD_1_370,TX_1,2016-03-08,1,0.0
HOUSEHOLD_1_370_TX_2_evaluation,HOUSEHOLD_1_370,TX_2,2016-03-08,1,1.0
HOUSEHOLD_1_370_TX_3_evaluation,HOUSEHOLD_1_370,TX_3,2016-03-08,1,5.0
HOUSEHOLD_1_370_WI_1_evaluation,HOUSEHOLD_1_370,WI_1,2016-03-08,2,1.0
HOUSEHOLD_1_370_WI_2_evaluation,HOUSEHOLD_1_370,WI_2,2016-03-08,1,4.0
HOUSEHOLD_1_370_WI_3_evaluation,HOUSEHOLD_1_370,WI_3,2016-03-08,0,0.0
HOUSEHOLD_1_489_CA_1_evaluation,HOUSEHOLD_1_489,CA_1,2016-03-08,0,0.0
HOUSEHOLD_1_489_CA_2_evaluation,HOUSEHOLD_1_489,CA_2,2016-03-08,1,2.0
HOUSEHOLD_1_489_CA_3_evaluation,HOUSEHOLD_1_489,CA_3,2016-03-08,4,0.0
HOUSEHOLD_1_489_CA_4_evaluation,HOUSEHOLD_1_489,CA_4,2016-03-08,0,0.0
HOUSEHOLD_1_489_TX_1_evaluation,HOUSEHOLD_1_489,TX_1,2016-03-08,0,0.0
HOUSEHOLD_1_489_TX_2_evaluation,HOUSEHOLD_1_489,TX_2,2016-03-08,1,1.0
HOUSEHOLD_1_489_TX_3_evaluation,HOUSEHOLD_1_489,TX_3,2016-03-08,1,1.0
HOUSEHOLD_1_489_WI_1_evaluation,HOUSEHOLD_1_489,WI_1,2016-03-08,2,1.0
HOUSEHOLD_1_489_WI_2_evaluation,HOUSEHOLD_1_489,WI_2,2016-03-08,1,2.0
HOUSEHOLD_1_489_WI_3_evaluation,HOUSEHOLD_1_489,WI_3,2016-03-08,0,1.0
HOUSEHOLD_2_442_CA_1_evaluation,HOUSEHOLD_2_442,CA_1,2016-03-08,2,2.0
HOUSEHOLD_2_442_CA_2_evaluation,HOUSEHOLD_2_442,CA_2,2016-03-08,1,1.0
HOUSEHOLD_2_442_CA_3_evaluation,HOUSEHOLD_2_442,CA_3,2016-03-08,1,1.0
HOUSEHOLD_2_442_CA_4_evaluation,HOUSEHOLD_2_442,CA_4,2016-03-08,2,0.0
HOUSEHOLD_2_442_TX_1_evaluation,HOUSEHOLD_2_442,TX_1,2016-03-08,0,0.0
HOUSEHOLD_2_442_TX_2_evaluation,HOUSEHOLD_2_442,TX_2,2016-03-08,1,0.0
HOUSEHOLD_2_442_TX_3_evaluation,HOUSEHOLD_2_442,TX_3,2016-03-08,0,1.0
HOUSEHOLD_2_442_WI_1_evaluation,HOUSEHOLD_2_442,WI_1,2016-03-08,3,1.0
HOUSEHOLD_2_442_WI_2_evaluation,HOUSEHOLD_2_442,WI_2,2016-03-08,4,1.0
HOUSEHOLD_2_442_WI_3_evaluation,HOUSEHOLD_2_442,WI_3,2016-03-08,0,2.0
FOODS_1_021_CA_1_evaluation,FOODS_1_021,CA_1,2016-03-09,0,3.0
FOODS_1_021_CA_2_evaluation,FOODS_1_021,CA_2,2016-03-09,5,1.0
FOODS_1_021_CA_3_evaluation,FOODS_1_021,CA_3,2016-03-09,1,1.0
FOODS_1_021_CA_4_evaluation,FOODS_1_021,CA_4,2016-03-09,0,0.0
FOODS_1_021_TX_1_evaluation,FOODS_1_021,TX_1,2016-03-09,0,0.0
FOODS_1_021_TX_2_evaluation,FOODS_1_021,TX_2,2016-03-09,0,0.0
FOODS_1_021_TX_3_evaluation,FOODS_1_021,TX_3,2016-03-09,0,0.0
FOODS_1_021_WI_1_evaluation,FOODS_1_021,WI_1,2016-03-09,3,4.0
FOODS_1_021_WI_2_evaluation,FOODS_1_021,WI_2,2016-03-09,1,0.0
FOODS_1_021_WI_3_evaluation,FOODS_1_021,WI_3,2016-03-09,1,3.0
FOODS_2_035_CA_1_evaluation,FOODS_2_035,CA_1,2016-03-09,0,0.0
FOODS_2_035_CA_2_evaluation,FOODS_2_035,CA_2,2016-03-09,1,1.0
FOODS_2_035_CA_3_evaluation,FOODS_2_035,CA_3,2016-03-09,4,4.0
FOODS_2_035_CA_4_evaluation,FOODS_2_035,CA_4,2016-03-09,0,0.0
FOODS_2_035_TX_1_evaluation,FOODS_2_035,TX_1,2016-03-09,3,1.0
FOODS_2_035_TX_2_evaluation,FOODS_2_035,TX_2,2016-03-09,1,2.0
FOODS_2_035_TX_3_evaluation,FOODS_2_035,TX_3,2016-03-09,2,2.0
FOODS_2_035_WI_1_evaluation,FOODS_2_035,WI_1,2016-03-09,0,1.0
FOODS_2_035_WI_2_evaluation,FOODS_2_035,WI_2,2016-03-09,3,1.0
FOODS_2_035_WI_3_evaluation,FOODS_2_035,WI_3,2016-03-09,2,0.0
FOODS_3_180_CA_1_evaluation,FOODS_3_180,CA_1,2016-03-09,0,0.0
FOODS_3_180_CA_2_evaluation,FOODS_3_180,CA_2,2016-03-09,0,0.0
FOODS_3_180_CA_3_evaluation,FOODS_3_180,CA_3,2016-03-09,2,1.0
FOODS_3_180_CA_4_evaluation,FOODS_3_180,CA_4,2016-03-09,0,1.0
FOODS_3_180_TX_1_evaluation,FOODS_3_180,TX_1,2016-03-09,0,0.0
FOODS_3_180_TX_2_evaluation,FOODS_3_180,TX_2,2016-03-09,0,1.0
FOODS_3_180_TX_3_evaluation,FOODS_3_180,TX_3,2016-03-09,0,0.0
FOODS_3_180_WI_1_evaluation,FOODS_3_180,WI_1,2016-03-09,0,2.0
FOODS_3_180_WI_2_evaluation,FOODS_3_180,WI_2,2016-03-09,2,1.0
FOODS_3_180_WI_3_evaluation,FOODS_3_180,WI_3,2016-03-09,1,0.0
FOODS_3_260_CA_1_evaluation,FOODS_3_260,CA_1,2016-03-09,0,1.0
FOODS_3_260_CA_2_evaluation,FOODS_3_260,CA_2,2016-03-09,0,0.0
FOODS_3_260_CA_3_evaluation,FOODS_3_260,CA_3,2016-03-09,0,0.0
FOODS_3_260_CA_4_evaluation,FOODS_3_260,CA_4,2016-03-09,1,1.0
FOODS_3_260_TX_1_evaluation,FOODS_3_260,TX_1,2016-03-09,1,0.0
FOODS_3_260_TX_2_evaluation,FOODS_3_260,TX_2,2016-03-09,0,0.0
FOODS_3_260_TX_3_evaluation,FOODS_3_260,TX_3,2016-03-09,0,0.0
FOODS_3_260_WI_1_evaluation,FOODS_3_260,WI_1,2016-03-09,0,0.0
FOODS_3_260_WI_2_evaluation,FOODS_3_260,WI_2,2016-03-09,0,0.0
FOODS_3_260_WI_3_evaluation,FOODS_3_260,WI_3,2016-03-09,0,0.0
HOBBIES_1_022_CA_1_evaluation,HOBBIES_1_022,CA_1,2016-03-09,0,0.0
HOBBIES_1_022_CA_2_evaluation,HOBBIES_1_022,CA_2,2016-03-09,0,0.0
HOBBIES_1_022_CA_3_evaluation,HOBBIES_1_022,CA_3,2016-03-09,1,0.0
HOBBIES_1_022_CA_4_evaluation,HOBBIES_1_022,CA_4,2016-03-09,0,0.0
HOBBIES_1_022_TX_1_evaluation,HOBBIES_1_022,TX_1,2016-03-09,0,0.0
HOBBIES_1_022_TX_2_evaluation,HOBBIES_1_022,TX_2,2016-03-09,0,1.0
HOBBIES_1_022_TX_3_evaluation,HOBBIES_1_022,TX_3,2016-03-09,0,0.0
HOBBIES_1_022_WI_1_evaluation,HOBBIES_1_022,WI_1,2016-03-09,0,0.0
HOBBIES_1_022_WI_2_evaluation,HOBBIES_1_022,WI_2,2016-03-09,0,0.0
HOBBIES_1_022_WI_3_evaluation,HOBBIES_1_022,WI_3,2016-03-09,1,1.0
HOBBIES_1_209_CA_1_evaluation,HOBBIES_1_209,CA_1,2016-03-09,8,1.0
HOBBIES_1_209_CA_2_evaluation,HOBBIES_1_209,CA_2,2016-03-09,4,7.0
HOBBIES_1_209_CA_3_evaluation,HOBBIES_1_209,CA_3,2016-03-09,31,5.0
HOBBIES_1_209_CA_4_evaluation,HOBBIES_1_209,CA_4,2016-03-09,0,0.0
HOBBIES_1_209_TX_1_evaluation,HOBBIES_1_209,TX_1,2016-03-09,0,0.0
HOBBIES_1_209_TX_2_evaluation,HOBBIES_1_209,TX_2,2016-03-09,2,0.0
HOBBIES_1_209_TX_3_evaluation,HOBBIES_1_209,TX_3,2016-03-09,1,0.0
HOBBIES_1_209_WI_1_evaluation,HOBBIES_1_209,WI_1,2016-03-09,3,1.0
HOBBIES_1_209_WI_2_evaluation,HOBBIES_1_209,WI_2,2016-03-09,2,1.0
HOBBIES_1_209_WI_3_evaluation,HOBBIES_1_209,WI_3,2016-03-09,5,0.0
HOBBIES_2_041_CA_1_evaluation,HOBBIES_2_041,CA_1,2016-03-09,0,0.0
HOBBIES_2_041_CA_2_evaluation,HOBBIES_2_041,CA_2,2016-03-09,0,4.0
HOBBIES_2_041_CA_3_evaluation,HOBBIES_2_041,CA_3,2016-03-09,1,1.0
HOBBIES_2_041_CA_4_evaluation,HOBBIES_2_041,CA_4,2016-03-09,0,0.0
HOBBIES_2_041_TX_1_evaluation,HOBBIES_2_041,TX_1,2016-03-09,0,0.0
HOBBIES_2_041_TX_2_evaluation,HOBBIES_2_041,TX_2,2016-03-09,0,0.0
HOBBIES_2_041_TX_3_evaluation,HOBBIES_2_041,TX_3,2016-03-09,0,0.0
HOBBIES_2_041_WI_1_evaluation,HOBBIES_2_041,WI_1,2016-03-09,0,0.0
HOBBIES_2_041_WI_2_evaluation,HOBBIES_2_041,WI_2,2016-03-09,0,0.0
HOBBIES_2_041_WI_3_evaluation,HOBBIES_2_041,WI_3,2016-03-09,0,0.0
HOBBIES_2_113_CA_1_evaluation,HOBBIES_2_113,CA_1,2016-03-09,0,0.0
HOBBIES_2_113_CA_2_evaluation,HOBBIES_2_113,CA_2,2016-03-09,0,0.0
HOBBIES_2_113_CA_3_evaluation,HOBBIES_2_113,CA_3,2016-03-09,0,0.0
HOBBIES_2_113_CA_4_evaluation,HOBBIES_2_113,CA_4,2016-03-09,0,0.0
HOBBIES_2_113_TX_1_evaluation,HOBBIES_2_113,TX_1,2016-03-09,0,0.0
HOBBIES_2_113_TX_2_evaluation,HOBBIES_2_113,TX_2,2016-03-09,0,0.0
HOBBIES_2_113_TX_3_evaluation,HOBBIES_2_113,TX_3,2016-03-09,0,0.0
HOBBIES_2_113_WI_1_evaluation,HOBBIES_2_113,WI_1,2016-03-09,0,0.0
HOBBIES_2_113_WI_2_evaluation,HOBBIES_2_113,WI_2,2016-03-09,0,0.0
HOBBIES_2_113_WI_3_evaluation,HOBBIES_2_113,WI_3,2016-03-09,0,0.0
HOUSEHOLD_1_100_CA_1_evaluation,HOUSEHOLD_1_100,CA_1,2016-03-09,0,0.0
HOUSEHOLD_1_100_CA_2_evaluation,HOUSEHOLD_1_100,CA_2,2016-03-09,0,0.0
HOUSEHOLD_1_100_CA_3_evaluation,HOUSEHOLD_1_100,CA_3,2016-03-09,0,0.0
HOUSEHOLD_1_100_CA_4_evaluation,HOUSEHOLD_1_100,CA_4,2016-03-09,0,0.0
HOUSEHOLD_1_100_TX_1_evaluation,HOUSEHOLD_1_100,TX_1,2016-03-09,0,0.0
HOUSEHOLD_1_100_TX_2_evaluation,HOUSEHOLD_1_100,TX_2,2016-03-09,0,0.0
HOUSEHOLD_1_100_TX_3_evaluation,HOUSEHOLD_1_100,TX_3,2016-03-09,0,0.0
HOUSEHOLD_1_100_WI_1_evaluation,HOUSEHOLD_1_100,WI_1,2016-03-09,0,0.0
HOUSEHOLD_1_100_WI_2_evaluation,HOUSEHOLD_1_100,WI_2,2016-03-09,0,0.0
HOUSEHOLD_1_100_WI_3_evaluation,HOUSEHOLD_1_100,WI_3,2016-03-09,0,0.0
HOUSEHOLD_1_290_CA_1_evaluation,HOUSEHOLD_1_290,CA_1,2016-03-09,1,0.0
HOUSEHOLD_1_290_CA_2_evaluation,HOUSEHOLD_1_290,CA_2,2016-03-09,2,2.0
HOUSEHOLD_1_290_CA_3_evaluation,HOUSEHOLD_1_290,CA_3,2016-03-09,0,1.0
HOUSEHOLD_1_290_CA_4_evaluation,HOUSEHOLD_1_290,CA_4,2016-03-09,0,0.0
HOUSEHOLD_1_290_TX_1_evaluation,HOUSEHOLD_1_290,TX_1,2016-03-09,0,1.0
HOUSEHOLD_1_290_TX_2_evaluation,HOUSEHOLD_1_290,TX_2,2016-03-09,1,1.0
HOUSEHOLD_1_290_TX_3_evaluation,HOUSEHOLD_1_290,TX_3,2016-03-09,1,1.0
HOUSEHOLD_1_290_WI_1_evaluation,HOUSEHOLD_1_290,WI_1,2016-03-09,0,1.0
HOUSEHOLD_1_290_WI_2_evaluation,HOUSEHOLD_1_290,WI_2,2016-03-09,8,0.0
HOUSEHOLD_1_290_WI_3_evaluation,HOUSEHOLD_1_290,WI_3,2016-03-09,2,2.0
HOUSEHOLD_1_370_CA_1_evaluation,HOUSEHOLD_1_370,CA_1,2016-03-09,1,3.0
HOUSEHOLD_1_370_CA_2_evaluation,HOUSEHOLD_1_370,CA_2,2016-03-09,1,3.0
HOUSEHOLD_1_370_CA_3_evaluation,HOUSEHOLD_1_370,CA_3,2016-03-09,5,2.0
HOUSEHOLD_1_370_CA_4_evaluation,HOUSEHOLD_1_370,CA_4,2016-03-09,1,0.0
HOUSEHOLD_1_370_TX_1_evaluation,HOUSEHOLD_1_370,TX_1,2016-03-09,0,2.0
HOUSEHOLD_1_370_TX_2_evaluation,HOUSEHOLD_1_370,TX_2,2016-03-09,0,2.0
HOUSEHOLD_1_370_TX_3_evaluation,HOUSEHOLD_1_370,TX_3,2016-03-09,1,0.0
HOUSEHOLD_1_370_WI_1_evaluation,HOUSEHOLD_1_370,WI_1,2016-03-09,0,0.0
HOUSEHOLD_1_370_WI_2_evaluation,HOUSEHOLD_1_370,WI_2,2016-03-09,2,2.0
HOUSEHOLD_1_370_WI_3_evaluation,HOUSEHOLD_1_370,WI_3,2016-03-09,0,2.0
HOUSEHOLD_1_489_CA_1_evaluation,HOUSEHOLD_1_489,CA_1,2016-03-09,0,1.0
HOUSEHOLD_1_489_CA_2_evaluation,HOUSEHOLD_1_489,CA_2,2016-03-09,0,0.0
HOUSEHOLD_1_489_CA_3_evaluation,HOUSEHOLD_1_489,CA_3,2016-03-09,1,3.0
HOUSEHOLD_1_489_CA_4_evaluation,HOUSEHOLD_1_489,CA_4,2016-03-09,2,0.0
HOUSEHOLD_1_489_TX_1_evaluation,HOUSEHOLD_1_489,TX_1,2016-03-09,0,0.0
HOUSEHOLD_1_489_TX_2_evaluation,HOUSEHOLD_1_489,TX_2,2016-03-09,1,0.0
HOUSEHOLD_1_489_TX_3_evaluation,HOUSEHOLD_1_489,TX_3,2016-03-09,2,2.0
HOUSEHOLD_1_489_WI_1_evaluation,HOUSEHOLD_1_489,WI_1,2016-03-09,1,0.0
HOUSEHOLD_1_489_WI_2_evaluation,HOUSEHOLD_1_489,WI_2,2016-03-09,0,1.0
HOUSEHOLD_1_489_WI_3_evaluation,HOUSEHOLD_1_489,WI_3,2016-03-09,1,0.0
HOUSEHOLD_2_442_CA_1_evaluation,HOUSEHOLD_2_442,CA_1,2016-03-09,0,3.0
HOUSEHOLD_2_442_CA_2_evaluation,HOUSEHOLD_2_442,CA_2,2016-03-09,0,0.0
HOUSEHOLD_2_442_CA_3_evaluation,HOUSEHOLD_2_442,CA_3,2016-03-09,0,0.0
HOUSEHOLD_2_442_CA_4_evaluation,HOUSEHOLD_2_442,CA_4,2016-03-09,0,0.0
HOUSEHOLD_2_442_TX_1_evaluation,HOUSEHOLD_2_442,TX_1,2016-03-09,0,1.0
HOUSEHOLD_2_442_TX_2_evaluation,HOUSEHOLD_2_442,TX_2,2016-03-09,0,0.0
HOUSEHOLD_2_442_TX_3_evaluation,HOUSEHOLD_2_442,TX_3,2016-03-09,2,0.0
HOUSEHOLD_2_442_WI_1_evaluation,HOUSEHOLD_2_442,WI_1,2016-03-09,2,0.0
HOUSEHOLD_2_442_WI_2_evaluation,HOUSEHOLD_2_442,WI_2,2016-03-09,2,0.0
HOUSEHOLD_2_442_WI_3_evaluation,HOUSEHOLD_2_442,WI_3,2016-03-09,2,1.0
FOODS_1_021_CA_1_evaluation,FOODS_1_021,CA_1,2016-03-10,0,0.0
FOODS_1_021_CA_2_evaluation,FOODS_1_021,CA_2,2016-03-10,2,2.0
FOODS_1_021_CA_3_evaluation,FOODS_1_021,CA_3,2016-03-10,1,1.0
FOODS_1_021_CA_4_evaluation,FOODS_1_021,CA_4,2016-03-10,0,0.0
FOODS_1_021_TX_1_evaluation,FOODS_1_021,TX_1,2016-03-10,1,0.0
FOODS_1_021_TX_2_evaluation,FOODS_1_021,TX_2,2016-03-10,0,0.0
FOODS_1_021_TX_3_evaluation,FOODS_1_021,TX_3,2016-03-10,0,0.0
FOODS_1_021_WI_1_evaluation,FOODS_1_021,WI_1,2016-03-10,0,0.0
FOODS_1_021_WI_2_evaluation,FOODS_1_021,WI_2,2016-03-10,3,1.0
FOODS_1_021_WI_3_evaluation,FOODS_1_021,WI_3,2016-03-10,0,0.0
FOODS_2_035_CA_1_evaluation,FOODS_2_035,CA_1,2016-03-10,0,1.0
FOODS_2_035_CA_2_evaluation,FOODS_2_035,CA_2,2016-03-10,4,1.0
FOODS_2_035_CA_3_evaluation,FOODS_2_035,CA_3,2016-03-10,5,2.0
FOODS_2_035_CA_4_evaluation,FOODS_2_035,CA_4,2016-03-10,1,1.0
FOODS_2_035_TX_1_evaluation,FOODS_2_035,TX_1,2016-03-10,1,2.0
FOODS_2_035_TX_2_evaluation,FOODS_2_035,TX_2,2016-03-10,2,0.0
FOODS_2_035_TX_3_evaluation,FOODS_2_035,TX_3,2016-03-10,2,1.0
FOODS_2_035_WI_1_evaluation,FOODS_2_035,WI_1,2016-03-10,0,1.0
FOODS_2_035_WI_2_evaluation,FOODS_2_035,WI_2,2016-03-10,2,0.0
FOODS_2_035_WI_3_evaluation,FOODS_2_035,WI_3,2016-03-10,3,0.0
FOODS_3_180_CA_1_evaluation,FOODS_3_180,CA_1,2016-03-10,0,0.0
FOODS_3_180_CA_2_evaluation,FOODS_3_180,CA_2,2016-03-10,0,0.0
FOODS_3_180_CA_3_evaluation,FOODS_3_180,CA_3,2016-03-10,1,0.0
FOODS_3_180_CA_4_evaluation,FOODS_3_180,CA_4,2016-03-10,0,0.0
FOODS_3_180_TX_1_evaluation,FOODS_3_180,TX_1,2016-03-10,1,1.0
FOODS_3_180_TX_2_evaluation,FOODS_3_180,TX_2,2016-03-10,2,0.0
FOODS_3_180_TX_3_evaluation,FOODS_3_180,TX_3,2016-03-10,0,0.0
FOODS_3_180_WI_1_evaluation,FOODS_3_180,WI_1,2016-03-10,0,0.0
FOODS_3_180_WI_2_evaluation,FOODS_3_180,WI_2,2016-03-10,2,0.0
FOODS_3_180_WI_3_evaluation,FOODS_3_180,WI_3,2016-03-10,0,1.0
FOODS_3_260_CA_1_evaluation,FOODS_3_260,CA_1,2016-03-10,1,2.0
FOODS_3_260_CA_2_evaluation,FOODS_3_260,CA_2,2016-03-10,0,0.0
FOODS_3_260_CA_3_evaluation,FOODS_3_260,CA_3,2016-03-10,0,0.0
FOODS_3_260_CA_4_evaluation,FOODS_3_260,CA_4,2016-03-10,0,0.0
FOODS_3_260_TX_1_evaluation,FOODS_3_260,TX_1,2016-03-10,0,1.0
FOODS_3_260_TX_2_evaluation,FOODS_3_260,TX_2,2016-03-10,0,0.0
FOODS_3_260_TX_3_evaluation,FOODS_3_260,TX_3,2016-03-10,0,0.0
FOODS_3_260_WI_1_evaluation,FOODS_3_260,WI_1,2016-03-10,0,0.0
FOODS_3_260_WI_2_evaluation,FOODS_3_260,WI_2,2016-03-10,0,0.0
FOODS_3_260_WI_3_evaluation,FOODS_3_260,WI_3,2016-03-10,2,0.0
HOBBIES_1_022_CA_1_evaluation,HOBBIES_1_022,CA_1,2016-03-10,1,3.0
HOBBIES_1_022_CA_2_evaluation,HOBBIES_1_022,CA_2,2016-03-10,0,1.0
HOBBIES_1_022_CA_3_evaluation,HOBBIES_1_022,CA_3,2016-03-10,0,0.0
HOBBIES_1_022_CA_4_evaluation,HOBBIES_1_022,CA_4,2016-03-10,0,1.0
HOBBIES_1_022_TX_1_evaluation,HOBBIES_1_022,TX_1,2016-03-10,2,0.0
HOBBIES_1_022_TX_2_evaluation,HOBBIES_1_022,TX_2,2016-03-10,2,1.0
HOBBIES_1_022_TX_3_evaluation,HOBBIES_1_022,TX_3,2016-03-10,0,2.0
HOBBIES_1_022_WI_1_evaluation,HOBBIES_1_022,WI_1,2016-03-10,0,0.0
HOBBIES_1_022_WI_2_evaluation,HOBBIES_1_022,WI_2,2016-03-10,0,0.0
HOBBIES_1_022_WI_3_evaluation,HOBBIES_1_022,WI_3,2016-03-10,0,0.0
HOBBIES_1_209_CA_1_evaluation,HOBBIES_1_209,CA_1,2016-03-10,2,5.0
HOBBIES_1_209_CA_2_evaluation,HOBBIES_1_209,CA_2,2016-03-10,7,6.0
HOBBIES_1_209_CA_3_evaluation,HOBBIES_1_209,CA_3,2016-03-10,2,0.0
HOBBIES_1_209_CA_4_evaluation,HOBBIES_1_209,CA_4,2016-03-10,0,0.0
HOBBIES_1_209_TX_1_evaluation,HOBBIES_1_209,TX_1,2016-03-10,1,0.0
HOBBIES_1_209_TX_2_evaluation,HOBBIES_1_209,TX_2,2016-03-10,4,0.0
HOBBIES_1_209_TX_3_evaluation,HOBBIES_1_209,TX_3,2016-03-10,1,0.0
HOBBIES_1_209_WI_1_evaluation,HOBBIES_1_209,WI_1,2016-03-10,0,4.0
HOBBIES_1_209_WI_2_evaluation,HOBBIES_1_209,WI_2,2016-03-10,2,5.0
HOBBIES_1_209_WI_3_evaluation,HOBBIES_1_209,WI_3,2016-03-10,0,0.0
HOBBIES_2_041_CA_1_evaluation,HOBBIES_2_041,CA_1,2016-03-10,0,0.0
HOBBIES_2_041_CA_2_evaluation,HOBBIES_2_041,CA_2,2016-03-10,1,3.0
HOBBIES_2_041_CA_3_evaluation,HOBBIES_2_041,CA_3,2016-03-10,0,0.0
HOBBIES_2_041_CA_4_evaluation,HOBBIES_2_041,CA_4,2016-03-10,0,0.0
HOBBIES_2_041_TX_1_evaluation,HOBBIES_2_041,TX_1,2016-03-10,0,0.0
HOBBIES_2_041_TX_2_evaluation,HOBBIES_2_041,TX_2,2016-03-10,1,1.0
HOBBIES_2_041_TX_3_evaluation,HOBBIES_2_041,TX_3,2016-03-10,1,0.0
HOBBIES_2_041_WI_1_evaluation,HOBBIES_2_041,WI_1,2016-03-10,0,0.0
HOBBIES_2_041_WI_2_evaluation,HOBBIES_2_041,WI_2,2016-03-10,0,0.0
HOBBIES_2_041_WI_3_evaluation,HOBBIES_2_041,WI_3,2016-03-10,0,0.0
HOBBIES_2_113_CA_1_evaluation,HOBBIES_2_113,CA_1,2016-03-10,0,0.0
HOBBIES_2_113_CA_2_evaluation,HOBBIES_2_113,CA_2,2016-03-10,0,0.0
HOBBIES_2_113_CA_3_evaluation,HOBBIES_2_113,CA_3,2016-03-10,0,0.0
HOBBIES_2_113_CA_4_evaluation,HOBBIES_2_113,CA_4,2016-03-10,0,0.0
HOBBIES_2_113_TX_1_evaluation,HOBBIES_2_113,TX_1,2016-03-10,0,1.0
HOBBIES_2_113_TX_2_evaluation,HOBBIES_2_113,TX_2,2016-03-10,0,0.0
HOBBIES_2_113_TX_3_evaluation,HOBBIES_2_113,TX_3,2016-03-10,0,0.0
HOBBIES_2_113_WI_1_evaluation,HOBBIES_2_113,WI_1,2016-03-10,0,0.0
HOBBIES_2_113_WI_2_evaluation,HOBBIES_2_113,WI_2,2016-03-10,0,0.0
HOBBIES_2_113_WI_3_evaluation,HOBBIES_2_113,WI_3,2016-03-10,0,0.0
HOUSEHOLD_1_100_CA_1_evaluation,HOUSEHOLD_1_100,CA_1,2016-03-10,1,0.0
HOUSEHOLD_1_100_CA_2_evaluation,HOUSEHOLD_1_100,CA_2,2016-03-10,0,1.0
HOUSEHOLD_1_100_CA_3_evaluation,HOUSEHOLD_1_100,CA_3,2016-03-10,0,0.0
HOUSEHOLD_1_100_CA_4_evaluation,HOUSEHOLD_1_100,CA_4,2016-03-10,0,0.0
HOUSEHOLD_1_100_TX_1_evaluation,HOUSEHOLD_1_100,TX_1,2016-03-10,0,0.0
HOUSEHOLD_1_100_TX_2_evaluation,HOUSEHOLD_1_100,TX_2,2016-03-10,0,0.0
HOUSEHOLD_1_100_TX_3_evaluation,HOUSEHOLD_1_100,TX_3,2016-03-10,0,0.0
HOUSEHOLD_1_100_WI_1_evaluation,HOUSEHOLD_1_100,WI_1,2016-03-10,0,0.0
HOUSEHOLD_1_100_WI_2_evaluation,HOUSEHOLD_1_100,WI_2,2016-03-10,0,0.0
HOUSEHOLD_1_100_WI_3_evaluation,HOUSEHOLD_1_100,WI_3,2016-03-10,0,0.0
HOUSEHOLD_1_290_CA_1_evaluation,HOUSEHOLD_1_290,CA_1,2016-03-10,1,2.0
HOUSEHOLD_1_290_CA_2_evaluation,HOUSEHOLD_1_290,CA_2,2016-03-10,0,0.0
HOUSEHOLD_1_290_CA_3_evaluation,HOUSEHOLD_1_290,CA_3,2016-03-10,1,0.0
HOUSEHOLD_1_290_CA_4_evaluation,HOUSEHOLD_1_290,CA_4,2016-03-10,0,0.0
HOUSEHOLD_1_290_TX_1_evaluation,HOUSEHOLD_1_290,TX_1,2016-03-10,3,1.0
HOUSEHOLD_1_290_TX_2_evaluation,HOUSEHOLD_1_290,TX_2,2016-03-10,1,0.0
HOUSEHOLD_1_290_TX_3_evaluation,HOUSEHOLD_1_290,TX_3,2016-03-10,2,0.0
HOUSEHOLD_1_290_WI_1_evaluation,HOUSEHOLD_1_290,WI_1,2016-03-10,0,0.0
HOUSEHOLD_1_290_WI_2_evaluation,HOUSEHOLD_1_290,WI_2,2016-03-10,4,1.0
HOUSEHOLD_1_290_WI_3_evaluation,HOUSEHOLD_1_290,WI_3,2016-03-10,1,0.0
HOUSEHOLD_1_370_CA_1_evaluation,HOUSEHOLD_1_370,CA_1,2016-03-10,1,0.0
HOUSEHOLD_1_370_CA_2_evaluation,HOUSEHOLD_1_370,CA_2,2016-03-10,1,4.0
HOUSEHOLD_1_370_CA_3_evaluation,HOUSEHOLD_1_370,CA_3,2016-03-10,2,4.0
HOUSEHOLD_1_370_CA_4_evaluation,HOUSEHOLD_1_370,CA_4,2016-03-10,0,1.0
HOUSEHOLD_1_370_TX_1_evaluation,HOUSEHOLD_1_370,TX_1,2016-03-10,1,1.0
HOUSEHOLD_1_370_TX_2_evaluation,HOUSEHOLD_1_370,TX_2,2016-03-10,0,2.0
HOUSEHOLD_1_370_TX_3_evaluation,HOUSEHOLD_1_370,TX_3,2016-03-10,0,1.0
HOUSEHOLD_1_370_WI_1_evaluation,HOUSEHOLD_1_370,WI_1,2016-03-10,0,0.0
HOUSEHOLD_1_370_WI_2_evaluation,HOUSEHOLD_1_370,WI_2,2016-03-10,4,2.0
HOUSEHOLD_1_370_WI_3_evaluation,HOUSEHOLD_1_370,WI_3,2016-03-10,2,1.0
HOUSEHOLD_1_489_CA_1_evaluation,HOUSEHOLD_1_489,CA_1,2016-03-10,2,2.0
HOUSEHOLD_1_489_CA_2_evaluation,HOUSEHOLD_1_489,CA_2,2016-03-10,1,4.0
HOUSEHOLD_1_489_CA_3_evaluation,HOUSEHOLD_1_489,CA_3,2016-03-10,2,2.0
HOUSEHOLD_1_489_CA_4_evaluation,HOUSEHOLD_1_489,CA_4,2016-03-10,0,0.0
HOUSEHOLD_1_489_TX_1_evaluation,HOUSEHOLD_1_489,TX_1,2016-03-10,1,0.0
HOUSEHOLD_1_489_TX_2_evaluation,HOUSEHOLD_1_489,TX_2,2016-03-10,0,1.0
HOUSEHOLD_1_489_TX_3_evaluation,HOUSEHOLD_1_489,TX_3,2016-03-10,1,2.0
HOUSEHOLD_1_489_WI_1_evaluation,HOUSEHOLD_1_489,WI_1,2016-03-10,0,1.0
HOUSEHOLD_1_489_WI_2_evaluation,HOUSEHOLD_1_489,WI_2,2016-03-10,1,2.0
HOUSEHOLD_1_489_WI_3_evaluation,HOUSEHOLD_1_489,WI_3,2016-03-10,1,0.0
HOUSEHOLD_2_442_CA_1_evaluation,HOUSEHOLD_2_442,CA_1,2016-03-10,0,2.0
HOUSEHOLD_2_442_CA_2_evaluation,HOUSEHOLD_2_442,CA_2,2016-03-10,0,1.0
HOUSEHOLD_2_442_CA_3_evaluation,HOUSEHOLD_2_442,CA_3,2016-03-10,0,2.0
HOUSEHOLD_2_442_CA_4_evaluation,HOUSEHOLD_2_442,CA_4,2016-03-10,0,0.0
HOUSEHOLD_2_442_TX_1_evaluation,HOUSEHOLD_2_442,TX_1,2016-03-10,0,0.0
HOUSEHOLD_2_442_TX_2_evaluation,HOUSEHOLD_2_442,TX_2,2016-03-10,0,0.0
HOUSEHOLD_2_442_TX_3_evaluation,HOUSEHOLD_2_442,TX_3,2016-03-10,1,0.0
HOUSEHOLD_2_442_WI_1_evaluation,HOUSEHOLD_2_442,WI_1,2016-03-10,1,0.0
HOUSEHOLD_2_442_WI_2_evaluation,HOUSEHOLD_2_442,WI_2,2016-03-10,0,0.0
HOUSEHOLD_2_442_WI_3_evaluation,HOUSEHOLD_2_442,WI_3,2016-03-10,0,2.0
FOODS_1_021_CA_1_evaluation,FOODS_1_021,CA_1,2016-03-11,0,1.0
FOODS_1_021_CA_2_evaluation,FOODS_1_021,CA_2,2016-03-11,6,3.0
FOODS_1_021_CA_3_evaluation,FOODS_1_021,CA_3,2016-03-11,2,2.0
FOODS_1_021_CA_4_evaluation,FOODS_1_021,CA_4,2016-03-11,0,0.0
FOODS_1_021_TX_1_evaluation,FOODS_1_021,TX_1,2016-03-11,0,2.0
FOODS_1_021_TX_2_evaluation,FOODS_1_021,TX_2,2016-03-11,0,0.0
FOODS_1_021_TX_3_evaluation,FOODS_1_021,TX_3,2016-03-11,0,0.0
FOODS_1_021_WI_1_evaluation,FOODS_1_021,WI_1,2016-03-11,3,1.0
FOODS_1_021_WI_2_evaluation,FOODS_1_021,WI_2,2016-03-11,0,0.0
FOODS_1_021_WI_3_evaluation,FOODS_1_021,WI_3,2016-03-11,0,1.0
FOODS_2_035_CA_1_evaluation,FOODS_2_035,CA_1,2016-03-11,0,2.0
FOODS_2_035_CA_2_evaluation,FOODS_2_035,CA_2,2016-03-11,2,2.0
FOODS_2_035_CA_3_evaluation,FOODS_2_035,CA_3,2016-03-11,1,3.0
FOODS_2_035_CA_4_evaluation,FOODS_2_035,CA_4,2016-03-11,0,2.0
FOODS_2_035_TX_1_evaluation,FOODS_2_035,TX_1,2016-03-11,0,1.0
FOODS_2_035_TX_2_evaluation,FOODS_2_035,TX_2,2016-03-11,3,1.0
FOODS_2_035_TX_3_evaluation,FOODS_2_035,TX_3,2016-03-11,0,1.0
FOODS_2_035_WI_1_evaluation,FOODS_2_035,WI_1,2016-03-11,1,1.0
FOODS_2_035_WI_2_evaluation,FOODS_2_035,WI_2,2016-03-11,3,0.0
FOODS_2_035_WI_3_evaluation,FOODS_2_035,WI_3,2016-03-11,1,2.0
FOODS_3_180_CA_1_evaluation,FOODS_3_180,CA_1,2016-03-11,0,0.0
FOODS_3_180_CA_2_evaluation,FOODS_3_180,CA_2,2016-03-11,0,0.0
FOODS_3_180_CA_3_evaluation,FOODS_3_180,CA_3,2016-03-11,1,1.0
FOODS_3_180_CA_4_evaluation,FOODS_3_180,CA_4,2016-03-11,0,0.0
FOODS_3_180_TX_1_evaluation,FOODS_3_180,TX_1,2016-03-11,0,0.0
FOODS_3_180_TX_2_evaluation,FOODS_3_180,TX_2,2016-03-11,1,0.0
FOODS_3_180_TX_3_evaluation,FOODS_3_180,TX_3,2016-03-11,0,0.0
FOODS_3_180_WI_1_evaluation,FOODS_3_180,WI_1,2016-03-11,1,1.0
FOODS_3_180_WI_2_evaluation,FOODS_3_180,WI_2,2016-03-11,3,1.0
FOODS_3_180_WI_3_evaluation,FOODS_3_180,WI_3,2016-03-11,0,0.0
FOODS_3_260_CA_1_evaluation,FOODS_3_260,CA_1,2016-03-11,0,1.0
FOODS_3_260_CA_2_evaluation,FOODS_3_260,CA_2,2016-03-11,0,0.0
FOODS_3_260_CA_3_evaluation,FOODS_3_260,CA_3,2016-03-11,0,0.0
FOODS_3_260_CA_4_evaluation,FOODS_3_260,CA_4,2016-03-11,3,0.0
FOODS_3_260_TX_1_evaluation,FOODS_3_260,TX_1,2016-03-11,0,0.0
FOODS_3_260_TX_2_evaluation,FOODS_3_260,TX_2,2016-03-11,0,2.0
FOODS_3_260_TX_3_evaluation,FOODS_3_260,TX_3,2016-03-11,0,0.0
FOODS_3_260_WI_1_evaluation,FOODS_3_260,WI_1,2016-03-11,0,0.0
FOODS_3_260_WI_2_evaluation,FOODS_3_260,WI_2,2016-03-11,0,0.0
FOODS_3_260_WI_3_evaluation,FOODS_3_260,WI_3,2016-03-11,2,0.0
HOBBIES_1_022_CA_1_evaluation,HOBBIES_1_022,CA_1,2016-03-11,0,0.0
HOBBIES_1_022_CA_2_evaluation,HOBBIES_1_022,CA_2,2016-03-11,0,0.0
HOBBIES_1_022_CA_3_evaluation,HOBBIES_1_022,CA_3,2016-03-11,1,0.0
HOBBIES_1_022_CA_4_evaluation,HOBBIES_1_022,CA_4,2016-03-11,0,0.0
HOBBIES_1_022_TX_1_evaluation,HOBBIES_1_022,TX_1,2016-03-11,0,0.0
HOBBIES_1_022_TX_2_evaluation,HOBBIES_1_022,TX_2,2016-03-11,0,1.0
HOBBIES_1_022_TX_3_evaluation,HOBBIES_1_022,TX_3,2016-03-11,0,0.0
HOBBIES_1_022_WI_1_evaluation,HOBBIES_1_022,WI_1,2016-03-11,2,1.0
HOBBIES_1_022_WI_2_evaluation,HOBBIES_1_022,WI_2,2016-03-11,0,1.0
HOBBIES_1_022_WI_3_evaluation,HOBBIES_1_022,WI_3,2016-03-11,0,0.0
HOBBIES_1_209_CA_1_evaluation,HOBBIES_1_209,CA_1,2016-03-11,0,3.0
HOBBIES_1_209_CA_2_evaluation,HOBBIES_1_209,CA_2,2016-03-11,10,0.0
HOBBIES_1_209_CA_3_evaluation,HOBBIES_1_209,CA_3,2016-03-11,0,3.0
HOBBIES_1_209_CA_4_evaluation,HOBBIES_1_209,CA_4,2016-03-11,0,0.0
HOBBIES_1_209_TX_1_evaluation,HOBBIES_1_209,TX_1,2016-03-11,1,0.0
HOBBIES_1_209_TX_2_evaluation,HOBBIES_1_209,TX_2,2016-03-11,3,2.0
HOBBIES_1_209_TX_3_evaluation,HOBBIES_1_209,TX_3,2016-03-11,2,0.0
HOBBIES_1_209_WI_1_evaluation,HOBBIES_1_209,WI_1,2016-03-11,1,1.0
HOBBIES_1_209_WI_2_evaluation,HOBBIES_1_209,WI_2,2016-03-11,4,8.0
HOBBIES_1_209_WI_3_evaluation,HOBBIES_1_209,WI_3,2016-03-11,0,3.0
HOBBIES_2_041_CA_1_evaluation,HOBBIES_2_041,CA_1,2016-03-11,0,0.0
HOBBIES_2_041_CA_2_evaluation,HOBBIES_2_041,CA_2,2016-03-11,0,0.0
HOBBIES_2_041_CA_3_evaluation,HOBBIES_2_041,CA_3,2016-03-11,0,0.0
HOBBIES_2_041_CA_4_evaluation,HOBBIES_2_041,CA_4,2016-03-11,0,0.0
HOBBIES_2_041_TX_1_evaluation,HOBBIES_2_041,TX_1,2016-03-11,0,1.0
HOBBIES_2_041_TX_2_evaluation,HOBBIES_2_041,TX_2,2016-03-11,0,0.0
HOBBIES_2_041_TX_3_evaluation,HOBBIES_2_041,TX_3,2016-03-11,0,0.0
HOBBIES_2_041_WI_1_evaluation,HOBBIES_2_041,WI_1,2016-03-11,0,0.0
HOBBIES_2_041_WI_2_evaluation,HOBBIES_2_041,WI_2,2016-03-11,0,0.0
HOBBIES_2_041_WI_3_evaluation,HOBBIES_2_041,WI_3,2016-03-11,0,3.0
HOBBIES_2_113_CA_1_evaluation,HOBBIES_2_113,CA_1,2016-03-11,0,0.0
HOBBIES_2_113_CA_2_evaluation,HOBBIES_2_113,CA_2,2016-03-11,0,0.0
HOBBIES_2_113_CA_3_evaluation,HOBBIES_2_113,CA_3,2016-03-11,0,0.0
HOBBIES_2_113_CA_4_evaluation,HOBBIES_2_113,CA_4,2016-03-11,0,0.0
HOBBIES_2_113_TX_1_evaluation,HOBBIES_2_113,TX_1,2016-03-11,0,0.0
HOBBIES_2_113_TX_2_evaluation,HOBBIES_2_113,TX_2,2016-03-11,0,0.0
HOBBIES_2_113_TX_3_evaluation,HOBBIES_2_113,TX_3,2016-03-11,0,0.0
HOBBIES_2_113_WI_1_evaluation,HOBBIES_2_113,WI_1,2016-03-11,0,0.0
HOBBIES_2_113_WI_2_evaluation,HOBBIES_2_113,WI_2,2016-03-11,0,0.0
HOBBIES_2_113_WI_3_evaluation,HOBBIES_2_113,WI_3,2016-03-11,0,0.0
HOUSEHOLD_1_100_CA_1_evaluation,HOUSEHOLD_1_100,CA_1,2016-03-11,2,0.0
HOUSEHOLD_1_100_CA_2_evaluation,HOUSEHOLD_1_100,CA_2,2016-03-11,1,0.0
HOUSEHOLD_1_100_CA_3_evaluation,HOUSEHOLD_1_100,CA_3,2016-03-11,0,0.0
HOUSEHOLD_1_100_CA_4_evaluation,HOUSEHOLD_1_100,CA_4,2016-03-11,0,0.0
HOUSEHOLD_1_100_TX_1_evaluation,HOUSEHOLD_1_100,TX_1,2016-03-11,1,0.0
HOUSEHOLD_1_100_TX_2_evaluation,HOUSEHOLD_1_100,TX_2,2016-03-11,0,0.0
HOUSEHOLD_1_100_TX_3_evaluation,HOUSEHOLD_1_100,TX_3,2016-03-11,0,0.0
HOUSEHOLD_1_100_WI_1_evaluation,HOUSEHOLD_1_100,WI_1,2016-03-11,2,0.0
HOUSEHOLD_1_100_WI_2_evaluation,HOUSEHOLD_1_100,WI_2,2016-03-11,0,0.0
HOUSEHOLD_1_100_WI_3_evaluation,HOUSEHOLD_1_100,WI_3,2016-03-11,0,0.0
HOUSEHOLD_1_290_CA_1_evaluation,HOUSEHOLD_1_290,CA_1,2016-03-11,3,0.0
HOUSEHOLD_1_290_CA_2_evaluation,HOUSEHOLD_1_290,CA_2,2016-03-11,0,1.0
HOUSEHOLD_1_290_CA_3_evaluation,HOUSEHOLD_1_290,CA_3,2016-03-11,4,0.0
HOUSEHOLD_1_290_CA_4_evaluation,HOUSEHOLD_1_290,CA_4,2016-03-11,0,0.0
HOUSEHOLD_1_290_TX_1_evaluation,HOUSEHOLD_1_290,TX_1,2016-03-11,2,2.0
HOUSEHOLD_1_290_TX_2_evaluation,HOUSEHOLD_1_290,TX_2,2016-03-11,0,1.0
HOUSEHOLD_1_290_TX_3_evaluation,HOUSEHOLD_1_290,TX_3,2016-03-11,2,1.0
HOUSEHOLD_1_290_WI_1_evaluation,HOUSEHOLD_1_290,WI_1,2016-03-11,0,0.0
HOUSEHOLD_1_290_WI_2_evaluation,HOUSEHOLD_1_290,WI_2,2016-03-11,0,1.0
HOUSEHOLD_1_290_WI_3_evaluation,HOUSEHOLD_1_290,WI_3,2016-03-11,2,1.0
HOUSEHOLD_1_370_CA_1_evaluation,HOUSEHOLD_1_370,CA_1,2016-03-11,4,1.0
HOUSEHOLD_1_370_CA_2_evaluation,HOUSEHOLD_1_370,CA_2,2016-03-11,4,4.0
HOUSEHOLD_1_370_CA_3_evaluation,HOUSEHOLD_1_370,CA_3,2016-03-11,6,5.0
HOUSEHOLD_1_370_CA_4_evaluation,HOUSEHOLD_1_370,CA_4,2016-03-11,1,1.0
HOUSEHOLD_1_370_TX_1_evaluation,HOUSEHOLD_1_370,TX_1,2016-03-11,0,0.0
HOUSEHOLD_1_370_TX_2_evaluation,HOUSEHOLD_1_370,TX_2,2016-03-11,0,1.0
HOUSEHOLD_1_370_TX_3_evaluation,HOUSEHOLD_1_370,TX_3,2016-03-11,0,0.0
HOUSEHOLD_1_370_WI_1_evaluation,HOUSEHOLD_1_370,WI_1,2016-03-11,1,0.0
HOUSEHOLD_1_370_WI_2_evaluation,HOUSEHOLD_1_370,WI_2,2016-03-11,6,3.0
HOUSEHOLD_1_370_WI_3_evaluation,HOUSEHOLD_1_370,WI_3,2016-03-11,0,0.0
HOUSEHOLD_1_489_CA_1_evaluation,HOUSEHOLD_1_489,CA_1,2016-03-11,3,0.0
HOUSEHOLD_1_489_CA_2_evaluation,HOUSEHOLD_1_489,CA_2,2016-03-11,1,1.0
HOUSEHOLD_1_489_CA_3_evaluation,HOUSEHOLD_1_489,CA_3,2016-03-11,3,1.0
HOUSEHOLD_1_489_CA_4_evaluation,HOUSEHOLD_1_489,CA_4,2016-03-11,0,1.0
HOUSEHOLD_1_489_TX_1_evaluation,HOUSEHOLD_1_489,TX_1,2016-03-11,4,0.0
HOUSEHOLD_1_489_TX_2_evaluation,HOUSEHOLD_1_489,TX_2,2016-03-11,2,3.0
HOUSEHOLD_1_489_TX_3_evaluation,HOUSEHOLD_1_489,TX_3,2016-03-11,0,3.0
HOUSEHOLD_1_489_WI_1_evaluation,HOUSEHOLD_1_489,WI_1,2016-03-11,1,0.0
HOUSEHOLD_1_489_WI_2_evaluation,HOUSEHOLD_1_489,WI_2,2016-03-11,0,0.0
HOUSEHOLD_1_489_WI_3_evaluation,HOUSEHOLD_1_489,WI_3,2016-03-11,0,0.0
HOUSEHOLD_2_442_CA_1_evaluation,HOUSEHOLD_2_442,CA_1,2016-03-11,2,1.0
HOUSEHOLD_2_442_CA_2_evaluation,HOUSEHOLD_2_442,CA_2,2016-03-11,3,0.0
HOUSEHOLD_2_442_CA_3_evaluation,HOUSEHOLD_2_442,CA_3,2016-03-11,1,1.0
HOUSEHOLD_2_442_CA_4_evaluation,HOUSEHOLD_2_442,CA_4,2016-03-11,1,2.0
HOUSEHOLD_2_442_TX_1_evaluation,HOUSEHOLD_2_442,TX_1,2016-03-11,1,0.0
HOUSEHOLD_2_442_TX_2_evaluation,HOUSEHOLD_2_442,TX_2,2016-03-11,4,2.0
HOUSEHOLD_2_442_TX_3_evaluation,HOUSEHOLD_2_442,TX_3,2016-03-11,1,0.0
HOUSEHOLD_2_442_WI_1_evaluation,HOUSEHOLD_2_442,WI_1,2016-03-11,1,1.0
HOUSEHOLD_2_442_WI_2_evaluation,HOUSEHOLD_2_442,WI_2,2016-03-11,0,0.0
HOUSEHOLD_2_442_WI_3_evaluation,HOUSEHOLD_2_442,WI_3,2016-03-11,0,1.0
FOODS_1_021_CA_1_evaluation,FOODS_1_021,CA_1,2016-03-12,0,6.0
FOODS_1_021_CA_2_evaluation,FOODS_1_021,CA_2,2016-03-12,2,9.0
FOODS_1_021_CA_3_evaluation,FOODS_1_021,CA_3,2016-03-12,4,0.0
FOODS_1_021_CA_4_evaluation,FOODS_1_021,CA_4,2016-03-12,0,1.0
FOODS_1_021_TX_1_evaluation,FOODS_1_021,TX_1,2016-03-12,0,5.0
FOODS_1_021_TX_2_evaluation,FOODS_1_021,TX_2,2016-03-12,0,0.0
FOODS_1_021_TX_3_evaluation,FOODS_1_021,TX_3,2016-03-12,0,0.0
FOODS_1_021_WI_1_evaluation,FOODS_1_021,WI_1,2016-03-12,0,0.0
FOODS_1_021_WI_2_evaluation,FOODS_1_021,WI_2,2016-03-12,0,2.0
FOODS_1_021_WI_3_evaluation,FOODS_1_021,WI_3,2016-03-12,0,3.0
FOODS_2_035_CA_1_evaluation,FOODS_2_035,CA_1,2016-03-12,0,1.0
FOODS_2_035_CA_2_evaluation,FOODS_2_035,CA_2,2016-03-12,2,3.0
FOODS_2_035_CA_3_evaluation,FOODS_2_035,CA_3,2016-03-12,2,5.0
FOODS_2_035_CA_4_evaluation,FOODS_2_035,CA_4,2016-03-12,2,2.0
FOODS_2_035_TX_1_evaluation,FOODS_2_035,TX_1,2016-03-12,1,0.0
FOODS_2_035_TX_2_evaluation,FOODS_2_035,TX_2,2016-03-12,4,2.0
FOODS_2_035_TX_3_evaluation,FOODS_2_035,TX_3,2016-03-12,2,3.0
FOODS_2_035_WI_1_evaluation,FOODS_2_035,WI_1,2016-03-12,3,2.0
FOODS_2_035_WI_2_evaluation,FOODS_2_035,WI_2,2016-03-12,2,1.0
FOODS_2_035_WI_3_evaluation,FOODS_2_035,WI_3,2016-03-12,4,2.0
FOODS_3_180_CA_1_evaluation,FOODS_3_180,CA_1,2016-03-12,0,0.0
FOODS_3_180_CA_2_evaluation,FOODS_3_180,CA_2,2016-03-12,0,0.0
FOODS_3_180_CA_3_evaluation,FOODS_3_180,CA_3,2016-03-12,1,1.0
FOODS_3_180_CA_4_evaluation,FOODS_3_180,CA_4,2016-03-12,0,1.0
FOODS_3_180_TX_1_evaluation,FOODS_3_180,TX_1,2016-03-12,0,0.0
FOODS_3_180_TX_2_evaluation,FOODS_3_180,TX_2,2016-03-12,1,0.0
FOODS_3_180_TX_3_evaluation,FOODS_3_180,TX_3,2016-03-12,0,0.0
FOODS_3_180_WI_1_evaluation,FOODS_3_180,WI_1,2016-03-12,0,1.0
FOODS_3_180_WI_2_evaluation,FOODS_3_180,WI_2,2016-03-12,2,1.0
FOODS_3_180_WI_3_evaluation,FOODS_3_180,WI_3,2016-03-12,1,0.0
FOODS_3_260_CA_1_evaluation,FOODS_3_260,CA_1,2016-03-12,0,0.0
FOODS_3_260_CA_2_evaluation,FOODS_3_260,CA_2,2016-03-12,2,0.0
FOODS_3_260_CA_3_evaluation,FOODS_3_260,CA_3,2016-03-12,0,0.0
FOODS_3_260_CA_4_evaluation,FOODS_3_260,CA_4,2016-03-12,1,0.0
FOODS_3_260_TX_1_evaluation,FOODS_3_260,TX_1,2016-03-12,0,1.0
FOODS_3_260_TX_2_evaluation,FOODS_3_260,TX_2,2016-03-12,0,1.0
FOODS_3_260_TX_3_evaluation,FOODS_3_260,TX_3,2016-03-12,0,0.0
FOODS_3_260_WI_1_evaluation,FOODS_3_260,WI_1,2016-03-12,1,0.0
FOODS_3_260_WI_2_evaluation,FOODS_3_260,WI_2,2016-03-12,0,0.0
FOODS_3_260_WI_3_evaluation,FOODS_3_260,WI_3,2016-03-12,0,0.0
HOBBIES_1_022_CA_1_evaluation,HOBBIES_1_022,CA_1,2016-03-12,0,0.0
HOBBIES_1_022_CA_2_evaluation,HOBBIES_1_022,CA_2,2016-03-12,0,1.0
HOBBIES_1_022_CA_3_evaluation,HOBBIES_1_022,CA_3,2016-03-12,1,0.0
HOBBIES_1_022_CA_4_evaluation,HOBBIES_1_022,CA_4,2016-03-12,0,0.0
HOBBIES_1_022_TX_1_evaluation,HOBBIES_1_022,TX_1,2016-03-12,0,0.0
HOBBIES_1_022_TX_2_evaluation,HOBBIES_1_022,TX_2,2016-03-12,0,0.0
HOBBIES_1_022_TX_3_evaluation,HOBBIES_1_022,TX_3,2016-03-12,0,1.0
HOBBIES_1_022_WI_1_evaluation,HOBBIES_1_022,WI_1,2016-03-12,0,0.0
HOBBIES_1_022_WI_2_evaluation,HOBBIES_1_022,WI_2,2016-03-12,0,1.0
HOBBIES_1_022_WI_3_evaluation,HOBBIES_1_022,WI_3,2016-03-12,1,0.0
HOBBIES_1_209_CA_1_evaluation,HOBBIES_1_209,CA_1,2016-03-12,2,10.0
HOBBIES_1_209_CA_2_evaluation,HOBBIES_1_209,CA_2,2016-03-12,0,5.0
HOBBIES_1_209_CA_3_evaluation,HOBBIES_1_209,CA_3,2016-03-12,2,8.0
HOBBIES_1_209_CA_4_evaluation,HOBBIES_1_209,CA_4,2016-03-12,0,0.0
HOBBIES_1_209_TX_1_evaluation,HOBBIES_1_209,TX_1,2016-03-12,8,0.0
HOBBIES_1_209_TX_2_evaluation,HOBBIES_1_209,TX_2,2016-03-12,2,7.0
HOBBIES_1_209_TX_3_evaluation,HOBBIES_1_209,TX_3,2016-03-12,0,0.0
HOBBIES_1_209_WI_1_evaluation,HOBBIES_1_209,WI_1,2016-03-12,5,0.0
HOBBIES_1_209_WI_2_evaluation,HOBBIES_1_209,WI_2,2016-03-12,8,0.0
HOBBIES_1_209_WI_3_evaluation,HOBBIES_1_209,WI_3,2016-03-12,1,1.0
HOBBIES_2_041_CA_1_evaluation,HOBBIES_2_041,CA_1,2016-03-12,0,0.0
HOBBIES_2_041_CA_2_evaluation,HOBBIES_2_041,CA_2,2016-03-12,2,0.0
HOBBIES_2_041_CA_3_evaluation,HOBBIES_2_041,CA_3,2016-03-12,1,0.0
HOBBIES_2_041_CA_4_evaluation,HOBBIES_2_041,CA_4,2016-03-12,0,0.0
HOBBIES_2_041_TX_1_evaluation,HOBBIES_2_041,TX_1,2016-03-12,0,0.0
HOBBIES_2_041_TX_2_evaluation,HOBBIES_2_041,TX_2,2016-03-12,0,2.0
HOBBIES_2_041_TX_3_evaluation,HOBBIES_2_041,TX_3,2016-03-12,0,0.0
HOBBIES_2_041_WI_1_evaluation,HOBBIES_2_041,WI_1,2016-03-12,0,0.0
HOBBIES_2_041_WI_2_evaluation,HOBBIES_2_041,WI_2,2016-03-12,0,1.0
HOBBIES_2_041_WI_3_evaluation,HOBBIES_2_041,WI_3,2016-03-12,0,0.0
HOBBIES_2_113_CA_1_evaluation,HOBBIES_2_113,CA_1,2016-03-12,0,0.0
HOBBIES_2_113_CA_2_evaluation,HOBBIES_2_113,CA_2,2016-03-12,0,0.0
HOBBIES_2_113_CA_3_evaluation,HOBBIES_2_113,CA_3,2016-03-12,0,0.0
HOBBIES_2_113_CA_4_evaluation,HOBBIES_2_113,CA_4,2016-03-12,1,0.0
HOBBIES_2_113_TX_1_evaluation,HOBBIES_2_113,TX_1,2016-03-12,0,0.0
HOBBIES_2_113_TX_2_evaluation,HOBBIES_2_113,TX_2,2016-03-12,1,0.0
HOBBIES_2_113_TX_3_evaluation,HOBBIES_2_113,TX_3,2016-03-12,0,1.0
HOBBIES_2_113_WI_1_evaluation,HOBBIES_2_113,WI_1,2016-03-12,0,0.0
HOBBIES_2_113_WI_2_evaluation,HOBBIES_2_113,WI_2,2016-03-12,0,0.0
HOBBIES_2_113_WI_3_evaluation,HOBBIES_2_113,WI_3,2016-03-12,0,0.0
HOUSEHOLD_1_100_CA_1_evaluation,HOUSEHOLD_1_100,CA_1,2016-03-12,1,0.0
HOUSEHOLD_1_100_CA_2_evaluation,HOUSEHOLD_1_100,CA_2,2016-03-12,1,0.0
HOUSEHOLD_1_100_CA_3_evaluation,HOUSEHOLD_1_100,CA_3,2016-03-12,7,0.0
HOUSEHOLD_1_100_CA_4_evaluation,HOUSEHOLD_1_100,CA_4,2016-03-12,0,0.0
HOUSEHOLD_1_100_TX_1_evaluation,HOUSEHOLD_1_100,TX_1,2016-03-12,1,0.0
HOUSEHOLD_1_100_TX_2_evaluation,HOUSEHOLD_1_100,TX_2,2016-03-12,0,0.0
HOUSEHOLD_1_100_TX_3_evaluation,HOUSEHOLD_1_100,TX_3,2016-03-12,0,0.0
HOUSEHOLD_1_100_WI_1_evaluation,HOUSEHOLD_1_100,WI_1,2016-03-12,0,0.0
HOUSEHOLD_1_100_WI_2_evaluation,HOUSEHOLD_1_100,WI_2,2016-03-12,1,0.0
HOUSEHOLD_1_100_WI_3_evaluation,HOUSEHOLD_1_100,WI_3,2016-03-12,0,0.0
HOUSEHOLD_1_290_CA_1_evaluation,HOUSEHOLD_1_290,CA_1,2016-03-12,0,0.0
HOUSEHOLD_1_290_CA_2_evaluation,HOUSEHOLD_1_290,CA_2,2016-03-12,1,1.0
HOUSEHOLD_1_290_CA_3_evaluation,HOUSEHOLD_1_290,CA_3,2016-03-12,1,2.0
HOUSEHOLD_1_290_CA_4_evaluation,HOUSEHOLD_1_290,CA_4,2016-03-12,0,0.0
HOUSEHOLD_1_290_TX_1_evaluation,HOUSEHOLD_1_290,TX_1,2016-03-12,2,5.0
HOUSEHOLD_1_290_TX_2_evaluation,HOUSEHOLD_1_290,TX_2,2016-03-12,4,4.0
HOUSEHOLD_1_290_TX_3_evaluation,HOUSEHOLD_1_290,TX_3,2016-03-12,6,7.0
HOUSEHOLD_1_290_WI_1_evaluation,HOUSEHOLD_1_290,WI_1,2016-03-12,0,0.0
HOUSEHOLD_1_290_WI_2_evaluation,HOUSEHOLD_1_290,WI_2,2016-03-12,2,4.0
HOUSEHOLD_1_290_WI_3_evaluation,HOUSEHOLD_1_290,WI_3,2016-03-12,0,0.0
HOUSEHOLD_1_370_CA_1_evaluation,HOUSEHOLD_1_370,CA_1,2016-03-12,2,2.0
HOUSEHOLD_1_370_CA_2_evaluation,HOUSEHOLD_1_370,CA_2,2016-03-12,6,7.0
HOUSEHOLD_1_370_CA_3_evaluation,HOUSEHOLD_1_370,CA_3,2016-03-12,6,3.0
HOUSEHOLD_1_370_CA_4_evaluation,HOUSEHOLD_1_370,CA_4,2016-03-12,0,2.0
HOUSEHOLD_1_370_TX_1_evaluation,HOUSEHOLD_1_370,TX_1,2016-03-12,1,0.0
HOUSEHOLD_1_370_TX_2_evaluation,HOUSEHOLD_1_370,TX_2,2016-03-12,0,0.0
HOUSEHOLD_1_370_TX_3_evaluation,HOUSEHOLD_1_370,TX_3,2016-03-12,0,1.0
HOUSEHOLD_1_370_WI_1_evaluation,HOUSEHOLD_1_370,WI_1,2016-03-12,1,1.0
HOUSEHOLD_1_370_WI_2_evaluation,HOUSEHOLD_1_370,WI_2,2016-03-12,1,0.0
HOUSEHOLD_1_370_WI_3_evaluation,HOUSEHOLD_1_370,WI_3,2016-03-12,0,1.0
HOUSEHOLD_1_489_CA_1_evaluation,HOUSEHOLD_1_489,CA_1,2016-03-12,1,4.0
HOUSEHOLD_1_489_CA_2_evaluation,HOUSEHOLD_1_489,CA_2,2016-03-12,1,1.0
HOUSEHOLD_1_489_CA_3_evaluation,HOUSEHOLD_1_489,CA_3,2016-03-12,2,2.0
HOUSEHOLD_1_489_CA_4_evaluation,HOUSEHOLD_1_489,CA_4,2016-03-12,0,1.0
HOUSEHOLD_1_489_TX_1_evaluation,HOUSEHOLD_1_489,TX_1,2016-03-12,3,4.0
HOUSEHOLD_1_489_TX_2_evaluation,HOUSEHOLD_1_489,TX_2,2016-03-12,0,2.0
HOUSEHOLD_1_489_TX_3_evaluation,HOUSEHOLD_1_489,TX_3,2016-03-12,4,1.0
HOUSEHOLD_1_489_WI_1_evaluation,HOUSEHOLD_1_489,WI_1,2016-03-12,1,1.0
HOUSEHOLD_1_489_WI_2_evaluation,HOUSEHOLD_1_489,WI_2,2016-03-12,1,1.0
HOUSEHOLD_1_489_WI_3_evaluation,HOUSEHOLD_1_489,WI_3,2016-03-12,0,1.0
HOUSEHOLD_2_442_CA_1_evaluation,HOUSEHOLD_2_442,CA_1,2016-03-12,0,1.0
HOUSEHOLD_2_442_CA_2_evaluation,HOUSEHOLD_2_442,CA_2,2016-03-12,5,2.0
HOUSEHOLD_2_442_CA_3_evaluation,HOUSEHOLD_2_442,CA_3,2016-03-12,1,1.0
HOUSEHOLD_2_442_CA_4_evaluation,HOUSEHOLD_2_442,CA_4,2016-03-12,0,0.0
HOUSEHOLD_2_442_TX_1_evaluation,HOUSEHOLD_2_442,TX_1,2016-03-12,1,0.0
HOUSEHOLD_2_442_TX_2_evaluation,HOUSEHOLD_2_442,TX_2,2016-03-12,0,0.0
HOUSEHOLD_2_442_TX_3_evaluation,HOUSEHOLD_2_442,TX_3,2016-03-12,0,2.0
HOUSEHOLD_2_442_WI_1_evaluation,HOUSEHOLD_2_442,WI_1,2016-03-12,0,0.0
HOUSEHOLD_2_442_WI_2_evaluation,HOUSEHOLD_2_442,WI_2,2016-03-12,0,2.0
HOUSEHOLD_2_442_WI_3_evaluation,HOUSEHOLD_2_442,WI_3,2016-03-12,3,1.0
FOODS_1_021_CA_1_evaluation,FOODS_1_021,CA_1,2016-03-13,1,4.0
FOODS_1_021_CA_2_evaluation,FOODS_1_021,CA_2,2016-03-13,8,6.0
FOODS_1_021_CA_3_evaluation,FOODS_1_021,CA_3,2016-03-13,2,2.0
FOODS_1_021_CA_4_evaluation,FOODS_1_021,CA_4,2016-03-13,0,5.0
FOODS_1_021_TX_1_evaluation,FOODS_1_021,TX_1,2016-03-13,0,0.0
FOODS_1_021_TX_2_evaluation,FOODS_1_021,TX_2,2016-03-13,0,0.0
FOODS_1_021_TX_3_evaluation,FOODS_1_021,TX_3,2016-03-13,0,0.0
FOODS_1_021_WI_1_evaluation,FOODS_1_021,WI_1,2016-03-13,0,0.0
FOODS_1_021_WI_2_evaluation,FOODS_1_021,WI_2,2016-03-13,2,0.0
FOODS_1_021_WI_3_evaluation,FOODS_1_021,WI_3,2016-03-13,1,0.0
FOODS_2_035_CA_1_evaluation,FOODS_2_035,CA_1,2016-03-13,0,2.0
FOODS_2_035_CA_2_evaluation,FOODS_2_035,CA_2,2016-03-13,3,3.0
FOODS_2_035_CA_3_evaluation,FOODS_2_035,CA_3,2016-03-13,2,5.0
FOODS_2_035_CA_4_evaluation,FOODS_2_035,CA_4,2016-03-13,0,2.0
FOODS_2_035_TX_1_evaluation,FOODS_2_035,TX_1,2016-03-13,0,0.0
FOODS_2_035_TX_2_evaluation,FOODS_2_035,TX_2,2016-03-13,0,5.0
FOODS_2_035_TX_3_evaluation,FOODS_2_035,TX_3,2016-03-13,4,1.0
FOODS_2_035_WI_1_evaluation,FOODS_2_035,WI_1,2016-03-13,1,0.0
FOODS_2_035_WI_2_evaluation,FOODS_2_035,WI_2,2016-03-13,8,1.0
FOODS_2_035_WI_3_evaluation,FOODS_2_035,WI_3,2016-03-13,2,3.0
FOODS_3_180_CA_1_evaluation,FOODS_3_180,CA_1,2016-03-13,0,0.0
FOODS_3_180_CA_2_evaluation,FOODS_3_180,CA_2,2016-03-13,1,0.0
FOODS_3_180_CA_3_evaluation,FOODS_3_180,CA_3,2016-03-13,0,0.0
FOODS_3_180_CA_4_evaluation,FOODS_3_180,CA_4,2016-03-13,0,1.0
FOODS_3_180_TX_1_evaluation,FOODS_3_180,TX_1,2016-03-13,0,0.0
FOODS_3_180_TX_2_evaluation,FOODS_3_180,TX_2,2016-03-13,1,0.0
FOODS_3_180_TX_3_evaluation,FOODS_3_180,TX_3,2016-03-13,2,0.0
FOODS_3_180_WI_1_evaluation,FOODS_3_180,WI_1,2016-03-13,1,1.0
FOODS_3_180_WI_2_evaluation,FOODS_3_180,WI_2,2016-03-13,0,1.0
FOODS_3_180_WI_3_evaluation,FOODS_3_180,WI_3,2016-03-13,2,1.0
FOODS_3_260_CA_1_evaluation,FOODS_3_260,CA_1,2016-03-13,1,0.0
FOODS_3_260_CA_2_evaluation,FOODS_3_260,CA_2,2016-03-13,2,0.0
FOODS_3_260_CA_3_evaluation,FOODS_3_260,CA_3,2016-03-13,2,0.0
FOODS_3_260_CA_4_evaluation,FOODS_3_260,CA_4,2016-03-13,0,0.0
FOODS_3_260_TX_1_evaluation,FOODS_3_260,TX_1,2016-03-13,0,0.0
FOODS_3_260_TX_2_evaluation,FOODS_3_260,TX_2,2016-03-13,0,0.0
FOODS_3_260_TX_3_evaluation,FOODS_3_260,TX_3,2016-03-13,2,0.0
FOODS_3_260_WI_1_evaluation,FOODS_3_260,WI_1,2016-03-13,0,3.0
FOODS_3_260_WI_2_evaluation,FOODS_3_260,WI_2,2016-03-13,0,0.0
FOODS_3_260_WI_3_evaluation,FOODS_3_260,WI_3,2016-03-13,0,0.0
HOBBIES_1_022_CA_1_evaluation,HOBBIES_1_022,CA_1,2016-03-13,1,0.0
HOBBIES_1_022_CA_2_evaluation,HOBBIES_1_022,CA_2,2016-03-13,1,0.0
HOBBIES_1_022_CA_3_evaluation,HOBBIES_1_022,CA_3,2016-03-13,4,1.0
HOBBIES_1_022_CA_4_evaluation,HOBBIES_1_022,CA_4,2016-03-13,0,0.0
HOBBIES_1_022_TX_1_evaluation,HOBBIES_1_022,TX_1,2016-03-13,0,0.0
HOBBIES_1_022_TX_2_evaluation,HOBBIES_1_022,TX_2,2016-03-13,0,0.0
HOBBIES_1_022_TX_3_evaluation,HOBBIES_1_022,TX_3,2016-03-13,1,1.0
HOBBIES_1_022_WI_1_evaluation,HOBBIES_1_022,WI_1,2016-03-13,0,0.0
HOBBIES_1_022_WI_2_evaluation,HOBBIES_1_022,WI_2,2016-03-13,0,2.0
HOBBIES_1_022_WI_3_evaluation,HOBBIES_1_022,WI_3,2016-03-13,0,3.0
HOBBIES_1_209_CA_1_evaluation,HOBBIES_1_209,CA_1,2016-03-13,6,4.0
HOBBIES_1_209_CA_2_evaluation,HOBBIES_1_209,CA_2,2016-03-13,1,2.0
HOBBIES_1_209_CA_3_evaluation,HOBBIES_1_209,CA_3,2016-03-13,21,7.0
HOBBIES_1_209_CA_4_evaluation,HOBBIES_1_209,CA_4,2016-03-13,0,0.0
HOBBIES_1_209_TX_1_evaluation,HOBBIES_1_209,TX_1,2016-03-13,9,1.0
HOBBIES_1_209_TX_2_evaluation,HOBBIES_1_209,TX_2,2016-03-13,1,2.0
HOBBIES_1_209_TX_3_evaluation,HOBBIES_1_209,TX_3,2016-03-13,0,0.0
HOBBIES_1_209_WI_1_evaluation,HOBBIES_1_209,WI_1,2016-03-13,4,4.0
HOBBIES_1_209_WI_2_evaluation,HOBBIES_1_209,WI_2,2016-03-13,0,0.0
HOBBIES_1_209_WI_3_evaluation,HOBBIES_1_209,WI_3,2016-03-13,6,2.0
HOBBIES_2_041_CA_1_evaluation,HOBBIES_2_041,CA_1,2016-03-13,1,1.0
HOBBIES_2_041_CA_2_evaluation,HOBBIES_2_041,CA_2,2016-03-13,4,0.0
HOBBIES_2_041_CA_3_evaluation,HOBBIES_2_041,CA_3,2016-03-13,0,0.0
HOBBIES_2_041_CA_4_evaluation,HOBBIES_2_041,CA_4,2016-03-13,0,0.0
HOBBIES_2_041_TX_1_evaluation,HOBBIES_2_041,TX_1,2016-03-13,0,0.0
HOBBIES_2_041_TX_2_evaluation,HOBBIES_2_041,TX_2,2016-03-13,1,1.0
HOBBIES_2_041_TX_3_evaluation,HOBBIES_2_041,TX_3,2016-03-13,0,0.0
HOBBIES_2_041_WI_1_evaluation,HOBBIES_2_041,WI_1,2016-03-13,0,3.0
HOBBIES_2_041_WI_2_evaluation,HOBBIES_2_041,WI_2,2016-03-13,1,1.0
HOBBIES_2_041_WI_3_evaluation,HOBBIES_2_041,WI_3,2016-03-13,0,0.0
HOBBIES_2_113_CA_1_evaluation,HOBBIES_2_113,CA_1,2016-03-13,0,0.0
HOBBIES_2_113_CA_2_evaluation,HOBBIES_2_113,CA_2,2016-03-13,0,0.0
HOBBIES_2_113_CA_3_evaluation,HOBBIES_2_113,CA_3,2016-03-13,0,0.0
HOBBIES_2_113_CA_4_evaluation,HOBBIES_2_113,CA_4,2016-03-13,0,0.0
HOBBIES_2_113_TX_1_evaluation,HOBBIES_2_113,TX_1,2016-03-13,0,0.0
HOBBIES_2_113_TX_2_evaluation,HOBBIES_2_113,TX_2,2016-03-13,0,0.0
HOBBIES_2_113_TX_3_evaluation,HOBBIES_2_113,TX_3,2016-03-13,2,0.0
HOBBIES_2_113_WI_1_evaluation,HOBBIES_2_113,WI_1,2016-03-13,0,0.0
HOBBIES_2_113_WI_2_evaluation,HOBBIES_2_113,WI_2,2016-03-13,0,0.0
HOBBIES_2_113_WI_3_evaluation,HOBBIES_2_113,WI_3,2016-03-13,0,0.0
HOUSEHOLD_1_100_CA_1_evaluation,HOUSEHOLD_1_100,CA_1,2016-03-13,6,0.0
HOUSEHOLD_1_100_CA_2_evaluation,HOUSEHOLD_1_100,CA_2,2016-03-13,1,0.0
HOUSEHOLD_1_100_CA_3_evaluation,HOUSEHOLD_1_100,CA_3,2016-03-13,3,0.0
HOUSEHOLD_1_100_CA_4_evaluation,HOUSEHOLD_1_100,CA_4,2016-03-13,0,0.0
HOUSEHOLD_1_100_TX_1_evaluation,HOUSEHOLD_1_100,TX_1,2016-03-13,0,0.0
HOUSEHOLD_1_100_TX_2_evaluation,HOUSEHOLD_1_100,TX_2,2016-03-13,1,0.0
HOUSEHOLD_1_100_TX_3_evaluation,HOUSEHOLD_1_100,TX_3,2016-03-13,0,0.0
HOUSEHOLD_1_100_WI_1_evaluation,HOUSEHOLD_1_100,WI_1,2016-03-13,1,0.0
HOUSEHOLD_1_100_WI_2_evaluation,HOUSEHOLD_1_100,WI_2,2016-03-13,1,0.0
HOUSEHOLD_1_100_WI_3_evaluation,HOUSEHOLD_1_100,WI_3,2016-03-13,0,0.0
HOUSEHOLD_1_290_CA_1_evaluation,HOUSEHOLD_1_290,CA_1,2016-03-13,2,2.0
HOUSEHOLD_1_290_CA_2_evaluation,HOUSEHOLD_1_290,CA_2,2016-03-13,4,0.0
HOUSEHOLD_1_290_CA_3_evaluation,HOUSEHOLD_1_290,CA_3,2016-03-13,5,0.0
HOUSEHOLD_1_290_CA_4_evaluation,HOUSEHOLD_1_290,CA_4,2016-03-13,0,0.0
HOUSEHOLD_1_290_TX_1_evaluation,HOUSEHOLD_1_290,TX_1,2016-03-13,2,1.0
HOUSEHOLD_1_290_TX_2_evaluation,HOUSEHOLD_1_290,TX_2,2016-03-13,2,4.0
HOUSEHOLD_1_290_TX_3_evaluation,HOUSEHOLD_1_290,TX_3,2016-03-13,3,0.0
HOUSEHOLD_1_290_WI_1_evaluation,HOUSEHOLD_1_290,WI_1,2016-03-13,0,0.0
HOUSEHOLD_1_290_WI_2_evaluation,HOUSEHOLD_1_290,WI_2,2016-03-13,2,5.0
HOUSEHOLD_1_290_WI_3_evaluation,HOUSEHOLD_1_290,WI_3,2016-03-13,1,0.0
HOUSEHOLD_1_370_CA_1_evaluation,HOUSEHOLD_1_370,CA_1,2016-03-13,1,2.0
HOUSEHOLD_1_370_CA_2_evaluation,HOUSEHOLD_1_370,CA_2,2016-03-13,8,2.0
HOUSEHOLD_1_370_CA_3_evaluation,HOUSEHOLD_1_370,CA_3,2016-03-13,5,4.0
HOUSEHOLD_1_370_CA_4_evaluation,HOUSEHOLD_1_370,CA_4,2016-03-13,1,1.0
HOUSEHOLD_1_370_TX_1_evaluation,HOUSEHOLD_1_370,TX_1,2016-03-13,1,1.0
HOUSEHOLD_1_370_TX_2_evaluation,HOUSEHOLD_1_370,TX_2,2016-03-13,0,2.0
HOUSEHOLD_1_370_TX_3_evaluation,HOUSEHOLD_1_370,TX_3,2016-03-13,0,0.0
HOUSEHOLD_1_370_WI_1_evaluation,HOUSEHOLD_1_370,WI_1,2016-03-13,3,3.0
HOUSEHOLD_1_370_WI_2_evaluation,HOUSEHOLD_1_370,WI_2,2016-03-13,5,3.0
HOUSEHOLD_1_370_WI_3_evaluation,HOUSEHOLD_1_370,WI_3,2016-03-13,1,2.0
HOUSEHOLD_1_489_CA_1_evaluation,HOUSEHOLD_1_489,CA_1,2016-03-13,0,0.0
HOUSEHOLD_1_489_CA_2_evaluation,HOUSEHOLD_1_489,CA_2,2016-03-13,1,0.0
HOUSEHOLD_1_489_CA_3_evaluation,HOUSEHOLD_1_489,CA_3,2016-03-13,3,3.0
HOUSEHOLD_1_489_CA_4_evaluation,HOUSEHOLD_1_489,CA_4,2016-03-13,1,0.0
HOUSEHOLD_1_489_TX_1_evaluation,HOUSEHOLD_1_489,TX_1,2016-03-13,3,2.0
HOUSEHOLD_1_489_TX_2_evaluation,HOUSEHOLD_1_489,TX_2,2016-03-13,1,4.0
HOUSEHOLD_1_489_TX_3_evaluation,HOUSEHOLD_1_489,TX_3,2016-03-13,5,0.0
HOUSEHOLD_1_489_WI_1_evaluation,HOUSEHOLD_1_489,WI_1,2016-03-13,2,0.0
HOUSEHOLD_1_489_WI_2_evaluation,HOUSEHOLD_1_489,WI_2,2016-03-13,1,3.0
HOUSEHOLD_1_489_WI_3_evaluation,HOUSEHOLD_1_489,WI_3,2016-03-13,3,2.0
HOUSEHOLD_2_442_CA_1_evaluation,HOUSEHOLD_2_442,CA_1,2016-03-13,1,2.0
HOUSEHOLD_2_442_CA_2_evaluation,HOUSEHOLD_2_442,CA_2,2016-03-13,3,5.0
HOUSEHOLD_2_442_CA_3_evaluation,HOUSEHOLD_2_442,CA_3,2016-03-13,0,4.0
HOUSEHOLD_2_442_CA_4_evaluation,HOUSEHOLD_2_442,CA_4,2016-03-13,2,1.0
HOUSEHOLD_2_442_TX_1_evaluation,HOUSEHOLD_2_442,TX_1,2016-03-13,0,1.0
HOUSEHOLD_2_442_TX_2_evaluation,HOUSEHOLD_2_442,TX_2,2016-03-13,2,2.0
HOUSEHOLD_2_442_TX_3_evaluation,HOUSEHOLD_2_442,TX_3,2016-03-13,0,1.0
HOUSEHOLD_2_442_WI_1_evaluation,HOUSEHOLD_2_442,WI_1,2016-03-13,0,0.0
HOUSEHOLD_2_442_WI_2_evaluation,HOUSEHOLD_2_442,WI_2,2016-03-13,2,2.0
HOUSEHOLD_2_442_WI_3_evaluation,HOUSEHOLD_2_442,WI_3,2016-03-13,0,1.0
FOODS_1_021_CA_1_evaluation,FOODS_1_021,CA_1,2016-03-14,1,2.0
FOODS_1_021_CA_2_evaluation,FOODS_1_021,CA_2,2016-03-14,1,0.0
FOODS_1_021_CA_3_evaluation,FOODS_1_021,CA_3,2016-03-14,1,1.0
FOODS_1_021_CA_4_evaluation,FOODS_1_021,CA_4,2016-03-14,0,0.0
FOODS_1_021_TX_1_evaluation,FOODS_1_021,TX_1,2016-03-14,0,0.0
FOODS_1_021_TX_2_evaluation,FOODS_1_021,TX_2,2016-03-14,0,0.0
FOODS_1_021_TX_3_evaluation,FOODS_1_021,TX_3,2016-03-14,0,0.0
FOODS_1_021_WI_1_evaluation,FOODS_1_021,WI_1,2016-03-14,0,2.0
FOODS_1_021_WI_2_evaluation,FOODS_1_021,WI_2,2016-03-14,0,0.0
FOODS_1_021_WI_3_evaluation,FOODS_1_021,WI_3,2016-03-14,1,5.0
FOODS_2_035_CA_1_evaluation,FOODS_2_035,CA_1,2016-03-14,0,0.0
FOODS_2_035_CA_2_evaluation,FOODS_2_035,CA_2,2016-03-14,1,5.0
FOODS_2_035_CA_3_evaluation,FOODS_2_035,CA_3,2016-03-14,9,10.0
FOODS_2_035_CA_4_evaluation,FOODS_2_035,CA_4,2016-03-14,1,0.0
FOODS_2_035_TX_1_evaluation,FOODS_2_035,TX_1,2016-03-14,3,2.0
FOODS_2_035_TX_2_evaluation,FOODS_2_035,TX_2,2016-03-14,4,3.0
FOODS_2_035_TX_3_evaluation,FOODS_2_035,TX_3,2016-03-14,4,2.0
FOODS_2_035_WI_1_evaluation,FOODS_2_035,WI_1,2016-03-14,0,2.0
FOODS_2_035_WI_2_evaluation,FOODS_2_035,WI_2,2016-03-14,2,5.0
FOODS_2_035_WI_3_evaluation,FOODS_2_035,WI_3,2016-03-14,1,1.0
FOODS_3_180_CA_1_evaluation,FOODS_3_180,CA_1,2016-03-14,1,0.0
FOODS_3_180_CA_2_evaluation,FOODS_3_180,CA_2,2016-03-14,1,0.0
FOODS_3_180_CA_3_evaluation,FOODS_3_180,CA_3,2016-03-14,3,0.0
FOODS_3_180_CA_4_evaluation,FOODS_3_180,CA_4,2016-03-14,0,1.0
FOODS_3_180_TX_1_evaluation,FOODS_3_180,TX_1,2016-03-14,0,0.0
FOODS_3_180_TX_2_evaluation,FOODS_3_180,TX_2,2016-03-14,0,1.0
FOODS_3_180_TX_3_evaluation,FOODS_3_180,TX_3,2016-03-14,2,1.0
FOODS_3_180_WI_1_evaluation,FOODS_3_180,WI_1,2016-03-14,1,2.0
FOODS_3_180_WI_2_evaluation,FOODS_3_180,WI_2,2016-03-14,1,0.0
FOODS_3_180_WI_3_evaluation,FOODS_3_180,WI_3,2016-03-14,1,1.0
FOODS_3_260_CA_1_evaluation,FOODS_3_260,CA_1,2016-03-14,0,1.0
FOODS_3_260_CA_2_evaluation,FOODS_3_260,CA_2,2016-03-14,0,0.0
FOODS_3_260_CA_3_evaluation,FOODS_3_260,CA_3,2016-03-14,0,0.0
FOODS_3_260_CA_4_evaluation,FOODS_3_260,CA_4,2016-03-14,0,0.0
FOODS_3_260_TX_1_evaluation,FOODS_3_260,TX_1,2016-03-14,0,0.0
FOODS_3_260_TX_2_evaluation,FOODS_3_260,TX_2,2016-03-14,0,0.0
FOODS_3_260_TX_3_evaluation,FOODS_3_260,TX_3,2016-03-14,0,0.0
FOODS_3_260_WI_1_evaluation,FOODS_3_260,WI_1,2016-03-14,1,0.0
FOODS_3_260_WI_2_evaluation,FOODS_3_260,WI_2,2016-03-14,1,0.0
FOODS_3_260_WI_3_evaluation,FOODS_3_260,WI_3,2016-03-14,0,0.0
HOBBIES_1_022_CA_1_evaluation,HOBBIES_1_022,CA_1,2016-03-14,2,0.0
HOBBIES_1_022_CA_2_evaluation,HOBBIES_1_022,CA_2,2016-03-14,0,2.0
HOBBIES_1_022_CA_3_evaluation,HOBBIES_1_022,CA_3,2016-03-14,0,2.0
HOBBIES_1_022_CA_4_evaluation,HOBBIES_1_022,CA_4,2016-03-14,0,0.0
HOBBIES_1_022_TX_1_evaluation,HOBBIES_1_022,TX_1,2016-03-14,0,1.0
HOBBIES_1_022_TX_2_evaluation,HOBBIES_1_022,TX_2,2016-03-14,0,3.0
HOBBIES_1_022_TX_3_evaluation,HOBBIES_1_022,TX_3,2016-03-14,1,0.0
HOBBIES_1_022_WI_1_evaluation,HOBBIES_1_022,WI_1,2016-03-14,1,0.0
HOBBIES_1_022_WI_2_evaluation,HOBBIES_1_022,WI_2,2016-03-14,1,0.0
HOBBIES_1_022_WI_3_evaluation,HOBBIES_1_022,WI_3,2016-03-14,1,1.0
HOBBIES_1_209_CA_1_evaluation,HOBBIES_1_209,CA_1,2016-03-14,1,1.0
HOBBIES_1_209_CA_2_evaluation,HOBBIES_1_209,CA_2,2016-03-14,18,2.0
HOBBIES_1_209_CA_3_evaluation,HOBBIES_1_209,CA_3,2016-03-14,6,7.0
HOBBIES_1_209_CA_4_evaluation,HOBBIES_1_209,CA_4,2016-03-14,0,0.0
HOBBIES_1_209_TX_1_evaluation,HOBBIES_1_209,TX_1,2016-03-14,3,0.0
HOBBIES_1_209_TX_2_evaluation,HOBBIES_1_209,TX_2,2016-03-14,0,3.0
HOBBIES_1_209_TX_3_evaluation,HOBBIES_1_209,TX_3,2016-03-14,0,0.0
HOBBIES_1_209_WI_1_evaluation,HOBBIES_1_209,WI_1,2016-03-14,2,2.0
HOBBIES_1_209_WI_2_evaluation,HOBBIES_1_209,WI_2,2016-03-14,0,2.0
HOBBIES_1_209_WI_3_evaluation,HOBBIES_1_209,WI_3,2016-03-14,3,4.0
HOBBIES_2_041_CA_1_evaluation,HOBBIES_2_041,CA_1,2016-03-14,0,0.0
HOBBIES_2_041_CA_2_evaluation,HOBBIES_2_041,CA_2,2016-03-14,0,2.0
HOBBIES_2_041_CA_3_evaluation,HOBBIES_2_041,CA_3,2016-03-14,0,0.0
HOBBIES_2_041_CA_4_evaluation,HOBBIES_2_041,CA_4,2016-03-14,0,0.0
HOBBIES_2_041_TX_1_evaluation,HOBBIES_2_041,TX_1,2016-03-14,0,0.0
HOBBIES_2_041_TX_2_evaluation,HOBBIES_2_041,TX_2,2016-03-14,0,1.0
HOBBIES_2_041_TX_3_evaluation,HOBBIES_2_041,TX_3,2016-03-14,0,0.0
HOBBIES_2_041_WI_1_evaluation,HOBBIES_2_041,WI_1,2016-03-14,0,0.0
HOBBIES_2_041_WI_2_evaluation,HOBBIES_2_041,WI_2,2016-03-14,0,0.0
HOBBIES_2_041_WI_3_evaluation,HOBBIES_2_041,WI_3,2016-03-14,0,0.0
HOBBIES_2_113_CA_1_evaluation,HOBBIES_2_113,CA_1,2016-03-14,0,1.0
HOBBIES_2_113_CA_2_evaluation,HOBBIES_2_113,CA_2,2016-03-14,0,0.0
HOBBIES_2_113_CA_3_evaluation,HOBBIES_2_113,CA_3,2016-03-14,0,0.0
HOBBIES_2_113_CA_4_evaluation,HOBBIES_2_113,CA_4,2016-03-14,0,0.0
HOBBIES_2_113_TX_1_evaluation,HOBBIES_2_113,TX_1,2016-03-14,0,0.0
HOBBIES_2_113_TX_2_evaluation,HOBBIES_2_113,TX_2,2016-03-14,0,0.0
HOBBIES_2_113_TX_3_evaluation,HOBBIES_2_113,TX_3,2016-03-14,0,0.0
HOBBIES_2_113_WI_1_evaluation,HOBBIES_2_113,WI_1,2016-03-14,0,0.0
HOBBIES_2_113_WI_2_evaluation,HOBBIES_2_113,WI_2,2016-03-14,0,0.0
HOBBIES_2_113_WI_3_evaluation,HOBBIES_2_113,WI_3,2016-03-14,0,0.0
HOUSEHOLD_1_100_CA_1_evaluation,HOUSEHOLD_1_100,CA_1,2016-03-14,2,0.0
HOUSEHOLD_1_100_CA_2_evaluation,HOUSEHOLD_1_100,CA_2,2016-03-14,0,0.0
HOUSEHOLD_1_100_CA_3_evaluation,HOUSEHOLD_1_100,CA_3,2016-03-14,3,0.0
HOUSEHOLD_1_100_CA_4_evaluation,HOUSEHOLD_1_100,CA_4,2016-03-14,1,0.0
HOUSEHOLD_1_100_TX_1_evaluation,HOUSEHOLD_1_100,TX_1,2016-03-14,2,0.0
HOUSEHOLD_1_100_TX_2_evaluation,HOUSEHOLD_1_100,TX_2,2016-03-14,0,0.0
HOUSEHOLD_1_100_TX_3_evaluation,HOUSEHOLD_1_100,TX_3,2016-03-14,0,0.0
HOUSEHOLD_1_100_WI_1_evaluation,HOUSEHOLD_1_100,WI_1,2016-03-14,2,0.0
HOUSEHOLD_1_100_WI_2_evaluation,HOUSEHOLD_1_100,WI_2,2016-03-14,0,0.0
HOUSEHOLD_1_100_WI_3_evaluation,HOUSEHOLD_1_100,WI_3,2016-03-14,0,0.0
HOUSEHOLD_1_290_CA_1_evaluation,HOUSEHOLD_1_290,CA_1,2016-03-14,1,2.0
HOUSEHOLD_1_290_CA_2_evaluation,HOUSEHOLD_1_290,CA_2,2016-03-14,0,2.0
HOUSEHOLD_1_290_CA_3_evaluation,HOUSEHOLD_1_290,CA_3,2016-03-14,6,3.0
HOUSEHOLD_1_290_CA_4_evaluation,HOUSEHOLD_1_290,CA_4,2016-03-14,0,0.0
HOUSEHOLD_1_290_TX_1_evaluation,HOUSEHOLD_1_290,TX_1,2016-03-14,1,3.0
HOUSEHOLD_1_290_TX_2_evaluation,HOUSEHOLD_1_290,TX_2,2016-03-14,4,0.0
HOUSEHOLD_1_290_TX_3_evaluation,HOUSEHOLD_1_290,TX_3,2016-03-14,3,1.0
HOUSEHOLD_1_290_WI_1_evaluation,HOUSEHOLD_1_290,WI_1,2016-03-14,0,0.0
HOUSEHOLD_1_290_WI_2_evaluation,HOUSEHOLD_1_290,WI_2,2016-03-14,3,7.0
HOUSEHOLD_1_290_WI_3_evaluation,HOUSEHOLD_1_290,WI_3,2016-03-14,0,2.0
HOUSEHOLD_1_370_CA_1_evaluation,HOUSEHOLD_1_370,CA_1,2016-03-14,1,1.0
HOUSEHOLD_1_370_CA_2_evaluation,HOUSEHOLD_1_370,CA_2,2016-03-14,5,5.0
HOUSEHOLD_1_370_CA_3_evaluation,HOUSEHOLD_1_370,CA_3,2016-03-14,2,7.0
HOUSEHOLD_1_370_CA_4_evaluation,HOUSEHOLD_1_370,CA_4,2016-03-14,0,1.0
HOUSEHOLD_1_370_TX_1_evaluation,HOUSEHOLD_1_370,TX_1,2016-03-14,2,0.0
HOUSEHOLD_1_370_TX_2_evaluation,HOUSEHOLD_1_370,TX_2,2016-03-14,0,0.0
HOUSEHOLD_1_370_TX_3_evaluation,HOUSEHOLD_1_370,TX_3,2016-03-14,0,1.0
HOUSEHOLD_1_370_WI_1_evaluation,HOUSEHOLD_1_370,WI_1,2016-03-14,3,0.0
HOUSEHOLD_1_370_WI_2_evaluation,HOUSEHOLD_1_370,WI_2,2016-03-14,7,5.0
HOUSEHOLD_1_370_WI_3_evaluation,HOUSEHOLD_1_370,WI_3,2016-03-14,2,0.0
HOUSEHOLD_1_489_CA_1_evaluation,HOUSEHOLD_1_489,CA_1,2016-03-14,0,0.0
HOUSEHOLD_1_489_CA_2_evaluation,HOUSEHOLD_1_489,CA_2,2016-03-14,2,1.0
HOUSEHOLD_1_489_CA_3_evaluation,HOUSEHOLD_1_489,CA_3,2016-03-14,7,5.0
HOUSEHOLD_1_489_CA_4_evaluation,HOUSEHOLD_1_489,CA_4,2016-03-14,0,0.0
HOUSEHOLD_1_489_TX_1_evaluation,HOUSEHOLD_1_489,TX_1,2016-03-14,1,0.0
HOUSEHOLD_1_489_TX_2_evaluation,HOUSEHOLD_1_489,TX_2,2016-03-14,0,1.0
HOUSEHOLD_1_489_TX_3_evaluation,HOUSEHOLD_1_489,TX_3,2016-03-14,1,5.0
HOUSEHOLD_1_489_WI_1_evaluation,HOUSEHOLD_1_489,WI_1,2016-03-14,1,0.0
HOUSEHOLD_1_489_WI_2_evaluation,HOUSEHOLD_1_489,WI_2,2016-03-14,0,0.0
HOUSEHOLD_1_489_WI_3_evaluation,HOUSEHOLD_1_489,WI_3,2016-03-14,2,0.0
HOUSEHOLD_2_442_CA_1_evaluation,HOUSEHOLD_2_442,CA_1,2016-03-14,1,1.0
HOUSEHOLD_2_442_CA_2_evaluation,HOUSEHOLD_2_442,CA_2,2016-03-14,1,4.0
HOUSEHOLD_2_442_CA_3_evaluation,HOUSEHOLD_2_442,CA_3,2016-03-14,1,1.0
HOUSEHOLD_2_442_CA_4_evaluation,HOUSEHOLD_2_442,CA_4,2016-03-14,2,0.0
HOUSEHOLD_2_442_TX_1_evaluation,HOUSEHOLD_2_442,TX_1,2016-03-14,2,0.0
HOUSEHOLD_2_442_TX_2_evaluation,HOUSEHOLD_2_442,TX_2,2016-03-14,0,1.0
HOUSEHOLD_2_442_TX_3_evaluation,HOUSEHOLD_2_442,TX_3,2016-03-14,1,0.0
HOUSEHOLD_2_442_WI_1_evaluation,HOUSEHOLD_2_442,WI_1,2016-03-14,1,2.0
HOUSEHOLD_2_442_WI_2_evaluation,HOUSEHOLD_2_442,WI_2,2016-03-14,2,2.0
HOUSEHOLD_2_442_WI_3_evaluation,HOUSEHOLD_2_442,WI_3,2016-03-14,4,1.0
FOODS_1_021_CA_1_evaluation,FOODS_1_021,CA_1,2016-03-15,1,0.0
FOODS_1_021_CA_2_evaluation,FOODS_1_021,CA_2,2016-03-15,1,0.0
FOODS_1_021_CA_3_evaluation,FOODS_1_021,CA_3,2016-03-15,1,3.0
FOODS_1_021_CA_4_evaluation,FOODS_1_021,CA_4,2016-03-15,0,21.0
FOODS_1_021_TX_1_evaluation,FOODS_1_021,TX_1,2016-03-15,0,0.0
FOODS_1_021_TX_2_evaluation,FOODS_1_021,TX_2,2016-03-15,0,0.0
FOODS_1_021_TX_3_evaluation,FOODS_1_021,TX_3,2016-03-15,1,0.0
FOODS_1_021_WI_1_evaluation,FOODS_1_021,WI_1,2016-03-15,0,0.0
FOODS_1_021_WI_2_evaluation,FOODS_1_021,WI_2,2016-03-15,0,1.0
FOODS_1_021_WI_3_evaluation,FOODS_1_021,WI_3,2016-03-15,0,1.0
FOODS_2_035_CA_1_evaluation,FOODS_2_035,CA_1,2016-03-15,2,0.0
FOODS_2_035_CA_2_evaluation,FOODS_2_035,CA_2,2016-03-15,0,2.0
FOODS_2_035_CA_3_evaluation,FOODS_2_035,CA_3,2016-03-15,6,4.0
FOODS_2_035_CA_4_evaluation,FOODS_2_035,CA_4,2016-03-15,2,1.0
FOODS_2_035_TX_1_evaluation,FOODS_2_035,TX_1,2016-03-15,2,2.0
FOODS_2_035_TX_2_evaluation,FOODS_2_035,TX_2,2016-03-15,4,4.0
FOODS_2_035_TX_3_evaluation,FOODS_2_035,TX_3,2016-03-15,2,2.0
FOODS_2_035_WI_1_evaluation,FOODS_2_035,WI_1,2016-03-15,1,1.0
FOODS_2_035_WI_2_evaluation,FOODS_2_035,WI_2,2016-03-15,6,1.0
FOODS_2_035_WI_3_evaluation,FOODS_2_035,WI_3,2016-03-15,1,2.0
FOODS_3_180_CA_1_evaluation,FOODS_3_180,CA_1,2016-03-15,0,0.0
FOODS_3_180_CA_2_evaluation,FOODS_3_180,CA_2,2016-03-15,1,1.0
FOODS_3_180_CA_3_evaluation,FOODS_3_180,CA_3,2016-03-15,0,0.0
FOODS_3_180_CA_4_evaluation,FOODS_3_180,CA_4,2016-03-15,0,2.0
FOODS_3_180_TX_1_evaluation,FOODS_3_180,TX_1,2016-03-15,0,0.0
FOODS_3_180_TX_2_evaluation,FOODS_3_180,TX_2,2016-03-15,0,0.0
FOODS_3_180_TX_3_evaluation,FOODS_3_180,TX_3,2016-03-15,0,0.0
FOODS_3_180_WI_1_evaluation,FOODS_3_180,WI_1,2016-03-15,0,2.0
FOODS_3_180_WI_2_evaluation,FOODS_3_180,WI_2,2016-03-15,0,0.0
FOODS_3_180_WI_3_evaluation,FOODS_3_180,WI_3,2016-03-15,0,1.0
FOODS_3_260_CA_1_evaluation,FOODS_3_260,CA_1,2016-03-15,1,0.0
FOODS_3_260_CA_2_evaluation,FOODS_3_260,CA_2,2016-03-15,0,0.0
FOODS_3_260_CA_3_evaluation,FOODS_3_260,CA_3,2016-03-15,0,1.0
FOODS_3_260_CA_4_evaluation,FOODS_3_260,CA_4,2016-03-15,0,0.0
FOODS_3_260_TX_1_evaluation,FOODS_3_260,TX_1,2016-03-15,0,0.0
FOODS_3_260_TX_2_evaluation,FOODS_3_260,TX_2,2016-03-15,0,1.0
FOODS_3_260_TX_3_evaluation,FOODS_3_260,TX_3,2016-03-15,1,0.0
FOODS_3_260_WI_1_evaluation,FOODS_3_260,WI_1,2016-03-15,0,1.0
FOODS_3_260_WI_2_evaluation,FOODS_3_260,WI_2,2016-03-15,0,0.0
FOODS_3_260_WI_3_evaluation,FOODS_3_260,WI_3,2016-03-15,0,0.0
HOBBIES_1_022_CA_1_evaluation,HOBBIES_1_022,CA_1,2016-03-15,0,0.0
HOBBIES_1_022_CA_2_evaluation,HOBBIES_1_022,CA_2,2016-03-15,0,0.0
HOBBIES_1_022_CA_3_evaluation,HOBBIES_1_022,CA_3,2016-03-15,1,1.0
HOBBIES_1_022_CA_4_evaluation,HOBBIES_1_022,CA_4,2016-03-15,0,0.0
HOBBIES_1_022_TX_1_evaluation,HOBBIES_1_022,TX_1,2016-03-15,0,0.0
HOBBIES_1_022_TX_2_evaluation,HOBBIES_1_022,TX_2,2016-03-15,0,0.0
HOBBIES_1_022_TX_3_evaluation,HOBBIES_1_022,TX_3,2016-03-15,0,1.0
HOBBIES_1_022_WI_1_evaluation,HOBBIES_1_022,WI_1,2016-03-15,0,0.0
HOBBIES_1_022_WI_2_evaluation,HOBBIES_1_022,WI_2,2016-03-15,0,0.0
HOBBIES_1_022_WI_3_evaluation,HOBBIES_1_022,WI_3,2016-03-15,0,0.0
HOBBIES_1_209_CA_1_evaluation,HOBBIES_1_209,CA_1,2016-03-15,6,3.0
HOBBIES_1_209_CA_2_evaluation,HOBBIES_1_209,CA_2,2016-03-15,0,4.0
HOBBIES_1_209_CA_3_evaluation,HOBBIES_1_209,CA_3,2016-03-15,4,6.0
HOBBIES_1_209_CA_4_evaluation,HOBBIES_1_209,CA_4,2016-03-15,0,0.0
HOBBIES_1_209_TX_1_evaluation,HOBBIES_1_209,TX_1,2016-03-15,2,0.0
HOBBIES_1_209_TX_2_evaluation,HOBBIES_1_209,TX_2,2016-03-15,2,2.0
HOBBIES_1_209_TX_3_evaluation,HOBBIES_1_209,TX_3,2016-03-15,3,0.0
HOBBIES_1_209_WI_1_evaluation,HOBBIES_1_209,WI_1,2016-03-15,0,1.0
HOBBIES_1_209_WI_2_evaluation,HOBBIES_1_209,WI_2,2016-03-15,1,2.0
HOBBIES_1_209_WI_3_evaluation,HOBBIES_1_209,WI_3,2016-03-15,6,4.0
HOBBIES_2_041_CA_1_evaluation,HOBBIES_2_041,CA_1,2016-03-15,1,0.0
HOBBIES_2_041_CA_2_evaluation,HOBBIES_2_041,CA_2,2016-03-15,0,1.0
HOBBIES_2_041_CA_3_evaluation,HOBBIES_2_041,CA_3,2016-03-15,0,1.0
HOBBIES_2_041_CA_4_evaluation,HOBBIES_2_041,CA_4,2016-03-15,0,2.0
HOBBIES_2_041_TX_1_evaluation,HOBBIES_2_041,TX_1,2016-03-15,0,0.0
HOBBIES_2_041_TX_2_evaluation,HOBBIES_2_041,TX_2,2016-03-15,0,0.0
HOBBIES_2_041_TX_3_evaluation,HOBBIES_2_041,TX_3,2016-03-15,0,0.0
HOBBIES_2_041_WI_1_evaluation,HOBBIES_2_041,WI_1,2016-03-15,0,2.0
HOBBIES_2_041_WI_2_evaluation,HOBBIES_2_041,WI_2,2016-03-15,0,0.0
HOBBIES_2_041_WI_3_evaluation,HOBBIES_2_041,WI_3,2016-03-15,0,0.0
HOBBIES_2_113_CA_1_evaluation,HOBBIES_2_113,CA_1,2016-03-15,0,0.0
HOBBIES_2_113_CA_2_evaluation,HOBBIES_2_113,CA_2,2016-03-15,0,0.0
HOBBIES_2_113_CA_3_evaluation,HOBBIES_2_113,CA_3,2016-03-15,0,0.0
HOBBIES_2_113_CA_4_evaluation,HOBBIES_2_113,CA_4,2016-03-15,0,0.0
HOBBIES_2_113_TX_1_evaluation,HOBBIES_2_113,TX_1,2016-03-15,0,0.0
HOBBIES_2_113_TX_2_evaluation,HOBBIES_2_113,TX_2,2016-03-15,1,0.0
HOBBIES_2_113_TX_3_evaluation,HOBBIES_2_113,TX_3,2016-03-15,0,0.0
HOBBIES_2_113_WI_1_evaluation,HOBBIES_2_113,WI_1,2016-03-15,0,0.0
HOBBIES_2_113_WI_2_evaluation,HOBBIES_2_113,WI_2,2016-03-15,0,0.0
HOBBIES_2_113_WI_3_evaluation,HOBBIES_2_113,WI_3,2016-03-15,0,0.0
HOUSEHOLD_1_100_CA_1_evaluation,HOUSEHOLD_1_100,CA_1,2016-03-15,2,0.0
HOUSEHOLD_1_100_CA_2_evaluation,HOUSEHOLD_1_100,CA_2,2016-03-15,0,0.0
HOUSEHOLD_1_100_CA_3_evaluation,HOUSEHOLD_1_100,CA_3,2016-03-15,2,0.0
HOUSEHOLD_1_100_CA_4_evaluation,HOUSEHOLD_1_100,CA_4,2016-03-15,0,0.0
HOUSEHOLD_1_100_TX_1_evaluation,HOUSEHOLD_1_100,TX_1,2016-03-15,4,0.0
HOUSEHOLD_1_100_TX_2_evaluation,HOUSEHOLD_1_100,TX_2,2016-03-15,0,0.0
HOUSEHOLD_1_100_TX_3_evaluation,HOUSEHOLD_1_100,TX_3,2016-03-15,3,0.0
HOUSEHOLD_1_100_WI_1_evaluation,HOUSEHOLD_1_100,WI_1,2016-03-15,0,0.0
HOUSEHOLD_1_100_WI_2_evaluation,HOUSEHOLD_1_100,WI_2,2016-03-15,0,0.0
HOUSEHOLD_1_100_WI_3_evaluation,HOUSEHOLD_1_100,WI_3,2016-03-15,0,0.0
HOUSEHOLD_1_290_CA_1_evaluation,HOUSEHOLD_1_290,CA_1,2016-03-15,0,0.0
HOUSEHOLD_1_290_CA_2_evaluation,HOUSEHOLD_1_290,CA_2,2016-03-15,0,0.0
HOUSEHOLD_1_290_CA_3_evaluation,HOUSEHOLD_1_290,CA_3,2016-03-15,1,0.0
HOUSEHOLD_1_290_CA_4_evaluation,HOUSEHOLD_1_290,CA_4,2016-03-15,0,0.0
HOUSEHOLD_1_290_TX_1_evaluation,HOUSEHOLD_1_290,TX_1,2016-03-15,1,2.0
HOUSEHOLD_1_290_TX_2_evaluation,HOUSEHOLD_1_290,TX_2,2016-03-15,2,0.0
HOUSEHOLD_1_290_TX_3_evaluation,HOUSEHOLD_1_290,TX_3,2016-03-15,1,2.0
HOUSEHOLD_1_290_WI_1_evaluation,HOUSEHOLD_1_290,WI_1,2016-03-15,1,0.0
HOUSEHOLD_1_290_WI_2_evaluation,HOUSEHOLD_1_290,WI_2,2016-03-15,4,3.0
HOUSEHOLD_1_290_WI_3_evaluation,HOUSEHOLD_1_290,WI_3,2016-03-15,0,1.0
HOUSEHOLD_1_370_CA_1_evaluation,HOUSEHOLD_1_370,CA_1,2016-03-15,4,1.0
HOUSEHOLD_1_370_CA_2_evaluation,HOUSEHOLD_1_370,CA_2,2016-03-15,5,3.0
HOUSEHOLD_1_370_CA_3_evaluation,HOUSEHOLD_1_370,CA_3,2016-03-15,5,2.0
HOUSEHOLD_1_370_CA_4_evaluation,HOUSEHOLD_1_370,CA_4,2016-03-15,1,0.0
HOUSEHOLD_1_370_TX_1_evaluation,HOUSEHOLD_1_370,TX_1,2016-03-15,1,1.0
HOUSEHOLD_1_370_TX_2_evaluation,HOUSEHOLD_1_370,TX_2,2016-03-15,0,1.0
HOUSEHOLD_1_370_TX_3_evaluation,HOUSEHOLD_1_370,TX_3,2016-03-15,0,1.0
HOUSEHOLD_1_370_WI_1_evaluation,HOUSEHOLD_1_370,WI_1,2016-03-15,1,2.0
HOUSEHOLD_1_370_WI_2_evaluation,HOUSEHOLD_1_370,WI_2,2016-03-15,1,1.0
HOUSEHOLD_1_370_WI_3_evaluation,HOUSEHOLD_1_370,WI_3,2016-03-15,3,0.0
HOUSEHOLD_1_489_CA_1_evaluation,HOUSEHOLD_1_489,CA_1,2016-03-15,0,0.0
HOUSEHOLD_1_489_CA_2_evaluation,HOUSEHOLD_1_489,CA_2,2016-03-15,1,1.0
HOUSEHOLD_1_489_CA_3_evaluation,HOUSEHOLD_1_489,CA_3,2016-03-15,1,4.0
HOUSEHOLD_1_489_CA_4_evaluation,HOUSEHOLD_1_489,CA_4,2016-03-15,2,0.0
HOUSEHOLD_1_489_TX_1_evaluation,HOUSEHOLD_1_489,TX_1,2016-03-15,0,0.0
HOUSEHOLD_1_489_TX_2_evaluation,HOUSEHOLD_1_489,TX_2,2016-03-15,2,1.0
HOUSEHOLD_1_489_TX_3_evaluation,HOUSEHOLD_1_489,TX_3,2016-03-15,0,1.0
HOUSEHOLD_1_489_WI_1_evaluation,HOUSEHOLD_1_489,WI_1,2016-03-15,0,2.0
HOUSEHOLD_1_489_WI_2_evaluation,HOUSEHOLD_1_489,WI_2,2016-03-15,1,1.0
HOUSEHOLD_1_489_WI_3_evaluation,HOUSEHOLD_1_489,WI_3,2016-03-15,2,0.0
HOUSEHOLD_2_442_CA_1_evaluation,HOUSEHOLD_2_442,CA_1,2016-03-15,3,2.0
HOUSEHOLD_2_442_CA_2_evaluation,HOUSEHOLD_2_442,CA_2,2016-03-15,0,1.0
HOUSEHOLD_2_442_CA_3_evaluation,HOUSEHOLD_2_442,CA_3,2016-03-15,0,1.0
HOUSEHOLD_2_442_CA_4_evaluation,HOUSEHOLD_2_442,CA_4,2016-03-15,0,2.0
HOUSEHOLD_2_442_TX_1_evaluation,HOUSEHOLD_2_442,TX_1,2016-03-15,0,0.0
HOUSEHOLD_2_442_TX_2_evaluation,HOUSEHOLD_2_442,TX_2,2016-03-15,1,1.0
HOUSEHOLD_2_442_TX_3_evaluation,HOUSEHOLD_2_442,TX_3,2016-03-15,1,0.0
HOUSEHOLD_2_442_WI_1_evaluation,HOUSEHOLD_2_442,WI_1,2016-03-15,2,3.0
HOUSEHOLD_2_442_WI_2_evaluation,HOUSEHOLD_2_442,WI_2,2016-03-15,0,4.0
HOUSEHOLD_2_442_WI_3_evaluation,HOUSEHOLD_2_442,WI_3,2016-03-15,0,0.0
FOODS_1_021_CA_1_evaluation,FOODS_1_021,CA_1,2016-03-16,0,0.0
FOODS_1_021_CA_2_evaluation,FOODS_1_021,CA_2,2016-03-16,0,5.0
FOODS_1_021_CA_3_evaluation,FOODS_1_021,CA_3,2016-03-16,2,1.0
FOODS_1_021_CA_4_evaluation,FOODS_1_021,CA_4,2016-03-16,0,0.0
FOODS_1_021_TX_1_evaluation,FOODS_1_021,TX_1,2016-03-16,0,0.0
FOODS_1_021_TX_2_evaluation,FOODS_1_021,TX_2,2016-03-16,0,0.0
FOODS_1_021_TX_3_evaluation,FOODS_1_021,TX_3,2016-03-16,0,0.0
FOODS_1_021_WI_1_evaluation,FOODS_1_021,WI_1,2016-03-16,0,3.0
FOODS_1_021_WI_2_evaluation,FOODS_1_021,WI_2,2016-03-16,1,1.0
FOODS_1_021_WI_3_evaluation,FOODS_1_021,WI_3,2016-03-16,0,1.0
FOODS_2_035_CA_1_evaluation,FOODS_2_035,CA_1,2016-03-16,1,0.0
FOODS_2_035_CA_2_evaluation,FOODS_2_035,CA_2,2016-03-16,2,1.0
FOODS_2_035_CA_3_evaluation,FOODS_2_035,CA_3,2016-03-16,0,4.0
FOODS_2_035_CA_4_evaluation,FOODS_2_035,CA_4,2016-03-16,2,0.0
FOODS_2_035_TX_1_evaluation,FOODS_2_035,TX_1,2016-03-16,1,3.0
FOODS_2_035_TX_2_evaluation,FOODS_2_035,TX_2,2016-03-16,2,1.0
FOODS_2_035_TX_3_evaluation,FOODS_2_035,TX_3,2016-03-16,5,2.0
FOODS_2_035_WI_1_evaluation,FOODS_2_035,WI_1,2016-03-16,3,0.0
FOODS_2_035_WI_2_evaluation,FOODS_2_035,WI_2,2016-03-16,3,3.0
FOODS_2_035_WI_3_evaluation,FOODS_2_035,WI_3,2016-03-16,3,2.0
FOODS_3_180_CA_1_evaluation,FOODS_3_180,CA_1,2016-03-16,0,0.0
FOODS_3_180_CA_2_evaluation,FOODS_3_180,CA_2,2016-03-16,0,0.0
FOODS_3_180_CA_3_evaluation,FOODS_3_180,CA_3,2016-03-16,1,2.0
FOODS_3_180_CA_4_evaluation,FOODS_3_180,CA_4,2016-03-16,1,0.0
FOODS_3_180_TX_1_evaluation,FOODS_3_180,TX_1,2016-03-16,1,0.0
FOODS_3_180_TX_2_evaluation,FOODS_3_180,TX_2,2016-03-16,0,0.0
FOODS_3_180_TX_3_evaluation,FOODS_3_180,TX_3,2016-03-16,1,0.0
FOODS_3_180_WI_1_evaluation,FOODS_3_180,WI_1,2016-03-16,2,0.0
FOODS_3_180_WI_2_evaluation,FOODS_3_180,WI_2,2016-03-16,0,2.0
FOODS_3_180_WI_3_evaluation,FOODS_3_180,WI_3,2016-03-16,0,1.0
FOODS_3_260_CA_1_evaluation,FOODS_3_260,CA_1,2016-03-16,4,0.0
FOODS_3_260_CA_2_evaluation,FOODS_3_260,CA_2,2016-03-16,0,0.0
FOODS_3_260_CA_3_evaluation,FOODS_3_260,CA_3,2016-03-16,0,0.0
FOODS_3_260_CA_4_evaluation,FOODS_3_260,CA_4,2016-03-16,0,1.0
FOODS_3_260_TX_1_evaluation,FOODS_3_260,TX_1,2016-03-16,0,1.0
FOODS_3_260_TX_2_evaluation,FOODS_3_260,TX_2,2016-03-16,1,0.0
FOODS_3_260_TX_3_evaluation,FOODS_3_260,TX_3,2016-03-16,0,0.0
FOODS_3_260_WI_1_evaluation,FOODS_3_260,WI_1,2016-03-16,0,0.0
FOODS_3_260_WI_2_evaluation,FOODS_3_260,WI_2,2016-03-16,0,0.0
FOODS_3_260_WI_3_evaluation,FOODS_3_260,WI_3,2016-03-16,0,0.0
HOBBIES_1_022_CA_1_evaluation,HOBBIES_1_022,CA_1,2016-03-16,0,0.0
HOBBIES_1_022_CA_2_evaluation,HOBBIES_1_022,CA_2,2016-03-16,1,0.0
HOBBIES_1_022_CA_3_evaluation,HOBBIES_1_022,CA_3,2016-03-16,0,1.0
HOBBIES_1_022_CA_4_evaluation,HOBBIES_1_022,CA_4,2016-03-16,0,0.0
HOBBIES_1_022_TX_1_evaluation,HOBBIES_1_022,TX_1,2016-03-16,0,0.0
HOBBIES_1_022_TX_2_evaluation,HOBBIES_1_022,TX_2,2016-03-16,0,0.0
HOBBIES_1_022_TX_3_evaluation,HOBBIES_1_022,TX_3,2016-03-16,0,0.0
HOBBIES_1_022_WI_1_evaluation,HOBBIES_1_022,WI_1,2016-03-16,0,0.0
HOBBIES_1_022_WI_2_evaluation,HOBBIES_1_022,WI_2,2016-03-16,0,0.0
HOBBIES_1_022_WI_3_evaluation,HOBBIES_1_022,WI_3,2016-03-16,1,1.0
HOBBIES_1_209_CA_1_evaluation,HOBBIES_1_209,CA_1,2016-03-16,1,8.0
HOBBIES_1_209_CA_2_evaluation,HOBBIES_1_209,CA_2,2016-03-16,0,4.0
HOBBIES_1_209_CA_3_evaluation,HOBBIES_1_209,CA_3,2016-03-16,8,31.0
HOBBIES_1_209_CA_4_evaluation,HOBBIES_1_209,CA_4,2016-03-16,0,0.0
HOBBIES_1_209_TX_1_evaluation,HOBBIES_1_209,TX_1,2016-03-16,0,0.0
HOBBIES_1_209_TX_2_evaluation,HOBBIES_1_209,TX_2,2016-03-16,0,2.0
HOBBIES_1_209_TX_3_evaluation,HOBBIES_1_209,TX_3,2016-03-16,2,1.0
HOBBIES_1_209_WI_1_evaluation,HOBBIES_1_209,WI_1,2016-03-16,0,3.0
HOBBIES_1_209_WI_2_evaluation,HOBBIES_1_209,WI_2,2016-03-16,0,2.0
HOBBIES_1_209_WI_3_evaluation,HOBBIES_1_209,WI_3,2016-03-16,1,5.0
HOBBIES_2_041_CA_1_evaluation,HOBBIES_2_041,CA_1,2016-03-16,0,0.0
HOBBIES_2_041_CA_2_evaluation,HOBBIES_2_041,CA_2,2016-03-16,0,0.0
HOBBIES_2_041_CA_3_evaluation,HOBBIES_2_041,CA_3,2016-03-16,0,1.0
HOBBIES_2_041_CA_4_evaluation,HOBBIES_2_041,CA_4,2016-03-16,0,0.0
HOBBIES_2_041_TX_1_evaluation,HOBBIES_2_041,TX_1,2016-03-16,0,0.0
HOBBIES_2_041_TX_2_evaluation,HOBBIES_2_041,TX_2,2016-03-16,0,0.0
HOBBIES_2_041_TX_3_evaluation,HOBBIES_2_041,TX_3,2016-03-16,0,0.0
HOBBIES_2_041_WI_1_evaluation,HOBBIES_2_041,WI_1,2016-03-16,0,0.0
HOBBIES_2_041_WI_2_evaluation,HOBBIES_2_041,WI_2,2016-03-16,0,0.0
HOBBIES_2_041_WI_3_evaluation,HOBBIES_2_041,WI_3,2016-03-16,0,0.0
HOBBIES_2_113_CA_1_evaluation,HOBBIES_2_113,CA_1,2016-03-16,0,0.0
HOBBIES_2_113_CA_2_evaluation,HOBBIES_2_113,CA_2,2016-03-16,0,0.0
HOBBIES_2_113_CA_3_evaluation,HOBBIES_2_113,CA_3,2016-03-16,0,0.0
HOBBIES_2_113_CA_4_evaluation,HOBBIES_2_113,CA_4,2016-03-16,0,0.0
HOBBIES_2_113_TX_1_evaluation,HOBBIES_2_113,TX_1,2016-03-16,0,0.0
HOBBIES_2_113_TX_2_evaluation,HOBBIES_2_113,TX_2,2016-03-16,0,0.0
HOBBIES_2_113_TX_3_evaluation,HOBBIES_2_113,TX_3,2016-03-16,0,0.0
HOBBIES_2_113_WI_1_evaluation,HOBBIES_2_113,WI_1,2016-03-16,0,0.0
HOBBIES_2_113_WI_2_evaluation,HOBBIES_2_113,WI_2,2016-03-16,0,0.0
HOBBIES_2_113_WI_3_evaluation,HOBBIES_2_113,WI_3,2016-03-16,0,0.0
HOUSEHOLD_1_100_CA_1_evaluation,HOUSEHOLD_1_100,CA_1,2016-03-16,0,0.0
HOUSEHOLD_1_100_CA_2_evaluation,HOUSEHOLD_1_100,CA_2,2016-03-16,0,0.0
HOUSEHOLD_1_100_CA_3_evaluation,HOUSEHOLD_1_100,CA_3,2016-03-16,2,0.0
HOUSEHOLD_1_100_CA_4_evaluation,HOUSEHOLD_1_100,CA_4,2016-03-16,1,0.0
HOUSEHOLD_1_100_TX_1_evaluation,HOUSEHOLD_1_100,TX_1,2016-03-16,1,0.0
HOUSEHOLD_1_100_TX_2_evaluation,HOUSEHOLD_1_100,TX_2,2016-03-16,1,0.0
HOUSEHOLD_1_100_TX_3_evaluation,HOUSEHOLD_1_100,TX_3,2016-03-16,1,0.0
HOUSEHOLD_1_100_WI_1_evaluation,HOUSEHOLD_1_100,WI_1,2016-03-16,2,0.0
HOUSEHOLD_1_100_WI_2_evaluation,HOUSEHOLD_1_100,WI_2,2016-03-16,0,0.0
HOUSEHOLD_1_100_WI_3_evaluation,HOUSEHOLD_1_100,WI_3,2016-03-16,0,0.0
HOUSEHOLD_1_290_CA_1_evaluation,HOUSEHOLD_1_290,CA_1,2016-03-16,2,1.0
HOUSEHOLD_1_290_CA_2_evaluation,HOUSEHOLD_1_290,CA_2,2016-03-16,0,2.0
HOUSEHOLD_1_290_CA_3_evaluation,HOUSEHOLD_1_290,CA_3,2016-03-16,0,0.0
HOUSEHOLD_1_290_CA_4_evaluation,HOUSEHOLD_1_290,CA_4,2016-03-16,3,0.0
HOUSEHOLD_1_290_TX_1_evaluation,HOUSEHOLD_1_290,TX_1,2016-03-16,1,0.0
HOUSEHOLD_1_290_TX_2_evaluation,HOUSEHOLD_1_290,TX_2,2016-03-16,3,1.0
HOUSEHOLD_1_290_TX_3_evaluation,HOUSEHOLD_1_290,TX_3,2016-03-16,0,1.0
HOUSEHOLD_1_290_WI_1_evaluation,HOUSEHOLD_1_290,WI_1,2016-03-16,3,0.0
HOUSEHOLD_1_290_WI_2_evaluation,HOUSEHOLD_1_290,WI_2,2016-03-16,2,8.0
HOUSEHOLD_1_290_WI_3_evaluation,HOUSEHOLD_1_290,WI_3,2016-03-16,2,2.0
HOUSEHOLD_1_370_CA_1_evaluation,HOUSEHOLD_1_370,CA_1,2016-03-16,2,1.0
HOUSEHOLD_1_370_CA_2_evaluation,HOUSEHOLD_1_370,CA_2,2016-03-16,2,1.0
HOUSEHOLD_1_370_CA_3_evaluation,HOUSEHOLD_1_370,CA_3,2016-03-16,5,5.0
HOUSEHOLD_1_370_CA_4_evaluation,HOUSEHOLD_1_370,CA_4,2016-03-16,1,1.0
HOUSEHOLD_1_370_TX_1_evaluation,HOUSEHOLD_1_370,TX_1,2016-03-16,0,0.0
HOUSEHOLD_1_370_TX_2_evaluation,HOUSEHOLD_1_370,TX_2,2016-03-16,0,0.0
HOUSEHOLD_1_370_TX_3_evaluation,HOUSEHOLD_1_370,TX_3,2016-03-16,0,1.0
HOUSEHOLD_1_370_WI_1_evaluation,HOUSEHOLD_1_370,WI_1,2016-03-16,3,0.0
HOUSEHOLD_1_370_WI_2_evaluation,HOUSEHOLD_1_370,WI_2,2016-03-16,2,2.0
HOUSEHOLD_1_370_WI_3_evaluation,HOUSEHOLD_1_370,WI_3,2016-03-16,0,0.0
HOUSEHOLD_1_489_CA_1_evaluation,HOUSEHOLD_1_489,CA_1,2016-03-16,0,0.0
HOUSEHOLD_1_489_CA_2_evaluation,HOUSEHOLD_1_489,CA_2,2016-03-16,2,0.0
HOUSEHOLD_1_489_CA_3_evaluation,HOUSEHOLD_1_489,CA_3,2016-03-16,1,1.0
HOUSEHOLD_1_489_CA_4_evaluation,HOUSEHOLD_1_489,CA_4,2016-03-16,1,2.0
HOUSEHOLD_1_489_TX_1_evaluation,HOUSEHOLD_1_489,TX_1,2016-03-16,0,0.0
HOUSEHOLD_1_489_TX_2_evaluation,HOUSEHOLD_1_489,TX_2,2016-03-16,4,1.0
HOUSEHOLD_1_489_TX_3_evaluation,HOUSEHOLD_1_489,TX_3,2016-03-16,0,2.0
HOUSEHOLD_1_489_WI_1_evaluation,HOUSEHOLD_1_489,WI_1,2016-03-16,1,1.0
HOUSEHOLD_1_489_WI_2_evaluation,HOUSEHOLD_1_489,WI_2,2016-03-16,0,0.0
HOUSEHOLD_1_489_WI_3_evaluation,HOUSEHOLD_1_489,WI_3,2016-03-16,0,1.0
HOUSEHOLD_2_442_CA_1_evaluation,HOUSEHOLD_2_442,CA_1,2016-03-16,2,0.0
HOUSEHOLD_2_442_CA_2_evaluation,HOUSEHOLD_2_442,CA_2,2016-03-16,0,0.0
HOUSEHOLD_2_442_CA_3_evaluation,HOUSEHOLD_2_442,CA_3,2016-03-16,0,0.0
HOUSEHOLD_2_442_CA_4_evaluation,HOUSEHOLD_2_442,CA_4,2016-03-16,0,0.0
HOUSEHOLD_2_442_TX_1_evaluation,HOUSEHOLD_2_442,TX_1,2016-03-16,1,0.0
HOUSEHOLD_2_442_TX_2_evaluation,HOUSEHOLD_2_442,TX_2,2016-03-16,2,0.0
HOUSEHOLD_2_442_TX_3_evaluation,HOUSEHOLD_2_442,TX_3,2016-03-16,0,2.0
HOUSEHOLD_2_442_WI_1_evaluation,HOUSEHOLD_2_442,WI_1,2016-03-16,2,2.0
HOUSEHOLD_2_442_WI_2_evaluation,HOUSEHOLD_2_442,WI_2,2016-03-16,2,2.0
HOUSEHOLD_2_442_WI_3_evaluation,HOUSEHOLD_2_442,WI_3,2016-03-16,0,2.0
FOODS_1_021_CA_1_evaluation,FOODS_1_021,CA_1,2016-03-17,4,0.0
FOODS_1_021_CA_2_evaluation,FOODS_1_021,CA_2,2016-03-17,1,2.0
FOODS_1_021_CA_3_evaluation,FOODS_1_021,CA_3,2016-03-17,0,1.0
FOODS_1_021_CA_4_evaluation,FOODS_1_021,CA_4,2016-03-17,0,0.0
FOODS_1_021_TX_1_evaluation,FOODS_1_021,TX_1,2016-03-17,0,1.0
FOODS_1_021_TX_2_evaluation,FOODS_1_021,TX_2,2016-03-17,0,0.0
FOODS_1_021_TX_3_evaluation,FOODS_1_021,TX_3,2016-03-17,0,0.0
FOODS_1_021_WI_1_evaluation,FOODS_1_021,WI_1,2016-03-17,0,0.0
FOODS_1_021_WI_2_evaluation,FOODS_1_021,WI_2,2016-03-17,0,3.0
FOODS_1_021_WI_3_evaluation,FOODS_1_021,WI_3,2016-03-17,0,0.0
FOODS_2_035_CA_1_evaluation,FOODS_2_035,CA_1,2016-03-17,1,0.0
FOODS_2_035_CA_2_evaluation,FOODS_2_035,CA_2,2016-03-17,1,4.0
FOODS_2_035_CA_3_evaluation,FOODS_2_035,CA_3,2016-03-17,1,5.0
FOODS_2_035_CA_4_evaluation,FOODS_2_035,CA_4,2016-03-17,1,1.0
FOODS_2_035_TX_1_evaluation,FOODS_2_035,TX_1,2016-03-17,0,1.0
FOODS_2_035_TX_2_evaluation,FOODS_2_035,TX_2,2016-03-17,1,2.0
FOODS_2_035_TX_3_evaluation,FOODS_2_035,TX_3,2016-03-17,1,2.0
FOODS_2_035_WI_1_evaluation,FOODS_2_035,WI_1,2016-03-17,0,0.0
FOODS_2_035_WI_2_evaluation,FOODS_2_035,WI_2,2016-03-17,2,2.0
FOODS_2_035_WI_3_evaluation,FOODS_2_035,WI_3,2016-03-17,1,3.0
FOODS_3_180_CA_1_evaluation,FOODS_3_180,CA_1,2016-03-17,0,0.0
FOODS_3_180_CA_2_evaluation,FOODS_3_180,CA_2,2016-03-17,1,0.0
FOODS_3_180_CA_3_evaluation,FOODS_3_180,CA_3,2016-03-17,1,1.0
FOODS_3_180_CA_4_evaluation,FOODS_3_180,CA_4,2016-03-17,0,0.0
FOODS_3_180_TX_1_evaluation,FOODS_3_180,TX_1,2016-03-17,0,1.0
FOODS_3_180_TX_2_evaluation,FOODS_3_180,TX_2,2016-03-17,1,2.0
FOODS_3_180_TX_3_evaluation,FOODS_3_180,TX_3,2016-03-17,1,0.0
FOODS_3_180_WI_1_evaluation,FOODS_3_180,WI_1,2016-03-17,1,0.0
FOODS_3_180_WI_2_evaluation,FOODS_3_180,WI_2,2016-03-17,1,2.0
FOODS_3_180_WI_3_evaluation,FOODS_3_180,WI_3,2016-03-17,1,0.0
FOODS_3_260_CA_1_evaluation,FOODS_3_260,CA_1,2016-03-17,0,1.0
FOODS_3_260_CA_2_evaluation,FOODS_3_260,CA_2,2016-03-17,2,0.0
FOODS_3_260_CA_3_evaluation,FOODS_3_260,CA_3,2016-03-17,1,0.0
FOODS_3_260_CA_4_evaluation,FOODS_3_260,CA_4,2016-03-17,0,0.0
FOODS_3_260_TX_1_evaluation,FOODS_3_260,TX_1,2016-03-17,0,0.0
FOODS_3_260_TX_2_evaluation,FOODS_3_260,TX_2,2016-03-17,0,0.0
FOODS_3_260_TX_3_evaluation,FOODS_3_260,TX_3,2016-03-17,0,0.0
FOODS_3_260_WI_1_evaluation,FOODS_3_260,WI_1,2016-03-17,0,0.0
FOODS_3_260_WI_2_evaluation,FOODS_3_260,WI_2,2016-03-17,3,0.0
FOODS_3_260_WI_3_evaluation,FOODS_3_260,WI_3,2016-03-17,1,2.0
HOBBIES_1_022_CA_1_evaluation,HOBBIES_1_022,CA_1,2016-03-17,1,1.0
HOBBIES_1_022_CA_2_evaluation,HOBBIES_1_022,CA_2,2016-03-17,2,0.0
HOBBIES_1_022_CA_3_evaluation,HOBBIES_1_022,CA_3,2016-03-17,0,0.0
HOBBIES_1_022_CA_4_evaluation,HOBBIES_1_022,CA_4,2016-03-17,0,0.0
HOBBIES_1_022_TX_1_evaluation,HOBBIES_1_022,TX_1,2016-03-17,0,2.0
HOBBIES_1_022_TX_2_evaluation,HOBBIES_1_022,TX_2,2016-03-17,0,2.0
HOBBIES_1_022_TX_3_evaluation,HOBBIES_1_022,TX_3,2016-03-17,1,0.0
HOBBIES_1_022_WI_1_evaluation,HOBBIES_1_022,WI_1,2016-03-17,0,0.0
HOBBIES_1_022_WI_2_evaluation,HOBBIES_1_022,WI_2,2016-03-17,0,0.0
HOBBIES_1_022_WI_3_evaluation,HOBBIES_1_022,WI_3,2016-03-17,0,0.0
HOBBIES_1_209_CA_1_evaluation,HOBBIES_1_209,CA_1,2016-03-17,2,2.0
HOBBIES_1_209_CA_2_evaluation,HOBBIES_1_209,CA_2,2016-03-17,2,7.0
HOBBIES_1_209_CA_3_evaluation,HOBBIES_1_209,CA_3,2016-03-17,5,2.0
HOBBIES_1_209_CA_4_evaluation,HOBBIES_1_209,CA_4,2016-03-17,0,0.0
HOBBIES_1_209_TX_1_evaluation,HOBBIES_1_209,TX_1,2016-03-17,3,1.0
HOBBIES_1_209_TX_2_evaluation,HOBBIES_1_209,TX_2,2016-03-17,3,4.0
HOBBIES_1_209_TX_3_evaluation,HOBBIES_1_209,TX_3,2016-03-17,1,1.0
HOBBIES_1_209_WI_1_evaluation,HOBBIES_1_209,WI_1,2016-03-17,5,0.0
HOBBIES_1_209_WI_2_evaluation,HOBBIES_1_209,WI_2,2016-03-17,0,2.0
HOBBIES_1_209_WI_3_evaluation,HOBBIES_1_209,WI_3,2016-03-17,5,0.0
HOBBIES_2_041_CA_1_evaluation,HOBBIES_2_041,CA_1,2016-03-17,3,0.0
HOBBIES_2_041_CA_2_evaluation,HOBBIES_2_041,CA_2,2016-03-17,4,1.0
HOBBIES_2_041_CA_3_evaluation,HOBBIES_2_041,CA_3,2016-03-17,0,0.0
HOBBIES_2_041_CA_4_evaluation,HOBBIES_2_041,CA_4,2016-03-17,0,0.0
HOBBIES_2_041_TX_1_evaluation,HOBBIES_2_041,TX_1,2016-03-17,0,0.0
HOBBIES_2_041_TX_2_evaluation,HOBBIES_2_041,TX_2,2016-03-17,0,1.0
HOBBIES_2_041_TX_3_evaluation,HOBBIES_2_041,TX_3,2016-03-17,0,1.0
HOBBIES_2_041_WI_1_evaluation,HOBBIES_2_041,WI_1,2016-03-17,0,0.0
HOBBIES_2_041_WI_2_evaluation,HOBBIES_2_041,WI_2,2016-03-17,0,0.0
HOBBIES_2_041_WI_3_evaluation,HOBBIES_2_041,WI_3,2016-03-17,0,0.0
HOBBIES_2_113_CA_1_evaluation,HOBBIES_2_113,CA_1,2016-03-17,0,0.0
HOBBIES_2_113_CA_2_evaluation,HOBBIES_2_113,CA_2,2016-03-17,0,0.0
HOBBIES_2_113_CA_3_evaluation,HOBBIES_2_113,CA_3,2016-03-17,0,0.0
HOBBIES_2_113_CA_4_evaluation,HOBBIES_2_113,CA_4,2016-03-17,0,0.0
HOBBIES_2_113_TX_1_evaluation,HOBBIES_2_113,TX_1,2016-03-17,0,0.0
HOBBIES_2_113_TX_2_evaluation,HOBBIES_2_113,TX_2,2016-03-17,0,0.0
HOBBIES_2_113_TX_3_evaluation,HOBBIES_2_113,TX_3,2016-03-17,0,0.0
HOBBIES_2_113_WI_1_evaluation,HOBBIES_2_113,WI_1,2016-03-17,0,0.0
HOBBIES_2_113_WI_2_evaluation,HOBBIES_2_113,WI_2,2016-03-17,0,0.0
HOBBIES_2_113_WI_3_evaluation,HOBBIES_2_113,WI_3,2016-03-17,0,0.0
HOUSEHOLD_1_100_CA_1_evaluation,HOUSEHOLD_1_100,CA_1,2016-03-17,2,1.0
HOUSEHOLD_1_100_CA_2_evaluation,HOUSEHOLD_1_100,CA_2,2016-03-17,2,0.0
HOUSEHOLD_1_100_CA_3_evaluation,HOUSEHOLD_1_100,CA_3,2016-03-17,0,0.0
HOUSEHOLD_1_100_CA_4_evaluation,HOUSEHOLD_1_100,CA_4,2016-03-17,1,0.0
HOUSEHOLD_1_100_TX_1_evaluation,HOUSEHOLD_1_100,TX_1,2016-03-17,0,0.0
HOUSEHOLD_1_100_TX_2_evaluation,HOUSEHOLD_1_100,TX_2,2016-03-17,3,0.0
HOUSEHOLD_1_100_TX_3_evaluation,HOUSEHOLD_1_100,TX_3,2016-03-17,0,0.0
HOUSEHOLD_1_100_WI_1_evaluation,HOUSEHOLD_1_100,WI_1,2016-03-17,0,0.0
HOUSEHOLD_1_100_WI_2_evaluation,HOUSEHOLD_1_100,WI_2,2016-03-17,0,0.0
HOUSEHOLD_1_100_WI_3_evaluation,HOUSEHOLD_1_100,WI_3,2016-03-17,0,0.0
HOUSEHOLD_1_290_CA_1_evaluation,HOUSEHOLD_1_290,CA_1,2016-03-17,0,1.0
HOUSEHOLD_1_290_CA_2_evaluation,HOUSEHOLD_1_290,CA_2,2016-03-17,5,0.0
HOUSEHOLD_1_290_CA_3_evaluation,HOUSEHOLD_1_290,CA_3,2016-03-17,3,1.0
HOUSEHOLD_1_290_CA_4_evaluation,HOUSEHOLD_1_290,CA_4,2016-03-17,0,0.0
HOUSEHOLD_1_290_TX_1_evaluation,HOUSEHOLD_1_290,TX_1,2016-03-17,0,3.0
HOUSEHOLD_1_290_TX_2_evaluation,HOUSEHOLD_1_290,TX_2,2016-03-17,1,1.0
HOUSEHOLD_1_290_TX_3_evaluation,HOUSEHOLD_1_290,TX_3,2016-03-17,0,2.0
HOUSEHOLD_1_290_WI_1_evaluation,HOUSEHOLD_1_290,WI_1,2016-03-17,0,0.0
HOUSEHOLD_1_290_WI_2_evaluation,HOUSEHOLD_1_290,WI_2,2016-03-17,3,4.0
HOUSEHOLD_1_290_WI_3_evaluation,HOUSEHOLD_1_290,WI_3,2016-03-17,0,1.0
HOUSEHOLD_1_370_CA_1_evaluation,HOUSEHOLD_1_370,CA_1,2016-03-17,0,1.0
HOUSEHOLD_1_370_CA_2_evaluation,HOUSEHOLD_1_370,CA_2,2016-03-17,3,1.0
HOUSEHOLD_1_370_CA_3_evaluation,HOUSEHOLD_1_370,CA_3,2016-03-17,3,2.0
HOUSEHOLD_1_370_CA_4_evaluation,HOUSEHOLD_1_370,CA_4,2016-03-17,1,0.0
HOUSEHOLD_1_370_TX_1_evaluation,HOUSEHOLD_1_370,TX_1,2016-03-17,1,1.0
HOUSEHOLD_1_370_TX_2_evaluation,HOUSEHOLD_1_370,TX_2,2016-03-17,1,0.0
HOUSEHOLD_1_370_TX_3_evaluation,HOUSEHOLD_1_370,TX_3,2016-03-17,0,0.0
HOUSEHOLD_1_370_WI_1_evaluation,HOUSEHOLD_1_370,WI_1,2016-03-17,0,0.0
HOUSEHOLD_1_370_WI_2_evaluation,HOUSEHOLD_1_370,WI_2,2016-03-17,2,4.0
HOUSEHOLD_1_370_WI_3_evaluation,HOUSEHOLD_1_370,WI_3,2016-03-17,0,2.0
HOUSEHOLD_1_489_CA_1_evaluation,HOUSEHOLD_1_489,CA_1,2016-03-17,0,2.0
HOUSEHOLD_1_489_CA_2_evaluation,HOUSEHOLD_1_489,CA_2,2016-03-17,2,1.0
HOUSEHOLD_1_489_CA_3_evaluation,HOUSEHOLD_1_489,CA_3,2016-03-17,0,2.0
HOUSEHOLD_1_489_CA_4_evaluation,HOUSEHOLD_1_489,CA_4,2016-03-17,0,0.0
HOUSEHOLD_1_489_TX_1_evaluation,HOUSEHOLD_1_489,TX_1,2016-03-17,4,1.0
HOUSEHOLD_1_489_TX_2_evaluation,HOUSEHOLD_1_489,TX_2,2016-03-17,1,0.0
HOUSEHOLD_1_489_TX_3_evaluation,HOUSEHOLD_1_489,TX_3,2016-03-17,0,1.0
HOUSEHOLD_1_489_WI_1_evaluation,HOUSEHOLD_1_489,WI_1,2016-03-17,0,0.0
HOUSEHOLD_1_489_WI_2_evaluation,HOUSEHOLD_1_489,WI_2,2016-03-17,0,1.0
HOUSEHOLD_1_489_WI_3_evaluation,HOUSEHOLD_1_489,WI_3,2016-03-17,0,1.0
HOUSEHOLD_2_442_CA_1_evaluation,HOUSEHOLD_2_442,CA_1,2016-03-17,0,0.0
HOUSEHOLD_2_442_CA_2_evaluation,HOUSEHOLD_2_442,CA_2,2016-03-17,4,0.0
HOUSEHOLD_2_442_CA_3_evaluation,HOUSEHOLD_2_442,CA_3,2016-03-17,0,0.0
HOUSEHOLD_2_442_CA_4_evaluation,HOUSEHOLD_2_442,CA_4,2016-03-17,0,0.0
HOUSEHOLD_2_442_TX_1_evaluation,HOUSEHOLD_2_442,TX_1,2016-03-17,0,0.0
HOUSEHOLD_2_442_TX_2_evaluation,HOUSEHOLD_2_442,TX_2,2016-03-17,1,0.0
HOUSEHOLD_2_442_TX_3_evaluation,HOUSEHOLD_2_442,TX_3,2016-03-17,0,1.0
HOUSEHOLD_2_442_WI_1_evaluation,HOUSEHOLD_2_442,WI_1,2016-03-17,1,1.0
HOUSEHOLD_2_442_WI_2_evaluation,HOUSEHOLD_2_442,WI_2,2016-03-17,2,0.0
HOUSEHOLD_2_442_WI_3_evaluation,HOUSEHOLD_2_442,WI_3,2016-03-17,1,0.0
FOODS_1_021_CA_1_evaluation,FOODS_1_021,CA_1,2016-03-18,3,0.0
FOODS_1_021_CA_2_evaluation,FOODS_1_021,CA_2,2016-03-18,2,6.0
FOODS_1_021_CA_3_evaluation,FOODS_1_021,CA_3,2016-03-18,1,2.0
FOODS_1_021_CA_4_evaluation,FOODS_1_021,CA_4,2016-03-18,0,0.0
FOODS_1_021_TX_1_evaluation,FOODS_1_021,TX_1,2016-03-18,3,0.0
FOODS_1_021_TX_2_evaluation,FOODS_1_021,TX_2,2016-03-18,0,0.0
FOODS_1_021_TX_3_evaluation,FOODS_1_021,TX_3,2016-03-18,0,0.0
FOODS_1_021_WI_1_evaluation,FOODS_1_021,WI_1,2016-03-18,3,3.0
FOODS_1_021_WI_2_evaluation,FOODS_1_021,WI_2,2016-03-18,1,0.0
FOODS_1_021_WI_3_evaluation,FOODS_1_021,WI_3,2016-03-18,0,0.0
FOODS_2_035_CA_1_evaluation,FOODS_2_035,CA_1,2016-03-18,0,0.0
FOODS_2_035_CA_2_evaluation,FOODS_2_035,CA_2,2016-03-18,2,2.0
FOODS_2_035_CA_3_evaluation,FOODS_2_035,CA_3,2016-03-18,3,1.0
FOODS_2_035_CA_4_evaluation,FOODS_2_035,CA_4,2016-03-18,2,0.0
FOODS_2_035_TX_1_evaluation,FOODS_2_035,TX_1,2016-03-18,0,0.0
FOODS_2_035_TX_2_evaluation,FOODS_2_035,TX_2,2016-03-18,2,3.0
FOODS_2_035_TX_3_evaluation,FOODS_2_035,TX_3,2016-03-18,3,0.0
FOODS_2_035_WI_1_evaluation,FOODS_2_035,WI_1,2016-03-18,2,1.0
FOODS_2_035_WI_2_evaluation,FOODS_2_035,WI_2,2016-03-18,4,3.0
FOODS_2_035_WI_3_evaluation,FOODS_2_035,WI_3,2016-03-18,0,1.0
FOODS_3_180_CA_1_evaluation,FOODS_3_180,CA_1,2016-03-18,1,0.0
FOODS_3_180_CA_2_evaluation,FOODS_3_180,CA_2,2016-03-18,0,0.0
FOODS_3_180_CA_3_evaluation,FOODS_3_180,CA_3,2016-03-18,0,1.0
FOODS_3_180_CA_4_evaluation,FOODS_3_180,CA_4,2016-03-18,0,0.0
FOODS_3_180_TX_1_evaluation,FOODS_3_180,TX_1,2016-03-18,0,0.0
FOODS_3_180_TX_2_evaluation,FOODS_3_180,TX_2,2016-03-18,0,1.0
FOODS_3_180_TX_3_evaluation,FOODS_3_180,TX_3,2016-03-18,0,0.0
FOODS_3_180_WI_1_evaluation,FOODS_3_180,WI_1,2016-03-18,0,1.0
FOODS_3_180_WI_2_evaluation,FOODS_3_180,WI_2,2016-03-18,0,3.0
FOODS_3_180_WI_3_evaluation,FOODS_3_180,WI_3,2016-03-18,0,0.0
FOODS_3_260_CA_1_evaluation,FOODS_3_260,CA_1,2016-03-18,1,0.0
FOODS_3_260_CA_2_evaluation,FOODS_3_260,CA_2,2016-03-18,0,0.0
FOODS_3_260_CA_3_evaluation,FOODS_3_260,CA_3,2016-03-18,0,0.0
FOODS_3_260_CA_4_evaluation,FOODS_3_260,CA_4,2016-03-18,0,3.0
FOODS_3_260_TX_1_evaluation,FOODS_3_260,TX_1,2016-03-18,0,0.0
FOODS_3_260_TX_2_evaluation,FOODS_3_260,TX_2,2016-03-18,1,0.0
FOODS_3_260_TX_3_evaluation,FOODS_3_260,TX_3,2016-03-18,2,0.0
FOODS_3_260_WI_1_evaluation,FOODS_3_260,WI_1,2016-03-18,1,0.0
FOODS_3_260_WI_2_evaluation,FOODS_3_260,WI_2,2016-03-18,2,0.0
FOODS_3_260_WI_3_evaluation,FOODS_3_260,WI_3,2016-03-18,0,2.0
HOBBIES_1_022_CA_1_evaluation,HOBBIES_1_022,CA_1,2016-03-18,1,0.0
HOBBIES_1_022_CA_2_evaluation,HOBBIES_1_022,CA_2,2016-03-18,0,0.0
HOBBIES_1_022_CA_3_evaluation,HOBBIES_1_022,CA_3,2016-03-18,0,1.0
HOBBIES_1_022_CA_4_evaluation,HOBBIES_1_022,CA_4,2016-03-18,0,0.0
HOBBIES_1_022_TX_1_evaluation,HOBBIES_1_022,TX_1,2016-03-18,0,0.0
HOBBIES_1_022_TX_2_evaluation,HOBBIES_1_022,TX_2,2016-03-18,0,0.0
HOBBIES_1_022_TX_3_evaluation,HOBBIES_1_022,TX_3,2016-03-18,0,0.0
HOBBIES_1_022_WI_1_evaluation,HOBBIES_1_022,WI_1,2016-03-18,0,2.0
HOBBIES_1_022_WI_2_evaluation,HOBBIES_1_022,WI_2,2016-03-18,0,0.0
HOBBIES_1_022_WI_3_evaluation,HOBBIES_1_022,WI_3,2016-03-18,0,0.0
HOBBIES_1_209_CA_1_evaluation,HOBBIES_1_209,CA_1,2016-03-18,6,0.0
HOBBIES_1_209_CA_2_evaluation,HOBBIES_1_209,CA_2,2016-03-18,3,10.0
HOBBIES_1_209_CA_3_evaluation,HOBBIES_1_209,CA_3,2016-03-18,3,0.0
HOBBIES_1_209_CA_4_evaluation,HOBBIES_1_209,CA_4,2016-03-18,0,0.0
HOBBIES_1_209_TX_1_evaluation,HOBBIES_1_209,TX_1,2016-03-18,3,1.0
HOBBIES_1_209_TX_2_evaluation,HOBBIES_1_209,TX_2,2016-03-18,5,3.0
HOBBIES_1_209_TX_3_evaluation,HOBBIES_1_209,TX_3,2016-03-18,2,2.0
HOBBIES_1_209_WI_1_evaluation,HOBBIES_1_209,WI_1,2016-03-18,0,1.0
HOBBIES_1_209_WI_2_evaluation,HOBBIES_1_209,WI_2,2016-03-18,3,4.0
HOBBIES_1_209_WI_3_evaluation,HOBBIES_1_209,WI_3,2016-03-18,1,0.0
HOBBIES_2_041_CA_1_evaluation,HOBBIES_2_041,CA_1,2016-03-18,2,0.0
HOBBIES_2_041_CA_2_evaluation,HOBBIES_2_041,CA_2,2016-03-18,1,0.0
HOBBIES_2_041_CA_3_evaluation,HOBBIES_2_041,CA_3,2016-03-18,0,0.0
HOBBIES_2_041_CA_4_evaluation,HOBBIES_2_041,CA_4,2016-03-18,0,0.0
HOBBIES_2_041_TX_1_evaluation,HOBBIES_2_041,TX_1,2016-03-18,0,0.0
HOBBIES_2_041_TX_2_evaluation,HOBBIES_2_041,TX_2,2016-03-18,0,0.0
HOBBIES_2_041_TX_3_evaluation,HOBBIES_2_041,TX_3,2016-03-18,0,0.0
HOBBIES_2_041_WI_1_evaluation,HOBBIES_2_041,WI_1,2016-03-18,0,0.0
HOBBIES_2_041_WI_2_evaluation,HOBBIES_2_041,WI_2,2016-03-18,0,0.0
HOBBIES_2_041_WI_3_evaluation,HOBBIES_2_041,WI_3,2016-03-18,1,0.0
HOBBIES_2_113_CA_1_evaluation,HOBBIES_2_113,CA_1,2016-03-18,0,0.0
HOBBIES_2_113_CA_2_evaluation,HOBBIES_2_113,CA_2,2016-03-18,0,0.0
HOBBIES_2_113_CA_3_evaluation,HOBBIES_2_113,CA_3,2016-03-18,0,0.0
HOBBIES_2_113_CA_4_evaluation,HOBBIES_2_113,CA_4,2016-03-18,0,0.0
HOBBIES_2_113_TX_1_evaluation,HOBBIES_2_113,TX_1,2016-03-18,0,0.0
HOBBIES_2_113_TX_2_evaluation,HOBBIES_2_113,TX_2,2016-03-18,0,0.0
HOBBIES_2_113_TX_3_evaluation,HOBBIES_2_113,TX_3,2016-03-18,0,0.0
HOBBIES_2_113_WI_1_evaluation,HOBBIES_2_113,WI_1,2016-03-18,0,0.0
HOBBIES_2_113_WI_2_evaluation,HOBBIES_2_113,WI_2,2016-03-18,0,0.0
HOBBIES_2_113_WI_3_evaluation,HOBBIES_2_113,WI_3,2016-03-18,0,0.0
HOUSEHOLD_1_100_CA_1_evaluation,HOUSEHOLD_1_100,CA_1,2016-03-18,0,2.0
HOUSEHOLD_1_100_CA_2_evaluation,HOUSEHOLD_1_100,CA_2,2016-03-18,2,1.0
HOUSEHOLD_1_100_CA_3_evaluation,HOUSEHOLD_1_100,CA_3,2016-03-18,2,0.0
HOUSEHOLD_1_100_CA_4_evaluation,HOUSEHOLD_1_100,CA_4,2016-03-18,0,0.0
HOUSEHOLD_1_100_TX_1_evaluation,HOUSEHOLD_1_100,TX_1,2016-03-18,2,1.0
HOUSEHOLD_1_100_TX_2_evaluation,HOUSEHOLD_1_100,TX_2,2016-03-18,1,0.0
HOUSEHOLD_1_100_TX_3_evaluation,HOUSEHOLD_1_100,TX_3,2016-03-18,3,0.0
HOUSEHOLD_1_100_WI_1_evaluation,HOUSEHOLD_1_100,WI_1,2016-03-18,1,2.0
HOUSEHOLD_1_100_WI_2_evaluation,HOUSEHOLD_1_100,WI_2,2016-03-18,0,0.0
HOUSEHOLD_1_100_WI_3_evaluation,HOUSEHOLD_1_100,WI_3,2016-03-18,0,0.0
HOUSEHOLD_1_290_CA_1_evaluation,HOUSEHOLD_1_290,CA_1,2016-03-18,0,3.0
HOUSEHOLD_1_290_CA_2_evaluation,HOUSEHOLD_1_290,CA_2,2016-03-18,1,0.0
HOUSEHOLD_1_290_CA_3_evaluation,HOUSEHOLD_1_290,CA_3,2016-03-18,0,4.0
HOUSEHOLD_1_290_CA_4_evaluation,HOUSEHOLD_1_290,CA_4,2016-03-18,0,0.0
HOUSEHOLD_1_290_TX_1_evaluation,HOUSEHOLD_1_290,TX_1,2016-03-18,1,2.0
HOUSEHOLD_1_290_TX_2_evaluation,HOUSEHOLD_1_290,TX_2,2016-03-18,1,0.0
HOUSEHOLD_1_290_TX_3_evaluation,HOUSEHOLD_1_290,TX_3,2016-03-18,3,2.0
HOUSEHOLD_1_290_WI_1_evaluation,HOUSEHOLD_1_290,WI_1,2016-03-18,0,0.0
HOUSEHOLD_1_290_WI_2_evaluation,HOUSEHOLD_1_290,WI_2,2016-03-18,0,0.0
HOUSEHOLD_1_290_WI_3_evaluation,HOUSEHOLD_1_290,WI_3,2016-03-18,2,2.0
HOUSEHOLD_1_370_CA_1_evaluation,HOUSEHOLD_1_370,CA_1,2016-03-18,0,4.0
HOUSEHOLD_1_370_CA_2_evaluation,HOUSEHOLD_1_370,CA_2,2016-03-18,2,4.0
HOUSEHOLD_1_370_CA_3_evaluation,HOUSEHOLD_1_370,CA_3,2016-03-18,1,6.0
HOUSEHOLD_1_370_CA_4_evaluation,HOUSEHOLD_1_370,CA_4,2016-03-18,0,1.0
HOUSEHOLD_1_370_TX_1_evaluation,HOUSEHOLD_1_370,TX_1,2016-03-18,0,0.0
HOUSEHOLD_1_370_TX_2_evaluation,HOUSEHOLD_1_370,TX_2,2016-03-18,0,0.0
HOUSEHOLD_1_370_TX_3_evaluation,HOUSEHOLD_1_370,TX_3,2016-03-18,0,0.0
HOUSEHOLD_1_370_WI_1_evaluation,HOUSEHOLD_1_370,WI_1,2016-03-18,0,1.0
HOUSEHOLD_1_370_WI_2_evaluation,HOUSEHOLD_1_370,WI_2,2016-03-18,2,6.0
HOUSEHOLD_1_370_WI_3_evaluation,HOUSEHOLD_1_370,WI_3,2016-03-18,1,0.0
HOUSEHOLD_1_489_CA_1_evaluation,HOUSEHOLD_1_489,CA_1,2016-03-18,3,3.0
HOUSEHOLD_1_489_CA_2_evaluation,HOUSEHOLD_1_489,CA_2,2016-03-18,0,1.0
HOUSEHOLD_1_489_CA_3_evaluation,HOUSEHOLD_1_489,CA_3,2016-03-18,2,3.0
HOUSEHOLD_1_489_CA_4_evaluation,HOUSEHOLD_1_489,CA_4,2016-03-18,1,0.0
HOUSEHOLD_1_489_TX_1_evaluation,HOUSEHOLD_1_489,TX_1,2016-03-18,1,4.0
HOUSEHOLD_1_489_TX_2_evaluation,HOUSEHOLD_1_489,TX_2,2016-03-18,3,2.0
HOUSEHOLD_1_489_TX_3_evaluation,HOUSEHOLD_1_489,TX_3,2016-03-18,1,0.0
HOUSEHOLD_1_489_WI_1_evaluation,HOUSEHOLD_1_489,WI_1,2016-03-18,1,1.0
HOUSEHOLD_1_489_WI_2_evaluation,HOUSEHOLD_1_489,WI_2,2016-03-18,0,0.0
HOUSEHOLD_1_489_WI_3_evaluation,HOUSEHOLD_1_489,WI_3,2016-03-18,2,0.0
HOUSEHOLD_2_442_CA_1_evaluation,HOUSEHOLD_2_442,CA_1,2016-03-18,2,2.0
HOUSEHOLD_2_442_CA_2_evaluation,HOUSEHOLD_2_442,CA_2,2016-03-18,3,3.0
HOUSEHOLD_2_442_CA_3_evaluation,HOUSEHOLD_2_442,CA_3,2016-03-18,0,1.0
HOUSEHOLD_2_442_CA_4_evaluation,HOUSEHOLD_2_442,CA_4,2016-03-18,0,1.0
HOUSEHOLD_2_442_TX_1_evaluation,HOUSEHOLD_2_442,TX_1,2016-03-18,1,1.0
HOUSEHOLD_2_442_TX_2_evaluation,HOUSEHOLD_2_442,TX_2,2016-03-18,0,4.0
HOUSEHOLD_2_442_TX_3_evaluation,HOUSEHOLD_2_442,TX_3,2016-03-18,1,1.0
HOUSEHOLD_2_442_WI_1_evaluation,HOUSEHOLD_2_442,WI_1,2016-03-18,1,1.0
HOUSEHOLD_2_442_WI_2_evaluation,HOUSEHOLD_2_442,WI_2,2016-03-18,0,0.0
HOUSEHOLD_2_442_WI_3_evaluation,HOUSEHOLD_2_442,WI_3,2016-03-18,0,0.0
FOODS_1_021_CA_1_evaluation,FOODS_1_021,CA_1,2016-03-19,2,0.0
FOODS_1_021_CA_2_evaluation,FOODS_1_021,CA_2,2016-03-19,1,2.0
FOODS_1_021_CA_3_evaluation,FOODS_1_021,CA_3,2016-03-19,1,4.0
FOODS_1_021_CA_4_evaluation,FOODS_1_021,CA_4,2016-03-19,6,0.0
FOODS_1_021_TX_1_evaluation,FOODS_1_021,TX_1,2016-03-19,0,0.0
FOODS_1_021_TX_2_evaluation,FOODS_1_021,TX_2,2016-03-19,0,0.0
FOODS_1_021_TX_3_evaluation,FOODS_1_021,TX_3,2016-03-19,0,0.0
FOODS_1_021_WI_1_evaluation,FOODS_1_021,WI_1,2016-03-19,0,0.0
FOODS_1_021_WI_2_evaluation,FOODS_1_021,WI_2,2016-03-19,0,0.0
FOODS_1_021_WI_3_evaluation,FOODS_1_021,WI_3,2016-03-19,0,0.0
FOODS_2_035_CA_1_evaluation,FOODS_2_035,CA_1,2016-03-19,0,0.0
FOODS_2_035_CA_2_evaluation,FOODS_2_035,CA_2,2016-03-19,1,2.0
FOODS_2_035_CA_3_evaluation,FOODS_2_035,CA_3,2016-03-19,1,2.0
FOODS_2_035_CA_4_evaluation,FOODS_2_035,CA_4,2016-03-19,1,2.0
FOODS_2_035_TX_1_evaluation,FOODS_2_035,TX_1,2016-03-19,0,1.0
FOODS_2_035_TX_2_evaluation,FOODS_2_035,TX_2,2016-03-19,1,4.0
FOODS_2_035_TX_3_evaluation,FOODS_2_035,TX_3,2016-03-19,2,2.0
FOODS_2_035_WI_1_evaluation,FOODS_2_035,WI_1,2016-03-19,1,3.0
FOODS_2_035_WI_2_evaluation,FOODS_2_035,WI_2,2016-03-19,2,2.0
FOODS_2_035_WI_3_evaluation,FOODS_2_035,WI_3,2016-03-19,3,4.0
FOODS_3_180_CA_1_evaluation,FOODS_3_180,CA_1,2016-03-19,0,0.0
FOODS_3_180_CA_2_evaluation,FOODS_3_180,CA_2,2016-03-19,0,0.0
FOODS_3_180_CA_3_evaluation,FOODS_3_180,CA_3,2016-03-19,0,1.0
FOODS_3_180_CA_4_evaluation,FOODS_3_180,CA_4,2016-03-19,0,0.0
FOODS_3_180_TX_1_evaluation,FOODS_3_180,TX_1,2016-03-19,0,0.0
FOODS_3_180_TX_2_evaluation,FOODS_3_180,TX_2,2016-03-19,0,1.0
FOODS_3_180_TX_3_evaluation,FOODS_3_180,TX_3,2016-03-19,0,0.0
FOODS_3_180_WI_1_evaluation,FOODS_3_180,WI_1,2016-03-19,1,0.0
FOODS_3_180_WI_2_evaluation,FOODS_3_180,WI_2,2016-03-19,0,2.0
FOODS_3_180_WI_3_evaluation,FOODS_3_180,WI_3,2016-03-19,0,1.0
FOODS_3_260_CA_1_evaluation,FOODS_3_260,CA_1,2016-03-19,1,0.0
FOODS_3_260_CA_2_evaluation,FOODS_3_260,CA_2,2016-03-19,0,2.0
FOODS_3_260_CA_3_evaluation,FOODS_3_260,CA_3,2016-03-19,5,0.0
FOODS_3_260_CA_4_evaluation,FOODS_3_260,CA_4,2016-03-19,0,1.0
FOODS_3_260_TX_1_evaluation,FOODS_3_260,TX_1,2016-03-19,0,0.0
FOODS_3_260_TX_2_evaluation,FOODS_3_260,TX_2,2016-03-19,0,0.0
FOODS_3_260_TX_3_evaluation,FOODS_3_260,TX_3,2016-03-19,0,0.0
FOODS_3_260_WI_1_evaluation,FOODS_3_260,WI_1,2016-03-19,1,1.0
FOODS_3_260_WI_2_evaluation,FOODS_3_260,WI_2,2016-03-19,1,0.0
FOODS_3_260_WI_3_evaluation,FOODS_3_260,WI_3,2016-03-19,0,0.0
HOBBIES_1_022_CA_1_evaluation,HOBBIES_1_022,CA_1,2016-03-19,0,0.0
HOBBIES_1_022_CA_2_evaluation,HOBBIES_1_022,CA_2,2016-03-19,0,0.0
HOBBIES_1_022_CA_3_evaluation,HOBBIES_1_022,CA_3,2016-03-19,0,1.0
HOBBIES_1_022_CA_4_evaluation,HOBBIES_1_022,CA_4,2016-03-19,0,0.0
HOBBIES_1_022_TX_1_evaluation,HOBBIES_1_022,TX_1,2016-03-19,0,0.0
HOBBIES_1_022_TX_2_evaluation,HOBBIES_1_022,TX_2,2016-03-19,0,0.0
HOBBIES_1_022_TX_3_evaluation,HOBBIES_1_022,TX_3,2016-03-19,0,0.0
HOBBIES_1_022_WI_1_evaluation,HOBBIES_1_022,WI_1,2016-03-19,0,0.0
HOBBIES_1_022_WI_2_evaluation,HOBBIES_1_022,WI_2,2016-03-19,0,0.0
HOBBIES_1_022_WI_3_evaluation,HOBBIES_1_022,WI_3,2016-03-19,0,1.0
HOBBIES_1_209_CA_1_evaluation,HOBBIES_1_209,CA_1,2016-03-19,4,2.0
HOBBIES_1_209_CA_2_evaluation,HOBBIES_1_209,CA_2,2016-03-19,2,0.0
HOBBIES_1_209_CA_3_evaluation,HOBBIES_1_209,CA_3,2016-03-19,4,2.0
HOBBIES_1_209_CA_4_evaluation,HOBBIES_1_209,CA_4,2016-03-19,0,0.0
HOBBIES_1_209_TX_1_evaluation,HOBBIES_1_209,TX_1,2016-03-19,4,8.0
HOBBIES_1_209_TX_2_evaluation,HOBBIES_1_209,TX_2,2016-03-19,0,2.0
HOBBIES_1_209_TX_3_evaluation,HOBBIES_1_209,TX_3,2016-03-19,1,0.0
HOBBIES_1_209_WI_1_evaluation,HOBBIES_1_209,WI_1,2016-03-19,3,5.0
HOBBIES_1_209_WI_2_evaluation,HOBBIES_1_209,WI_2,2016-03-19,0,8.0
HOBBIES_1_209_WI_3_evaluation,HOBBIES_1_209,WI_3,2016-03-19,3,1.0
HOBBIES_2_041_CA_1_evaluation,HOBBIES_2_041,CA_1,2016-03-19,0,0.0
HOBBIES_2_041_CA_2_evaluation,HOBBIES_2_041,CA_2,2016-03-19,0,2.0
HOBBIES_2_041_CA_3_evaluation,HOBBIES_2_041,CA_3,2016-03-19,0,1.0
HOBBIES_2_041_CA_4_evaluation,HOBBIES_2_041,CA_4,2016-03-19,0,0.0
HOBBIES_2_041_TX_1_evaluation,HOBBIES_2_041,TX_1,2016-03-19,0,0.0
HOBBIES_2_041_TX_2_evaluation,HOBBIES_2_041,TX_2,2016-03-19,1,0.0
HOBBIES_2_041_TX_3_evaluation,HOBBIES_2_041,TX_3,2016-03-19,0,0.0
HOBBIES_2_041_WI_1_evaluation,HOBBIES_2_041,WI_1,2016-03-19,0,0.0
HOBBIES_2_041_WI_2_evaluation,HOBBIES_2_041,WI_2,2016-03-19,0,0.0
HOBBIES_2_041_WI_3_evaluation,HOBBIES_2_041,WI_3,2016-03-19,0,0.0
HOBBIES_2_113_CA_1_evaluation,HOBBIES_2_113,CA_1,2016-03-19,0,0.0
HOBBIES_2_113_CA_2_evaluation,HOBBIES_2_113,CA_2,2016-03-19,0,0.0
HOBBIES_2_113_CA_3_evaluation,HOBBIES_2_113,CA_3,2016-03-19,0,0.0
HOBBIES_2_113_CA_4_evaluation,HOBBIES_2_113,CA_4,2016-03-19,0,1.0
HOBBIES_2_113_TX_1_evaluation,HOBBIES_2_113,TX_1,2016-03-19,0,0.0
HOBBIES_2_113_TX_2_evaluation,HOBBIES_2_113,TX_2,2016-03-19,1,1.0
HOBBIES_2_113_TX_3_evaluation,HOBBIES_2_113,TX_3,2016-03-19,0,0.0
HOBBIES_2_113_WI_1_evaluation,HOBBIES_2_113,WI_1,2016-03-19,0,0.0
HOBBIES_2_113_WI_2_evaluation,HOBBIES_2_113,WI_2,2016-03-19,0,0.0
HOBBIES_2_113_WI_3_evaluation,HOBBIES_2_113,WI_3,2016-03-19,0,0.0
HOUSEHOLD_1_100_CA_1_evaluation,HOUSEHOLD_1_100,CA_1,2016-03-19,1,1.0
HOUSEHOLD_1_100_CA_2_evaluation,HOUSEHOLD_1_100,CA_2,2016-03-19,0,1.0
HOUSEHOLD_1_100_CA_3_evaluation,HOUSEHOLD_1_100,CA_3,2016-03-19,3,7.0
HOUSEHOLD_1_100_CA_4_evaluation,HOUSEHOLD_1_100,CA_4,2016-03-19,0,0.0
HOUSEHOLD_1_100_TX_1_evaluation,HOUSEHOLD_1_100,TX_1,2016-03-19,1,1.0
HOUSEHOLD_1_100_TX_2_evaluation,HOUSEHOLD_1_100,TX_2,2016-03-19,0,0.0
HOUSEHOLD_1_100_TX_3_evaluation,HOUSEHOLD_1_100,TX_3,2016-03-19,2,0.0
HOUSEHOLD_1_100_WI_1_evaluation,HOUSEHOLD_1_100,WI_1,2016-03-19,0,0.0
HOUSEHOLD_1_100_WI_2_evaluation,HOUSEHOLD_1_100,WI_2,2016-03-19,0,1.0
HOUSEHOLD_1_100_WI_3_evaluation,HOUSEHOLD_1_100,WI_3,2016-03-19,1,0.0
HOUSEHOLD_1_290_CA_1_evaluation,HOUSEHOLD_1_290,CA_1,2016-03-19,0,0.0
HOUSEHOLD_1_290_CA_2_evaluation,HOUSEHOLD_1_290,CA_2,2016-03-19,0,1.0
HOUSEHOLD_1_290_CA_3_evaluation,HOUSEHOLD_1_290,CA_3,2016-03-19,0,1.0
HOUSEHOLD_1_290_CA_4_evaluation,HOUSEHOLD_1_290,CA_4,2016-03-19,1,0.0
HOUSEHOLD_1_290_TX_1_evaluation,HOUSEHOLD_1_290,TX_1,2016-03-19,4,2.0
HOUSEHOLD_1_290_TX_2_evaluation,HOUSEHOLD_1_290,TX_2,2016-03-19,2,4.0
HOUSEHOLD_1_290_TX_3_evaluation,HOUSEHOLD_1_290,TX_3,2016-03-19,4,6.0
HOUSEHOLD_1_290_WI_1_evaluation,HOUSEHOLD_1_290,WI_1,2016-03-19,3,0.0
HOUSEHOLD_1_290_WI_2_evaluation,HOUSEHOLD_1_290,WI_2,2016-03-19,2,2.0
HOUSEHOLD_1_290_WI_3_evaluation,HOUSEHOLD_1_290,WI_3,2016-03-19,0,0.0
HOUSEHOLD_1_370_CA_1_evaluation,HOUSEHOLD_1_370,CA_1,2016-03-19,1,2.0
HOUSEHOLD_1_370_CA_2_evaluation,HOUSEHOLD_1_370,CA_2,2016-03-19,3,6.0
HOUSEHOLD_1_370_CA_3_evaluation,HOUSEHOLD_1_370,CA_3,2016-03-19,1,6.0
HOUSEHOLD_1_370_CA_4_evaluation,HOUSEHOLD_1_370,CA_4,2016-03-19,2,0.0
HOUSEHOLD_1_370_TX_1_evaluation,HOUSEHOLD_1_370,TX_1,2016-03-19,0,1.0
HOUSEHOLD_1_370_TX_2_evaluation,HOUSEHOLD_1_370,TX_2,2016-03-19,1,0.0
HOUSEHOLD_1_370_TX_3_evaluation,HOUSEHOLD_1_370,TX_3,2016-03-19,0,0.0
HOUSEHOLD_1_370_WI_1_evaluation,HOUSEHOLD_1_370,WI_1,2016-03-19,0,1.0
HOUSEHOLD_1_370_WI_2_evaluation,HOUSEHOLD_1_370,WI_2,2016-03-19,4,1.0
HOUSEHOLD_1_370_WI_3_evaluation,HOUSEHOLD_1_370,WI_3,2016-03-19,1,0.0
HOUSEHOLD_1_489_CA_1_evaluation,HOUSEHOLD_1_489,CA_1,2016-03-19,2,1.0
HOUSEHOLD_1_489_CA_2_evaluation,HOUSEHOLD_1_489,CA_2,2016-03-19,2,1.0
HOUSEHOLD_1_489_CA_3_evaluation,HOUSEHOLD_1_489,CA_3,2016-03-19,2,2.0
HOUSEHOLD_1_489_CA_4_evaluation,HOUSEHOLD_1_489,CA_4,2016-03-19,1,0.0
HOUSEHOLD_1_489_TX_1_evaluation,HOUSEHOLD_1_489,TX_1,2016-03-19,0,3.0
HOUSEHOLD_1_489_TX_2_evaluation,HOUSEHOLD_1_489,TX_2,2016-03-19,0,0.0
HOUSEHOLD_1_489_TX_3_evaluation,HOUSEHOLD_1_489,TX_3,2016-03-19,0,4.0
HOUSEHOLD_1_489_WI_1_evaluation,HOUSEHOLD_1_489,WI_1,2016-03-19,0,1.0
HOUSEHOLD_1_489_WI_2_evaluation,HOUSEHOLD_1_489,WI_2,2016-03-19,2,1.0
HOUSEHOLD_1_489_WI_3_evaluation,HOUSEHOLD_1_489,WI_3,2016-03-19,1,0.0
HOUSEHOLD_2_442_CA_1_evaluation,HOUSEHOLD_2_442,CA_1,2016-03-19,1,0.0
HOUSEHOLD_2_442_CA_2_evaluation,HOUSEHOLD_2_442,CA_2,2016-03-19,4,5.0
HOUSEHOLD_2_442_CA_3_evaluation,HOUSEHOLD_2_442,CA_3,2016-03-19,2,1.0
HOUSEHOLD_2_442_CA_4_evaluation,HOUSEHOLD_2_442,CA_4,2016-03-19,1,0.0
HOUSEHOLD_2_442_TX_1_evaluation,HOUSEHOLD_2_442,TX_1,2016-03-19,0,1.0
HOUSEHOLD_2_442_TX_2_evaluation,HOUSEHOLD_2_442,TX_2,2016-03-19,1,0.0
HOUSEHOLD_2_442_TX_3_evaluation,HOUSEHOLD_2_442,TX_3,2016-03-19,0,0.0
HOUSEHOLD_2_442_WI_1_evaluation,HOUSEHOLD_2_442,WI_1,2016-03-19,4,0.0
HOUSEHOLD_2_442_WI_2_evaluation,HOUSEHOLD_2_442,WI_2,2016-03-19,2,0.0
HOUSEHOLD_2_442_WI_3_evaluation,HOUSEHOLD_2_442,WI_3,2016-03-19,1,3.0
FOODS_1_021_CA_1_evaluation,FOODS_1_021,CA_1,2016-03-20,0,1.0
FOODS_1_021_CA_2_evaluation,FOODS_1_021,CA_2,2016-03-20,3,8.0
FOODS_1_021_CA_3_evaluation,FOODS_1_021,CA_3,2016-03-20,1,2.0
FOODS_1_021_CA_4_evaluation,FOODS_1_021,CA_4,2016-03-20,5,0.0
FOODS_1_021_TX_1_evaluation,FOODS_1_021,TX_1,2016-03-20,0,0.0
FOODS_1_021_TX_2_evaluation,FOODS_1_021,TX_2,2016-03-20,0,0.0
FOODS_1_021_TX_3_evaluation,FOODS_1_021,TX_3,2016-03-20,0,0.0
FOODS_1_021_WI_1_evaluation,FOODS_1_021,WI_1,2016-03-20,5,0.0
FOODS_1_021_WI_2_evaluation,FOODS_1_021,WI_2,2016-03-20,1,2.0
FOODS_1_021_WI_3_evaluation,FOODS_1_021,WI_3,2016-03-20,1,1.0
FOODS_2_035_CA_1_evaluation,FOODS_2_035,CA_1,2016-03-20,0,0.0
FOODS_2_035_CA_2_evaluation,FOODS_2_035,CA_2,2016-03-20,1,3.0
FOODS_2_035_CA_3_evaluation,FOODS_2_035,CA_3,2016-03-20,2,2.0
FOODS_2_035_CA_4_evaluation,FOODS_2_035,CA_4,2016-03-20,0,0.0
FOODS_2_035_TX_1_evaluation,FOODS_2_035,TX_1,2016-03-20,0,0.0
FOODS_2_035_TX_2_evaluation,FOODS_2_035,TX_2,2016-03-20,1,0.0
FOODS_2_035_TX_3_evaluation,FOODS_2_035,TX_3,2016-03-20,1,4.0
FOODS_2_035_WI_1_evaluation,FOODS_2_035,WI_1,2016-03-20,2,1.0
FOODS_2_035_WI_2_evaluation,FOODS_2_035,WI_2,2016-03-20,1,8.0
FOODS_2_035_WI_3_evaluation,FOODS_2_035,WI_3,2016-03-20,2,2.0
FOODS_3_180_CA_1_evaluation,FOODS_3_180,CA_1,2016-03-20,0,0.0
FOODS_3_180_CA_2_evaluation,FOODS_3_180,CA_2,2016-03-20,0,1.0
FOODS_3_180_CA_3_evaluation,FOODS_3_180,CA_3,2016-03-20,1,0.0
FOODS_3_180_CA_4_evaluation,FOODS_3_180,CA_4,2016-03-20,1,0.0
FOODS_3_180_TX_1_evaluation,FOODS_3_180,TX_1,2016-03-20,0,0.0
FOODS_3_180_TX_2_evaluation,FOODS_3_180,TX_2,2016-03-20,0,1.0
FOODS_3_180_TX_3_evaluation,FOODS_3_180,TX_3,2016-03-20,0,2.0
FOODS_3_180_WI_1_evaluation,FOODS_3_180,WI_1,2016-03-20,0,1.0
FOODS_3_180_WI_2_evaluation,FOODS_3_180,WI_2,2016-03-20,0,0.0
FOODS_3_180_WI_3_evaluation,FOODS_3_180,WI_3,2016-03-20,1,2.0
FOODS_3_260_CA_1_evaluation,FOODS_3_260,CA_1,2016-03-20,2,1.0
FOODS_3_260_CA_2_evaluation,FOODS_3_260,CA_2,2016-03-20,0,2.0
FOODS_3_260_CA_3_evaluation,FOODS_3_260,CA_3,2016-03-20,0,2.0
FOODS_3_260_CA_4_evaluation,FOODS_3_260,CA_4,2016-03-20,0,0.0
FOODS_3_260_TX_1_evaluation,FOODS_3_260,TX_1,2016-03-20,0,0.0
FOODS_3_260_TX_2_evaluation,FOODS_3_260,TX_2,2016-03-20,0,0.0
FOODS_3_260_TX_3_evaluation,FOODS_3_260,TX_3,2016-03-20,0,2.0
FOODS_3_260_WI_1_evaluation,FOODS_3_260,WI_1,2016-03-20,0,0.0
FOODS_3_260_WI_2_evaluation,FOODS_3_260,WI_2,2016-03-20,1,0.0
FOODS_3_260_WI_3_evaluation,FOODS_3_260,WI_3,2016-03-20,1,0.0
HOBBIES_1_022_CA_1_evaluation,HOBBIES_1_022,CA_1,2016-03-20,0,1.0
HOBBIES_1_022_CA_2_evaluation,HOBBIES_1_022,CA_2,2016-03-20,1,1.0
HOBBIES_1_022_CA_3_evaluation,HOBBIES_1_022,CA_3,2016-03-20,2,4.0
HOBBIES_1_022_CA_4_evaluation,HOBBIES_1_022,CA_4,2016-03-20,0,0.0
HOBBIES_1_022_TX_1_evaluation,HOBBIES_1_022,TX_1,2016-03-20,2,0.0
HOBBIES_1_022_TX_2_evaluation,HOBBIES_1_022,TX_2,2016-03-20,0,0.0
HOBBIES_1_022_TX_3_evaluation,HOBBIES_1_022,TX_3,2016-03-20,1,1.0
HOBBIES_1_022_WI_1_evaluation,HOBBIES_1_022,WI_1,2016-03-20,0,0.0
HOBBIES_1_022_WI_2_evaluation,HOBBIES_1_022,WI_2,2016-03-20,0,0.0
HOBBIES_1_022_WI_3_evaluation,HOBBIES_1_022,WI_3,2016-03-20,0,0.0
HOBBIES_1_209_CA_1_evaluation,HOBBIES_1_209,CA_1,2016-03-20,2,6.0
HOBBIES_1_209_CA_2_evaluation,HOBBIES_1_209,CA_2,2016-03-20,8,1.0
HOBBIES_1_209_CA_3_evaluation,HOBBIES_1_209,CA_3,2016-03-20,12,21.0
HOBBIES_1_209_CA_4_evaluation,HOBBIES_1_209,CA_4,2016-03-20,0,0.0
HOBBIES_1_209_TX_1_evaluation,HOBBIES_1_209,TX_1,2016-03-20,1,9.0
HOBBIES_1_209_TX_2_evaluation,HOBBIES_1_209,TX_2,2016-03-20,1,1.0
HOBBIES_1_209_TX_3_evaluation,HOBBIES_1_209,TX_3,2016-03-20,2,0.0
HOBBIES_1_209_WI_1_evaluation,HOBBIES_1_209,WI_1,2016-03-20,2,4.0
HOBBIES_1_209_WI_2_evaluation,HOBBIES_1_209,WI_2,2016-03-20,1,0.0
HOBBIES_1_209_WI_3_evaluation,HOBBIES_1_209,WI_3,2016-03-20,27,6.0
HOBBIES_2_041_CA_1_evaluation,HOBBIES_2_041,CA_1,2016-03-20,2,1.0
HOBBIES_2_041_CA_2_evaluation,HOBBIES_2_041,CA_2,2016-03-20,0,4.0
HOBBIES_2_041_CA_3_evaluation,HOBBIES_2_041,CA_3,2016-03-20,0,0.0
HOBBIES_2_041_CA_4_evaluation,HOBBIES_2_041,CA_4,2016-03-20,1,0.0
HOBBIES_2_041_TX_1_evaluation,HOBBIES_2_041,TX_1,2016-03-20,0,0.0
HOBBIES_2_041_TX_2_evaluation,HOBBIES_2_041,TX_2,2016-03-20,2,1.0
HOBBIES_2_041_TX_3_evaluation,HOBBIES_2_041,TX_3,2016-03-20,0,0.0
HOBBIES_2_041_WI_1_evaluation,HOBBIES_2_041,WI_1,2016-03-20,0,0.0
HOBBIES_2_041_WI_2_evaluation,HOBBIES_2_041,WI_2,2016-03-20,0,1.0
HOBBIES_2_041_WI_3_evaluation,HOBBIES_2_041,WI_3,2016-03-20,0,0.0
HOBBIES_2_113_CA_1_evaluation,HOBBIES_2_113,CA_1,2016-03-20,0,0.0
HOBBIES_2_113_CA_2_evaluation,HOBBIES_2_113,CA_2,2016-03-20,0,0.0
HOBBIES_2_113_CA_3_evaluation,HOBBIES_2_113,CA_3,2016-03-20,0,0.0
HOBBIES_2_113_CA_4_evaluation,HOBBIES_2_113,CA_4,2016-03-20,0,0.0
HOBBIES_2_113_TX_1_evaluation,HOBBIES_2_113,TX_1,2016-03-20,0,0.0
HOBBIES_2_113_TX_2_evaluation,HOBBIES_2_113,TX_2,2016-03-20,0,0.0
HOBBIES_2_113_TX_3_evaluation,HOBBIES_2_113,TX_3,2016-03-20,0,2.0
HOBBIES_2_113_WI_1_evaluation,HOBBIES_2_113,WI_1,2016-03-20,0,0.0
HOBBIES_2_113_WI_2_evaluation,HOBBIES_2_113,WI_2,2016-03-20,0,0.0
HOBBIES_2_113_WI_3_evaluation,HOBBIES_2_113,WI_3,2016-03-20,0,0.0
HOUSEHOLD_1_100_CA_1_evaluation,HOUSEHOLD_1_100,CA_1,2016-03-20,2,6.0
HOUSEHOLD_1_100_CA_2_evaluation,HOUSEHOLD_1_100,CA_2,2016-03-20,2,1.0
HOUSEHOLD_1_100_CA_3_evaluation,HOUSEHOLD_1_100,CA_3,2016-03-20,6,3.0
HOUSEHOLD_1_100_CA_4_evaluation,HOUSEHOLD_1_100,CA_4,2016-03-20,0,0.0
HOUSEHOLD_1_100_TX_1_evaluation,HOUSEHOLD_1_100,TX_1,2016-03-20,0,0.0
HOUSEHOLD_1_100_TX_2_evaluation,HOUSEHOLD_1_100,TX_2,2016-03-20,3,1.0
HOUSEHOLD_1_100_TX_3_evaluation,HOUSEHOLD_1_100,TX_3,2016-03-20,3,0.0
HOUSEHOLD_1_100_WI_1_evaluation,HOUSEHOLD_1_100,WI_1,2016-03-20,1,1.0
HOUSEHOLD_1_100_WI_2_evaluation,HOUSEHOLD_1_100,WI_2,2016-03-20,0,1.0
HOUSEHOLD_1_100_WI_3_evaluation,HOUSEHOLD_1_100,WI_3,2016-03-20,0,0.0
HOUSEHOLD_1_290_CA_1_evaluation,HOUSEHOLD_1_290,CA_1,2016-03-20,1,2.0
HOUSEHOLD_1_290_CA_2_evaluation,HOUSEHOLD_1_290,CA_2,2016-03-20,0,4.0
HOUSEHOLD_1_290_CA_3_evaluation,HOUSEHOLD_1_290,CA_3,2016-03-20,4,5.0
HOUSEHOLD_1_290_CA_4_evaluation,HOUSEHOLD_1_290,CA_4,2016-03-20,0,0.0
HOUSEHOLD_1_290_TX_1_evaluation,HOUSEHOLD_1_290,TX_1,2016-03-20,0,2.0
HOUSEHOLD_1_290_TX_2_evaluation,HOUSEHOLD_1_290,TX_2,2016-03-20,0,2.0
HOUSEHOLD_1_290_TX_3_evaluation,HOUSEHOLD_1_290,TX_3,2016-03-20,1,3.0
HOUSEHOLD_1_290_WI_1_evaluation,HOUSEHOLD_1_290,WI_1,2016-03-20,0,0.0
HOUSEHOLD_1_290_WI_2_evaluation,HOUSEHOLD_1_290,WI_2,2016-03-20,3,2.0
HOUSEHOLD_1_290_WI_3_evaluation,HOUSEHOLD_1_290,WI_3,2016-03-20,3,1.0
HOUSEHOLD_1_370_CA_1_evaluation,HOUSEHOLD_1_370,CA_1,2016-03-20,1,1.0
HOUSEHOLD_1_370_CA_2_evaluation,HOUSEHOLD_1_370,CA_2,2016-03-20,3,8.0
HOUSEHOLD_1_370_CA_3_evaluation,HOUSEHOLD_1_370,CA_3,2016-03-20,4,5.0
HOUSEHOLD_1_370_CA_4_evaluation,HOUSEHOLD_1_370,CA_4,2016-03-20,0,1.0
HOUSEHOLD_1_370_TX_1_evaluation,HOUSEHOLD_1_370,TX_1,2016-03-20,1,1.0
HOUSEHOLD_1_370_TX_2_evaluation,HOUSEHOLD_1_370,TX_2,2016-03-20,1,0.0
HOUSEHOLD_1_370_TX_3_evaluation,HOUSEHOLD_1_370,TX_3,2016-03-20,1,0.0
HOUSEHOLD_1_370_WI_1_evaluation,HOUSEHOLD_1_370,WI_1,2016-03-20,1,3.0
HOUSEHOLD_1_370_WI_2_evaluation,HOUSEHOLD_1_370,WI_2,2016-03-20,8,5.0
HOUSEHOLD_1_370_WI_3_evaluation,HOUSEHOLD_1_370,WI_3,2016-03-20,1,1.0
HOUSEHOLD_1_489_CA_1_evaluation,HOUSEHOLD_1_489,CA_1,2016-03-20,1,0.0
HOUSEHOLD_1_489_CA_2_evaluation,HOUSEHOLD_1_489,CA_2,2016-03-20,1,1.0
HOUSEHOLD_1_489_CA_3_evaluation,HOUSEHOLD_1_489,CA_3,2016-03-20,4,3.0
HOUSEHOLD_1_489_CA_4_evaluation,HOUSEHOLD_1_489,CA_4,2016-03-20,1,1.0
HOUSEHOLD_1_489_TX_1_evaluation,HOUSEHOLD_1_489,TX_1,2016-03-20,0,3.0
HOUSEHOLD_1_489_TX_2_evaluation,HOUSEHOLD_1_489,TX_2,2016-03-20,2,1.0
HOUSEHOLD_1_489_TX_3_evaluation,HOUSEHOLD_1_489,TX_3,2016-03-20,3,5.0
HOUSEHOLD_1_489_WI_1_evaluation,HOUSEHOLD_1_489,WI_1,2016-03-20,3,2.0
HOUSEHOLD_1_489_WI_2_evaluation,HOUSEHOLD_1_489,WI_2,2016-03-20,0,1.0
HOUSEHOLD_1_489_WI_3_evaluation,HOUSEHOLD_1_489,WI_3,2016-03-20,0,3.0
HOUSEHOLD_2_442_CA_1_evaluation,HOUSEHOLD_2_442,CA_1,2016-03-20,0,1.0
HOUSEHOLD_2_442_CA_2_evaluation,HOUSEHOLD_2_442,CA_2,2016-03-20,1,3.0
HOUSEHOLD_2_442_CA_3_evaluation,HOUSEHOLD_2_442,CA_3,2016-03-20,3,0.0
HOUSEHOLD_2_442_CA_4_evaluation,HOUSEHOLD_2_442,CA_4,2016-03-20,0,2.0
HOUSEHOLD_2_442_TX_1_evaluation,HOUSEHOLD_2_442,TX_1,2016-03-20,1,0.0
HOUSEHOLD_2_442_TX_2_evaluation,HOUSEHOLD_2_442,TX_2,2016-03-20,1,2.0
HOUSEHOLD_2_442_TX_3_evaluation,HOUSEHOLD_2_442,TX_3,2016-03-20,2,0.0
HOUSEHOLD_2_442_WI_1_evaluation,HOUSEHOLD_2_442,WI_1,2016-03-20,3,0.0
HOUSEHOLD_2_442_WI_2_evaluation,HOUSEHOLD_2_442,WI_2,2016-03-20,0,2.0
HOUSEHOLD_2_442_WI_3_evaluation,HOUSEHOLD_2_442,WI_3,2016-03-20,1,0.0
FOODS_1_021_CA_1_evaluation,FOODS_1_021,CA_1,2016-03-21,0,1.0
FOODS_1_021_CA_2_evaluation,FOODS_1_021,CA_2,2016-03-21,3,1.0
FOODS_1_021_CA_3_evaluation,FOODS_1_021,CA_3,2016-03-21,2,1.0
FOODS_1_021_CA_4_evaluation,FOODS_1_021,CA_4,2016-03-21,4,0.0
FOODS_1_021_TX_1_evaluation,FOODS_1_021,TX_1,2016-03-21,0,0.0
FOODS_1_021_TX_2_evaluation,FOODS_1_021,TX_2,2016-03-21,0,0.0
FOODS_1_021_TX_3_evaluation,FOODS_1_021,TX_3,2016-03-21,0,0.0
FOODS_1_021_WI_1_evaluation,FOODS_1_021,WI_1,2016-03-21,5,0.0
FOODS_1_021_WI_2_evaluation,FOODS_1_021,WI_2,2016-03-21,1,0.0
FOODS_1_021_WI_3_evaluation,FOODS_1_021,WI_3,2016-03-21,0,1.0
FOODS_2_035_CA_1_evaluation,FOODS_2_035,CA_1,2016-03-21,0,0.0
FOODS_2_035_CA_2_evaluation,FOODS_2_035,CA_2,2016-03-21,5,1.0
FOODS_2_035_CA_3_evaluation,FOODS_2_035,CA_3,2016-03-21,6,9.0
FOODS_2_035_CA_4_evaluation,FOODS_2_035,CA_4,2016-03-21,1,1.0
FOODS_2_035_TX_1_evaluation,FOODS_2_035,TX_1,2016-03-21,0,3.0
FOODS_2_035_TX_2_evaluation,FOODS_2_035,TX_2,2016-03-21,5,4.0
FOODS_2_035_TX_3_evaluation,FOODS_2_035,TX_3,2016-03-21,3,4.0
FOODS_2_035_WI_1_evaluation,FOODS_2_035,WI_1,2016-03-21,2,0.0
FOODS_2_035_WI_2_evaluation,FOODS_2_035,WI_2,2016-03-21,2,2.0
FOODS_2_035_WI_3_evaluation,FOODS_2_035,WI_3,2016-03-21,2,1.0
FOODS_3_180_CA_1_evaluation,FOODS_3_180,CA_1,2016-03-21,1,1.0
FOODS_3_180_CA_2_evaluation,FOODS_3_180,CA_2,2016-03-21,1,1.0
FOODS_3_180_CA_3_evaluation,FOODS_3_180,CA_3,2016-03-21,0,3.0
FOODS_3_180_CA_4_evaluation,FOODS_3_180,CA_4,2016-03-21,0,0.0
FOODS_3_180_TX_1_evaluation,FOODS_3_180,TX_1,2016-03-21,0,0.0
FOODS_3_180_TX_2_evaluation,FOODS_3_180,TX_2,2016-03-21,0,0.0
FOODS_3_180_TX_3_evaluation,FOODS_3_180,TX_3,2016-03-21,1,2.0
FOODS_3_180_WI_1_evaluation,FOODS_3_180,WI_1,2016-03-21,2,1.0
FOODS_3_180_WI_2_evaluation,FOODS_3_180,WI_2,2016-03-21,1,1.0
FOODS_3_180_WI_3_evaluation,FOODS_3_180,WI_3,2016-03-21,1,1.0
FOODS_3_260_CA_1_evaluation,FOODS_3_260,CA_1,2016-03-21,0,0.0
FOODS_3_260_CA_2_evaluation,FOODS_3_260,CA_2,2016-03-21,0,0.0
FOODS_3_260_CA_3_evaluation,FOODS_3_260,CA_3,2016-03-21,0,0.0
FOODS_3_260_CA_4_evaluation,FOODS_3_260,CA_4,2016-03-21,0,0.0
FOODS_3_260_TX_1_evaluation,FOODS_3_260,TX_1,2016-03-21,0,0.0
FOODS_3_260_TX_2_evaluation,FOODS_3_260,TX_2,2016-03-21,2,0.0
FOODS_3_260_TX_3_evaluation,FOODS_3_260,TX_3,2016-03-21,0,0.0
FOODS_3_260_WI_1_evaluation,FOODS_3_260,WI_1,2016-03-21,0,1.0
FOODS_3_260_WI_2_evaluation,FOODS_3_260,WI_2,2016-03-21,1,1.0
FOODS_3_260_WI_3_evaluation,FOODS_3_260,WI_3,2016-03-21,0,0.0
HOBBIES_1_022_CA_1_evaluation,HOBBIES_1_022,CA_1,2016-03-21,1,2.0
HOBBIES_1_022_CA_2_evaluation,HOBBIES_1_022,CA_2,2016-03-21,0,0.0
HOBBIES_1_022_CA_3_evaluation,HOBBIES_1_022,CA_3,2016-03-21,1,0.0
HOBBIES_1_022_CA_4_evaluation,HOBBIES_1_022,CA_4,2016-03-21,0,0.0
HOBBIES_1_022_TX_1_evaluation,HOBBIES_1_022,TX_1,2016-03-21,0,0.0
HOBBIES_1_022_TX_2_evaluation,HOBBIES_1_022,TX_2,2016-03-21,1,0.0
HOBBIES_1_022_TX_3_evaluation,HOBBIES_1_022,TX_3,2016-03-21,0,1.0
HOBBIES_1_022_WI_1_evaluation,HOBBIES_1_022,WI_1,2016-03-21,0,1.0
HOBBIES_1_022_WI_2_evaluation,HOBBIES_1_022,WI_2,2016-03-21,0,1.0
HOBBIES_1_022_WI_3_evaluation,HOBBIES_1_022,WI_3,2016-03-21,0,1.0
HOBBIES_1_209_CA_1_evaluation,HOBBIES_1_209,CA_1,2016-03-21,4,1.0
HOBBIES_1_209_CA_2_evaluation,HOBBIES_1_209,CA_2,2016-03-21,6,18.0
HOBBIES_1_209_CA_3_evaluation,HOBBIES_1_209,CA_3,2016-03-21,14,6.0
HOBBIES_1_209_CA_4_evaluation,HOBBIES_1_209,CA_4,2016-03-21,0,0.0
HOBBIES_1_209_TX_1_evaluation,HOBBIES_1_209,TX_1,2016-03-21,2,3.0
HOBBIES_1_209_TX_2_evaluation,HOBBIES_1_209,TX_2,2016-03-21,0,0.0
HOBBIES_1_209_TX_3_evaluation,HOBBIES_1_209,TX_3,2016-03-21,6,0.0
HOBBIES_1_209_WI_1_evaluation,HOBBIES_1_209,WI_1,2016-03-21,0,2.0
HOBBIES_1_209_WI_2_evaluation,HOBBIES_1_209,WI_2,2016-03-21,0,0.0
HOBBIES_1_209_WI_3_evaluation,HOBBIES_1_209,WI_3,2016-03-21,2,3.0
HOBBIES_2_041_CA_1_evaluation,HOBBIES_2_041,CA_1,2016-03-21,0,0.0
HOBBIES_2_041_CA_2_evaluation,HOBBIES_2_041,CA_2,2016-03-21,0,0.0
HOBBIES_2_041_CA_3_evaluation,HOBBIES_2_041,CA_3,2016-03-21,10,0.0
HOBBIES_2_041_CA_4_evaluation,HOBBIES_2_041,CA_4,2016-03-21,1,0.0
HOBBIES_2_041_TX_1_evaluation,HOBBIES_2_041,TX_1,2016-03-21,0,0.0
HOBBIES_2_041_TX_2_evaluation,HOBBIES_2_041,TX_2,2016-03-21,3,0.0
HOBBIES_2_041_TX_3_evaluation,HOBBIES_2_041,TX_3,2016-03-21,0,0.0
HOBBIES_2_041_WI_1_evaluation,HOBBIES_2_041,WI_1,2016-03-21,0,0.0
HOBBIES_2_041_WI_2_evaluation,HOBBIES_2_041,WI_2,2016-03-21,0,0.0
HOBBIES_2_041_WI_3_evaluation,HOBBIES_2_041,WI_3,2016-03-21,0,0.0
HOBBIES_2_113_CA_1_evaluation,HOBBIES_2_113,CA_1,2016-03-21,0,0.0
HOBBIES_2_113_CA_2_evaluation,HOBBIES_2_113,CA_2,2016-03-21,0,0.0
HOBBIES_2_113_CA_3_evaluation,HOBBIES_2_113,CA_3,2016-03-21,0,0.0
HOBBIES_2_113_CA_4_evaluation,HOBBIES_2_113,CA_4,2016-03-21,0,0.0
HOBBIES_2_113_TX_1_evaluation,HOBBIES_2_113,TX_1,2016-03-21,0,0.0
HOBBIES_2_113_TX_2_evaluation,HOBBIES_2_113,TX_2,2016-03-21,0,0.0
HOBBIES_2_113_TX_3_evaluation,HOBBIES_2_113,TX_3,2016-03-21,0,0.0
HOBBIES_2_113_WI_1_evaluation,HOBBIES_2_113,WI_1,2016-03-21,0,0.0
HOBBIES_2_113_WI_2_evaluation,HOBBIES_2_113,WI_2,2016-03-21,0,0.0
HOBBIES_2_113_WI_3_evaluation,HOBBIES_2_113,WI_3,2016-03-21,0,0.0
HOUSEHOLD_1_100_CA_1_evaluation,HOUSEHOLD_1_100,CA_1,2016-03-21,1,2.0
HOUSEHOLD_1_100_CA_2_evaluation,HOUSEHOLD_1_100,CA_2,2016-03-21,1,0.0
HOUSEHOLD_1_100_CA_3_evaluation,HOUSEHOLD_1_100,CA_3,2016-03-21,2,3.0
HOUSEHOLD_1_100_CA_4_evaluation,HOUSEHOLD_1_100,CA_4,2016-03-21,1,1.0
HOUSEHOLD_1_100_TX_1_evaluation,HOUSEHOLD_1_100,TX_1,2016-03-21,1,2.0
HOUSEHOLD_1_100_TX_2_evaluation,HOUSEHOLD_1_100,TX_2,2016-03-21,0,0.0
HOUSEHOLD_1_100_TX_3_evaluation,HOUSEHOLD_1_100,TX_3,2016-03-21,4,0.0
HOUSEHOLD_1_100_WI_1_evaluation,HOUSEHOLD_1_100,WI_1,2016-03-21,1,2.0
HOUSEHOLD_1_100_WI_2_evaluation,HOUSEHOLD_1_100,WI_2,2016-03-21,0,0.0
HOUSEHOLD_1_100_WI_3_evaluation,HOUSEHOLD_1_100,WI_3,2016-03-21,3,0.0
HOUSEHOLD_1_290_CA_1_evaluation,HOUSEHOLD_1_290,CA_1,2016-03-21,5,1.0
HOUSEHOLD_1_290_CA_2_evaluation,HOUSEHOLD_1_290,CA_2,2016-03-21,0,0.0
HOUSEHOLD_1_290_CA_3_evaluation,HOUSEHOLD_1_290,CA_3,2016-03-21,2,6.0
HOUSEHOLD_1_290_CA_4_evaluation,HOUSEHOLD_1_290,CA_4,2016-03-21,0,0.0
HOUSEHOLD_1_290_TX_1_evaluation,HOUSEHOLD_1_290,TX_1,2016-03-21,0,1.0
HOUSEHOLD_1_290_TX_2_evaluation,HOUSEHOLD_1_290,TX_2,2016-03-21,1,4.0
HOUSEHOLD_1_290_TX_3_evaluation,HOUSEHOLD_1_290,TX_3,2016-03-21,2,3.0
HOUSEHOLD_1_290_WI_1_evaluation,HOUSEHOLD_1_290,WI_1,2016-03-21,0,0.0
HOUSEHOLD_1_290_WI_2_evaluation,HOUSEHOLD_1_290,WI_2,2016-03-21,0,3.0
HOUSEHOLD_1_290_WI_3_evaluation,HOUSEHOLD_1_290,WI_3,2016-03-21,2,0.0
HOUSEHOLD_1_370_CA_1_evaluation,HOUSEHOLD_1_370,CA_1,2016-03-21,1,1.0
HOUSEHOLD_1_370_CA_2_evaluation,HOUSEHOLD_1_370,CA_2,2016-03-21,3,5.0
HOUSEHOLD_1_370_CA_3_evaluation,HOUSEHOLD_1_370,CA_3,2016-03-21,7,2.0
HOUSEHOLD_1_370_CA_4_evaluation,HOUSEHOLD_1_370,CA_4,2016-03-21,1,0.0
HOUSEHOLD_1_370_TX_1_evaluation,HOUSEHOLD_1_370,TX_1,2016-03-21,1,2.0
HOUSEHOLD_1_370_TX_2_evaluation,HOUSEHOLD_1_370,TX_2,2016-03-21,1,0.0
HOUSEHOLD_1_370_TX_3_evaluation,HOUSEHOLD_1_370,TX_3,2016-03-21,2,0.0
HOUSEHOLD_1_370_WI_1_evaluation,HOUSEHOLD_1_370,WI_1,2016-03-21,2,3.0
HOUSEHOLD_1_370_WI_2_evaluation,HOUSEHOLD_1_370,WI_2,2016-03-21,4,7.0
HOUSEHOLD_1_370_WI_3_evaluation,HOUSEHOLD_1_370,WI_3,2016-03-21,2,2.0
HOUSEHOLD_1_489_CA_1_evaluation,HOUSEHOLD_1_489,CA_1,2016-03-21,0,0.0
HOUSEHOLD_1_489_CA_2_evaluation,HOUSEHOLD_1_489,CA_2,2016-03-21,3,2.0
HOUSEHOLD_1_489_CA_3_evaluation,HOUSEHOLD_1_489,CA_3,2016-03-21,3,7.0
HOUSEHOLD_1_489_CA_4_evaluation,HOUSEHOLD_1_489,CA_4,2016-03-21,0,0.0
HOUSEHOLD_1_489_TX_1_evaluation,HOUSEHOLD_1_489,TX_1,2016-03-21,3,1.0
HOUSEHOLD_1_489_TX_2_evaluation,HOUSEHOLD_1_489,TX_2,2016-03-21,4,0.0
HOUSEHOLD_1_489_TX_3_evaluation,HOUSEHOLD_1_489,TX_3,2016-03-21,1,1.0
HOUSEHOLD_1_489_WI_1_evaluation,HOUSEHOLD_1_489,WI_1,2016-03-21,1,1.0
HOUSEHOLD_1_489_WI_2_evaluation,HOUSEHOLD_1_489,WI_2,2016-03-21,0,0.0
HOUSEHOLD_1_489_WI_3_evaluation,HOUSEHOLD_1_489,WI_3,2016-03-21,0,2.0
HOUSEHOLD_2_442_CA_1_evaluation,HOUSEHOLD_2_442,CA_1,2016-03-21,2,1.0
HOUSEHOLD_2_442_CA_2_evaluation,HOUSEHOLD_2_442,CA_2,2016-03-21,0,1.0
HOUSEHOLD_2_442_CA_3_evaluation,HOUSEHOLD_2_442,CA_3,2016-03-21,0,1.0
HOUSEHOLD_2_442_CA_4_evaluation,HOUSEHOLD_2_442,CA_4,2016-03-21,0,2.0
HOUSEHOLD_2_442_TX_1_evaluation,HOUSEHOLD_2_442,TX_1,2016-03-21,0,2.0
HOUSEHOLD_2_442_TX_2_evaluation,HOUSEHOLD_2_442,TX_2,2016-03-21,3,0.0
HOUSEHOLD_2_442_TX_3_evaluation,HOUSEHOLD_2_442,TX_3,2016-03-21,0,1.0
HOUSEHOLD_2_442_WI_1_evaluation,HOUSEHOLD_2_442,WI_1,2016-03-21,0,1.0
HOUSEHOLD_2_442_WI_2_evaluation,HOUSEHOLD_2_442,WI_2,2016-03-21,2,2.0
HOUSEHOLD_2_442_WI_3_evaluation,HOUSEHOLD_2_442,WI_3,2016-03-21,0,4.0
FOODS_1_021_CA_1_evaluation,FOODS_1_021,CA_1,2016-03-22,0,1.0
FOODS_1_021_CA_2_evaluation,FOODS_1_021,CA_2,2016-03-22,1,1.0
FOODS_1_021_CA_3_evaluation,FOODS_1_021,CA_3,2016-03-22,2,1.0
FOODS_1_021_CA_4_evaluation,FOODS_1_021,CA_4,2016-03-22,0,0.0
FOODS_1_021_TX_1_evaluation,FOODS_1_021,TX_1,2016-03-22,0,0.0
FOODS_1_021_TX_2_evaluation,FOODS_1_021,TX_2,2016-03-22,0,0.0
FOODS_1_021_TX_3_evaluation,FOODS_1_021,TX_3,2016-03-22,0,1.0
FOODS_1_021_WI_1_evaluation,FOODS_1_021,WI_1,2016-03-22,1,0.0
FOODS_1_021_WI_2_evaluation,FOODS_1_021,WI_2,2016-03-22,0,0.0
FOODS_1_021_WI_3_evaluation,FOODS_1_021,WI_3,2016-03-22,0,0.0
FOODS_2_035_CA_1_evaluation,FOODS_2_035,CA_1,2016-03-22,2,2.0
FOODS_2_035_CA_2_evaluation,FOODS_2_035,CA_2,2016-03-22,2,0.0
FOODS_2_035_CA_3_evaluation,FOODS_2_035,CA_3,2016-03-22,4,6.0
FOODS_2_035_CA_4_evaluation,FOODS_2_035,CA_4,2016-03-22,1,2.0
FOODS_2_035_TX_1_evaluation,FOODS_2_035,TX_1,2016-03-22,2,2.0
FOODS_2_035_TX_2_evaluation,FOODS_2_035,TX_2,2016-03-22,4,4.0
FOODS_2_035_TX_3_evaluation,FOODS_2_035,TX_3,2016-03-22,4,2.0
FOODS_2_035_WI_1_evaluation,FOODS_2_035,WI_1,2016-03-22,0,1.0
FOODS_2_035_WI_2_evaluation,FOODS_2_035,WI_2,2016-03-22,2,6.0
FOODS_2_035_WI_3_evaluation,FOODS_2_035,WI_3,2016-03-22,1,1.0
FOODS_3_180_CA_1_evaluation,FOODS_3_180,CA_1,2016-03-22,2,0.0
FOODS_3_180_CA_2_evaluation,FOODS_3_180,CA_2,2016-03-22,0,1.0
FOODS_3_180_CA_3_evaluation,FOODS_3_180,CA_3,2016-03-22,0,0.0
FOODS_3_180_CA_4_evaluation,FOODS_3_180,CA_4,2016-03-22,3,0.0
FOODS_3_180_TX_1_evaluation,FOODS_3_180,TX_1,2016-03-22,0,0.0
FOODS_3_180_TX_2_evaluation,FOODS_3_180,TX_2,2016-03-22,1,0.0
FOODS_3_180_TX_3_evaluation,FOODS_3_180,TX_3,2016-03-22,0,0.0
FOODS_3_180_WI_1_evaluation,FOODS_3_180,WI_1,2016-03-22,2,0.0
FOODS_3_180_WI_2_evaluation,FOODS_3_180,WI_2,2016-03-22,0,0.0
FOODS_3_180_WI_3_evaluation,FOODS_3_180,WI_3,2016-03-22,0,0.0
FOODS_3_260_CA_1_evaluation,FOODS_3_260,CA_1,2016-03-22,0,1.0
FOODS_3_260_CA_2_evaluation,FOODS_3_260,CA_2,2016-03-22,0,0.0
FOODS_3_260_CA_3_evaluation,FOODS_3_260,CA_3,2016-03-22,0,0.0
FOODS_3_260_CA_4_evaluation,FOODS_3_260,CA_4,2016-03-22,0,0.0
FOODS_3_260_TX_1_evaluation,FOODS_3_260,TX_1,2016-03-22,0,0.0
FOODS_3_260_TX_2_evaluation,FOODS_3_260,TX_2,2016-03-22,0,0.0
FOODS_3_260_TX_3_evaluation,FOODS_3_260,TX_3,2016-03-22,0,1.0
FOODS_3_260_WI_1_evaluation,FOODS_3_260,WI_1,2016-03-22,0,0.0
FOODS_3_260_WI_2_evaluation,FOODS_3_260,WI_2,2016-03-22,1,0.0
FOODS_3_260_WI_3_evaluation,FOODS_3_260,WI_3,2016-03-22,0,0.0
HOBBIES_1_022_CA_1_evaluation,HOBBIES_1_022,CA_1,2016-03-22,0,0.0
HOBBIES_1_022_CA_2_evaluation,HOBBIES_1_022,CA_2,2016-03-22,0,0.0
HOBBIES_1_022_CA_3_evaluation,HOBBIES_1_022,CA_3,2016-03-22,1,1.0
HOBBIES_1_022_CA_4_evaluation,HOBBIES_1_022,CA_4,2016-03-22,0,0.0
HOBBIES_1_022_TX_1_evaluation,HOBBIES_1_022,TX_1,2016-03-22,0,0.0
HOBBIES_1_022_TX_2_evaluation,HOBBIES_1_022,TX_2,2016-03-22,0,0.0
HOBBIES_1_022_TX_3_evaluation,HOBBIES_1_022,TX_3,2016-03-22,0,0.0
HOBBIES_1_022_WI_1_evaluation,HOBBIES_1_022,WI_1,2016-03-22,1,0.0
HOBBIES_1_022_WI_2_evaluation,HOBBIES_1_022,WI_2,2016-03-22,0,0.0
HOBBIES_1_022_WI_3_evaluation,HOBBIES_1_022,WI_3,2016-03-22,1,0.0
HOBBIES_1_209_CA_1_evaluation,HOBBIES_1_209,CA_1,2016-03-22,0,6.0
HOBBIES_1_209_CA_2_evaluation,HOBBIES_1_209,CA_2,2016-03-22,5,0.0
HOBBIES_1_209_CA_3_evaluation,HOBBIES_1_209,CA_3,2016-03-22,4,4.0
HOBBIES_1_209_CA_4_evaluation,HOBBIES_1_209,CA_4,2016-03-22,0,0.0
HOBBIES_1_209_TX_1_evaluation,HOBBIES_1_209,TX_1,2016-03-22,0,2.0
HOBBIES_1_209_TX_2_evaluation,HOBBIES_1_209,TX_2,2016-03-22,0,2.0
HOBBIES_1_209_TX_3_evaluation,HOBBIES_1_209,TX_3,2016-03-22,1,3.0
HOBBIES_1_209_WI_1_evaluation,HOBBIES_1_209,WI_1,2016-03-22,1,0.0
HOBBIES_1_209_WI_2_evaluation,HOBBIES_1_209,WI_2,2016-03-22,0,1.0
HOBBIES_1_209_WI_3_evaluation,HOBBIES_1_209,WI_3,2016-03-22,4,6.0
HOBBIES_2_041_CA_1_evaluation,HOBBIES_2_041,CA_1,2016-03-22,0,1.0
HOBBIES_2_041_CA_2_evaluation,HOBBIES_2_041,CA_2,2016-03-22,0,0.0
HOBBIES_2_041_CA_3_evaluation,HOBBIES_2_041,CA_3,2016-03-22,0,0.0
HOBBIES_2_041_CA_4_evaluation,HOBBIES_2_041,CA_4,2016-03-22,0,0.0
HOBBIES_2_041_TX_1_evaluation,HOBBIES_2_041,TX_1,2016-03-22,0,0.0
HOBBIES_2_041_TX_2_evaluation,HOBBIES_2_041,TX_2,2016-03-22,0,0.0
HOBBIES_2_041_TX_3_evaluation,HOBBIES_2_041,TX_3,2016-03-22,0,0.0
HOBBIES_2_041_WI_1_evaluation,HOBBIES_2_041,WI_1,2016-03-22,0,0.0
HOBBIES_2_041_WI_2_evaluation,HOBBIES_2_041,WI_2,2016-03-22,0,0.0
HOBBIES_2_041_WI_3_evaluation,HOBBIES_2_041,WI_3,2016-03-22,0,0.0
HOBBIES_2_113_CA_1_evaluation,HOBBIES_2_113,CA_1,2016-03-22,0,0.0
HOBBIES_2_113_CA_2_evaluation,HOBBIES_2_113,CA_2,2016-03-22,0,0.0
HOBBIES_2_113_CA_3_evaluation,HOBBIES_2_113,CA_3,2016-03-22,1,0.0
HOBBIES_2_113_CA_4_evaluation,HOBBIES_2_113,CA_4,2016-03-22,0,0.0
HOBBIES_2_113_TX_1_evaluation,HOBBIES_2_113,TX_1,2016-03-22,0,0.0
HOBBIES_2_113_TX_2_evaluation,HOBBIES_2_113,TX_2,2016-03-22,0,1.0
HOBBIES_2_113_TX_3_evaluation,HOBBIES_2_113,TX_3,2016-03-22,0,0.0
HOBBIES_2_113_WI_1_evaluation,HOBBIES_2_113,WI_1,2016-03-22,0,0.0
HOBBIES_2_113_WI_2_evaluation,HOBBIES_2_113,WI_2,2016-03-22,0,0.0
HOBBIES_2_113_WI_3_evaluation,HOBBIES_2_113,WI_3,2016-03-22,0,0.0
HOUSEHOLD_1_100_CA_1_evaluation,HOUSEHOLD_1_100,CA_1,2016-03-22,1,2.0
HOUSEHOLD_1_100_CA_2_evaluation,HOUSEHOLD_1_100,CA_2,2016-03-22,1,0.0
HOUSEHOLD_1_100_CA_3_evaluation,HOUSEHOLD_1_100,CA_3,2016-03-22,3,2.0
HOUSEHOLD_1_100_CA_4_evaluation,HOUSEHOLD_1_100,CA_4,2016-03-22,1,0.0
HOUSEHOLD_1_100_TX_1_evaluation,HOUSEHOLD_1_100,TX_1,2016-03-22,1,4.0
HOUSEHOLD_1_100_TX_2_evaluation,HOUSEHOLD_1_100,TX_2,2016-03-22,1,0.0
HOUSEHOLD_1_100_TX_3_evaluation,HOUSEHOLD_1_100,TX_3,2016-03-22,0,3.0
HOUSEHOLD_1_100_WI_1_evaluation,HOUSEHOLD_1_100,WI_1,2016-03-22,0,0.0
HOUSEHOLD_1_100_WI_2_evaluation,HOUSEHOLD_1_100,WI_2,2016-03-22,0,0.0
HOUSEHOLD_1_100_WI_3_evaluation,HOUSEHOLD_1_100,WI_3,2016-03-22,0,0.0
HOUSEHOLD_1_290_CA_1_evaluation,HOUSEHOLD_1_290,CA_1,2016-03-22,2,0.0
HOUSEHOLD_1_290_CA_2_evaluation,HOUSEHOLD_1_290,CA_2,2016-03-22,0,0.0
HOUSEHOLD_1_290_CA_3_evaluation,HOUSEHOLD_1_290,CA_3,2016-03-22,4,1.0
HOUSEHOLD_1_290_CA_4_evaluation,HOUSEHOLD_1_290,CA_4,2016-03-22,1,0.0
HOUSEHOLD_1_290_TX_1_evaluation,HOUSEHOLD_1_290,TX_1,2016-03-22,4,1.0
HOUSEHOLD_1_290_TX_2_evaluation,HOUSEHOLD_1_290,TX_2,2016-03-22,0,2.0
HOUSEHOLD_1_290_TX_3_evaluation,HOUSEHOLD_1_290,TX_3,2016-03-22,3,1.0
HOUSEHOLD_1_290_WI_1_evaluation,HOUSEHOLD_1_290,WI_1,2016-03-22,1,1.0
HOUSEHOLD_1_290_WI_2_evaluation,HOUSEHOLD_1_290,WI_2,2016-03-22,0,4.0
HOUSEHOLD_1_290_WI_3_evaluation,HOUSEHOLD_1_290,WI_3,2016-03-22,3,0.0
HOUSEHOLD_1_370_CA_1_evaluation,HOUSEHOLD_1_370,CA_1,2016-03-22,0,4.0
HOUSEHOLD_1_370_CA_2_evaluation,HOUSEHOLD_1_370,CA_2,2016-03-22,1,5.0
HOUSEHOLD_1_370_CA_3_evaluation,HOUSEHOLD_1_370,CA_3,2016-03-22,2,5.0
HOUSEHOLD_1_370_CA_4_evaluation,HOUSEHOLD_1_370,CA_4,2016-03-22,1,1.0
HOUSEHOLD_1_370_TX_1_evaluation,HOUSEHOLD_1_370,TX_1,2016-03-22,1,1.0
HOUSEHOLD_1_370_TX_2_evaluation,HOUSEHOLD_1_370,TX_2,2016-03-22,1,0.0
HOUSEHOLD_1_370_TX_3_evaluation,HOUSEHOLD_1_370,TX_3,2016-03-22,2,0.0
HOUSEHOLD_1_370_WI_1_evaluation,HOUSEHOLD_1_370,WI_1,2016-03-22,2,1.0
HOUSEHOLD_1_370_WI_2_evaluation,HOUSEHOLD_1_370,WI_2,2016-03-22,4,1.0
HOUSEHOLD_1_370_WI_3_evaluation,HOUSEHOLD_1_370,WI_3,2016-03-22,1,3.0
HOUSEHOLD_1_489_CA_1_evaluation,HOUSEHOLD_1_489,CA_1,2016-03-22,0,0.0
HOUSEHOLD_1_489_CA_2_evaluation,HOUSEHOLD_1_489,CA_2,2016-03-22,0,1.0
HOUSEHOLD_1_489_CA_3_evaluation,HOUSEHOLD_1_489,CA_3,2016-03-22,5,1.0
HOUSEHOLD_1_489_CA_4_evaluation,HOUSEHOLD_1_489,CA_4,2016-03-22,0,2.0
HOUSEHOLD_1_489_TX_1_evaluation,HOUSEHOLD_1_489,TX_1,2016-03-22,0,0.0
HOUSEHOLD_1_489_TX_2_evaluation,HOUSEHOLD_1_489,TX_2,2016-03-22,0,2.0
HOUSEHOLD_1_489_TX_3_evaluation,HOUSEHOLD_1_489,TX_3,2016-03-22,4,0.0
HOUSEHOLD_1_489_WI_1_evaluation,HOUSEHOLD_1_489,WI_1,2016-03-22,1,0.0
HOUSEHOLD_1_489_WI_2_evaluation,HOUSEHOLD_1_489,WI_2,2016-03-22,1,1.0
HOUSEHOLD_1_489_WI_3_evaluation,HOUSEHOLD_1_489,WI_3,2016-03-22,2,2.0
HOUSEHOLD_2_442_CA_1_evaluation,HOUSEHOLD_2_442,CA_1,2016-03-22,4,3.0
HOUSEHOLD_2_442_CA_2_evaluation,HOUSEHOLD_2_442,CA_2,2016-03-22,0,0.0
HOUSEHOLD_2_442_CA_3_evaluation,HOUSEHOLD_2_442,CA_3,2016-03-22,0,0.0
HOUSEHOLD_2_442_CA_4_evaluation,HOUSEHOLD_2_442,CA_4,2016-03-22,0,0.0
HOUSEHOLD_2_442_TX_1_evaluation,HOUSEHOLD_2_442,TX_1,2016-03-22,0,0.0
HOUSEHOLD_2_442_TX_2_evaluation,HOUSEHOLD_2_442,TX_2,2016-03-22,1,1.0
HOUSEHOLD_2_442_TX_3_evaluation,HOUSEHOLD_2_442,TX_3,2016-03-22,0,1.0
HOUSEHOLD_2_442_WI_1_evaluation,HOUSEHOLD_2_442,WI_1,2016-03-22,0,2.0
HOUSEHOLD_2_442_WI_2_evaluation,HOUSEHOLD_2_442,WI_2,2016-03-22,1,0.0
HOUSEHOLD_2_442_WI_3_evaluation,HOUSEHOLD_2_442,WI_3,2016-03-22,0,0.0
FOODS_1_021_CA_1_evaluation,FOODS_1_021,CA_1,2016-03-23,0,0.0
FOODS_1_021_CA_2_evaluation,FOODS_1_021,CA_2,2016-03-23,2,0.0
FOODS_1_021_CA_3_evaluation,FOODS_1_021,CA_3,2016-03-23,1,2.0
FOODS_1_021_CA_4_evaluation,FOODS_1_021,CA_4,2016-03-23,2,0.0
FOODS_1_021_TX_1_evaluation,FOODS_1_021,TX_1,2016-03-23,0,0.0
FOODS_1_021_TX_2_evaluation,FOODS_1_021,TX_2,2016-03-23,0,0.0
FOODS_1_021_TX_3_evaluation,FOODS_1_021,TX_3,2016-03-23,0,0.0
FOODS_1_021_WI_1_evaluation,FOODS_1_021,WI_1,2016-03-23,4,0.0
FOODS_1_021_WI_2_evaluation,FOODS_1_021,WI_2,2016-03-23,0,1.0
FOODS_1_021_WI_3_evaluation,FOODS_1_021,WI_3,2016-03-23,1,0.0
FOODS_2_035_CA_1_evaluation,FOODS_2_035,CA_1,2016-03-23,2,1.0
FOODS_2_035_CA_2_evaluation,FOODS_2_035,CA_2,2016-03-23,3,2.0
FOODS_2_035_CA_3_evaluation,FOODS_2_035,CA_3,2016-03-23,1,0.0
FOODS_2_035_CA_4_evaluation,FOODS_2_035,CA_4,2016-03-23,2,2.0
FOODS_2_035_TX_1_evaluation,FOODS_2_035,TX_1,2016-03-23,2,1.0
FOODS_2_035_TX_2_evaluation,FOODS_2_035,TX_2,2016-03-23,2,2.0
FOODS_2_035_TX_3_evaluation,FOODS_2_035,TX_3,2016-03-23,1,5.0
FOODS_2_035_WI_1_evaluation,FOODS_2_035,WI_1,2016-03-23,1,3.0
FOODS_2_035_WI_2_evaluation,FOODS_2_035,WI_2,2016-03-23,0,3.0
FOODS_2_035_WI_3_evaluation,FOODS_2_035,WI_3,2016-03-23,1,3.0
FOODS_3_180_CA_1_evaluation,FOODS_3_180,CA_1,2016-03-23,0,0.0
FOODS_3_180_CA_2_evaluation,FOODS_3_180,CA_2,2016-03-23,2,0.0
FOODS_3_180_CA_3_evaluation,FOODS_3_180,CA_3,2016-03-23,1,1.0
FOODS_3_180_CA_4_evaluation,FOODS_3_180,CA_4,2016-03-23,0,1.0
FOODS_3_180_TX_1_evaluation,FOODS_3_180,TX_1,2016-03-23,1,1.0
FOODS_3_180_TX_2_evaluation,FOODS_3_180,TX_2,2016-03-23,1,0.0
FOODS_3_180_TX_3_evaluation,FOODS_3_180,TX_3,2016-03-23,0,1.0
FOODS_3_180_WI_1_evaluation,FOODS_3_180,WI_1,2016-03-23,1,2.0
FOODS_3_180_WI_2_evaluation,FOODS_3_180,WI_2,2016-03-23,2,0.0
FOODS_3_180_WI_3_evaluation,FOODS_3_180,WI_3,2016-03-23,1,0.0
FOODS_3_260_CA_1_evaluation,FOODS_3_260,CA_1,2016-03-23,2,4.0
FOODS_3_260_CA_2_evaluation,FOODS_3_260,CA_2,2016-03-23,0,0.0
FOODS_3_260_CA_3_evaluation,FOODS_3_260,CA_3,2016-03-23,0,0.0
FOODS_3_260_CA_4_evaluation,FOODS_3_260,CA_4,2016-03-23,0,0.0
FOODS_3_260_TX_1_evaluation,FOODS_3_260,TX_1,2016-03-23,0,0.0
FOODS_3_260_TX_2_evaluation,FOODS_3_260,TX_2,2016-03-23,1,1.0
FOODS_3_260_TX_3_evaluation,FOODS_3_260,TX_3,2016-03-23,0,0.0
FOODS_3_260_WI_1_evaluation,FOODS_3_260,WI_1,2016-03-23,1,0.0
FOODS_3_260_WI_2_evaluation,FOODS_3_260,WI_2,2016-03-23,0,0.0
FOODS_3_260_WI_3_evaluation,FOODS_3_260,WI_3,2016-03-23,0,0.0
HOBBIES_1_022_CA_1_evaluation,HOBBIES_1_022,CA_1,2016-03-23,0,0.0
HOBBIES_1_022_CA_2_evaluation,HOBBIES_1_022,CA_2,2016-03-23,0,1.0
HOBBIES_1_022_CA_3_evaluation,HOBBIES_1_022,CA_3,2016-03-23,0,0.0
HOBBIES_1_022_CA_4_evaluation,HOBBIES_1_022,CA_4,2016-03-23,0,0.0
HOBBIES_1_022_TX_1_evaluation,HOBBIES_1_022,TX_1,2016-03-23,0,0.0
HOBBIES_1_022_TX_2_evaluation,HOBBIES_1_022,TX_2,2016-03-23,0,0.0
HOBBIES_1_022_TX_3_evaluation,HOBBIES_1_022,TX_3,2016-03-23,1,0.0
HOBBIES_1_022_WI_1_evaluation,HOBBIES_1_022,WI_1,2016-03-23,2,0.0
HOBBIES_1_022_WI_2_evaluation,HOBBIES_1_022,WI_2,2016-03-23,0,0.0
HOBBIES_1_022_WI_3_evaluation,HOBBIES_1_022,WI_3,2016-03-23,0,1.0
HOBBIES_1_209_CA_1_evaluation,HOBBIES_1_209,CA_1,2016-03-23,6,1.0
HOBBIES_1_209_CA_2_evaluation,HOBBIES_1_209,CA_2,2016-03-23,0,0.0
HOBBIES_1_209_CA_3_evaluation,HOBBIES_1_209,CA_3,2016-03-23,11,8.0
HOBBIES_1_209_CA_4_evaluation,HOBBIES_1_209,CA_4,2016-03-23,0,0.0
HOBBIES_1_209_TX_1_evaluation,HOBBIES_1_209,TX_1,2016-03-23,1,0.0
HOBBIES_1_209_TX_2_evaluation,HOBBIES_1_209,TX_2,2016-03-23,0,0.0
HOBBIES_1_209_TX_3_evaluation,HOBBIES_1_209,TX_3,2016-03-23,0,2.0
HOBBIES_1_209_WI_1_evaluation,HOBBIES_1_209,WI_1,2016-03-23,4,0.0
HOBBIES_1_209_WI_2_evaluation,HOBBIES_1_209,WI_2,2016-03-23,0,0.0
HOBBIES_1_209_WI_3_evaluation,HOBBIES_1_209,WI_3,2016-03-23,1,1.0
HOBBIES_2_041_CA_1_evaluation,HOBBIES_2_041,CA_1,2016-03-23,0,0.0
HOBBIES_2_041_CA_2_evaluation,HOBBIES_2_041,CA_2,2016-03-23,0,0.0
HOBBIES_2_041_CA_3_evaluation,HOBBIES_2_041,CA_3,2016-03-23,0,0.0
HOBBIES_2_041_CA_4_evaluation,HOBBIES_2_041,CA_4,2016-03-23,2,0.0
HOBBIES_2_041_TX_1_evaluation,HOBBIES_2_041,TX_1,2016-03-23,0,0.0
HOBBIES_2_041_TX_2_evaluation,HOBBIES_2_041,TX_2,2016-03-23,1,0.0
HOBBIES_2_041_TX_3_evaluation,HOBBIES_2_041,TX_3,2016-03-23,0,0.0
HOBBIES_2_041_WI_1_evaluation,HOBBIES_2_041,WI_1,2016-03-23,0,0.0
HOBBIES_2_041_WI_2_evaluation,HOBBIES_2_041,WI_2,2016-03-23,3,0.0
HOBBIES_2_041_WI_3_evaluation,HOBBIES_2_041,WI_3,2016-03-23,0,0.0
HOBBIES_2_113_CA_1_evaluation,HOBBIES_2_113,CA_1,2016-03-23,0,0.0
HOBBIES_2_113_CA_2_evaluation,HOBBIES_2_113,CA_2,2016-03-23,0,0.0
HOBBIES_2_113_CA_3_evaluation,HOBBIES_2_113,CA_3,2016-03-23,1,0.0
HOBBIES_2_113_CA_4_evaluation,HOBBIES_2_113,CA_4,2016-03-23,0,0.0
HOBBIES_2_113_TX_1_evaluation,HOBBIES_2_113,TX_1,2016-03-23,0,0.0
HOBBIES_2_113_TX_2_evaluation,HOBBIES_2_113,TX_2,2016-03-23,0,0.0
HOBBIES_2_113_TX_3_evaluation,HOBBIES_2_113,TX_3,2016-03-23,0,0.0
HOBBIES_2_113_WI_1_evaluation,HOBBIES_2_113,WI_1,2016-03-23,0,0.0
HOBBIES_2_113_WI_2_evaluation,HOBBIES_2_113,WI_2,2016-03-23,0,0.0
HOBBIES_2_113_WI_3_evaluation,HOBBIES_2_113,WI_3,2016-03-23,0,0.0
HOUSEHOLD_1_100_CA_1_evaluation,HOUSEHOLD_1_100,CA_1,2016-03-23,1,0.0
HOUSEHOLD_1_100_CA_2_evaluation,HOUSEHOLD_1_100,CA_2,2016-03-23,0,0.0
HOUSEHOLD_1_100_CA_3_evaluation,HOUSEHOLD_1_100,CA_3,2016-03-23,3,2.0
HOUSEHOLD_1_100_CA_4_evaluation,HOUSEHOLD_1_100,CA_4,2016-03-23,1,1.0
HOUSEHOLD_1_100_TX_1_evaluation,HOUSEHOLD_1_100,TX_1,2016-03-23,1,1.0
HOUSEHOLD_1_100_TX_2_evaluation,HOUSEHOLD_1_100,TX_2,2016-03-23,3,1.0
HOUSEHOLD_1_100_TX_3_evaluation,HOUSEHOLD_1_100,TX_3,2016-03-23,5,1.0
HOUSEHOLD_1_100_WI_1_evaluation,HOUSEHOLD_1_100,WI_1,2016-03-23,1,2.0
HOUSEHOLD_1_100_WI_2_evaluation,HOUSEHOLD_1_100,WI_2,2016-03-23,0,0.0
HOUSEHOLD_1_100_WI_3_evaluation,HOUSEHOLD_1_100,WI_3,2016-03-23,0,0.0
HOUSEHOLD_1_290_CA_1_evaluation,HOUSEHOLD_1_290,CA_1,2016-03-23,1,2.0
HOUSEHOLD_1_290_CA_2_evaluation,HOUSEHOLD_1_290,CA_2,2016-03-23,0,0.0
HOUSEHOLD_1_290_CA_3_evaluation,HOUSEHOLD_1_290,CA_3,2016-03-23,0,0.0
HOUSEHOLD_1_290_CA_4_evaluation,HOUSEHOLD_1_290,CA_4,2016-03-23,0,3.0
HOUSEHOLD_1_290_TX_1_evaluation,HOUSEHOLD_1_290,TX_1,2016-03-23,1,1.0
HOUSEHOLD_1_290_TX_2_evaluation,HOUSEHOLD_1_290,TX_2,2016-03-23,0,3.0
HOUSEHOLD_1_290_TX_3_evaluation,HOUSEHOLD_1_290,TX_3,2016-03-23,3,0.0
HOUSEHOLD_1_290_WI_1_evaluation,HOUSEHOLD_1_290,WI_1,2016-03-23,0,3.0
HOUSEHOLD_1_290_WI_2_evaluation,HOUSEHOLD_1_290,WI_2,2016-03-23,5,2.0
HOUSEHOLD_1_290_WI_3_evaluation,HOUSEHOLD_1_290,WI_3,2016-03-23,0,2.0
HOUSEHOLD_1_370_CA_1_evaluation,HOUSEHOLD_1_370,CA_1,2016-03-23,0,2.0
HOUSEHOLD_1_370_CA_2_evaluation,HOUSEHOLD_1_370,CA_2,2016-03-23,4,2.0
HOUSEHOLD_1_370_CA_3_evaluation,HOUSEHOLD_1_370,CA_3,2016-03-23,0,5.0
HOUSEHOLD_1_370_CA_4_evaluation,HOUSEHOLD_1_370,CA_4,2016-03-23,1,1.0
HOUSEHOLD_1_370_TX_1_evaluation,HOUSEHOLD_1_370,TX_1,2016-03-23,1,0.0
HOUSEHOLD_1_370_TX_2_evaluation,HOUSEHOLD_1_370,TX_2,2016-03-23,0,0.0
HOUSEHOLD_1_370_TX_3_evaluation,HOUSEHOLD_1_370,TX_3,2016-03-23,3,0.0
HOUSEHOLD_1_370_WI_1_evaluation,HOUSEHOLD_1_370,WI_1,2016-03-23,2,3.0
HOUSEHOLD_1_370_WI_2_evaluation,HOUSEHOLD_1_370,WI_2,2016-03-23,4,2.0
HOUSEHOLD_1_370_WI_3_evaluation,HOUSEHOLD_1_370,WI_3,2016-03-23,1,0.0
HOUSEHOLD_1_489_CA_1_evaluation,HOUSEHOLD_1_489,CA_1,2016-03-23,2,0.0
HOUSEHOLD_1_489_CA_2_evaluation,HOUSEHOLD_1_489,CA_2,2016-03-23,0,2.0
HOUSEHOLD_1_489_CA_3_evaluation,HOUSEHOLD_1_489,CA_3,2016-03-23,2,1.0
HOUSEHOLD_1_489_CA_4_evaluation,HOUSEHOLD_1_489,CA_4,2016-03-23,0,1.0
HOUSEHOLD_1_489_TX_1_evaluation,HOUSEHOLD_1_489,TX_1,2016-03-23,2,0.0
HOUSEHOLD_1_489_TX_2_evaluation,HOUSEHOLD_1_489,TX_2,2016-03-23,0,4.0
HOUSEHOLD_1_489_TX_3_evaluation,HOUSEHOLD_1_489,TX_3,2016-03-23,1,0.0
HOUSEHOLD_1_489_WI_1_evaluation,HOUSEHOLD_1_489,WI_1,2016-03-23,0,1.0
HOUSEHOLD_1_489_WI_2_evaluation,HOUSEHOLD_1_489,WI_2,2016-03-23,2,0.0
HOUSEHOLD_1_489_WI_3_evaluation,HOUSEHOLD_1_489,WI_3,2016-03-23,0,0.0
HOUSEHOLD_2_442_CA_1_evaluation,HOUSEHOLD_2_442,CA_1,2016-03-23,0,2.0
HOUSEHOLD_2_442_CA_2_evaluation,HOUSEHOLD_2_442,CA_2,2016-03-23,0,0.0
HOUSEHOLD_2_442_CA_3_evaluation,HOUSEHOLD_2_442,CA_3,2016-03-23,1,0.0
HOUSEHOLD_2_442_CA_4_evaluation,HOUSEHOLD_2_442,CA_4,2016-03-23,0,0.0
HOUSEHOLD_2_442_TX_1_evaluation,HOUSEHOLD_2_442,TX_1,2016-03-23,0,1.0
HOUSEHOLD_2_442_TX_2_evaluation,HOUSEHOLD_2_442,TX_2,2016-03-23,0,2.0
HOUSEHOLD_2_442_TX_3_evaluation,HOUSEHOLD_2_442,TX_3,2016-03-23,1,0.0
HOUSEHOLD_2_442_WI_1_evaluation,HOUSEHOLD_2_442,WI_1,2016-03-23,0,2.0
HOUSEHOLD_2_442_WI_2_evaluation,HOUSEHOLD_2_442,WI_2,2016-03-23,1,2.0
HOUSEHOLD_2_442_WI_3_evaluation,HOUSEHOLD_2_442,WI_3,2016-03-23,0,0.0
FOODS_1_021_CA_1_evaluation,FOODS_1_021,CA_1,2016-03-24,0,4.0
FOODS_1_021_CA_2_evaluation,FOODS_1_021,CA_2,2016-03-24,0,1.0
FOODS_1_021_CA_3_evaluation,FOODS_1_021,CA_3,2016-03-24,0,0.0
FOODS_1_021_CA_4_evaluation,FOODS_1_021,CA_4,2016-03-24,1,0.0
FOODS_1_021_TX_1_evaluation,FOODS_1_021,TX_1,2016-03-24,0,0.0
FOODS_1_021_TX_2_evaluation,FOODS_1_021,TX_2,2016-03-24,1,0.0
FOODS_1_021_TX_3_evaluation,FOODS_1_021,TX_3,2016-03-24,0,0.0
FOODS_1_021_WI_1_evaluation,FOODS_1_021,WI_1,2016-03-24,0,0.0
FOODS_1_021_WI_2_evaluation,FOODS_1_021,WI_2,2016-03-24,2,0.0
FOODS_1_021_WI_3_evaluation,FOODS_1_021,WI_3,2016-03-24,1,0.0
FOODS_2_035_CA_1_evaluation,FOODS_2_035,CA_1,2016-03-24,1,1.0
FOODS_2_035_CA_2_evaluation,FOODS_2_035,CA_2,2016-03-24,1,1.0
FOODS_2_035_CA_3_evaluation,FOODS_2_035,CA_3,2016-03-24,4,1.0
FOODS_2_035_CA_4_evaluation,FOODS_2_035,CA_4,2016-03-24,0,1.0
FOODS_2_035_TX_1_evaluation,FOODS_2_035,TX_1,2016-03-24,0,0.0
FOODS_2_035_TX_2_evaluation,FOODS_2_035,TX_2,2016-03-24,1,1.0
FOODS_2_035_TX_3_evaluation,FOODS_2_035,TX_3,2016-03-24,1,1.0
FOODS_2_035_WI_1_evaluation,FOODS_2_035,WI_1,2016-03-24,1,0.0
FOODS_2_035_WI_2_evaluation,FOODS_2_035,WI_2,2016-03-24,1,2.0
FOODS_2_035_WI_3_evaluation,FOODS_2_035,WI_3,2016-03-24,5,1.0
FOODS_3_180_CA_1_evaluation,FOODS_3_180,CA_1,2016-03-24,0,0.0
FOODS_3_180_CA_2_evaluation,FOODS_3_180,CA_2,2016-03-24,0,1.0
FOODS_3_180_CA_3_evaluation,FOODS_3_180,CA_3,2016-03-24,0,1.0
FOODS_3_180_CA_4_evaluation,FOODS_3_180,CA_4,2016-03-24,0,0.0
FOODS_3_180_TX_1_evaluation,FOODS_3_180,TX_1,2016-03-24,0,0.0
FOODS_3_180_TX_2_evaluation,FOODS_3_180,TX_2,2016-03-24,0,1.0
FOODS_3_180_TX_3_evaluation,FOODS_3_180,TX_3,2016-03-24,0,1.0
FOODS_3_180_WI_1_evaluation,FOODS_3_180,WI_1,2016-03-24,2,1.0
FOODS_3_180_WI_2_evaluation,FOODS_3_180,WI_2,2016-03-24,0,1.0
FOODS_3_180_WI_3_evaluation,FOODS_3_180,WI_3,2016-03-24,0,1.0
FOODS_3_260_CA_1_evaluation,FOODS_3_260,CA_1,2016-03-24,0,0.0
FOODS_3_260_CA_2_evaluation,FOODS_3_260,CA_2,2016-03-24,0,2.0
FOODS_3_260_CA_3_evaluation,FOODS_3_260,CA_3,2016-03-24,0,1.0
FOODS_3_260_CA_4_evaluation,FOODS_3_260,CA_4,2016-03-24,0,0.0
FOODS_3_260_TX_1_evaluation,FOODS_3_260,TX_1,2016-03-24,0,0.0
FOODS_3_260_TX_2_evaluation,FOODS_3_260,TX_2,2016-03-24,0,0.0
FOODS_3_260_TX_3_evaluation,FOODS_3_260,TX_3,2016-03-24,0,0.0
FOODS_3_260_WI_1_evaluation,FOODS_3_260,WI_1,2016-03-24,0,0.0
FOODS_3_260_WI_2_evaluation,FOODS_3_260,WI_2,2016-03-24,0,3.0
FOODS_3_260_WI_3_evaluation,FOODS_3_260,WI_3,2016-03-24,0,1.0
HOBBIES_1_022_CA_1_evaluation,HOBBIES_1_022,CA_1,2016-03-24,1,1.0
HOBBIES_1_022_CA_2_evaluation,HOBBIES_1_022,CA_2,2016-03-24,0,2.0
HOBBIES_1_022_CA_3_evaluation,HOBBIES_1_022,CA_3,2016-03-24,0,0.0
HOBBIES_1_022_CA_4_evaluation,HOBBIES_1_022,CA_4,2016-03-24,0,0.0
HOBBIES_1_022_TX_1_evaluation,HOBBIES_1_022,TX_1,2016-03-24,0,0.0
HOBBIES_1_022_TX_2_evaluation,HOBBIES_1_022,TX_2,2016-03-24,0,0.0
HOBBIES_1_022_TX_3_evaluation,HOBBIES_1_022,TX_3,2016-03-24,0,1.0
HOBBIES_1_022_WI_1_evaluation,HOBBIES_1_022,WI_1,2016-03-24,0,0.0
HOBBIES_1_022_WI_2_evaluation,HOBBIES_1_022,WI_2,2016-03-24,0,0.0
HOBBIES_1_022_WI_3_evaluation,HOBBIES_1_022,WI_3,2016-03-24,1,0.0
HOBBIES_1_209_CA_1_evaluation,HOBBIES_1_209,CA_1,2016-03-24,6,2.0
HOBBIES_1_209_CA_2_evaluation,HOBBIES_1_209,CA_2,2016-03-24,3,2.0
HOBBIES_1_209_CA_3_evaluation,HOBBIES_1_209,CA_3,2016-03-24,9,5.0
HOBBIES_1_209_CA_4_evaluation,HOBBIES_1_209,CA_4,2016-03-24,0,0.0
HOBBIES_1_209_TX_1_evaluation,HOBBIES_1_209,TX_1,2016-03-24,3,3.0
HOBBIES_1_209_TX_2_evaluation,HOBBIES_1_209,TX_2,2016-03-24,1,3.0
HOBBIES_1_209_TX_3_evaluation,HOBBIES_1_209,TX_3,2016-03-24,0,1.0
HOBBIES_1_209_WI_1_evaluation,HOBBIES_1_209,WI_1,2016-03-24,0,5.0
HOBBIES_1_209_WI_2_evaluation,HOBBIES_1_209,WI_2,2016-03-24,2,0.0
HOBBIES_1_209_WI_3_evaluation,HOBBIES_1_209,WI_3,2016-03-24,2,5.0
HOBBIES_2_041_CA_1_evaluation,HOBBIES_2_041,CA_1,2016-03-24,0,3.0
HOBBIES_2_041_CA_2_evaluation,HOBBIES_2_041,CA_2,2016-03-24,10,4.0
HOBBIES_2_041_CA_3_evaluation,HOBBIES_2_041,CA_3,2016-03-24,1,0.0
HOBBIES_2_041_CA_4_evaluation,HOBBIES_2_041,CA_4,2016-03-24,0,0.0
HOBBIES_2_041_TX_1_evaluation,HOBBIES_2_041,TX_1,2016-03-24,0,0.0
HOBBIES_2_041_TX_2_evaluation,HOBBIES_2_041,TX_2,2016-03-24,0,0.0
HOBBIES_2_041_TX_3_evaluation,HOBBIES_2_041,TX_3,2016-03-24,0,0.0
HOBBIES_2_041_WI_1_evaluation,HOBBIES_2_041,WI_1,2016-03-24,0,0.0
HOBBIES_2_041_WI_2_evaluation,HOBBIES_2_041,WI_2,2016-03-24,0,0.0
HOBBIES_2_041_WI_3_evaluation,HOBBIES_2_041,WI_3,2016-03-24,0,0.0
HOBBIES_2_113_CA_1_evaluation,HOBBIES_2_113,CA_1,2016-03-24,1,0.0
HOBBIES_2_113_CA_2_evaluation,HOBBIES_2_113,CA_2,2016-03-24,0,0.0
HOBBIES_2_113_CA_3_evaluation,HOBBIES_2_113,CA_3,2016-03-24,0,0.0
HOBBIES_2_113_CA_4_evaluation,HOBBIES_2_113,CA_4,2016-03-24,0,0.0
HOBBIES_2_113_TX_1_evaluation,HOBBIES_2_113,TX_1,2016-03-24,0,0.0
HOBBIES_2_113_TX_2_evaluation,HOBBIES_2_113,TX_2,2016-03-24,0,0.0
HOBBIES_2_113_TX_3_evaluation,HOBBIES_2_113,TX_3,2016-03-24,0,0.0
HOBBIES_2_113_WI_1_evaluation,HOBBIES_2_113,WI_1,2016-03-24,0,0.0
HOBBIES_2_113_WI_2_evaluation,HOBBIES_2_113,WI_2,2016-03-24,0,0.0
HOBBIES_2_113_WI_3_evaluation,HOBBIES_2_113,WI_3,2016-03-24,0,0.0
HOUSEHOLD_1_100_CA_1_evaluation,HOUSEHOLD_1_100,CA_1,2016-03-24,2,2.0
HOUSEHOLD_1_100_CA_2_evaluation,HOUSEHOLD_1_100,CA_2,2016-03-24,0,2.0
HOUSEHOLD_1_100_CA_3_evaluation,HOUSEHOLD_1_100,CA_3,2016-03-24,1,0.0
HOUSEHOLD_1_100_CA_4_evaluation,HOUSEHOLD_1_100,CA_4,2016-03-24,0,1.0
HOUSEHOLD_1_100_TX_1_evaluation,HOUSEHOLD_1_100,TX_1,2016-03-24,0,0.0
HOUSEHOLD_1_100_TX_2_evaluation,HOUSEHOLD_1_100,TX_2,2016-03-24,2,3.0
HOUSEHOLD_1_100_TX_3_evaluation,HOUSEHOLD_1_100,TX_3,2016-03-24,0,0.0
HOUSEHOLD_1_100_WI_1_evaluation,HOUSEHOLD_1_100,WI_1,2016-03-24,1,0.0
HOUSEHOLD_1_100_WI_2_evaluation,HOUSEHOLD_1_100,WI_2,2016-03-24,0,0.0
HOUSEHOLD_1_100_WI_3_evaluation,HOUSEHOLD_1_100,WI_3,2016-03-24,2,0.0
HOUSEHOLD_1_290_CA_1_evaluation,HOUSEHOLD_1_290,CA_1,2016-03-24,2,0.0
HOUSEHOLD_1_290_CA_2_evaluation,HOUSEHOLD_1_290,CA_2,2016-03-24,1,5.0
HOUSEHOLD_1_290_CA_3_evaluation,HOUSEHOLD_1_290,CA_3,2016-03-24,6,3.0
HOUSEHOLD_1_290_CA_4_evaluation,HOUSEHOLD_1_290,CA_4,2016-03-24,0,0.0
HOUSEHOLD_1_290_TX_1_evaluation,HOUSEHOLD_1_290,TX_1,2016-03-24,1,0.0
HOUSEHOLD_1_290_TX_2_evaluation,HOUSEHOLD_1_290,TX_2,2016-03-24,1,1.0
HOUSEHOLD_1_290_TX_3_evaluation,HOUSEHOLD_1_290,TX_3,2016-03-24,1,0.0
HOUSEHOLD_1_290_WI_1_evaluation,HOUSEHOLD_1_290,WI_1,2016-03-24,0,0.0
HOUSEHOLD_1_290_WI_2_evaluation,HOUSEHOLD_1_290,WI_2,2016-03-24,0,3.0
HOUSEHOLD_1_290_WI_3_evaluation,HOUSEHOLD_1_290,WI_3,2016-03-24,1,0.0
HOUSEHOLD_1_370_CA_1_evaluation,HOUSEHOLD_1_370,CA_1,2016-03-24,1,0.0
HOUSEHOLD_1_370_CA_2_evaluation,HOUSEHOLD_1_370,CA_2,2016-03-24,0,3.0
HOUSEHOLD_1_370_CA_3_evaluation,HOUSEHOLD_1_370,CA_3,2016-03-24,3,3.0
HOUSEHOLD_1_370_CA_4_evaluation,HOUSEHOLD_1_370,CA_4,2016-03-24,1,1.0
HOUSEHOLD_1_370_TX_1_evaluation,HOUSEHOLD_1_370,TX_1,2016-03-24,0,1.0
HOUSEHOLD_1_370_TX_2_evaluation,HOUSEHOLD_1_370,TX_2,2016-03-24,0,1.0
HOUSEHOLD_1_370_TX_3_evaluation,HOUSEHOLD_1_370,TX_3,2016-03-24,1,0.0
HOUSEHOLD_1_370_WI_1_evaluation,HOUSEHOLD_1_370,WI_1,2016-03-24,1,0.0
HOUSEHOLD_1_370_WI_2_evaluation,HOUSEHOLD_1_370,WI_2,2016-03-24,2,2.0
HOUSEHOLD_1_370_WI_3_evaluation,HOUSEHOLD_1_370,WI_3,2016-03-24,2,0.0
HOUSEHOLD_1_489_CA_1_evaluation,HOUSEHOLD_1_489,CA_1,2016-03-24,1,0.0
HOUSEHOLD_1_489_CA_2_evaluation,HOUSEHOLD_1_489,CA_2,2016-03-24,1,2.0
HOUSEHOLD_1_489_CA_3_evaluation,HOUSEHOLD_1_489,CA_3,2016-03-24,3,0.0
HOUSEHOLD_1_489_CA_4_evaluation,HOUSEHOLD_1_489,CA_4,2016-03-24,0,0.0
HOUSEHOLD_1_489_TX_1_evaluation,HOUSEHOLD_1_489,TX_1,2016-03-24,1,4.0
HOUSEHOLD_1_489_TX_2_evaluation,HOUSEHOLD_1_489,TX_2,2016-03-24,0,1.0
HOUSEHOLD_1_489_TX_3_evaluation,HOUSEHOLD_1_489,TX_3,2016-03-24,0,0.0
HOUSEHOLD_1_489_WI_1_evaluation,HOUSEHOLD_1_489,WI_1,2016-03-24,0,0.0
HOUSEHOLD_1_489_WI_2_evaluation,HOUSEHOLD_1_489,WI_2,2016-03-24,1,0.0
HOUSEHOLD_1_489_WI_3_evaluation,HOUSEHOLD_1_489,WI_3,2016-03-24,1,0.0
HOUSEHOLD_2_442_CA_1_evaluation,HOUSEHOLD_2_442,CA_1,2016-03-24,0,0.0
HOUSEHOLD_2_442_CA_2_evaluation,HOUSEHOLD_2_442,CA_2,2016-03-24,0,4.0
HOUSEHOLD_2_442_CA_3_evaluation,HOUSEHOLD_2_442,CA_3,2016-03-24,2,0.0
HOUSEHOLD_2_442_CA_4_evaluation,HOUSEHOLD_2_442,CA_4,2016-03-24,1,0.0
HOUSEHOLD_2_442_TX_1_evaluation,HOUSEHOLD_2_442,TX_1,2016-03-24,0,0.0
HOUSEHOLD_2_442_TX_2_evaluation,HOUSEHOLD_2_442,TX_2,2016-03-24,0,1.0
HOUSEHOLD_2_442_TX_3_evaluation,HOUSEHOLD_2_442,TX_3,2016-03-24,0,0.0
HOUSEHOLD_2_442_WI_1_evaluation,HOUSEHOLD_2_442,WI_1,2016-03-24,1,1.0
HOUSEHOLD_2_442_WI_2_evaluation,HOUSEHOLD_2_442,WI_2,2016-03-24,1,2.0
HOUSEHOLD_2_442_WI_3_evaluation,HOUSEHOLD_2_442,WI_3,2016-03-24,0,1.0
FOODS_1_021_CA_1_evaluation,FOODS_1_021,CA_1,2016-03-25,4,3.0
FOODS_1_021_CA_2_evaluation,FOODS_1_021,CA_2,2016-03-25,1,2.0
FOODS_1_021_CA_3_evaluation,FOODS_1_021,CA_3,2016-03-25,3,1.0
FOODS_1_021_CA_4_evaluation,FOODS_1_021,CA_4,2016-03-25,0,0.0
FOODS_1_021_TX_1_evaluation,FOODS_1_021,TX_1,2016-03-25,0,3.0
FOODS_1_021_TX_2_evaluation,FOODS_1_021,TX_2,2016-03-25,0,0.0
FOODS_1_021_TX_3_evaluation,FOODS_1_021,TX_3,2016-03-25,0,0.0
FOODS_1_021_WI_1_evaluation,FOODS_1_021,WI_1,2016-03-25,3,3.0
FOODS_1_021_WI_2_evaluation,FOODS_1_021,WI_2,2016-03-25,0,1.0
FOODS_1_021_WI_3_evaluation,FOODS_1_021,WI_3,2016-03-25,0,0.0
FOODS_2_035_CA_1_evaluation,FOODS_2_035,CA_1,2016-03-25,2,0.0
FOODS_2_035_CA_2_evaluation,FOODS_2_035,CA_2,2016-03-25,1,2.0
FOODS_2_035_CA_3_evaluation,FOODS_2_035,CA_3,2016-03-25,0,3.0
FOODS_2_035_CA_4_evaluation,FOODS_2_035,CA_4,2016-03-25,1,2.0
FOODS_2_035_TX_1_evaluation,FOODS_2_035,TX_1,2016-03-25,2,0.0
FOODS_2_035_TX_2_evaluation,FOODS_2_035,TX_2,2016-03-25,1,2.0
FOODS_2_035_TX_3_evaluation,FOODS_2_035,TX_3,2016-03-25,2,3.0
FOODS_2_035_WI_1_evaluation,FOODS_2_035,WI_1,2016-03-25,0,2.0
FOODS_2_035_WI_2_evaluation,FOODS_2_035,WI_2,2016-03-25,2,4.0
FOODS_2_035_WI_3_evaluation,FOODS_2_035,WI_3,2016-03-25,1,0.0
FOODS_3_180_CA_1_evaluation,FOODS_3_180,CA_1,2016-03-25,0,1.0
FOODS_3_180_CA_2_evaluation,FOODS_3_180,CA_2,2016-03-25,0,0.0
FOODS_3_180_CA_3_evaluation,FOODS_3_180,CA_3,2016-03-25,1,0.0
FOODS_3_180_CA_4_evaluation,FOODS_3_180,CA_4,2016-03-25,0,0.0
FOODS_3_180_TX_1_evaluation,FOODS_3_180,TX_1,2016-03-25,0,0.0
FOODS_3_180_TX_2_evaluation,FOODS_3_180,TX_2,2016-03-25,0,0.0
FOODS_3_180_TX_3_evaluation,FOODS_3_180,TX_3,2016-03-25,0,0.0
FOODS_3_180_WI_1_evaluation,FOODS_3_180,WI_1,2016-03-25,1,0.0
FOODS_3_180_WI_2_evaluation,FOODS_3_180,WI_2,2016-03-25,1,0.0
FOODS_3_180_WI_3_evaluation,FOODS_3_180,WI_3,2016-03-25,0,0.0
FOODS_3_260_CA_1_evaluation,FOODS_3_260,CA_1,2016-03-25,2,1.0
FOODS_3_260_CA_2_evaluation,FOODS_3_260,CA_2,2016-03-25,1,0.0
FOODS_3_260_CA_3_evaluation,FOODS_3_260,CA_3,2016-03-25,1,0.0
FOODS_3_260_CA_4_evaluation,FOODS_3_260,CA_4,2016-03-25,1,0.0
FOODS_3_260_TX_1_evaluation,FOODS_3_260,TX_1,2016-03-25,0,0.0
FOODS_3_260_TX_2_evaluation,FOODS_3_260,TX_2,2016-03-25,0,1.0
FOODS_3_260_TX_3_evaluation,FOODS_3_260,TX_3,2016-03-25,0,2.0
FOODS_3_260_WI_1_evaluation,FOODS_3_260,WI_1,2016-03-25,0,1.0
FOODS_3_260_WI_2_evaluation,FOODS_3_260,WI_2,2016-03-25,0,2.0
FOODS_3_260_WI_3_evaluation,FOODS_3_260,WI_3,2016-03-25,0,0.0
HOBBIES_1_022_CA_1_evaluation,HOBBIES_1_022,CA_1,2016-03-25,1,1.0
HOBBIES_1_022_CA_2_evaluation,HOBBIES_1_022,CA_2,2016-03-25,0,0.0
HOBBIES_1_022_CA_3_evaluation,HOBBIES_1_022,CA_3,2016-03-25,1,0.0
HOBBIES_1_022_CA_4_evaluation,HOBBIES_1_022,CA_4,2016-03-25,0,0.0
HOBBIES_1_022_TX_1_evaluation,HOBBIES_1_022,TX_1,2016-03-25,0,0.0
HOBBIES_1_022_TX_2_evaluation,HOBBIES_1_022,TX_2,2016-03-25,1,0.0
HOBBIES_1_022_TX_3_evaluation,HOBBIES_1_022,TX_3,2016-03-25,0,0.0
HOBBIES_1_022_WI_1_evaluation,HOBBIES_1_022,WI_1,2016-03-25,0,0.0
HOBBIES_1_022_WI_2_evaluation,HOBBIES_1_022,WI_2,2016-03-25,0,0.0
HOBBIES_1_022_WI_3_evaluation,HOBBIES_1_022,WI_3,2016-03-25,0,0.0
HOBBIES_1_209_CA_1_evaluation,HOBBIES_1_209,CA_1,2016-03-25,3,6.0
HOBBIES_1_209_CA_2_evaluation,HOBBIES_1_209,CA_2,2016-03-25,0,3.0
HOBBIES_1_209_CA_3_evaluation,HOBBIES_1_209,CA_3,2016-03-25,26,3.0
HOBBIES_1_209_CA_4_evaluation,HOBBIES_1_209,CA_4,2016-03-25,0,0.0
HOBBIES_1_209_TX_1_evaluation,HOBBIES_1_209,TX_1,2016-03-25,6,3.0
HOBBIES_1_209_TX_2_evaluation,HOBBIES_1_209,TX_2,2016-03-25,0,5.0
HOBBIES_1_209_TX_3_evaluation,HOBBIES_1_209,TX_3,2016-03-25,0,2.0
HOBBIES_1_209_WI_1_evaluation,HOBBIES_1_209,WI_1,2016-03-25,2,0.0
HOBBIES_1_209_WI_2_evaluation,HOBBIES_1_209,WI_2,2016-03-25,2,3.0
HOBBIES_1_209_WI_3_evaluation,HOBBIES_1_209,WI_3,2016-03-25,0,1.0
HOBBIES_2_041_CA_1_evaluation,HOBBIES_2_041,CA_1,2016-03-25,1,2.0
HOBBIES_2_041_CA_2_evaluation,HOBBIES_2_041,CA_2,2016-03-25,0,1.0
HOBBIES_2_041_CA_3_evaluation,HOBBIES_2_041,CA_3,2016-03-25,2,0.0
HOBBIES_2_041_CA_4_evaluation,HOBBIES_2_041,CA_4,2016-03-25,0,0.0
HOBBIES_2_041_TX_1_evaluation,HOBBIES_2_041,TX_1,2016-03-25,0,0.0
HOBBIES_2_041_TX_2_evaluation,HOBBIES_2_041,TX_2,2016-03-25,0,0.0
HOBBIES_2_041_TX_3_evaluation,HOBBIES_2_041,TX_3,2016-03-25,0,0.0
HOBBIES_2_041_WI_1_evaluation,HOBBIES_2_041,WI_1,2016-03-25,0,0.0
HOBBIES_2_041_WI_2_evaluation,HOBBIES_2_041,WI_2,2016-03-25,0,0.0
HOBBIES_2_041_WI_3_evaluation,HOBBIES_2_041,WI_3,2016-03-25,0,1.0
HOBBIES_2_113_CA_1_evaluation,HOBBIES_2_113,CA_1,2016-03-25,1,0.0
HOBBIES_2_113_CA_2_evaluation,HOBBIES_2_113,CA_2,2016-03-25,0,0.0
HOBBIES_2_113_CA_3_evaluation,HOBBIES_2_113,CA_3,2016-03-25,0,0.0
HOBBIES_2_113_CA_4_evaluation,HOBBIES_2_113,CA_4,2016-03-25,0,0.0
HOBBIES_2_113_TX_1_evaluation,HOBBIES_2_113,TX_1,2016-03-25,0,0.0
HOBBIES_2_113_TX_2_evaluation,HOBBIES_2_113,TX_2,2016-03-25,0,0.0
HOBBIES_2_113_TX_3_evaluation,HOBBIES_2_113,TX_3,2016-03-25,0,0.0
HOBBIES_2_113_WI_1_evaluation,HOBBIES_2_113,WI_1,2016-03-25,0,0.0
HOBBIES_2_113_WI_2_evaluation,HOBBIES_2_113,WI_2,2016-03-25,0,0.0
HOBBIES_2_113_WI_3_evaluation,HOBBIES_2_113,WI_3,2016-03-25,0,0.0
HOUSEHOLD_1_100_CA_1_evaluation,HOUSEHOLD_1_100,CA_1,2016-03-25,2,0.0
HOUSEHOLD_1_100_CA_2_evaluation,HOUSEHOLD_1_100,CA_2,2016-03-25,0,2.0
HOUSEHOLD_1_100_CA_3_evaluation,HOUSEHOLD_1_100,CA_3,2016-03-25,2,2.0
HOUSEHOLD_1_100_CA_4_evaluation,HOUSEHOLD_1_100,CA_4,2016-03-25,1,0.0
HOUSEHOLD_1_100_TX_1_evaluation,HOUSEHOLD_1_100,TX_1,2016-03-25,1,2.0
HOUSEHOLD_1_100_TX_2_evaluation,HOUSEHOLD_1_100,TX_2,2016-03-25,1,1.0
HOUSEHOLD_1_100_TX_3_evaluation,HOUSEHOLD_1_100,TX_3,2016-03-25,0,3.0
HOUSEHOLD_1_100_WI_1_evaluation,HOUSEHOLD_1_100,WI_1,2016-03-25,1,1.0
HOUSEHOLD_1_100_WI_2_evaluation,HOUSEHOLD_1_100,WI_2,2016-03-25,1,0.0
HOUSEHOLD_1_100_WI_3_evaluation,HOUSEHOLD_1_100,WI_3,2016-03-25,0,0.0
HOUSEHOLD_1_290_CA_1_evaluation,HOUSEHOLD_1_290,CA_1,2016-03-25,1,0.0
HOUSEHOLD_1_290_CA_2_evaluation,HOUSEHOLD_1_290,CA_2,2016-03-25,0,1.0
HOUSEHOLD_1_290_CA_3_evaluation,HOUSEHOLD_1_290,CA_3,2016-03-25,3,0.0
HOUSEHOLD_1_290_CA_4_evaluation,HOUSEHOLD_1_290,CA_4,2016-03-25,1,0.0
HOUSEHOLD_1_290_TX_1_evaluation,HOUSEHOLD_1_290,TX_1,2016-03-25,0,1.0
HOUSEHOLD_1_290_TX_2_evaluation,HOUSEHOLD_1_290,TX_2,2016-03-25,2,1.0
HOUSEHOLD_1_290_TX_3_evaluation,HOUSEHOLD_1_290,TX_3,2016-03-25,2,3.0
HOUSEHOLD_1_290_WI_1_evaluation,HOUSEHOLD_1_290,WI_1,2016-03-25,1,0.0
HOUSEHOLD_1_290_WI_2_evaluation,HOUSEHOLD_1_290,WI_2,2016-03-25,3,0.0
HOUSEHOLD_1_290_WI_3_evaluation,HOUSEHOLD_1_290,WI_3,2016-03-25,0,2.0
HOUSEHOLD_1_370_CA_1_evaluation,HOUSEHOLD_1_370,CA_1,2016-03-25,0,0.0
HOUSEHOLD_1_370_CA_2_evaluation,HOUSEHOLD_1_370,CA_2,2016-03-25,1,2.0
HOUSEHOLD_1_370_CA_3_evaluation,HOUSEHOLD_1_370,CA_3,2016-03-25,2,1.0
HOUSEHOLD_1_370_CA_4_evaluation,HOUSEHOLD_1_370,CA_4,2016-03-25,1,0.0
HOUSEHOLD_1_370_TX_1_evaluation,HOUSEHOLD_1_370,TX_1,2016-03-25,1,0.0
HOUSEHOLD_1_370_TX_2_evaluation,HOUSEHOLD_1_370,TX_2,2016-03-25,1,0.0
HOUSEHOLD_1_370_TX_3_evaluation,HOUSEHOLD_1_370,TX_3,2016-03-25,1,0.0
HOUSEHOLD_1_370_WI_1_evaluation,HOUSEHOLD_1_370,WI_1,2016-03-25,0,0.0
HOUSEHOLD_1_370_WI_2_evaluation,HOUSEHOLD_1_370,WI_2,2016-03-25,0,2.0
HOUSEHOLD_1_370_WI_3_evaluation,HOUSEHOLD_1_370,WI_3,2016-03-25,2,1.0
HOUSEHOLD_1_489_CA_1_evaluation,HOUSEHOLD_1_489,CA_1,2016-03-25,3,3.0
HOUSEHOLD_1_489_CA_2_evaluation,HOUSEHOLD_1_489,CA_2,2016-03-25,0,0.0
HOUSEHOLD_1_489_CA_3_evaluation,HOUSEHOLD_1_489,CA_3,2016-03-25,1,2.0
HOUSEHOLD_1_489_CA_4_evaluation,HOUSEHOLD_1_489,CA_4,2016-03-25,2,1.0
HOUSEHOLD_1_489_TX_1_evaluation,HOUSEHOLD_1_489,TX_1,2016-03-25,0,1.0
HOUSEHOLD_1_489_TX_2_evaluation,HOUSEHOLD_1_489,TX_2,2016-03-25,4,3.0
HOUSEHOLD_1_489_TX_3_evaluation,HOUSEHOLD_1_489,TX_3,2016-03-25,2,1.0
HOUSEHOLD_1_489_WI_1_evaluation,HOUSEHOLD_1_489,WI_1,2016-03-25,0,1.0
HOUSEHOLD_1_489_WI_2_evaluation,HOUSEHOLD_1_489,WI_2,2016-03-25,3,0.0
HOUSEHOLD_1_489_WI_3_evaluation,HOUSEHOLD_1_489,WI_3,2016-03-25,2,2.0
HOUSEHOLD_2_442_CA_1_evaluation,HOUSEHOLD_2_442,CA_1,2016-03-25,0,2.0
HOUSEHOLD_2_442_CA_2_evaluation,HOUSEHOLD_2_442,CA_2,2016-03-25,1,3.0
HOUSEHOLD_2_442_CA_3_evaluation,HOUSEHOLD_2_442,CA_3,2016-03-25,0,0.0
HOUSEHOLD_2_442_CA_4_evaluation,HOUSEHOLD_2_442,CA_4,2016-03-25,1,0.0
HOUSEHOLD_2_442_TX_1_evaluation,HOUSEHOLD_2_442,TX_1,2016-03-25,0,1.0
HOUSEHOLD_2_442_TX_2_evaluation,HOUSEHOLD_2_442,TX_2,2016-03-25,1,0.0
HOUSEHOLD_2_442_TX_3_evaluation,HOUSEHOLD_2_442,TX_3,2016-03-25,1,1.0
HOUSEHOLD_2_442_WI_1_evaluation,HOUSEHOLD_2_442,WI_1,2016-03-25,2,1.0
HOUSEHOLD_2_442_WI_2_evaluation,HOUSEHOLD_2_442,WI_2,2016-03-25,1,0.0
HOUSEHOLD_2_442_WI_3_evaluation,HOUSEHOLD_2_442,WI_3,2016-03-25,0,0.0
FOODS_1_021_CA_1_evaluation,FOODS_1_021,CA_1,2016-03-26,2,2.0
FOODS_1_021_CA_2_evaluation,FOODS_1_021,CA_2,2016-03-26,3,1.0
FOODS_1_021_CA_3_evaluation,FOODS_1_021,CA_3,2016-03-26,1,1.0
FOODS_1_021_CA_4_evaluation,FOODS_1_021,CA_4,2016-03-26,1,6.0
FOODS_1_021_TX_1_evaluation,FOODS_1_021,TX_1,2016-03-26,0,0.0
FOODS_1_021_TX_2_evaluation,FOODS_1_021,TX_2,2016-03-26,0,0.0
FOODS_1_021_TX_3_evaluation,FOODS_1_021,TX_3,2016-03-26,0,0.0
FOODS_1_021_WI_1_evaluation,FOODS_1_021,WI_1,2016-03-26,0,0.0
FOODS_1_021_WI_2_evaluation,FOODS_1_021,WI_2,2016-03-26,0,0.0
FOODS_1_021_WI_3_evaluation,FOODS_1_021,WI_3,2016-03-26,0,0.0
FOODS_2_035_CA_1_evaluation,FOODS_2_035,CA_1,2016-03-26,1,0.0
FOODS_2_035_CA_2_evaluation,FOODS_2_035,CA_2,2016-03-26,2,1.0
FOODS_2_035_CA_3_evaluation,FOODS_2_035,CA_3,2016-03-26,1,1.0
FOODS_2_035_CA_4_evaluation,FOODS_2_035,CA_4,2016-03-26,1,1.0
FOODS_2_035_TX_1_evaluation,FOODS_2_035,TX_1,2016-03-26,0,0.0
FOODS_2_035_TX_2_evaluation,FOODS_2_035,TX_2,2016-03-26,4,1.0
FOODS_2_035_TX_3_evaluation,FOODS_2_035,TX_3,2016-03-26,2,2.0
FOODS_2_035_WI_1_evaluation,FOODS_2_035,WI_1,2016-03-26,1,1.0
FOODS_2_035_WI_2_evaluation,FOODS_2_035,WI_2,2016-03-26,2,2.0
FOODS_2_035_WI_3_evaluation,FOODS_2_035,WI_3,2016-03-26,2,3.0
FOODS_3_180_CA_1_evaluation,FOODS_3_180,CA_1,2016-03-26,0,0.0
FOODS_3_180_CA_2_evaluation,FOODS_3_180,CA_2,2016-03-26,0,0.0
FOODS_3_180_CA_3_evaluation,FOODS_3_180,CA_3,2016-03-26,1,0.0
FOODS_3_180_CA_4_evaluation,FOODS_3_180,CA_4,2016-03-26,0,0.0
FOODS_3_180_TX_1_evaluation,FOODS_3_180,TX_1,2016-03-26,0,0.0
FOODS_3_180_TX_2_evaluation,FOODS_3_180,TX_2,2016-03-26,0,0.0
FOODS_3_180_TX_3_evaluation,FOODS_3_180,TX_3,2016-03-26,0,0.0
FOODS_3_180_WI_1_evaluation,FOODS_3_180,WI_1,2016-03-26,2,1.0
FOODS_3_180_WI_2_evaluation,FOODS_3_180,WI_2,2016-03-26,0,0.0
FOODS_3_180_WI_3_evaluation,FOODS_3_180,WI_3,2016-03-26,0,0.0
FOODS_3_260_CA_1_evaluation,FOODS_3_260,CA_1,2016-03-26,0,1.0
FOODS_3_260_CA_2_evaluation,FOODS_3_260,CA_2,2016-03-26,0,0.0
FOODS_3_260_CA_3_evaluation,FOODS_3_260,CA_3,2016-03-26,1,5.0
FOODS_3_260_CA_4_evaluation,FOODS_3_260,CA_4,2016-03-26,0,0.0
FOODS_3_260_TX_1_evaluation,FOODS_3_260,TX_1,2016-03-26,0,0.0
FOODS_3_260_TX_2_evaluation,FOODS_3_260,TX_2,2016-03-26,0,0.0
FOODS_3_260_TX_3_evaluation,FOODS_3_260,TX_3,2016-03-26,0,0.0
FOODS_3_260_WI_1_evaluation,FOODS_3_260,WI_1,2016-03-26,2,1.0
FOODS_3_260_WI_2_evaluation,FOODS_3_260,WI_2,2016-03-26,0,1.0
FOODS_3_260_WI_3_evaluation,FOODS_3_260,WI_3,2016-03-26,0,0.0
HOBBIES_1_022_CA_1_evaluation,HOBBIES_1_022,CA_1,2016-03-26,0,0.0
HOBBIES_1_022_CA_2_evaluation,HOBBIES_1_022,CA_2,2016-03-26,0,0.0
HOBBIES_1_022_CA_3_evaluation,HOBBIES_1_022,CA_3,2016-03-26,1,0.0
HOBBIES_1_022_CA_4_evaluation,HOBBIES_1_022,CA_4,2016-03-26,1,0.0
HOBBIES_1_022_TX_1_evaluation,HOBBIES_1_022,TX_1,2016-03-26,0,0.0
HOBBIES_1_022_TX_2_evaluation,HOBBIES_1_022,TX_2,2016-03-26,1,0.0
HOBBIES_1_022_TX_3_evaluation,HOBBIES_1_022,TX_3,2016-03-26,2,0.0
HOBBIES_1_022_WI_1_evaluation,HOBBIES_1_022,WI_1,2016-03-26,1,0.0
HOBBIES_1_022_WI_2_evaluation,HOBBIES_1_022,WI_2,2016-03-26,0,0.0
HOBBIES_1_022_WI_3_evaluation,HOBBIES_1_022,WI_3,2016-03-26,1,0.0
HOBBIES_1_209_CA_1_evaluation,HOBBIES_1_209,CA_1,2016-03-26,6,4.0
HOBBIES_1_209_CA_2_evaluation,HOBBIES_1_209,CA_2,2016-03-26,9,2.0
HOBBIES_1_209_CA_3_evaluation,HOBBIES_1_209,CA_3,2016-03-26,24,4.0
HOBBIES_1_209_CA_4_evaluation,HOBBIES_1_209,CA_4,2016-03-26,0,0.0
HOBBIES_1_209_TX_1_evaluation,HOBBIES_1_209,TX_1,2016-03-26,0,4.0
HOBBIES_1_209_TX_2_evaluation,HOBBIES_1_209,TX_2,2016-03-26,1,0.0
HOBBIES_1_209_TX_3_evaluation,HOBBIES_1_209,TX_3,2016-03-26,0,1.0
HOBBIES_1_209_WI_1_evaluation,HOBBIES_1_209,WI_1,2016-03-26,3,3.0
HOBBIES_1_209_WI_2_evaluation,HOBBIES_1_209,WI_2,2016-03-26,1,0.0
HOBBIES_1_209_WI_3_evaluation,HOBBIES_1_209,WI_3,2016-03-26,2,3.0
HOBBIES_2_041_CA_1_evaluation,HOBBIES_2_041,CA_1,2016-03-26,1,0.0
HOBBIES_2_041_CA_2_evaluation,HOBBIES_2_041,CA_2,2016-03-26,5,0.0
HOBBIES_2_041_CA_3_evaluation,HOBBIES_2_041,CA_3,2016-03-26,1,0.0
HOBBIES_2_041_CA_4_evaluation,HOBBIES_2_041,CA_4,2016-03-26,0,0.0
HOBBIES_2_041_TX_1_evaluation,HOBBIES_2_041,TX_1,2016-03-26,0,0.0
HOBBIES_2_041_TX_2_evaluation,HOBBIES_2_041,TX_2,2016-03-26,0,1.0
HOBBIES_2_041_TX_3_evaluation,HOBBIES_2_041,TX_3,2016-03-26,0,0.0
HOBBIES_2_041_WI_1_evaluation,HOBBIES_2_041,WI_1,2016-03-26,1,0.0
HOBBIES_2_041_WI_2_evaluation,HOBBIES_2_041,WI_2,2016-03-26,1,0.0
HOBBIES_2_041_WI_3_evaluation,HOBBIES_2_041,WI_3,2016-03-26,0,0.0
HOBBIES_2_113_CA_1_evaluation,HOBBIES_2_113,CA_1,2016-03-26,0,0.0
HOBBIES_2_113_CA_2_evaluation,HOBBIES_2_113,CA_2,2016-03-26,0,0.0
HOBBIES_2_113_CA_3_evaluation,HOBBIES_2_113,CA_3,2016-03-26,1,0.0
HOBBIES_2_113_CA_4_evaluation,HOBBIES_2_113,CA_4,2016-03-26,0,0.0
HOBBIES_2_113_TX_1_evaluation,HOBBIES_2_113,TX_1,2016-03-26,0,0.0
HOBBIES_2_113_TX_2_evaluation,HOBBIES_2_113,TX_2,2016-03-26,0,1.0
HOBBIES_2_113_TX_3_evaluation,HOBBIES_2_113,TX_3,2016-03-26,0,0.0
HOBBIES_2_113_WI_1_evaluation,HOBBIES_2_113,WI_1,2016-03-26,0,0.0
HOBBIES_2_113_WI_2_evaluation,HOBBIES_2_113,WI_2,2016-03-26,0,0.0
HOBBIES_2_113_WI_3_evaluation,HOBBIES_2_113,WI_3,2016-03-26,0,0.0
HOUSEHOLD_1_100_CA_1_evaluation,HOUSEHOLD_1_100,CA_1,2016-03-26,0,1.0
HOUSEHOLD_1_100_CA_2_evaluation,HOUSEHOLD_1_100,CA_2,2016-03-26,0,0.0
HOUSEHOLD_1_100_CA_3_evaluation,HOUSEHOLD_1_100,CA_3,2016-03-26,2,3.0
HOUSEHOLD_1_100_CA_4_evaluation,HOUSEHOLD_1_100,CA_4,2016-03-26,1,0.0
HOUSEHOLD_1_100_TX_1_evaluation,HOUSEHOLD_1_100,TX_1,2016-03-26,0,1.0
HOUSEHOLD_1_100_TX_2_evaluation,HOUSEHOLD_1_100,TX_2,2016-03-26,1,0.0
HOUSEHOLD_1_100_TX_3_evaluation,HOUSEHOLD_1_100,TX_3,2016-03-26,1,2.0
HOUSEHOLD_1_100_WI_1_evaluation,HOUSEHOLD_1_100,WI_1,2016-03-26,1,0.0
HOUSEHOLD_1_100_WI_2_evaluation,HOUSEHOLD_1_100,WI_2,2016-03-26,0,0.0
HOUSEHOLD_1_100_WI_3_evaluation,HOUSEHOLD_1_100,WI_3,2016-03-26,0,1.0
HOUSEHOLD_1_290_CA_1_evaluation,HOUSEHOLD_1_290,CA_1,2016-03-26,2,0.0
HOUSEHOLD_1_290_CA_2_evaluation,HOUSEHOLD_1_290,CA_2,2016-03-26,2,0.0
HOUSEHOLD_1_290_CA_3_evaluation,HOUSEHOLD_1_290,CA_3,2016-03-26,0,0.0
HOUSEHOLD_1_290_CA_4_evaluation,HOUSEHOLD_1_290,CA_4,2016-03-26,0,1.0
HOUSEHOLD_1_290_TX_1_evaluation,HOUSEHOLD_1_290,TX_1,2016-03-26,2,4.0
HOUSEHOLD_1_290_TX_2_evaluation,HOUSEHOLD_1_290,TX_2,2016-03-26,0,2.0
HOUSEHOLD_1_290_TX_3_evaluation,HOUSEHOLD_1_290,TX_3,2016-03-26,4,4.0
HOUSEHOLD_1_290_WI_1_evaluation,HOUSEHOLD_1_290,WI_1,2016-03-26,0,3.0
HOUSEHOLD_1_290_WI_2_evaluation,HOUSEHOLD_1_290,WI_2,2016-03-26,2,2.0
HOUSEHOLD_1_290_WI_3_evaluation,HOUSEHOLD_1_290,WI_3,2016-03-26,0,0.0
HOUSEHOLD_1_370_CA_1_evaluation,HOUSEHOLD_1_370,CA_1,2016-03-26,0,1.0
HOUSEHOLD_1_370_CA_2_evaluation,HOUSEHOLD_1_370,CA_2,2016-03-26,1,3.0
HOUSEHOLD_1_370_CA_3_evaluation,HOUSEHOLD_1_370,CA_3,2016-03-26,2,1.0
HOUSEHOLD_1_370_CA_4_evaluation,HOUSEHOLD_1_370,CA_4,2016-03-26,0,2.0
HOUSEHOLD_1_370_TX_1_evaluation,HOUSEHOLD_1_370,TX_1,2016-03-26,0,0.0
HOUSEHOLD_1_370_TX_2_evaluation,HOUSEHOLD_1_370,TX_2,2016-03-26,0,1.0
HOUSEHOLD_1_370_TX_3_evaluation,HOUSEHOLD_1_370,TX_3,2016-03-26,0,0.0
HOUSEHOLD_1_370_WI_1_evaluation,HOUSEHOLD_1_370,WI_1,2016-03-26,0,0.0
HOUSEHOLD_1_370_WI_2_evaluation,HOUSEHOLD_1_370,WI_2,2016-03-26,2,4.0
HOUSEHOLD_1_370_WI_3_evaluation,HOUSEHOLD_1_370,WI_3,2016-03-26,0,1.0
HOUSEHOLD_1_489_CA_1_evaluation,HOUSEHOLD_1_489,CA_1,2016-03-26,1,2.0
HOUSEHOLD_1_489_CA_2_evaluation,HOUSEHOLD_1_489,CA_2,2016-03-26,0,2.0
HOUSEHOLD_1_489_CA_3_evaluation,HOUSEHOLD_1_489,CA_3,2016-03-26,3,2.0
HOUSEHOLD_1_489_CA_4_evaluation,HOUSEHOLD_1_489,CA_4,2016-03-26,1,1.0
HOUSEHOLD_1_489_TX_1_evaluation,HOUSEHOLD_1_489,TX_1,2016-03-26,6,0.0
HOUSEHOLD_1_489_TX_2_evaluation,HOUSEHOLD_1_489,TX_2,2016-03-26,1,0.0
HOUSEHOLD_1_489_TX_3_evaluation,HOUSEHOLD_1_489,TX_3,2016-03-26,0,0.0
HOUSEHOLD_1_489_WI_1_evaluation,HOUSEHOLD_1_489,WI_1,2016-03-26,0,0.0
HOUSEHOLD_1_489_WI_2_evaluation,HOUSEHOLD_1_489,WI_2,2016-03-26,1,2.0
HOUSEHOLD_1_489_WI_3_evaluation,HOUSEHOLD_1_489,WI_3,2016-03-26,0,1.0
HOUSEHOLD_2_442_CA_1_evaluation,HOUSEHOLD_2_442,CA_1,2016-03-26,0,1.0
HOUSEHOLD_2_442_CA_2_evaluation,HOUSEHOLD_2_442,CA_2,2016-03-26,2,4.0
HOUSEHOLD_2_442_CA_3_evaluation,HOUSEHOLD_2_442,CA_3,2016-03-26,1,2.0
HOUSEHOLD_2_442_CA_4_evaluation,HOUSEHOLD_2_442,CA_4,2016-03-26,2,1.0
HOUSEHOLD_2_442_TX_1_evaluation,HOUSEHOLD_2_442,TX_1,2016-03-26,0,0.0
HOUSEHOLD_2_442_TX_2_evaluation,HOUSEHOLD_2_442,TX_2,2016-03-26,2,1.0
HOUSEHOLD_2_442_TX_3_evaluation,HOUSEHOLD_2_442,TX_3,2016-03-26,1,0.0
HOUSEHOLD_2_442_WI_1_evaluation,HOUSEHOLD_2_442,WI_1,2016-03-26,2,4.0
HOUSEHOLD_2_442_WI_2_evaluation,HOUSEHOLD_2_442,WI_2,2016-03-26,1,2.0
HOUSEHOLD_2_442_WI_3_evaluation,HOUSEHOLD_2_442,WI_3,2016-03-26,2,1.0
FOODS_1_021_CA_1_evaluation,FOODS_1_021,CA_1,2016-03-27,3,0.0
FOODS_1_021_CA_2_evaluation,FOODS_1_021,CA_2,2016-03-27,0,3.0
FOODS_1_021_CA_3_evaluation,FOODS_1_021,CA_3,2016-03-27,1,1.0
FOODS_1_021_CA_4_evaluation,FOODS_1_021,CA_4,2016-03-27,4,5.0
FOODS_1_021_TX_1_evaluation,FOODS_1_021,TX_1,2016-03-27,0,0.0
FOODS_1_021_TX_2_evaluation,FOODS_1_021,TX_2,2016-03-27,0,0.0
FOODS_1_021_TX_3_evaluation,FOODS_1_021,TX_3,2016-03-27,0,0.0
FOODS_1_021_WI_1_evaluation,FOODS_1_021,WI_1,2016-03-27,0,5.0
FOODS_1_021_WI_2_evaluation,FOODS_1_021,WI_2,2016-03-27,1,1.0
FOODS_1_021_WI_3_evaluation,FOODS_1_021,WI_3,2016-03-27,0,1.0
FOODS_2_035_CA_1_evaluation,FOODS_2_035,CA_1,2016-03-27,0,0.0
FOODS_2_035_CA_2_evaluation,FOODS_2_035,CA_2,2016-03-27,4,1.0
FOODS_2_035_CA_3_evaluation,FOODS_2_035,CA_3,2016-03-27,0,2.0
FOODS_2_035_CA_4_evaluation,FOODS_2_035,CA_4,2016-03-27,2,0.0
FOODS_2_035_TX_1_evaluation,FOODS_2_035,TX_1,2016-03-27,1,0.0
FOODS_2_035_TX_2_evaluation,FOODS_2_035,TX_2,2016-03-27,3,1.0
FOODS_2_035_TX_3_evaluation,FOODS_2_035,TX_3,2016-03-27,0,1.0
FOODS_2_035_WI_1_evaluation,FOODS_2_035,WI_1,2016-03-27,1,2.0
FOODS_2_035_WI_2_evaluation,FOODS_2_035,WI_2,2016-03-27,1,1.0
FOODS_2_035_WI_3_evaluation,FOODS_2_035,WI_3,2016-03-27,1,2.0
FOODS_3_180_CA_1_evaluation,FOODS_3_180,CA_1,2016-03-27,1,0.0
FOODS_3_180_CA_2_evaluation,FOODS_3_180,CA_2,2016-03-27,0,0.0
FOODS_3_180_CA_3_evaluation,FOODS_3_180,CA_3,2016-03-27,0,1.0
FOODS_3_180_CA_4_evaluation,FOODS_3_180,CA_4,2016-03-27,0,1.0
FOODS_3_180_TX_1_evaluation,FOODS_3_180,TX_1,2016-03-27,1,0.0
FOODS_3_180_TX_2_evaluation,FOODS_3_180,TX_2,2016-03-27,0,0.0
FOODS_3_180_TX_3_evaluation,FOODS_3_180,TX_3,2016-03-27,0,0.0
FOODS_3_180_WI_1_evaluation,FOODS_3_180,WI_1,2016-03-27,0,0.0
FOODS_3_180_WI_2_evaluation,FOODS_3_180,WI_2,2016-03-27,0,0.0
FOODS_3_180_WI_3_evaluation,FOODS_3_180,WI_3,2016-03-27,2,1.0
FOODS_3_260_CA_1_evaluation,FOODS_3_260,CA_1,2016-03-27,3,2.0
FOODS_3_260_CA_2_evaluation,FOODS_3_260,CA_2,2016-03-27,2,0.0
FOODS_3_260_CA_3_evaluation,FOODS_3_260,CA_3,2016-03-27,1,0.0
FOODS_3_260_CA_4_evaluation,FOODS_3_260,CA_4,2016-03-27,0,0.0
FOODS_3_260_TX_1_evaluation,FOODS_3_260,TX_1,2016-03-27,1,0.0
FOODS_3_260_TX_2_evaluation,FOODS_3_260,TX_2,2016-03-27,0,0.0
FOODS_3_260_TX_3_evaluation,FOODS_3_260,TX_3,2016-03-27,0,0.0
FOODS_3_260_WI_1_evaluation,FOODS_3_260,WI_1,2016-03-27,1,0.0
FOODS_3_260_WI_2_evaluation,FOODS_3_260,WI_2,2016-03-27,0,1.0
FOODS_3_260_WI_3_evaluation,FOODS_3_260,WI_3,2016-03-27,1,1.0
HOBBIES_1_022_CA_1_evaluation,HOBBIES_1_022,CA_1,2016-03-27,0,0.0
HOBBIES_1_022_CA_2_evaluation,HOBBIES_1_022,CA_2,2016-03-27,0,1.0
HOBBIES_1_022_CA_3_evaluation,HOBBIES_1_022,CA_3,2016-03-27,0,2.0
HOBBIES_1_022_CA_4_evaluation,HOBBIES_1_022,CA_4,2016-03-27,0,0.0
HOBBIES_1_022_TX_1_evaluation,HOBBIES_1_022,TX_1,2016-03-27,1,2.0
HOBBIES_1_022_TX_2_evaluation,HOBBIES_1_022,TX_2,2016-03-27,0,0.0
HOBBIES_1_022_TX_3_evaluation,HOBBIES_1_022,TX_3,2016-03-27,1,1.0
HOBBIES_1_022_WI_1_evaluation,HOBBIES_1_022,WI_1,2016-03-27,1,0.0
HOBBIES_1_022_WI_2_evaluation,HOBBIES_1_022,WI_2,2016-03-27,0,0.0
HOBBIES_1_022_WI_3_evaluation,HOBBIES_1_022,WI_3,2016-03-27,1,0.0
HOBBIES_1_209_CA_1_evaluation,HOBBIES_1_209,CA_1,2016-03-27,2,2.0
HOBBIES_1_209_CA_2_evaluation,HOBBIES_1_209,CA_2,2016-03-27,6,8.0
HOBBIES_1_209_CA_3_evaluation,HOBBIES_1_209,CA_3,2016-03-27,6,12.0
HOBBIES_1_209_CA_4_evaluation,HOBBIES_1_209,CA_4,2016-03-27,0,0.0
HOBBIES_1_209_TX_1_evaluation,HOBBIES_1_209,TX_1,2016-03-27,8,1.0
HOBBIES_1_209_TX_2_evaluation,HOBBIES_1_209,TX_2,2016-03-27,2,1.0
HOBBIES_1_209_TX_3_evaluation,HOBBIES_1_209,TX_3,2016-03-27,0,2.0
HOBBIES_1_209_WI_1_evaluation,HOBBIES_1_209,WI_1,2016-03-27,1,2.0
HOBBIES_1_209_WI_2_evaluation,HOBBIES_1_209,WI_2,2016-03-27,1,1.0
HOBBIES_1_209_WI_3_evaluation,HOBBIES_1_209,WI_3,2016-03-27,24,27.0
HOBBIES_2_041_CA_1_evaluation,HOBBIES_2_041,CA_1,2016-03-27,0,2.0
HOBBIES_2_041_CA_2_evaluation,HOBBIES_2_041,CA_2,2016-03-27,0,0.0
HOBBIES_2_041_CA_3_evaluation,HOBBIES_2_041,CA_3,2016-03-27,0,0.0
HOBBIES_2_041_CA_4_evaluation,HOBBIES_2_041,CA_4,2016-03-27,0,1.0
HOBBIES_2_041_TX_1_evaluation,HOBBIES_2_041,TX_1,2016-03-27,1,0.0
HOBBIES_2_041_TX_2_evaluation,HOBBIES_2_041,TX_2,2016-03-27,1,2.0
HOBBIES_2_041_TX_3_evaluation,HOBBIES_2_041,TX_3,2016-03-27,0,0.0
HOBBIES_2_041_WI_1_evaluation,HOBBIES_2_041,WI_1,2016-03-27,0,0.0
HOBBIES_2_041_WI_2_evaluation,HOBBIES_2_041,WI_2,2016-03-27,0,0.0
HOBBIES_2_041_WI_3_evaluation,HOBBIES_2_041,WI_3,2016-03-27,1,0.0
HOBBIES_2_113_CA_1_evaluation,HOBBIES_2_113,CA_1,2016-03-27,0,0.0
HOBBIES_2_113_CA_2_evaluation,HOBBIES_2_113,CA_2,2016-03-27,0,0.0
HOBBIES_2_113_CA_3_evaluation,HOBBIES_2_113,CA_3,2016-03-27,0,0.0
HOBBIES_2_113_CA_4_evaluation,HOBBIES_2_113,CA_4,2016-03-27,1,0.0
HOBBIES_2_113_TX_1_evaluation,HOBBIES_2_113,TX_1,2016-03-27,0,0.0
HOBBIES_2_113_TX_2_evaluation,HOBBIES_2_113,TX_2,2016-03-27,0,0.0
HOBBIES_2_113_TX_3_evaluation,HOBBIES_2_113,TX_3,2016-03-27,0,0.0
HOBBIES_2_113_WI_1_evaluation,HOBBIES_2_113,WI_1,2016-03-27,0,0.0
HOBBIES_2_113_WI_2_evaluation,HOBBIES_2_113,WI_2,2016-03-27,0,0.0
HOBBIES_2_113_WI_3_evaluation,HOBBIES_2_113,WI_3,2016-03-27,0,0.0
HOUSEHOLD_1_100_CA_1_evaluation,HOUSEHOLD_1_100,CA_1,2016-03-27,2,2.0
HOUSEHOLD_1_100_CA_2_evaluation,HOUSEHOLD_1_100,CA_2,2016-03-27,0,2.0
HOUSEHOLD_1_100_CA_3_evaluation,HOUSEHOLD_1_100,CA_3,2016-03-27,5,6.0
HOUSEHOLD_1_100_CA_4_evaluation,HOUSEHOLD_1_100,CA_4,2016-03-27,0,0.0
HOUSEHOLD_1_100_TX_1_evaluation,HOUSEHOLD_1_100,TX_1,2016-03-27,1,0.0
HOUSEHOLD_1_100_TX_2_evaluation,HOUSEHOLD_1_100,TX_2,2016-03-27,1,3.0
HOUSEHOLD_1_100_TX_3_evaluation,HOUSEHOLD_1_100,TX_3,2016-03-27,1,3.0
HOUSEHOLD_1_100_WI_1_evaluation,HOUSEHOLD_1_100,WI_1,2016-03-27,0,1.0
HOUSEHOLD_1_100_WI_2_evaluation,HOUSEHOLD_1_100,WI_2,2016-03-27,1,0.0
HOUSEHOLD_1_100_WI_3_evaluation,HOUSEHOLD_1_100,WI_3,2016-03-27,0,0.0
HOUSEHOLD_1_290_CA_1_evaluation,HOUSEHOLD_1_290,CA_1,2016-03-27,4,1.0
HOUSEHOLD_1_290_CA_2_evaluation,HOUSEHOLD_1_290,CA_2,2016-03-27,1,0.0
HOUSEHOLD_1_290_CA_3_evaluation,HOUSEHOLD_1_290,CA_3,2016-03-27,0,4.0
HOUSEHOLD_1_290_CA_4_evaluation,HOUSEHOLD_1_290,CA_4,2016-03-27,1,0.0
HOUSEHOLD_1_290_TX_1_evaluation,HOUSEHOLD_1_290,TX_1,2016-03-27,3,0.0
HOUSEHOLD_1_290_TX_2_evaluation,HOUSEHOLD_1_290,TX_2,2016-03-27,3,0.0
HOUSEHOLD_1_290_TX_3_evaluation,HOUSEHOLD_1_290,TX_3,2016-03-27,1,1.0
HOUSEHOLD_1_290_WI_1_evaluation,HOUSEHOLD_1_290,WI_1,2016-03-27,0,0.0
HOUSEHOLD_1_290_WI_2_evaluation,HOUSEHOLD_1_290,WI_2,2016-03-27,1,3.0
HOUSEHOLD_1_290_WI_3_evaluation,HOUSEHOLD_1_290,WI_3,2016-03-27,2,3.0
HOUSEHOLD_1_370_CA_1_evaluation,HOUSEHOLD_1_370,CA_1,2016-03-27,0,1.0
HOUSEHOLD_1_370_CA_2_evaluation,HOUSEHOLD_1_370,CA_2,2016-03-27,2,3.0
HOUSEHOLD_1_370_CA_3_evaluation,HOUSEHOLD_1_370,CA_3,2016-03-27,3,4.0
HOUSEHOLD_1_370_CA_4_evaluation,HOUSEHOLD_1_370,CA_4,2016-03-27,2,0.0
HOUSEHOLD_1_370_TX_1_evaluation,HOUSEHOLD_1_370,TX_1,2016-03-27,1,1.0
HOUSEHOLD_1_370_TX_2_evaluation,HOUSEHOLD_1_370,TX_2,2016-03-27,2,1.0
HOUSEHOLD_1_370_TX_3_evaluation,HOUSEHOLD_1_370,TX_3,2016-03-27,2,1.0
HOUSEHOLD_1_370_WI_1_evaluation,HOUSEHOLD_1_370,WI_1,2016-03-27,2,1.0
HOUSEHOLD_1_370_WI_2_evaluation,HOUSEHOLD_1_370,WI_2,2016-03-27,6,8.0
HOUSEHOLD_1_370_WI_3_evaluation,HOUSEHOLD_1_370,WI_3,2016-03-27,1,1.0
HOUSEHOLD_1_489_CA_1_evaluation,HOUSEHOLD_1_489,CA_1,2016-03-27,0,1.0
HOUSEHOLD_1_489_CA_2_evaluation,HOUSEHOLD_1_489,CA_2,2016-03-27,3,1.0
HOUSEHOLD_1_489_CA_3_evaluation,HOUSEHOLD_1_489,CA_3,2016-03-27,3,4.0
HOUSEHOLD_1_489_CA_4_evaluation,HOUSEHOLD_1_489,CA_4,2016-03-27,0,1.0
HOUSEHOLD_1_489_TX_1_evaluation,HOUSEHOLD_1_489,TX_1,2016-03-27,0,0.0
HOUSEHOLD_1_489_TX_2_evaluation,HOUSEHOLD_1_489,TX_2,2016-03-27,1,2.0
HOUSEHOLD_1_489_TX_3_evaluation,HOUSEHOLD_1_489,TX_3,2016-03-27,4,3.0
HOUSEHOLD_1_489_WI_1_evaluation,HOUSEHOLD_1_489,WI_1,2016-03-27,1,3.0
HOUSEHOLD_1_489_WI_2_evaluation,HOUSEHOLD_1_489,WI_2,2016-03-27,0,0.0
HOUSEHOLD_1_489_WI_3_evaluation,HOUSEHOLD_1_489,WI_3,2016-03-27,0,0.0
HOUSEHOLD_2_442_CA_1_evaluation,HOUSEHOLD_2_442,CA_1,2016-03-27,1,0.0
HOUSEHOLD_2_442_CA_2_evaluation,HOUSEHOLD_2_442,CA_2,2016-03-27,5,1.0
HOUSEHOLD_2_442_CA_3_evaluation,HOUSEHOLD_2_442,CA_3,2016-03-27,3,3.0
HOUSEHOLD_2_442_CA_4_evaluation,HOUSEHOLD_2_442,CA_4,2016-03-27,1,0.0
HOUSEHOLD_2_442_TX_1_evaluation,HOUSEHOLD_2_442,TX_1,2016-03-27,0,1.0
HOUSEHOLD_2_442_TX_2_evaluation,HOUSEHOLD_2_442,TX_2,2016-03-27,1,1.0
HOUSEHOLD_2_442_TX_3_evaluation,HOUSEHOLD_2_442,TX_3,2016-03-27,1,2.0
HOUSEHOLD_2_442_WI_1_evaluation,HOUSEHOLD_2_442,WI_1,2016-03-27,2,3.0
HOUSEHOLD_2_442_WI_2_evaluation,HOUSEHOLD_2_442,WI_2,2016-03-27,2,0.0
HOUSEHOLD_2_442_WI_3_evaluation,HOUSEHOLD_2_442,WI_3,2016-03-27,1,1.0
FOODS_1_021_CA_1_evaluation,FOODS_1_021,CA_1,2016-03-28,3,0.0
FOODS_1_021_CA_2_evaluation,FOODS_1_021,CA_2,2016-03-28,2,3.0
FOODS_1_021_CA_3_evaluation,FOODS_1_021,CA_3,2016-03-28,0,2.0
FOODS_1_021_CA_4_evaluation,FOODS_1_021,CA_4,2016-03-28,0,4.0
FOODS_1_021_TX_1_evaluation,FOODS_1_021,TX_1,2016-03-28,2,0.0
FOODS_1_021_TX_2_evaluation,FOODS_1_021,TX_2,2016-03-28,0,0.0
FOODS_1_021_TX_3_evaluation,FOODS_1_021,TX_3,2016-03-28,0,0.0
FOODS_1_021_WI_1_evaluation,FOODS_1_021,WI_1,2016-03-28,2,5.0
FOODS_1_021_WI_2_evaluation,FOODS_1_021,WI_2,2016-03-28,0,1.0
FOODS_1_021_WI_3_evaluation,FOODS_1_021,WI_3,2016-03-28,1,0.0
FOODS_2_035_CA_1_evaluation,FOODS_2_035,CA_1,2016-03-28,4,0.0
FOODS_2_035_CA_2_evaluation,FOODS_2_035,CA_2,2016-03-28,3,5.0
FOODS_2_035_CA_3_evaluation,FOODS_2_035,CA_3,2016-03-28,3,6.0
FOODS_2_035_CA_4_evaluation,FOODS_2_035,CA_4,2016-03-28,1,1.0
FOODS_2_035_TX_1_evaluation,FOODS_2_035,TX_1,2016-03-28,2,0.0
FOODS_2_035_TX_2_evaluation,FOODS_2_035,TX_2,2016-03-28,1,5.0
FOODS_2_035_TX_3_evaluation,FOODS_2_035,TX_3,2016-03-28,3,3.0
FOODS_2_035_WI_1_evaluation,FOODS_2_035,WI_1,2016-03-28,2,2.0
FOODS_2_035_WI_2_evaluation,FOODS_2_035,WI_2,2016-03-28,2,2.0
FOODS_2_035_WI_3_evaluation,FOODS_2_035,WI_3,2016-03-28,0,2.0
FOODS_3_180_CA_1_evaluation,FOODS_3_180,CA_1,2016-03-28,0,1.0
FOODS_3_180_CA_2_evaluation,FOODS_3_180,CA_2,2016-03-28,0,1.0
FOODS_3_180_CA_3_evaluation,FOODS_3_180,CA_3,2016-03-28,2,0.0
FOODS_3_180_CA_4_evaluation,FOODS_3_180,CA_4,2016-03-28,2,0.0
FOODS_3_180_TX_1_evaluation,FOODS_3_180,TX_1,2016-03-28,0,0.0
FOODS_3_180_TX_2_evaluation,FOODS_3_180,TX_2,2016-03-28,0,0.0
FOODS_3_180_TX_3_evaluation,FOODS_3_180,TX_3,2016-03-28,0,1.0
FOODS_3_180_WI_1_evaluation,FOODS_3_180,WI_1,2016-03-28,1,2.0
FOODS_3_180_WI_2_evaluation,FOODS_3_180,WI_2,2016-03-28,1,1.0
FOODS_3_180_WI_3_evaluation,FOODS_3_180,WI_3,2016-03-28,1,1.0
FOODS_3_260_CA_1_evaluation,FOODS_3_260,CA_1,2016-03-28,0,0.0
FOODS_3_260_CA_2_evaluation,FOODS_3_260,CA_2,2016-03-28,0,0.0
FOODS_3_260_CA_3_evaluation,FOODS_3_260,CA_3,2016-03-28,1,0.0
FOODS_3_260_CA_4_evaluation,FOODS_3_260,CA_4,2016-03-28,1,0.0
FOODS_3_260_TX_1_evaluation,FOODS_3_260,TX_1,2016-03-28,0,0.0
FOODS_3_260_TX_2_evaluation,FOODS_3_260,TX_2,2016-03-28,0,2.0
FOODS_3_260_TX_3_evaluation,FOODS_3_260,TX_3,2016-03-28,0,0.0
FOODS_3_260_WI_1_evaluation,FOODS_3_260,WI_1,2016-03-28,0,0.0
FOODS_3_260_WI_2_evaluation,FOODS_3_260,WI_2,2016-03-28,1,1.0
FOODS_3_260_WI_3_evaluation,FOODS_3_260,WI_3,2016-03-28,0,0.0
HOBBIES_1_022_CA_1_evaluation,HOBBIES_1_022,CA_1,2016-03-28,0,1.0
HOBBIES_1_022_CA_2_evaluation,HOBBIES_1_022,CA_2,2016-03-28,0,0.0
HOBBIES_1_022_CA_3_evaluation,HOBBIES_1_022,CA_3,2016-03-28,0,1.0
HOBBIES_1_022_CA_4_evaluation,HOBBIES_1_022,CA_4,2016-03-28,1,0.0
HOBBIES_1_022_TX_1_evaluation,HOBBIES_1_022,TX_1,2016-03-28,0,0.0
HOBBIES_1_022_TX_2_evaluation,HOBBIES_1_022,TX_2,2016-03-28,2,1.0
HOBBIES_1_022_TX_3_evaluation,HOBBIES_1_022,TX_3,2016-03-28,0,0.0
HOBBIES_1_022_WI_1_evaluation,HOBBIES_1_022,WI_1,2016-03-28,1,0.0
HOBBIES_1_022_WI_2_evaluation,HOBBIES_1_022,WI_2,2016-03-28,0,0.0
HOBBIES_1_022_WI_3_evaluation,HOBBIES_1_022,WI_3,2016-03-28,0,0.0
HOBBIES_1_209_CA_1_evaluation,HOBBIES_1_209,CA_1,2016-03-28,3,4.0
HOBBIES_1_209_CA_2_evaluation,HOBBIES_1_209,CA_2,2016-03-28,6,6.0
HOBBIES_1_209_CA_3_evaluation,HOBBIES_1_209,CA_3,2016-03-28,10,14.0
HOBBIES_1_209_CA_4_evaluation,HOBBIES_1_209,CA_4,2016-03-28,0,0.0
HOBBIES_1_209_TX_1_evaluation,HOBBIES_1_209,TX_1,2016-03-28,3,2.0
HOBBIES_1_209_TX_2_evaluation,HOBBIES_1_209,TX_2,2016-03-28,2,0.0
HOBBIES_1_209_TX_3_evaluation,HOBBIES_1_209,TX_3,2016-03-28,0,6.0
HOBBIES_1_209_WI_1_evaluation,HOBBIES_1_209,WI_1,2016-03-28,0,0.0
HOBBIES_1_209_WI_2_evaluation,HOBBIES_1_209,WI_2,2016-03-28,0,0.0
HOBBIES_1_209_WI_3_evaluation,HOBBIES_1_209,WI_3,2016-03-28,0,2.0
HOBBIES_2_041_CA_1_evaluation,HOBBIES_2_041,CA_1,2016-03-28,0,0.0
HOBBIES_2_041_CA_2_evaluation,HOBBIES_2_041,CA_2,2016-03-28,2,0.0
HOBBIES_2_041_CA_3_evaluation,HOBBIES_2_041,CA_3,2016-03-28,0,10.0
HOBBIES_2_041_CA_4_evaluation,HOBBIES_2_041,CA_4,2016-03-28,0,1.0
HOBBIES_2_041_TX_1_evaluation,HOBBIES_2_041,TX_1,2016-03-28,0,0.0
HOBBIES_2_041_TX_2_evaluation,HOBBIES_2_041,TX_2,2016-03-28,1,3.0
HOBBIES_2_041_TX_3_evaluation,HOBBIES_2_041,TX_3,2016-03-28,0,0.0
HOBBIES_2_041_WI_1_evaluation,HOBBIES_2_041,WI_1,2016-03-28,1,0.0
HOBBIES_2_041_WI_2_evaluation,HOBBIES_2_041,WI_2,2016-03-28,0,0.0
HOBBIES_2_041_WI_3_evaluation,HOBBIES_2_041,WI_3,2016-03-28,0,0.0
HOBBIES_2_113_CA_1_evaluation,HOBBIES_2_113,CA_1,2016-03-28,0,0.0
HOBBIES_2_113_CA_2_evaluation,HOBBIES_2_113,CA_2,2016-03-28,0,0.0
HOBBIES_2_113_CA_3_evaluation,HOBBIES_2_113,CA_3,2016-03-28,0,0.0
HOBBIES_2_113_CA_4_evaluation,HOBBIES_2_113,CA_4,2016-03-28,0,0.0
HOBBIES_2_113_TX_1_evaluation,HOBBIES_2_113,TX_1,2016-03-28,0,0.0
HOBBIES_2_113_TX_2_evaluation,HOBBIES_2_113,TX_2,2016-03-28,0,0.0
HOBBIES_2_113_TX_3_evaluation,HOBBIES_2_113,TX_3,2016-03-28,0,0.0
HOBBIES_2_113_WI_1_evaluation,HOBBIES_2_113,WI_1,2016-03-28,0,0.0
HOBBIES_2_113_WI_2_evaluation,HOBBIES_2_113,WI_2,2016-03-28,0,0.0
HOBBIES_2_113_WI_3_evaluation,HOBBIES_2_113,WI_3,2016-03-28,0,0.0
HOUSEHOLD_1_100_CA_1_evaluation,HOUSEHOLD_1_100,CA_1,2016-03-28,3,1.0
HOUSEHOLD_1_100_CA_2_evaluation,HOUSEHOLD_1_100,CA_2,2016-03-28,0,1.0
HOUSEHOLD_1_100_CA_3_evaluation,HOUSEHOLD_1_100,CA_3,2016-03-28,3,2.0
HOUSEHOLD_1_100_CA_4_evaluation,HOUSEHOLD_1_100,CA_4,2016-03-28,1,1.0
HOUSEHOLD_1_100_TX_1_evaluation,HOUSEHOLD_1_100,TX_1,2016-03-28,4,1.0
HOUSEHOLD_1_100_TX_2_evaluation,HOUSEHOLD_1_100,TX_2,2016-03-28,3,0.0
HOUSEHOLD_1_100_TX_3_evaluation,HOUSEHOLD_1_100,TX_3,2016-03-28,6,4.0
HOUSEHOLD_1_100_WI_1_evaluation,HOUSEHOLD_1_100,WI_1,2016-03-28,1,1.0
HOUSEHOLD_1_100_WI_2_evaluation,HOUSEHOLD_1_100,WI_2,2016-03-28,0,0.0
HOUSEHOLD_1_100_WI_3_evaluation,HOUSEHOLD_1_100,WI_3,2016-03-28,2,3.0
HOUSEHOLD_1_290_CA_1_evaluation,HOUSEHOLD_1_290,CA_1,2016-03-28,1,5.0
HOUSEHOLD_1_290_CA_2_evaluation,HOUSEHOLD_1_290,CA_2,2016-03-28,2,0.0
HOUSEHOLD_1_290_CA_3_evaluation,HOUSEHOLD_1_290,CA_3,2016-03-28,0,2.0
HOUSEHOLD_1_290_CA_4_evaluation,HOUSEHOLD_1_290,CA_4,2016-03-28,3,0.0
HOUSEHOLD_1_290_TX_1_evaluation,HOUSEHOLD_1_290,TX_1,2016-03-28,0,0.0
HOUSEHOLD_1_290_TX_2_evaluation,HOUSEHOLD_1_290,TX_2,2016-03-28,1,1.0
HOUSEHOLD_1_290_TX_3_evaluation,HOUSEHOLD_1_290,TX_3,2016-03-28,7,2.0
HOUSEHOLD_1_290_WI_1_evaluation,HOUSEHOLD_1_290,WI_1,2016-03-28,1,0.0
HOUSEHOLD_1_290_WI_2_evaluation,HOUSEHOLD_1_290,WI_2,2016-03-28,4,0.0
HOUSEHOLD_1_290_WI_3_evaluation,HOUSEHOLD_1_290,WI_3,2016-03-28,0,2.0
HOUSEHOLD_1_370_CA_1_evaluation,HOUSEHOLD_1_370,CA_1,2016-03-28,3,1.0
HOUSEHOLD_1_370_CA_2_evaluation,HOUSEHOLD_1_370,CA_2,2016-03-28,5,3.0
HOUSEHOLD_1_370_CA_3_evaluation,HOUSEHOLD_1_370,CA_3,2016-03-28,5,7.0
HOUSEHOLD_1_370_CA_4_evaluation,HOUSEHOLD_1_370,CA_4,2016-03-28,4,1.0
HOUSEHOLD_1_370_TX_1_evaluation,HOUSEHOLD_1_370,TX_1,2016-03-28,0,1.0
HOUSEHOLD_1_370_TX_2_evaluation,HOUSEHOLD_1_370,TX_2,2016-03-28,5,1.0
HOUSEHOLD_1_370_TX_3_evaluation,HOUSEHOLD_1_370,TX_3,2016-03-28,0,2.0
HOUSEHOLD_1_370_WI_1_evaluation,HOUSEHOLD_1_370,WI_1,2016-03-28,0,2.0
HOUSEHOLD_1_370_WI_2_evaluation,HOUSEHOLD_1_370,WI_2,2016-03-28,1,4.0
HOUSEHOLD_1_370_WI_3_evaluation,HOUSEHOLD_1_370,WI_3,2016-03-28,1,2.0
HOUSEHOLD_1_489_CA_1_evaluation,HOUSEHOLD_1_489,CA_1,2016-03-28,2,0.0
HOUSEHOLD_1_489_CA_2_evaluation,HOUSEHOLD_1_489,CA_2,2016-03-28,4,3.0
HOUSEHOLD_1_489_CA_3_evaluation,HOUSEHOLD_1_489,CA_3,2016-03-28,0,3.0
HOUSEHOLD_1_489_CA_4_evaluation,HOUSEHOLD_1_489,CA_4,2016-03-28,1,0.0
HOUSEHOLD_1_489_TX_1_evaluation,HOUSEHOLD_1_489,TX_1,2016-03-28,0,3.0
HOUSEHOLD_1_489_TX_2_evaluation,HOUSEHOLD_1_489,TX_2,2016-03-28,0,4.0
HOUSEHOLD_1_489_TX_3_evaluation,HOUSEHOLD_1_489,TX_3,2016-03-28,0,1.0
HOUSEHOLD_1_489_WI_1_evaluation,HOUSEHOLD_1_489,WI_1,2016-03-28,0,1.0
HOUSEHOLD_1_489_WI_2_evaluation,HOUSEHOLD_1_489,WI_2,2016-03-28,0,0.0
HOUSEHOLD_1_489_WI_3_evaluation,HOUSEHOLD_1_489,WI_3,2016-03-28,1,0.0
HOUSEHOLD_2_442_CA_1_evaluation,HOUSEHOLD_2_442,CA_1,2016-03-28,2,2.0
HOUSEHOLD_2_442_CA_2_evaluation,HOUSEHOLD_2_442,CA_2,2016-03-28,1,0.0
HOUSEHOLD_2_442_CA_3_evaluation,HOUSEHOLD_2_442,CA_3,2016-03-28,0,0.0
HOUSEHOLD_2_442_CA_4_evaluation,HOUSEHOLD_2_442,CA_4,2016-03-28,0,0.0
HOUSEHOLD_2_442_TX_1_evaluation,HOUSEHOLD_2_442,TX_1,2016-03-28,0,0.0
HOUSEHOLD_2_442_TX_2_evaluation,HOUSEHOLD_2_442,TX_2,2016-03-28,2,3.0
HOUSEHOLD_2_442_TX_3_evaluation,HOUSEHOLD_2_442,TX_3,2016-03-28,0,0.0
HOUSEHOLD_2_442_WI_1_evaluation,HOUSEHOLD_2_442,WI_1,2016-03-28,3,0.0
HOUSEHOLD_2_442_WI_2_evaluation,HOUSEHOLD_2_442,WI_2,2016-03-28,2,2.0
HOUSEHOLD_2_442_WI_3_evaluation,HOUSEHOLD_2_442,WI_3,2016-03-28,0,0.0
