date,item_id,dept_id,cat_id,store_id,state_id,actual_demand,prediction
2016-03-01,FOODS_1_021,FOODS_1,FOODS,CA_1,CA,0,2.242890017085439
2016-03-01,FOODS_1_021,FOODS_1,FOODS,CA_2,CA,0,1.9728864515926992
2016-03-01,FOODS_1_021,FOODS_1,FOODS,CA_3,CA,2,1.5340231655299776
2016-03-01,FOODS_1_021,FOODS_1,FOODS,CA_4,CA,0,2.7999738211617404
2016-03-01,FOODS_1_021,FOODS_1,FOODS,TX_1,TX,1,0.6986136748570094
2016-03-01,FOODS_1_021,FOODS_1,FOODS,TX_2,TX,0,0.15043318560122423
2016-03-01,FOODS_1_021,FOODS_1,FOODS,TX_3,TX,0,0.14328894384347549
2016-03-01,FOODS_1_021,FOODS_1,FOODS,WI_1,WI,0,2.256806919489094
2016-03-01,FOODS_1_021,FOODS_1,FOODS,WI_2,WI,1,0.9734507987190553
2016-03-01,FOODS_1_021,FOODS_1,FOODS,WI_3,WI,0,0.8475140723326562
2016-03-01,FOODS_2_035,FOODS_2,FOODS,CA_1,CA,2,1.401269647387219
2016-03-01,FOODS_2_035,FOODS_2,FOODS,CA_2,CA,3,2.1407614653549665
2016-03-01,FOODS_2_035,FOODS_2,FOODS,CA_3,CA,4,2.8783340638036323
2016-03-01,FOODS_2_035,FOODS_2,FOODS,CA_4,CA,1,1.489055796542972
2016-03-01,FOODS_2_035,FOODS_2,FOODS,TX_1,TX,2,1.1601970595739381
2016-03-01,FOODS_2_035,FOODS_2,FOODS,TX_2,TX,3,1.8922891388571519
2016-03-01,FOODS_2_035,FOODS_2,FOODS,TX_3,TX,3,1.7289623074678122
2016-03-01,FOODS_2_035,FOODS_2,FOODS,WI_1,WI,0,0.7930305314919524
2016-03-01,FOODS_2_035,FOODS_2,FOODS,WI_2,WI,3,1.8510214321762255
2016-03-01,FOODS_2_035,FOODS_2,FOODS,WI_3,WI,1,1.4625312381695346
2016-03-01,FOODS_3_180,FOODS_3,FOODS,CA_1,CA,2,0.4711453416808213
2016-03-01,FOODS_3_180,FOODS_3,FOODS,CA_2,CA,0,0.3613710391832376
2016-03-01,FOODS_3_180,FOODS_3,FOODS,CA_3,CA,0,0.6468732878927587
2016-03-01,FOODS_3_180,FOODS_3,FOODS,CA_4,CA,0,0.34987189623752074
2016-03-01,FOODS_3_180,FOODS_3,FOODS,TX_1,TX,0,0.2432769597694816
2016-03-01,FOODS_3_180,FOODS_3,FOODS,TX_2,TX,2,0.3928824888548739
2016-03-01,FOODS_3_180,FOODS_3,FOODS,TX_3,TX,0,0.2886776757989963
2016-03-01,FOODS_3_180,FOODS_3,FOODS,WI_1,WI,0,0.600750184963615
2016-03-01,FOODS_3_180,FOODS_3,FOODS,WI_2,WI,0,0.6017087033894457
2016-03-01,FOODS_3_180,FOODS_3,FOODS,WI_3,WI,1,0.20244862081279863
2016-03-01,FOODS_3_260,FOODS_3,FOODS,CA_1,CA,0,0.690489944099796
2016-03-01,FOODS_3_260,FOODS_3,FOODS,CA_2,CA,0,0.23776392983019204
2016-03-01,FOODS_3_260,FOODS_3,FOODS,CA_3,CA,0,0.38949393572690316
2016-03-01,FOODS_3_260,FOODS_3,FOODS,CA_4,CA,1,0.3214397700801732
2016-03-01,FOODS_3_260,FOODS_3,FOODS,TX_1,TX,0,0.11844350494031029
2016-03-01,FOODS_3_260,FOODS_3,FOODS,TX_2,TX,1,0.34699898366537435
2016-03-01,FOODS_3_260,FOODS_3,FOODS,TX_3,TX,0,0.0037886478365197697
2016-03-01,FOODS_3_260,FOODS_3,FOODS,WI_1,WI,0,0.27870666522382953
2016-03-01,FOODS_3_260,FOODS_3,FOODS,WI_2,WI,0,0.11443893228755661
2016-03-01,FOODS_3_260,FOODS_3,FOODS,WI_3,WI,0,0.011861518345536212
2016-03-01,HOBBIES_1_022,HOBBIES_1,HOBBIES,CA_1,CA,1,0.3277533344464156
2016-03-01,HOBBIES_1_022,HOBBIES_1,HOBBIES,CA_2,CA,0,0.292713266489793
2016-03-01,HOBBIES_1_022,HOBBIES_1,HOBBIES,CA_3,CA,0,1.0434412622155491
2016-03-01,HOBBIES_1_022,HOBBIES_1,HOBBIES,CA_4,CA,0,0.010248683603878032
2016-03-01,HOBBIES_1_022,HOBBIES_1,HOBBIES,TX_1,TX,0,0.13507149755092093
2016-03-01,HOBBIES_1_022,HOBBIES_1,HOBBIES,TX_2,TX,0,0.38647285845893514
2016-03-01,HOBBIES_1_022,HOBBIES_1,HOBBIES,TX_3,TX,0,0.2872446732030907
2016-03-01,HOBBIES_1_022,HOBBIES_1,HOBBIES,WI_1,WI,2,0.18464388893918343
2016-03-01,HOBBIES_1_022,HOBBIES_1,HOBBIES,WI_2,WI,0,0.3929634723882147
2016-03-01,HOBBIES_1_022,HOBBIES_1,HOBBIES,WI_3,WI,1,0.6438079724934436
2016-03-01,HOBBIES_1_209,HOBBIES_1,HOBBIES,CA_1,CA,3,3.599886310155376
2016-03-01,HOBBIES_1_209,HOBBIES_1,HOBBIES,CA_2,CA,8,2.1690023055331262
2016-03-01,HOBBIES_1_209,HOBBIES_1,HOBBIES,CA_3,CA,10,2.4874080977560915
2016-03-01,HOBBIES_1_209,HOBBIES_1,HOBBIES,CA_4,CA,0,0.016735028423568114
2016-03-01,HOBBIES_1_209,HOBBIES_1,HOBBIES,TX_1,TX,3,2.319355540375032
2016-03-01,HOBBIES_1_209,HOBBIES_1,HOBBIES,TX_2,TX,5,2.1590922432076542
2016-03-01,HOBBIES_1_209,HOBBIES_1,HOBBIES,TX_3,TX,0,0.629011792714423
2016-03-01,HOBBIES_1_209,HOBBIES_1,HOBBIES,WI_1,WI,1,1.3405367817322678
2016-03-01,HOBBIES_1_209,HOBBIES_1,HOBBIES,WI_2,WI,1,1.8288792815009933
2016-03-01,HOBBIES_1_209,HOBBIES_1,HOBBIES,WI_3,WI,3,2.367716599789211
2016-03-01,HOBBIES_2_041,HOBBIES_2,HOBBIES,CA_1,CA,0,0.14771678310069902
2016-03-01,HOBBIES_2_041,HOBBIES_2,HOBBIES,CA_2,CA,0,0.7062153893138673
2016-03-01,HOBBIES_2_041,HOBBIES_2,HOBBIES,CA_3,CA,0,0.23514127246207486
2016-03-01,HOBBIES_2_041,HOBBIES_2,HOBBIES,CA_4,CA,0,0.2033346466240878
2016-03-01,HOBBIES_2_041,HOBBIES_2,HOBBIES,TX_1,TX,0,0.12081129991454853
2016-03-01,HOBBIES_2_041,HOBBIES_2,HOBBIES,TX_2,TX,0,0.9795422314773682
2016-03-01,HOBBIES_2_041,HOBBIES_2,HOBBIES,TX_3,TX,0,0.21061696333585125
2016-03-01,HOBBIES_2_041,HOBBIES_2,HOBBIES,WI_1,WI,1,0.06837909669618313
2016-03-01,HOBBIES_2_041,HOBBIES_2,HOBBIES,WI_2,WI,1,0.24610611024724946
2016-03-01,HOBBIES_2_041,HOBBIES_2,HOBBIES,WI_3,WI,0,0.16922205159289283
2016-03-01,HOBBIES_2_113,HOBBIES_2,HOBBIES,CA_1,CA,0,0.19505728710294704
2016-03-01,HOBBIES_2_113,HOBBIES_2,HOBBIES,CA_2,CA,0,0.04546405408659419
2016-03-01,HOBBIES_2_113,HOBBIES_2,HOBBIES,CA_3,CA,0,0.018616914448318197
2016-03-01,HOBBIES_2_113,HOBBIES_2,HOBBIES,CA_4,CA,0,0.0
2016-03-01,HOBBIES_2_113,HOBBIES_2,HOBBIES,TX_1,TX,0,0.16701959506475467
2016-03-01,HOBBIES_2_113,HOBBIES_2,HOBBIES,TX_2,TX,0,0.2755768226264633
2016-03-01,HOBBIES_2_113,HOBBIES_2,HOBBIES,TX_3,TX,0,0.13277245799639248
2016-03-01,HOBBIES_2_113,HOBBIES_2,HOBBIES,WI_1,WI,0,0.19037441027460428
2016-03-01,HOBBIES_2_113,HOBBIES_2,HOBBIES,WI_2,WI,0,0.19390236208700443
2016-03-01,HOBBIES_2_113,HOBBIES_2,HOBBIES,WI_3,WI,0,0.005133414903635227
2016-03-01,HOUSEHOLD_1_100,HOUSEHOLD_1,HOUSEHOLD,CA_1,CA,0,0.014656760767202341
2016-03-01,HOUSEHOLD_1_100,HOUSEHOLD_1,HOUSEHOLD,CA_2,CA,0,0.02191567971791103
2016-03-01,HOUSEHOLD_1_100,HOUSEHOLD_1,HOUSEHOLD,CA_3,CA,0,0.06854089599681258
2016-03-01,HOUSEHOLD_1_100,HOUSEHOLD_1,HOUSEHOLD,CA_4,CA,0,0.0003113068583807004
2016-03-01,HOUSEHOLD_1_100,HOUSEHOLD_1,HOUSEHOLD,TX_1,TX,0,0.024550418068534727
2016-03-01,HOUSEHOLD_1_100,HOUSEHOLD_1,HOUSEHOLD,TX_2,TX,0,0.01788982592117115
2016-03-01,HOUSEHOLD_1_100,HOUSEHOLD_1,HOUSEHOLD,TX_3,TX,0,0.029165212067505192
2016-03-01,HOUSEHOLD_1_100,HOUSEHOLD_1,HOUSEHOLD,WI_1,WI,0,0.000592452317123348
2016-03-01,HOUSEHOLD_1_100,HOUSEHOLD_1,HOUSEHOLD,WI_2,WI,0,0.035795994982516254
2016-03-01,HOUSEHOLD_1_100,HOUSEHOLD_1,HOUSEHOLD,WI_3,WI,0,0.03674009537217362
2016-03-01,HOUSEHOLD_1_290,HOUSEHOLD_1,HOUSEHOLD,CA_1,CA,0,0.30347531230984925
2016-03-01,HOUSEHOLD_1_290,HOUSEHOLD_1,HOUSEHOLD,CA_2,CA,0,0.7601657795247581
2016-03-01,HOUSEHOLD_1_290,HOUSEHOLD_1,HOUSEHOLD,CA_3,CA,0,1.046659974886147
2016-03-01,HOUSEHOLD_1_290,HOUSEHOLD_1,HOUSEHOLD,CA_4,CA,0,0.04941207546972299
2016-03-01,HOUSEHOLD_1_290,HOUSEHOLD_1,HOUSEHOLD,TX_1,TX,3,1.0349518160470486
2016-03-01,HOUSEHOLD_1_290,HOUSEHOLD_1,HOUSEHOLD,TX_2,TX,0,1.0241343724798075
2016-03-01,HOUSEHOLD_1_290,HOUSEHOLD_1,HOUSEHOLD,TX_3,TX,3,1.5642944972981623
2016-03-01,HOUSEHOLD_1_290,HOUSEHOLD_1,HOUSEHOLD,WI_1,WI,0,0.28921592728631573
2016-03-01,HOUSEHOLD_1_290,HOUSEHOLD_1,HOUSEHOLD,WI_2,WI,0,1.8040507396815313
2016-03-01,HOUSEHOLD_1_290,HOUSEHOLD_1,HOUSEHOLD,WI_3,WI,3,1.0111325091284094
2016-03-01,HOUSEHOLD_1_370,HOUSEHOLD_1,HOUSEHOLD,CA_1,CA,2,1.3841788210580406
2016-03-01,HOUSEHOLD_1_370,HOUSEHOLD_1,HOUSEHOLD,CA_2,CA,3,1.710259502084778
2016-03-01,HOUSEHOLD_1_370,HOUSEHOLD_1,HOUSEHOLD,CA_3,CA,3,3.475215372815946
2016-03-01,HOUSEHOLD_1_370,HOUSEHOLD_1,HOUSEHOLD,CA_4,CA,1,0.939923017116848
2016-03-01,HOUSEHOLD_1_370,HOUSEHOLD_1,HOUSEHOLD,TX_1,TX,0,0.9250372893512143
2016-03-01,HOUSEHOLD_1_370,HOUSEHOLD_1,HOUSEHOLD,TX_2,TX,1,1.4328998127220285
2016-03-01,HOUSEHOLD_1_370,HOUSEHOLD_1,HOUSEHOLD,TX_3,TX,5,0.8718093443876709
2016-03-01,HOUSEHOLD_1_370,HOUSEHOLD_1,HOUSEHOLD,WI_1,WI,1,1.4101238179878308
2016-03-01,HOUSEHOLD_1_370,HOUSEHOLD_1,HOUSEHOLD,WI_2,WI,4,3.39071245698306
2016-03-01,HOUSEHOLD_1_370,HOUSEHOLD_1,HOUSEHOLD,WI_3,WI,0,1.0613162036648125
2016-03-01,HOUSEHOLD_1_489,HOUSEHOLD_1,HOUSEHOLD,CA_1,CA,0,0.8522185318976491
2016-03-01,HOUSEHOLD_1_489,HOUSEHOLD_1,HOUSEHOLD,CA_2,CA,2,1.4031560927958184
2016-03-01,HOUSEHOLD_1_489,HOUSEHOLD_1,HOUSEHOLD,CA_3,CA,0,2.706122138547209
2016-03-01,HOUSEHOLD_1_489,HOUSEHOLD_1,HOUSEHOLD,CA_4,CA,0,0.93133795886064
2016-03-01,HOUSEHOLD_1_489,HOUSEHOLD_1,HOUSEHOLD,TX_1,TX,0,1.9505955856168216
2016-03-01,HOUSEHOLD_1_489,HOUSEHOLD_1,HOUSEHOLD,TX_2,TX,1,1.711409706445859
2016-03-01,HOUSEHOLD_1_489,HOUSEHOLD_1,HOUSEHOLD,TX_3,TX,1,1.2147310261314859
2016-03-01,HOUSEHOLD_1_489,HOUSEHOLD_1,HOUSEHOLD,WI_1,WI,1,0.6119622292146383
2016-03-01,HOUSEHOLD_1_489,HOUSEHOLD_1,HOUSEHOLD,WI_2,WI,2,0.7522961782139186
2016-03-01,HOUSEHOLD_1_489,HOUSEHOLD_1,HOUSEHOLD,WI_3,WI,1,0.7713305118234677
2016-03-01,HOUSEHOLD_2_442,HOUSEHOLD_2,HOUSEHOLD,CA_1,CA,2,1.3800410088820008
2016-03-01,HOUSEHOLD_2_442,HOUSEHOLD_2,HOUSEHOLD,CA_2,CA,1,1.3345132784198481
2016-03-01,HOUSEHOLD_2_442,HOUSEHOLD_2,HOUSEHOLD,CA_3,CA,1,0.9779074380286438
2016-03-01,HOUSEHOLD_2_442,HOUSEHOLD_2,HOUSEHOLD,CA_4,CA,0,0.7188200062796594
2016-03-01,HOUSEHOLD_2_442,HOUSEHOLD_2,HOUSEHOLD,TX_1,TX,0,0.6088602073499088
2016-03-01,HOUSEHOLD_2_442,HOUSEHOLD_2,HOUSEHOLD,TX_2,TX,0,0.8726527991072067
2016-03-01,HOUSEHOLD_2_442,HOUSEHOLD_2,HOUSEHOLD,TX_3,TX,1,0.8887456949154057
2016-03-01,HOUSEHOLD_2_442,HOUSEHOLD_2,HOUSEHOLD,WI_1,WI,1,0.9388472901417391
2016-03-01,HOUSEHOLD_2_442,HOUSEHOLD_2,HOUSEHOLD,WI_2,WI,1,1.2925174533134467
2016-03-01,HOUSEHOLD_2_442,HOUSEHOLD_2,HOUSEHOLD,WI_3,WI,2,0.6916882441308912
2016-03-02,FOODS_1_021,FOODS_1,FOODS,CA_1,CA,3,1.4774434279681348
2016-03-02,FOODS_1_021,FOODS_1,FOODS,CA_2,CA,1,1.8345663235693443
2016-03-02,FOODS_1_021,FOODS_1,FOODS,CA_3,CA,1,1.5150400066365617
2016-03-02,FOODS_1_021,FOODS_1,FOODS,CA_4,CA,0,2.16662079560282
2016-03-02,FOODS_1_021,FOODS_1,FOODS,TX_1,TX,0,0.7433366629259313
2016-03-02,FOODS_1_021,FOODS_1,FOODS,TX_2,TX,0,0.14773033537018013
2016-03-02,FOODS_1_021,FOODS_1,FOODS,TX_3,TX,0,0.13971161692680997
2016-03-02,FOODS_1_021,FOODS_1,FOODS,WI_1,WI,4,2.159656091155509
2016-03-02,FOODS_1_021,FOODS_1,FOODS,WI_2,WI,0,1.1110163540903852
2016-03-02,FOODS_1_021,FOODS_1,FOODS,WI_3,WI,3,0.8360976800381075
2016-03-02,FOODS_2_035,FOODS_2,FOODS,CA_1,CA,0,1.2702083244996132
2016-03-02,FOODS_2_035,FOODS_2,FOODS,CA_2,CA,1,2.43374490129904
2016-03-02,FOODS_2_035,FOODS_2,FOODS,CA_3,CA,4,2.9982626631760656
2016-03-02,FOODS_2_035,FOODS_2,FOODS,CA_4,CA,0,1.168476310992924
2016-03-02,FOODS_2_035,FOODS_2,FOODS,TX_1,TX,1,1.089336755233264
2016-03-02,FOODS_2_035,FOODS_2,FOODS,TX_2,TX,2,1.9248325012282361
2016-03-02,FOODS_2_035,FOODS_2,FOODS,TX_3,TX,2,1.7940001838461135
2016-03-02,FOODS_2_035,FOODS_2,FOODS,WI_1,WI,1,0.6107291453406467
2016-03-02,FOODS_2_035,FOODS_2,FOODS,WI_2,WI,1,1.9495778792474543
2016-03-02,FOODS_2_035,FOODS_2,FOODS,WI_3,WI,0,1.4564065739092127
2016-03-02,FOODS_3_180,FOODS_3,FOODS,CA_1,CA,0,0.597105308990939
2016-03-02,FOODS_3_180,FOODS_3,FOODS,CA_2,CA,0,0.3396428590431142
2016-03-02,FOODS_3_180,FOODS_3,FOODS,CA_3,CA,1,0.5880355911712126
2016-03-02,FOODS_3_180,FOODS_3,FOODS,CA_4,CA,1,0.32550013676721584
2016-03-02,FOODS_3_180,FOODS_3,FOODS,TX_1,TX,0,0.22456957512918463
2016-03-02,FOODS_3_180,FOODS_3,FOODS,TX_2,TX,1,0.4763700388414881
2016-03-02,FOODS_3_180,FOODS_3,FOODS,TX_3,TX,0,0.24394992663068837
2016-03-02,FOODS_3_180,FOODS_3,FOODS,WI_1,WI,2,0.4572254044759038
2016-03-02,FOODS_3_180,FOODS_3,FOODS,WI_2,WI,1,0.5367878877750354
2016-03-02,FOODS_3_180,FOODS_3,FOODS,WI_3,WI,0,0.3329136414163648
2016-03-02,FOODS_3_260,FOODS_3,FOODS,CA_1,CA,1,0.623532986584964
2016-03-02,FOODS_3_260,FOODS_3,FOODS,CA_2,CA,0,0.2169161813799844
2016-03-02,FOODS_3_260,FOODS_3,FOODS,CA_3,CA,0,0.3450999996168763
2016-03-02,FOODS_3_260,FOODS_3,FOODS,CA_4,CA,1,0.3526827171186382
2016-03-02,FOODS_3_260,FOODS_3,FOODS,TX_1,TX,0,0.11408750152690471
2016-03-02,FOODS_3_260,FOODS_3,FOODS,TX_2,TX,0,0.38355615361326095
2016-03-02,FOODS_3_260,FOODS_3,FOODS,TX_3,TX,0,0.0
2016-03-02,FOODS_3_260,FOODS_3,FOODS,WI_1,WI,0,0.27345633258671426
2016-03-02,FOODS_3_260,FOODS_3,FOODS,WI_2,WI,0,0.05484986610176941
2016-03-02,FOODS_3_260,FOODS_3,FOODS,WI_3,WI,0,0.007505514932130691
2016-03-02,HOBBIES_1_022,HOBBIES_1,HOBBIES,CA_1,CA,0,0.3588978280468283
2016-03-02,HOBBIES_1_022,HOBBIES_1,HOBBIES,CA_2,CA,0,0.1893674283931327
2016-03-02,HOBBIES_1_022,HOBBIES_1,HOBBIES,CA_3,CA,0,0.8700714593145734
2016-03-02,HOBBIES_1_022,HOBBIES_1,HOBBIES,CA_4,CA,0,0.003793679179981613
2016-03-02,HOBBIES_1_022,HOBBIES_1,HOBBIES,TX_1,TX,0,0.12861649312702453
2016-03-02,HOBBIES_1_022,HOBBIES_1,HOBBIES,TX_2,TX,1,0.34723667227344407
2016-03-02,HOBBIES_1_022,HOBBIES_1,HOBBIES,TX_3,TX,0,0.21929347015395034
2016-03-02,HOBBIES_1_022,HOBBIES_1,HOBBIES,WI_1,WI,0,0.3389178436011741
2016-03-02,HOBBIES_1_022,HOBBIES_1,HOBBIES,WI_2,WI,0,0.3543209835206373
2016-03-02,HOBBIES_1_022,HOBBIES_1,HOBBIES,WI_3,WI,1,0.6250438671487245
2016-03-02,HOBBIES_1_209,HOBBIES_1,HOBBIES,CA_1,CA,1,3.120591985125215
2016-03-02,HOBBIES_1_209,HOBBIES_1,HOBBIES,CA_2,CA,7,2.137654964525883
2016-03-02,HOBBIES_1_209,HOBBIES_1,HOBBIES,CA_3,CA,5,2.8333497856680667
2016-03-02,HOBBIES_1_209,HOBBIES_1,HOBBIES,CA_4,CA,0,0.01166385538026534
2016-03-02,HOBBIES_1_209,HOBBIES_1,HOBBIES,TX_1,TX,0,1.7057043722950205
2016-03-02,HOBBIES_1_209,HOBBIES_1,HOBBIES,TX_2,TX,0,1.7786336091979587
2016-03-02,HOBBIES_1_209,HOBBIES_1,HOBBIES,TX_3,TX,0,0.4447046280447614
2016-03-02,HOBBIES_1_209,HOBBIES_1,HOBBIES,WI_1,WI,1,1.3439935770352467
2016-03-02,HOBBIES_1_209,HOBBIES_1,HOBBIES,WI_2,WI,1,1.7466216416221787
2016-03-02,HOBBIES_1_209,HOBBIES_1,HOBBIES,WI_3,WI,0,1.977505853488856
2016-03-02,HOBBIES_2_041,HOBBIES_2,HOBBIES,CA_1,CA,0,0.1458133427741397
2016-03-02,HOBBIES_2_041,HOBBIES_2,HOBBIES,CA_2,CA,4,0.6097959610301557
2016-03-02,HOBBIES_2_041,HOBBIES_2,HOBBIES,CA_3,CA,1,0.23078526904866933
2016-03-02,HOBBIES_2_041,HOBBIES_2,HOBBIES,CA_4,CA,0,0.19897864321068226
2016-03-02,HOBBIES_2_041,HOBBIES_2,HOBBIES,TX_1,TX,0,0.11645529650114297
2016-03-02,HOBBIES_2_041,HOBBIES_2,HOBBIES,TX_2,TX,0,0.9533806774011536
2016-03-02,HOBBIES_2_041,HOBBIES_2,HOBBIES,TX_3,TX,0,0.09894250901111172
2016-03-02,HOBBIES_2_041,HOBBIES_2,HOBBIES,WI_1,WI,0,0.19259415475442238
2016-03-02,HOBBIES_2_041,HOBBIES_2,HOBBIES,WI_2,WI,0,0.304395305813719
2016-03-02,HOBBIES_2_041,HOBBIES_2,HOBBIES,WI_3,WI,0,0.1648660481794873
2016-03-02,HOBBIES_2_113,HOBBIES_2,HOBBIES,CA_1,CA,0,0.16891321436324483
2016-03-02,HOBBIES_2_113,HOBBIES_2,HOBBIES,CA_2,CA,0,0.04110805067318863
2016-03-02,HOBBIES_2_113,HOBBIES_2,HOBBIES,CA_3,CA,0,0.014260911034912668
2016-03-02,HOBBIES_2_113,HOBBIES_2,HOBBIES,CA_4,CA,0,0.0
2016-03-02,HOBBIES_2_113,HOBBIES_2,HOBBIES,TX_1,TX,0,0.15995470750327984
2016-03-02,HOBBIES_2_113,HOBBIES_2,HOBBIES,TX_2,TX,0,0.2057928790187589
2016-03-02,HOBBIES_2_113,HOBBIES_2,HOBBIES,TX_3,TX,0,0.1275221253592772
2016-03-02,HOBBIES_2_113,HOBBIES_2,HOBBIES,WI_1,WI,0,0.17983902636266863
2016-03-02,HOBBIES_2_113,HOBBIES_2,HOBBIES,WI_2,WI,0,0.1868374745255296
2016-03-02,HOBBIES_2_113,HOBBIES_2,HOBBIES,WI_3,WI,0,0.000777411490229689
2016-03-02,HOUSEHOLD_1_100,HOUSEHOLD_1,HOUSEHOLD,CA_1,CA,0,0.009030192712117864
2016-03-02,HOUSEHOLD_1_100,HOUSEHOLD_1,HOUSEHOLD,CA_2,CA,0,0.011674317663856074
2016-03-02,HOUSEHOLD_1_100,HOUSEHOLD_1,HOUSEHOLD,CA_3,CA,0,0.04421163749205709
2016-03-02,HOUSEHOLD_1_100,HOUSEHOLD_1,HOUSEHOLD,CA_4,CA,0,0.0
2016-03-02,HOUSEHOLD_1_100,HOUSEHOLD_1,HOUSEHOLD,TX_1,TX,0,0.018923850013450278
2016-03-02,HOUSEHOLD_1_100,HOUSEHOLD_1,HOUSEHOLD,TX_2,TX,0,0.012263257866086692
2016-03-02,HOUSEHOLD_1_100,HOUSEHOLD_1,HOUSEHOLD,TX_3,TX,0,0.018923850013450278
2016-03-02,HOUSEHOLD_1_100,HOUSEHOLD_1,HOUSEHOLD,WI_1,WI,0,0.0
2016-03-02,HOUSEHOLD_1_100,HOUSEHOLD_1,HOUSEHOLD,WI_2,WI,0,0.029071668756852034
2016-03-02,HOUSEHOLD_1_100,HOUSEHOLD_1,HOUSEHOLD,WI_3,WI,0,0.031113527317089152
2016-03-02,HOUSEHOLD_1_290,HOUSEHOLD_1,HOUSEHOLD,CA_1,CA,0,0.2971400246067964
2016-03-02,HOUSEHOLD_1_290,HOUSEHOLD_1,HOUSEHOLD,CA_2,CA,2,0.696117192028339
2016-03-02,HOUSEHOLD_1_290,HOUSEHOLD_1,HOUSEHOLD,CA_3,CA,1,1.011230612956233
2016-03-02,HOUSEHOLD_1_290,HOUSEHOLD_1,HOUSEHOLD,CA_4,CA,0,0.04670922523867888
2016-03-02,HOUSEHOLD_1_290,HOUSEHOLD_1,HOUSEHOLD,TX_1,TX,1,1.1809961594768883
2016-03-02,HOUSEHOLD_1_290,HOUSEHOLD_1,HOUSEHOLD,TX_2,TX,1,0.8311801954036322
2016-03-02,HOUSEHOLD_1_290,HOUSEHOLD_1,HOUSEHOLD,TX_3,TX,1,1.6119417691747486
2016-03-02,HOUSEHOLD_1_290,HOUSEHOLD_1,HOUSEHOLD,WI_1,WI,1,0.2865130770552716
2016-03-02,HOUSEHOLD_1_290,HOUSEHOLD_1,HOUSEHOLD,WI_2,WI,0,1.757655850885417
2016-03-02,HOUSEHOLD_1_290,HOUSEHOLD_1,HOUSEHOLD,WI_3,WI,2,1.2049450139176736
2016-03-02,HOUSEHOLD_1_370,HOUSEHOLD_1,HOUSEHOLD,CA_1,CA,3,1.3115130919157794
2016-03-02,HOUSEHOLD_1_370,HOUSEHOLD_1,HOUSEHOLD,CA_2,CA,3,1.7493179651485924
2016-03-02,HOUSEHOLD_1_370,HOUSEHOLD_1,HOUSEHOLD,CA_3,CA,2,2.8994548058748615
2016-03-02,HOUSEHOLD_1_370,HOUSEHOLD_1,HOUSEHOLD,CA_4,CA,0,0.8784995710284401
2016-03-02,HOUSEHOLD_1_370,HOUSEHOLD_1,HOUSEHOLD,TX_1,TX,2,0.7196801279831428
2016-03-02,HOUSEHOLD_1_370,HOUSEHOLD_1,HOUSEHOLD,TX_2,TX,2,1.3193475456825983
2016-03-02,HOUSEHOLD_1_370,HOUSEHOLD_1,HOUSEHOLD,TX_3,TX,0,0.7952814468840276
2016-03-02,HOUSEHOLD_1_370,HOUSEHOLD_1,HOUSEHOLD,WI_1,WI,0,1.3395108404471043
2016-03-02,HOUSEHOLD_1_370,HOUSEHOLD_1,HOUSEHOLD,WI_2,WI,2,3.088785048865294
2016-03-02,HOUSEHOLD_1_370,HOUSEHOLD_1,HOUSEHOLD,WI_3,WI,2,0.8232605722700505
2016-03-02,HOUSEHOLD_1_489,HOUSEHOLD_1,HOUSEHOLD,CA_1,CA,1,0.8422660248182358
2016-03-02,HOUSEHOLD_1_489,HOUSEHOLD_1,HOUSEHOLD,CA_2,CA,0,1.3748490907300142
2016-03-02,HOUSEHOLD_1_489,HOUSEHOLD_1,HOUSEHOLD,CA_3,CA,3,2.5415077334529164
2016-03-02,HOUSEHOLD_1_489,HOUSEHOLD_1,HOUSEHOLD,CA_4,CA,0,0.8257539397344584
2016-03-02,HOUSEHOLD_1_489,HOUSEHOLD_1,HOUSEHOLD,TX_1,TX,0,1.4671620028409778
2016-03-02,HOUSEHOLD_1_489,HOUSEHOLD_1,HOUSEHOLD,TX_2,TX,0,1.512690011366233
2016-03-02,HOUSEHOLD_1_489,HOUSEHOLD_1,HOUSEHOLD,TX_3,TX,2,1.2525125735009415
2016-03-02,HOUSEHOLD_1_489,HOUSEHOLD_1,HOUSEHOLD,WI_1,WI,0,0.6846195879543576
2016-03-02,HOUSEHOLD_1_489,HOUSEHOLD_1,HOUSEHOLD,WI_2,WI,1,0.9257297328526599
2016-03-02,HOUSEHOLD_1_489,HOUSEHOLD_1,HOUSEHOLD,WI_3,WI,0,0.735765509000111
2016-03-02,HOUSEHOLD_2_442,HOUSEHOLD_2,HOUSEHOLD,CA_1,CA,3,1.316574788062356
2016-03-02,HOUSEHOLD_2_442,HOUSEHOLD_2,HOUSEHOLD,CA_2,CA,0,1.1494909303928773
2016-03-02,HOUSEHOLD_2_442,HOUSEHOLD_2,HOUSEHOLD,CA_3,CA,0,0.972615794804959
2016-03-02,HOUSEHOLD_2_442,HOUSEHOLD_2,HOUSEHOLD,CA_4,CA,0,0.5994980787584862
2016-03-02,HOUSEHOLD_2_442,HOUSEHOLD_2,HOUSEHOLD,TX_1,TX,1,0.6067499791982437
2016-03-02,HOUSEHOLD_2_442,HOUSEHOLD_2,HOUSEHOLD,TX_2,TX,0,0.8236376738174598
2016-03-02,HOUSEHOLD_2_442,HOUSEHOLD_2,HOUSEHOLD,TX_3,TX,0,0.9189074600595916
2016-03-02,HOUSEHOLD_2_442,HOUSEHOLD_2,HOUSEHOLD,WI_1,WI,0,1.091093917637237
2016-03-02,HOUSEHOLD_2_442,HOUSEHOLD_2,HOUSEHOLD,WI_2,WI,0,1.205084525735982
2016-03-02,HOUSEHOLD_2_442,HOUSEHOLD_2,HOUSEHOLD,WI_3,WI,1,0.7928577608761956
2016-03-03,FOODS_1_021,FOODS_1,FOODS,CA_1,CA,0,2.186790384451031
2016-03-03,FOODS_1_021,FOODS_1,FOODS,CA_2,CA,2,2.7300483407021825
2016-03-03,FOODS_1_021,FOODS_1,FOODS,CA_3,CA,1,1.5052175982906446
2016-03-03,FOODS_1_021,FOODS_1,FOODS,CA_4,CA,0,2.489592754351917
2016-03-03,FOODS_1_021,FOODS_1,FOODS,TX_1,TX,0,0.6599202921191148
2016-03-03,FOODS_1_021,FOODS_1,FOODS,TX_2,TX,0,0.1507474055365062
2016-03-03,FOODS_1_021,FOODS_1,FOODS,TX_3,TX,0,0.14272868709313605
2016-03-03,FOODS_1_021,FOODS_1,FOODS,WI_1,WI,0,2.529261392035036
2016-03-03,FOODS_1_021,FOODS_1,FOODS,WI_2,WI,1,0.9568693925680388
2016-03-03,FOODS_1_021,FOODS_1,FOODS,WI_3,WI,0,1.1835639079085205
2016-03-03,FOODS_2_035,FOODS_2,FOODS,CA_1,CA,1,1.1103914271391786
2016-03-03,FOODS_2_035,FOODS_2,FOODS,CA_2,CA,1,1.900168337051091
2016-03-03,FOODS_2_035,FOODS_2,FOODS,CA_3,CA,2,3.012619903990917
2016-03-03,FOODS_2_035,FOODS_2,FOODS,CA_4,CA,1,1.0835455330906394
2016-03-03,FOODS_2_035,FOODS_2,FOODS,TX_1,TX,2,1.1207504829561483
2016-03-03,FOODS_2_035,FOODS_2,FOODS,TX_2,TX,0,1.8446144274917937
2016-03-03,FOODS_2_035,FOODS_2,FOODS,TX_3,TX,1,1.7232443016072394
2016-03-03,FOODS_2_035,FOODS_2,FOODS,WI_1,WI,1,0.7755153416979995
2016-03-03,FOODS_2_035,FOODS_2,FOODS,WI_2,WI,0,1.7622313829253444
2016-03-03,FOODS_2_035,FOODS_2,FOODS,WI_3,WI,0,1.1246284972204983
2016-03-03,FOODS_3_180,FOODS_3,FOODS,CA_1,CA,0,0.5523633783471092
2016-03-03,FOODS_3_180,FOODS_3,FOODS,CA_2,CA,0,0.34329052094940665
2016-03-03,FOODS_3_180,FOODS_3,FOODS,CA_3,CA,0,0.6642784430189148
2016-03-03,FOODS_3_180,FOODS_3,FOODS,CA_4,CA,0,0.38268682192084214
2016-03-03,FOODS_3_180,FOODS_3,FOODS,TX_1,TX,1,0.22821723703547714
2016-03-03,FOODS_3_180,FOODS_3,FOODS,TX_2,TX,0,0.4610771130823587
2016-03-03,FOODS_3_180,FOODS_3,FOODS,TX_3,TX,0,0.24260882868548578
2016-03-03,FOODS_3_180,FOODS_3,FOODS,WI_1,WI,0,0.6317039926689791
2016-03-03,FOODS_3_180,FOODS_3,FOODS,WI_2,WI,0,0.5813641903420654
2016-03-03,FOODS_3_180,FOODS_3,FOODS,WI_3,WI,1,0.29883128699987477
2016-03-03,FOODS_3_260,FOODS_3,FOODS,CA_1,CA,2,0.7069509030910376
2016-03-03,FOODS_3_260,FOODS_3,FOODS,CA_2,CA,0,0.19286913099417194
2016-03-03,FOODS_3_260,FOODS_3,FOODS,CA_3,CA,0,0.34368172747334025
2016-03-03,FOODS_3_260,FOODS_3,FOODS,CA_4,CA,0,0.3859563336937004
2016-03-03,FOODS_3_260,FOODS_3,FOODS,TX_1,TX,1,0.11773516343319719
2016-03-03,FOODS_3_260,FOODS_3,FOODS,TX_2,TX,0,0.35703024431719704
2016-03-03,FOODS_3_260,FOODS_3,FOODS,TX_3,TX,0,0.0030803063294067147
2016-03-03,FOODS_3_260,FOODS_3,FOODS,WI_1,WI,0,0.28883995433455284
2016-03-03,FOODS_3_260,FOODS_3,FOODS,WI_2,WI,0,0.05849752800806189
2016-03-03,FOODS_3_260,FOODS_3,FOODS,WI_3,WI,0,0.011153176838423175
2016-03-03,HOBBIES_1_022,HOBBIES_1,HOBBIES,CA_1,CA,3,0.32968576220241835
2016-03-03,HOBBIES_1_022,HOBBIES_1,HOBBIES,CA_2,CA,1,0.1930150902994252
2016-03-03,HOBBIES_1_022,HOBBIES_1,HOBBIES,CA_3,CA,0,0.8331676021475141
2016-03-03,HOBBIES_1_022,HOBBIES_1,HOBBIES,CA_4,CA,1,0.007441341086274102
2016-03-03,HOBBIES_1_022,HOBBIES_1,HOBBIES,TX_1,TX,0,0.13226415503331695
2016-03-03,HOBBIES_1_022,HOBBIES_1,HOBBIES,TX_2,TX,1,0.4022900533444019
2016-03-03,HOBBIES_1_022,HOBBIES_1,HOBBIES,TX_3,TX,2,0.22294113206024285
2016-03-03,HOBBIES_1_022,HOBBIES_1,HOBBIES,WI_1,WI,0,0.2915043244686965
2016-03-03,HOBBIES_1_022,HOBBIES_1,HOBBIES,WI_2,WI,0,0.3266746740035202
2016-03-03,HOBBIES_1_022,HOBBIES_1,HOBBIES,WI_3,WI,0,0.6337261051993143
2016-03-03,HOBBIES_1_209,HOBBIES_1,HOBBIES,CA_1,CA,5,2.8172350150323138
2016-03-03,HOBBIES_1_209,HOBBIES_1,HOBBIES,CA_2,CA,6,2.150728389437908
2016-03-03,HOBBIES_1_209,HOBBIES_1,HOBBIES,CA_3,CA,0,6.803296449341434
2016-03-03,HOBBIES_1_209,HOBBIES_1,HOBBIES,CA_4,CA,0,0.015005304894412364
2016-03-03,HOBBIES_1_209,HOBBIES_1,HOBBIES,TX_1,TX,0,4.129535933076892
2016-03-03,HOBBIES_1_209,HOBBIES_1,HOBBIES,TX_2,TX,0,2.128784775348714
2016-03-03,HOBBIES_1_209,HOBBIES_1,HOBBIES,TX_3,TX,0,0.49845381771140196
2016-03-03,HOBBIES_1_209,HOBBIES_1,HOBBIES,WI_1,WI,4,1.5071608615225551
2016-03-03,HOBBIES_1_209,HOBBIES_1,HOBBIES,WI_2,WI,5,1.9092503365300293
2016-03-03,HOBBIES_1_209,HOBBIES_1,HOBBIES,WI_3,WI,0,1.9221064630247393
2016-03-03,HOBBIES_2_041,HOBBIES_2,HOBBIES,CA_1,CA,0,0.147008441593586
2016-03-03,HOBBIES_2_041,HOBBIES_2,HOBBIES,CA_2,CA,3,0.8342878529845184
2016-03-03,HOBBIES_2_041,HOBBIES_2,HOBBIES,CA_3,CA,0,0.33235909525685065
2016-03-03,HOBBIES_2_041,HOBBIES_2,HOBBIES,CA_4,CA,0,0.2003235289409525
2016-03-03,HOBBIES_2_041,HOBBIES_2,HOBBIES,TX_1,TX,0,0.11511419855594036
2016-03-03,HOBBIES_2_041,HOBBIES_2,HOBBIES,TX_2,TX,1,0.8027417555181611
2016-03-03,HOBBIES_2_041,HOBBIES_2,HOBBIES,TX_3,TX,0,0.1025901709174042
2016-03-03,HOBBIES_2_041,HOBBIES_2,HOBBIES,WI_1,WI,0,0.15348443272541346
2016-03-03,HOBBIES_2_041,HOBBIES_2,HOBBIES,WI_2,WI,0,0.2652855837847102
2016-03-03,HOBBIES_2_041,HOBBIES_2,HOBBIES,WI_3,WI,0,0.16851371008577976
2016-03-03,HOBBIES_2_113,HOBBIES_2,HOBBIES,CA_1,CA,0,0.16753350865701852
2016-03-03,HOBBIES_2_113,HOBBIES_2,HOBBIES,CA_2,CA,0,0.0447557125794811
2016-03-03,HOBBIES_2_113,HOBBIES_2,HOBBIES,CA_3,CA,0,0.017908572941205153
2016-03-03,HOBBIES_2_113,HOBBIES_2,HOBBIES,CA_4,CA,0,0.0
2016-03-03,HOBBIES_2_113,HOBBIES_2,HOBBIES,TX_1,TX,1,0.16360236940957235
2016-03-03,HOBBIES_2_113,HOBBIES_2,HOBBIES,TX_2,TX,0,0.2094405409250514
2016-03-03,HOBBIES_2_113,HOBBIES_2,HOBBIES,TX_3,TX,0,0.13116978726556972
2016-03-03,HOBBIES_2_113,HOBBIES_2,HOBBIES,WI_1,WI,0,0.18348668826896108
2016-03-03,HOBBIES_2_113,HOBBIES_2,HOBBIES,WI_2,WI,0,0.19048513643182205
2016-03-03,HOBBIES_2_113,HOBBIES_2,HOBBIES,WI_3,WI,0,0.004425073396522192
2016-03-03,HOUSEHOLD_1_100,HOUSEHOLD_1,HOUSEHOLD,CA_1,CA,0,0.01267785461841038
2016-03-03,HOUSEHOLD_1_100,HOUSEHOLD_1,HOUSEHOLD,CA_2,CA,1,0.015321979570148591
2016-03-03,HOUSEHOLD_1_100,HOUSEHOLD_1,HOUSEHOLD,CA_3,CA,0,0.0478592993983496
2016-03-03,HOUSEHOLD_1_100,HOUSEHOLD_1,HOUSEHOLD,CA_4,CA,0,0.0
2016-03-03,HOUSEHOLD_1_100,HOUSEHOLD_1,HOUSEHOLD,TX_1,TX,0,0.02257151191974276
2016-03-03,HOUSEHOLD_1_100,HOUSEHOLD_1,HOUSEHOLD,TX_2,TX,0,0.015910919772379194
2016-03-03,HOUSEHOLD_1_100,HOUSEHOLD_1,HOUSEHOLD,TX_3,TX,0,0.02257151191974276
2016-03-03,HOUSEHOLD_1_100,HOUSEHOLD_1,HOUSEHOLD,WI_1,WI,0,0.0
2016-03-03,HOUSEHOLD_1_100,HOUSEHOLD_1,HOUSEHOLD,WI_2,WI,0,0.03271933066314454
2016-03-03,HOUSEHOLD_1_100,HOUSEHOLD_1,HOUSEHOLD,WI_3,WI,0,0.034761189223381665
2016-03-03,HOUSEHOLD_1_290,HOUSEHOLD_1,HOUSEHOLD,CA_1,CA,2,0.29274183698843503
2016-03-03,HOUSEHOLD_1_290,HOUSEHOLD_1,HOUSEHOLD,CA_2,CA,0,0.9525628331104026
2016-03-03,HOUSEHOLD_1_290,HOUSEHOLD_1,HOUSEHOLD,CA_3,CA,0,1.2252800426532786
2016-03-03,HOUSEHOLD_1_290,HOUSEHOLD_1,HOUSEHOLD,CA_4,CA,0,0.04972629540500494
2016-03-03,HOUSEHOLD_1_290,HOUSEHOLD_1,HOUSEHOLD,TX_1,TX,1,1.2077335518386563
2016-03-03,HOUSEHOLD_1_290,HOUSEHOLD_1,HOUSEHOLD,TX_2,TX,0,0.9372195017727155
2016-03-03,HOUSEHOLD_1_290,HOUSEHOLD_1,HOUSEHOLD,TX_3,TX,0,1.3709490447688009
2016-03-03,HOUSEHOLD_1_290,HOUSEHOLD_1,HOUSEHOLD,WI_1,WI,0,0.32264373133578234
2016-03-03,HOUSEHOLD_1_290,HOUSEHOLD_1,HOUSEHOLD,WI_2,WI,1,1.7007195358420484
2016-03-03,HOUSEHOLD_1_290,HOUSEHOLD_1,HOUSEHOLD,WI_3,WI,0,1.3083628142028862
2016-03-03,HOUSEHOLD_1_370,HOUSEHOLD_1,HOUSEHOLD,CA_1,CA,0,1.38690813328395
2016-03-03,HOUSEHOLD_1_370,HOUSEHOLD_1,HOUSEHOLD,CA_2,CA,4,1.8668172813692925
2016-03-03,HOUSEHOLD_1_370,HOUSEHOLD_1,HOUSEHOLD,CA_3,CA,4,3.5392390101967894
2016-03-03,HOUSEHOLD_1_370,HOUSEHOLD_1,HOUSEHOLD,CA_4,CA,1,0.7911439726888657
2016-03-03,HOUSEHOLD_1_370,HOUSEHOLD_1,HOUSEHOLD,TX_1,TX,1,0.8535676568488368
2016-03-03,HOUSEHOLD_1_370,HOUSEHOLD_1,HOUSEHOLD,TX_2,TX,2,1.3981397966131703
2016-03-03,HOUSEHOLD_1_370,HOUSEHOLD_1,HOUSEHOLD,TX_3,TX,1,0.8716407760012206
2016-03-03,HOUSEHOLD_1_370,HOUSEHOLD_1,HOUSEHOLD,WI_1,WI,0,1.2344258540059747
2016-03-03,HOUSEHOLD_1_370,HOUSEHOLD_1,HOUSEHOLD,WI_2,WI,2,3.326116806103639
2016-03-03,HOUSEHOLD_1_370,HOUSEHOLD_1,HOUSEHOLD,WI_3,WI,1,1.031014571785206
2016-03-03,HOUSEHOLD_1_489,HOUSEHOLD_1,HOUSEHOLD,CA_1,CA,2,0.9009817093836295
2016-03-03,HOUSEHOLD_1_489,HOUSEHOLD_1,HOUSEHOLD,CA_2,CA,4,1.227061486514498
2016-03-03,HOUSEHOLD_1_489,HOUSEHOLD_1,HOUSEHOLD,CA_3,CA,2,2.751605621795622
2016-03-03,HOUSEHOLD_1_489,HOUSEHOLD_1,HOUSEHOLD,CA_4,CA,0,0.812321796477804
2016-03-03,HOUSEHOLD_1_489,HOUSEHOLD_1,HOUSEHOLD,TX_1,TX,0,1.5026486306033333
2016-03-03,HOUSEHOLD_1_489,HOUSEHOLD_1,HOUSEHOLD,TX_2,TX,1,1.344271301726676
2016-03-03,HOUSEHOLD_1_489,HOUSEHOLD_1,HOUSEHOLD,TX_3,TX,2,1.1638089184398188
2016-03-03,HOUSEHOLD_1_489,HOUSEHOLD_1,HOUSEHOLD,WI_1,WI,1,0.6178958007413821
2016-03-03,HOUSEHOLD_1_489,HOUSEHOLD_1,HOUSEHOLD,WI_2,WI,2,0.9074098028023132
2016-03-03,HOUSEHOLD_1_489,HOUSEHOLD_1,HOUSEHOLD,WI_3,WI,0,0.670280073832777
2016-03-03,HOUSEHOLD_2_442,HOUSEHOLD_2,HOUSEHOLD,CA_1,CA,2,1.3882685544003828
2016-03-03,HOUSEHOLD_2_442,HOUSEHOLD_2,HOUSEHOLD,CA_2,CA,1,1.106163972818131
2016-03-03,HOUSEHOLD_2_442,HOUSEHOLD_2,HOUSEHOLD,CA_3,CA,2,0.911608270325986
2016-03-03,HOUSEHOLD_2_442,HOUSEHOLD_2,HOUSEHOLD,CA_4,CA,0,0.5874394673749602
2016-03-03,HOUSEHOLD_2_442,HOUSEHOLD_2,HOUSEHOLD,TX_1,TX,0,0.7021321423695215
2016-03-03,HOUSEHOLD_2_442,HOUSEHOLD_2,HOUSEHOLD,TX_2,TX,0,0.8122837357892642
2016-03-03,HOUSEHOLD_2_442,HOUSEHOLD_2,HOUSEHOLD,TX_3,TX,0,0.8149850397359745
2016-03-03,HOUSEHOLD_2_442,HOUSEHOLD_2,HOUSEHOLD,WI_1,WI,0,0.9776592601797695
2016-03-03,HOUSEHOLD_2_442,HOUSEHOLD_2,HOUSEHOLD,WI_2,WI,0,1.1015909747074704
2016-03-03,HOUSEHOLD_2_442,HOUSEHOLD_2,HOUSEHOLD,WI_3,WI,2,0.7847521271326079
2016-03-04,FOODS_1_021,FOODS_1,FOODS,CA_1,CA,1,1.8910301990112564
2016-03-04,FOODS_1_021,FOODS_1,FOODS,CA_2,CA,3,2.4963556389777937
2016-03-04,FOODS_1_021,FOODS_1,FOODS,CA_3,CA,2,1.616044587607505
2016-03-04,FOODS_1_021,FOODS_1,FOODS,CA_4,CA,0,2.8123998863538713
2016-03-04,FOODS_1_021,FOODS_1,FOODS,TX_1,TX,2,0.6724089981276193
2016-03-04,FOODS_1_021,FOODS_1,FOODS,TX_2,TX,0,0.15693796393982296
2016-03-04,FOODS_1_021,FOODS_1,FOODS,TX_3,TX,0,0.1695858897128149
2016-03-04,FOODS_1_021,FOODS_1,FOODS,WI_1,WI,1,3.0559238510679285
2016-03-04,FOODS_1_021,FOODS_1,FOODS,WI_2,WI,0,1.1583562438819521
2016-03-04,FOODS_1_021,FOODS_1,FOODS,WI_3,WI,1,1.0607841849695097
2016-03-04,FOODS_2_035,FOODS_2,FOODS,CA_1,CA,2,1.3179681399184129
2016-03-04,FOODS_2_035,FOODS_2,FOODS,CA_2,CA,2,2.107195022454715
2016-03-04,FOODS_2_035,FOODS_2,FOODS,CA_3,CA,3,3.359733901985237
2016-03-04,FOODS_2_035,FOODS_2,FOODS,CA_4,CA,2,1.2628752655228985
2016-03-04,FOODS_2_035,FOODS_2,FOODS,TX_1,TX,1,1.298162272309652
2016-03-04,FOODS_2_035,FOODS_2,FOODS,TX_2,TX,1,1.6570905777551064
2016-03-04,FOODS_2_035,FOODS_2,FOODS,TX_3,TX,1,1.7243242706385697
2016-03-04,FOODS_2_035,FOODS_2,FOODS,WI_1,WI,1,0.8371615006906009
2016-03-04,FOODS_2_035,FOODS_2,FOODS,WI_2,WI,0,1.8454283305917585
2016-03-04,FOODS_2_035,FOODS_2,FOODS,WI_3,WI,2,1.206789362057336
2016-03-04,FOODS_3_180,FOODS_3,FOODS,CA_1,CA,0,0.4848605866313409
2016-03-04,FOODS_3_180,FOODS_3,FOODS,CA_2,CA,0,0.37557870062963267
2016-03-04,FOODS_3_180,FOODS_3,FOODS,CA_3,CA,1,0.6229015310290885
2016-03-04,FOODS_3_180,FOODS_3,FOODS,CA_4,CA,0,0.32340127948477676
2016-03-04,FOODS_3_180,FOODS_3,FOODS,TX_1,TX,0,0.34544695121176666
2016-03-04,FOODS_3_180,FOODS_3,FOODS,TX_2,TX,0,0.44389931659825604
2016-03-04,FOODS_3_180,FOODS_3,FOODS,TX_3,TX,0,0.22810281265779478
2016-03-04,FOODS_3_180,FOODS_3,FOODS,WI_1,WI,1,0.5793202147169159
2016-03-04,FOODS_3_180,FOODS_3,FOODS,WI_2,WI,1,0.5641863938579625
2016-03-04,FOODS_3_180,FOODS_3,FOODS,WI_3,WI,0,0.3997058138135205
2016-03-04,FOODS_3_260,FOODS_3,FOODS,CA_1,CA,1,0.8125321925910204
2016-03-04,FOODS_3_260,FOODS_3,FOODS,CA_2,CA,0,0.19742934407920493
2016-03-04,FOODS_3_260,FOODS_3,FOODS,CA_3,CA,0,0.33544514471634257
2016-03-04,FOODS_3_260,FOODS_3,FOODS,CA_4,CA,0,0.383265642191531
2016-03-04,FOODS_3_260,FOODS_3,FOODS,TX_1,TX,0,0.21677716736685837
2016-03-04,FOODS_3_260,FOODS_3,FOODS,TX_2,TX,2,0.37259370430438193
2016-03-04,FOODS_3_260,FOODS_3,FOODS,TX_3,TX,0,0.023632526168086497
2016-03-04,FOODS_3_260,FOODS_3,FOODS,WI_1,WI,0,0.29266745448019155
2016-03-04,FOODS_3_260,FOODS_3,FOODS,WI_2,WI,0,0.03669396433037486
2016-03-04,FOODS_3_260,FOODS_3,FOODS,WI_3,WI,0,0.031705396677102954
2016-03-04,HOBBIES_1_022,HOBBIES_1,HOBBIES,CA_1,CA,0,0.49859239269406563
2016-03-04,HOBBIES_1_022,HOBBIES_1,HOBBIES,CA_2,CA,0,0.3184306862796976
2016-03-04,HOBBIES_1_022,HOBBIES_1,HOBBIES,CA_3,CA,0,0.8043538871917972
2016-03-04,HOBBIES_1_022,HOBBIES_1,HOBBIES,CA_4,CA,0,0.15696976609051416
2016-03-04,HOBBIES_1_022,HOBBIES_1,HOBBIES,TX_1,TX,0,0.15281637487199665
2016-03-04,HOBBIES_1_022,HOBBIES_1,HOBBIES,TX_2,TX,1,0.4481467206651506
2016-03-04,HOBBIES_1_022,HOBBIES_1,HOBBIES,TX_3,TX,0,0.41706861730524064
2016-03-04,HOBBIES_1_022,HOBBIES_1,HOBBIES,WI_1,WI,1,0.28326774171169883
2016-03-04,HOBBIES_1_022,HOBBIES_1,HOBBIES,WI_2,WI,1,0.3472268938422001
2016-03-04,HOBBIES_1_022,HOBBIES_1,HOBBIES,WI_3,WI,0,0.6028148679961108
2016-03-04,HOBBIES_1_209,HOBBIES_1,HOBBIES,CA_1,CA,3,3.387170348323377
2016-03-04,HOBBIES_1_209,HOBBIES_1,HOBBIES,CA_2,CA,0,3.2684464928740096
2016-03-04,HOBBIES_1_209,HOBBIES_1,HOBBIES,CA_3,CA,3,3.619939802696089
2016-03-04,HOBBIES_1_209,HOBBIES_1,HOBBIES,CA_4,CA,0,0.045509237359436794
2016-03-04,HOBBIES_1_209,HOBBIES_1,HOBBIES,TX_1,TX,0,1.996382852602628
2016-03-04,HOBBIES_1_209,HOBBIES_1,HOBBIES,TX_2,TX,2,2.0846157625076613
2016-03-04,HOBBIES_1_209,HOBBIES_1,HOBBIES,TX_3,TX,0,0.5852574892439182
2016-03-04,HOBBIES_1_209,HOBBIES_1,HOBBIES,WI_1,WI,1,1.9461945158878962
2016-03-04,HOBBIES_1_209,HOBBIES_1,HOBBIES,WI_2,WI,8,2.640536615241834
2016-03-04,HOBBIES_1_209,HOBBIES_1,HOBBIES,WI_3,WI,3,2.3895872067121364
2016-03-04,HOBBIES_2_041,HOBBIES_2,HOBBIES,CA_1,CA,0,0.17001322451911197
2016-03-04,HOBBIES_2_041,HOBBIES_2,HOBBIES,CA_2,CA,0,1.0919310546316292
2016-03-04,HOBBIES_2_041,HOBBIES_2,HOBBIES,CA_3,CA,0,0.30839364072641373
2016-03-04,HOBBIES_2_041,HOBBIES_2,HOBBIES,CA_4,CA,0,0.12190062710898024
2016-03-04,HOBBIES_2_041,HOBBIES_2,HOBBIES,TX_1,TX,1,0.06790932798370242
2016-03-04,HOBBIES_2_041,HOBBIES_2,HOBBIES,TX_2,TX,0,0.893828780273751
2016-03-04,HOBBIES_2_041,HOBBIES_2,HOBBIES,TX_3,TX,0,0.12314239075608398
2016-03-04,HOBBIES_2_041,HOBBIES_2,HOBBIES,WI_1,WI,0,0.16096882529016246
2016-03-04,HOBBIES_2_041,HOBBIES_2,HOBBIES,WI_2,WI,0,0.2858378036233901
2016-03-04,HOBBIES_2_041,HOBBIES_2,HOBBIES,WI_3,WI,3,0.19834932667915942
2016-03-04,HOBBIES_2_113,HOBBIES_2,HOBBIES,CA_1,CA,0,0.15609126452921057
2016-03-04,HOBBIES_2_113,HOBBIES_2,HOBBIES,CA_2,CA,0,0.06530793241816092
2016-03-04,HOBBIES_2_113,HOBBIES_2,HOBBIES,CA_3,CA,0,0.03846079277988495
2016-03-04,HOBBIES_2_113,HOBBIES_2,HOBBIES,CA_4,CA,0,0.014424863718644598
2016-03-04,HOBBIES_2_113,HOBBIES_2,HOBBIES,TX_1,TX,0,0.24115001544610296
2016-03-04,HOBBIES_2_113,HOBBIES_2,HOBBIES,TX_2,TX,0,0.22500400091223574
2016-03-04,HOBBIES_2_113,HOBBIES_2,HOBBIES,TX_3,TX,0,0.15172200710424946
2016-03-04,HOBBIES_2_113,HOBBIES_2,HOBBIES,WI_1,WI,0,0.19905014825614573
2016-03-04,HOBBIES_2_113,HOBBIES_2,HOBBIES,WI_2,WI,0,0.21103735627050185
2016-03-04,HOBBIES_2_113,HOBBIES_2,HOBBIES,WI_3,WI,0,0.024977293235201956
2016-03-04,HOUSEHOLD_1_100,HOUSEHOLD_1,HOUSEHOLD,CA_1,CA,0,0.033230074457090183
2016-03-04,HOUSEHOLD_1_100,HOUSEHOLD_1,HOUSEHOLD,CA_2,CA,0,0.22936174132515752
2016-03-04,HOUSEHOLD_1_100,HOUSEHOLD_1,HOUSEHOLD,CA_3,CA,0,0.0684115192370294
2016-03-04,HOUSEHOLD_1_100,HOUSEHOLD_1,HOUSEHOLD,CA_4,CA,0,0.017786862377688784
2016-03-04,HOUSEHOLD_1_100,HOUSEHOLD_1,HOUSEHOLD,TX_1,TX,0,0.043123731758422545
2016-03-04,HOUSEHOLD_1_100,HOUSEHOLD_1,HOUSEHOLD,TX_2,TX,0,0.036463139611059014
2016-03-04,HOUSEHOLD_1_100,HOUSEHOLD_1,HOUSEHOLD,TX_3,TX,0,0.043123731758422545
2016-03-04,HOUSEHOLD_1_100,HOUSEHOLD_1,HOUSEHOLD,WI_1,WI,0,0.018068007836431435
2016-03-04,HOUSEHOLD_1_100,HOUSEHOLD_1,HOUSEHOLD,WI_2,WI,0,0.05327155050182435
2016-03-04,HOUSEHOLD_1_100,HOUSEHOLD_1,HOUSEHOLD,WI_3,WI,0,0.05531340906206146
2016-03-04,HOUSEHOLD_1_290,HOUSEHOLD_1,HOUSEHOLD,CA_1,CA,0,0.5396349734974812
2016-03-04,HOUSEHOLD_1_290,HOUSEHOLD_1,HOUSEHOLD,CA_2,CA,1,0.8420570536521057
2016-03-04,HOUSEHOLD_1_290,HOUSEHOLD_1,HOUSEHOLD,CA_3,CA,0,0.9029344070011889
2016-03-04,HOUSEHOLD_1_290,HOUSEHOLD_1,HOUSEHOLD,CA_4,CA,0,0.07413093493783761
2016-03-04,HOUSEHOLD_1_290,HOUSEHOLD_1,HOUSEHOLD,TX_1,TX,2,1.4349693944934583
2016-03-04,HOUSEHOLD_1_290,HOUSEHOLD_1,HOUSEHOLD,TX_2,TX,1,0.8946585783236001
2016-03-04,HOUSEHOLD_1_290,HOUSEHOLD_1,HOUSEHOLD,TX_3,TX,1,1.4645682729997036
2016-03-04,HOUSEHOLD_1_290,HOUSEHOLD_1,HOUSEHOLD,WI_1,WI,0,0.27016815748292483
2016-03-04,HOUSEHOLD_1_290,HOUSEHOLD_1,HOUSEHOLD,WI_2,WI,1,1.7223487923226808
2016-03-04,HOUSEHOLD_1_290,HOUSEHOLD_1,HOUSEHOLD,WI_3,WI,1,1.136106885118241
2016-03-04,HOUSEHOLD_1_370,HOUSEHOLD_1,HOUSEHOLD,CA_1,CA,1,1.2721166273598072
2016-03-04,HOUSEHOLD_1_370,HOUSEHOLD_1,HOUSEHOLD,CA_2,CA,4,2.0054519169236937
2016-03-04,HOUSEHOLD_1_370,HOUSEHOLD_1,HOUSEHOLD,CA_3,CA,5,3.30854575794666
2016-03-04,HOUSEHOLD_1_370,HOUSEHOLD_1,HOUSEHOLD,CA_4,CA,1,0.9438363636616467
2016-03-04,HOUSEHOLD_1_370,HOUSEHOLD_1,HOUSEHOLD,TX_1,TX,0,0.9182726648047471
2016-03-04,HOUSEHOLD_1_370,HOUSEHOLD_1,HOUSEHOLD,TX_2,TX,1,1.519445772163447
2016-03-04,HOUSEHOLD_1_370,HOUSEHOLD_1,HOUSEHOLD,TX_3,TX,0,1.0553347662380883
2016-03-04,HOUSEHOLD_1_370,HOUSEHOLD_1,HOUSEHOLD,WI_1,WI,0,1.239928901512126
2016-03-04,HOUSEHOLD_1_370,HOUSEHOLD_1,HOUSEHOLD,WI_2,WI,3,2.962254490071327
2016-03-04,HOUSEHOLD_1_370,HOUSEHOLD_1,HOUSEHOLD,WI_3,WI,0,1.0914417202368678
2016-03-04,HOUSEHOLD_1_489,HOUSEHOLD_1,HOUSEHOLD,CA_1,CA,0,1.0178767059682428
2016-03-04,HOUSEHOLD_1_489,HOUSEHOLD_1,HOUSEHOLD,CA_2,CA,1,1.5474433834185808
2016-03-04,HOUSEHOLD_1_489,HOUSEHOLD_1,HOUSEHOLD,CA_3,CA,1,3.2538088655819206
2016-03-04,HOUSEHOLD_1_489,HOUSEHOLD_1,HOUSEHOLD,CA_4,CA,1,0.8117507903332745
2016-03-04,HOUSEHOLD_1_489,HOUSEHOLD_1,HOUSEHOLD,TX_1,TX,0,2.962255829226207
2016-03-04,HOUSEHOLD_1_489,HOUSEHOLD_1,HOUSEHOLD,TX_2,TX,3,1.5377820302823668
2016-03-04,HOUSEHOLD_1_489,HOUSEHOLD_1,HOUSEHOLD,TX_3,TX,3,1.2497779186709148
2016-03-04,HOUSEHOLD_1_489,HOUSEHOLD_1,HOUSEHOLD,WI_1,WI,0,0.7891090411329411
2016-03-04,HOUSEHOLD_1_489,HOUSEHOLD_1,HOUSEHOLD,WI_2,WI,0,1.0241403172591863
2016-03-04,HOUSEHOLD_1_489,HOUSEHOLD_1,HOUSEHOLD,WI_3,WI,0,0.7052943812731546
2016-03-04,HOUSEHOLD_2_442,HOUSEHOLD_2,HOUSEHOLD,CA_1,CA,1,1.4087061306887962
2016-03-04,HOUSEHOLD_2_442,HOUSEHOLD_2,HOUSEHOLD,CA_2,CA,0,1.285328766867891
2016-03-04,HOUSEHOLD_2_442,HOUSEHOLD_2,HOUSEHOLD,CA_3,CA,1,1.042148718790699
2016-03-04,HOUSEHOLD_2_442,HOUSEHOLD_2,HOUSEHOLD,CA_4,CA,2,0.6079916872136397
2016-03-04,HOUSEHOLD_2_442,HOUSEHOLD_2,HOUSEHOLD,TX_1,TX,0,0.6261945216803472
2016-03-04,HOUSEHOLD_2_442,HOUSEHOLD_2,HOUSEHOLD,TX_2,TX,2,0.8273950889110696
2016-03-04,HOUSEHOLD_2_442,HOUSEHOLD_2,HOUSEHOLD,TX_3,TX,0,0.8184580255877917
2016-03-04,HOUSEHOLD_2_442,HOUSEHOLD_2,HOUSEHOLD,WI_1,WI,1,0.9985709927208981
2016-03-04,HOUSEHOLD_2_442,HOUSEHOLD_2,HOUSEHOLD,WI_2,WI,0,1.1985380563931585
2016-03-04,HOUSEHOLD_2_442,HOUSEHOLD_2,HOUSEHOLD,WI_3,WI,1,0.8929615086359344
2016-03-05,FOODS_1_021,FOODS_1,FOODS,CA_1,CA,6,2.023964198448532
2016-03-05,FOODS_1_021,FOODS_1,FOODS,CA_2,CA,9,3.118153222495955
2016-03-05,FOODS_1_021,FOODS_1,FOODS,CA_3,CA,0,1.9663645106637988
2016-03-05,FOODS_1_021,FOODS_1,FOODS,CA_4,CA,1,3.1828413034880216
2016-03-05,FOODS_1_021,FOODS_1,FOODS,TX_1,TX,5,0.9217403947968713
2016-03-05,FOODS_1_021,FOODS_1,FOODS,TX_2,TX,0,0.20646015734552578
2016-03-05,FOODS_1_021,FOODS_1,FOODS,TX_3,TX,0,0.21042752508721943
2016-03-05,FOODS_1_021,FOODS_1,FOODS,WI_1,WI,0,3.076911441950017
2016-03-05,FOODS_1_021,FOODS_1,FOODS,WI_2,WI,2,1.1593459048340897
2016-03-05,FOODS_1_021,FOODS_1,FOODS,WI_3,WI,3,1.4136217373285225
2016-03-05,FOODS_2_035,FOODS_2,FOODS,CA_1,CA,1,1.5354879315504022
2016-03-05,FOODS_2_035,FOODS_2,FOODS,CA_2,CA,3,2.2927890256447956
2016-03-05,FOODS_2_035,FOODS_2,FOODS,CA_3,CA,5,3.2483223059257615
2016-03-05,FOODS_2_035,FOODS_2,FOODS,CA_4,CA,2,1.4714784852789307
2016-03-05,FOODS_2_035,FOODS_2,FOODS,TX_1,TX,0,1.2323894690263781
2016-03-05,FOODS_2_035,FOODS_2,FOODS,TX_2,TX,2,1.8905225426195993
2016-03-05,FOODS_2_035,FOODS_2,FOODS,TX_3,TX,3,1.8266601098976696
2016-03-05,FOODS_2_035,FOODS_2,FOODS,WI_1,WI,2,0.9004919698118221
2016-03-05,FOODS_2_035,FOODS_2,FOODS,WI_2,WI,1,1.8837038643184618
2016-03-05,FOODS_2_035,FOODS_2,FOODS,WI_3,WI,2,1.4794010062889076
2016-03-05,FOODS_3_180,FOODS_3,FOODS,CA_1,CA,0,0.5257168703389853
2016-03-05,FOODS_3_180,FOODS_3,FOODS,CA_2,CA,0,0.40254552463655546
2016-03-05,FOODS_3_180,FOODS_3,FOODS,CA_3,CA,1,0.7220904779989293
2016-03-05,FOODS_3_180,FOODS_3,FOODS,CA_4,CA,1,0.3264867795207865
2016-03-05,FOODS_3_180,FOODS_3,FOODS,TX_1,TX,0,0.31877876930174215
2016-03-05,FOODS_3_180,FOODS_3,FOODS,TX_2,TX,0,0.47976684045440426
2016-03-05,FOODS_3_180,FOODS_3,FOODS,TX_3,TX,0,0.239322576091388
2016-03-05,FOODS_3_180,FOODS_3,FOODS,WI_1,WI,1,0.7310996913736679
2016-03-05,FOODS_3_180,FOODS_3,FOODS,WI_2,WI,1,0.666329651071002
2016-03-05,FOODS_3_180,FOODS_3,FOODS,WI_3,WI,0,0.3956356350207389
2016-03-05,FOODS_3_260,FOODS_3,FOODS,CA_1,CA,0,0.9153995542180936
2016-03-05,FOODS_3_260,FOODS_3,FOODS,CA_2,CA,0,0.2172530852776852
2016-03-05,FOODS_3_260,FOODS_3,FOODS,CA_3,CA,0,0.34561387848974734
2016-03-05,FOODS_3_260,FOODS_3,FOODS,CA_4,CA,0,0.3867198284362204
2016-03-05,FOODS_3_260,FOODS_3,FOODS,TX_1,TX,1,0.1966470533784074
2016-03-05,FOODS_3_260,FOODS_3,FOODS,TX_2,TX,1,0.5155811192370362
2016-03-05,FOODS_3_260,FOODS_3,FOODS,TX_3,TX,0,0.030016578151234714
2016-03-05,FOODS_3_260,FOODS_3,FOODS,WI_1,WI,0,0.2094479223067249
2016-03-05,FOODS_3_260,FOODS_3,FOODS,WI_2,WI,0,0.04537514923493316
2016-03-05,FOODS_3_260,FOODS_3,FOODS,WI_3,WI,0,0.04212211111892804
2016-03-05,HOBBIES_1_022,HOBBIES_1,HOBBIES,CA_1,CA,0,0.48024016087529564
2016-03-05,HOBBIES_1_022,HOBBIES_1,HOBBIES,CA_2,CA,1,0.3432083155540235
2016-03-05,HOBBIES_1_022,HOBBIES_1,HOBBIES,CA_3,CA,0,0.9116379229283962
2016-03-05,HOBBIES_1_022,HOBBIES_1,HOBBIES,CA_4,CA,0,0.1520469835137447
2016-03-05,HOBBIES_1_022,HOBBIES_1,HOBBIES,TX_1,TX,0,0.1919832246881351
2016-03-05,HOBBIES_1_022,HOBBIES_1,HOBBIES,TX_2,TX,0,0.5799280500729088
2016-03-05,HOBBIES_1_022,HOBBIES_1,HOBBIES,TX_3,TX,1,0.389962252341054
2016-03-05,HOBBIES_1_022,HOBBIES_1,HOBBIES,WI_1,WI,0,0.46340659949253454
2016-03-05,HOBBIES_1_022,HOBBIES_1,HOBBIES,WI_2,WI,1,0.4960971157154575
2016-03-05,HOBBIES_1_022,HOBBIES_1,HOBBIES,WI_3,WI,0,0.6854132215589706
2016-03-05,HOBBIES_1_209,HOBBIES_1,HOBBIES,CA_1,CA,10,4.278664306385832
2016-03-05,HOBBIES_1_209,HOBBIES_1,HOBBIES,CA_2,CA,5,3.091878291549261
2016-03-05,HOBBIES_1_209,HOBBIES_1,HOBBIES,CA_3,CA,8,7.504893094123914
2016-03-05,HOBBIES_1_209,HOBBIES_1,HOBBIES,CA_4,CA,0,0.07477097444870265
2016-03-05,HOBBIES_1_209,HOBBIES_1,HOBBIES,TX_1,TX,0,2.3820320058691555
2016-03-05,HOBBIES_1_209,HOBBIES_1,HOBBIES,TX_2,TX,7,2.94972835891737
2016-03-05,HOBBIES_1_209,HOBBIES_1,HOBBIES,TX_3,TX,0,0.6454527828354232
2016-03-05,HOBBIES_1_209,HOBBIES_1,HOBBIES,WI_1,WI,0,2.3463379797736215
2016-03-05,HOBBIES_1_209,HOBBIES_1,HOBBIES,WI_2,WI,0,3.5551149148471604
2016-03-05,HOBBIES_1_209,HOBBIES_1,HOBBIES,WI_3,WI,1,3.2607417946030433
2016-03-05,HOBBIES_2_041,HOBBIES_2,HOBBIES,CA_1,CA,0,0.1928347478727077
2016-03-05,HOBBIES_2_041,HOBBIES_2,HOBBIES,CA_2,CA,0,1.0665122906077045
2016-03-05,HOBBIES_2_041,HOBBIES_2,HOBBIES,CA_3,CA,0,0.31793538228950907
2016-03-05,HOBBIES_2_041,HOBBIES_2,HOBBIES,CA_4,CA,0,0.13314162078646594
2016-03-05,HOBBIES_2_041,HOBBIES_2,HOBBIES,TX_1,TX,0,0.23220430505077316
2016-03-05,HOBBIES_2_041,HOBBIES_2,HOBBIES,TX_2,TX,2,0.930099019254016
2016-03-05,HOBBIES_2_041,HOBBIES_2,HOBBIES,TX_3,TX,0,0.13438338443356967
2016-03-05,HOBBIES_2_041,HOBBIES_2,HOBBIES,WI_1,WI,0,0.1968407297785163
2016-03-05,HOBBIES_2_041,HOBBIES_2,HOBBIES,WI_2,WI,1,0.3163842103303998
2016-03-05,HOBBIES_2_041,HOBBIES_2,HOBBIES,WI_3,WI,0,0.5204162470020234
2016-03-05,HOBBIES_2_113,HOBBIES_2,HOBBIES,CA_1,CA,0,0.15072707245599734
2016-03-05,HOBBIES_2_113,HOBBIES_2,HOBBIES,CA_2,CA,0,0.08307923993847408
2016-03-05,HOBBIES_2_113,HOBBIES_2,HOBBIES,CA_3,CA,0,0.04063062612788651
2016-03-05,HOBBIES_2_113,HOBBIES_2,HOBBIES,CA_4,CA,0,0.02080891570179283
2016-03-05,HOBBIES_2_113,HOBBIES_2,HOBBIES,TX_1,TX,0,0.2209831133061202
2016-03-05,HOBBIES_2_113,HOBBIES_2,HOBBIES,TX_2,TX,0,0.24847646398063794
2016-03-05,HOBBIES_2_113,HOBBIES_2,HOBBIES,TX_3,TX,1,0.15661036138492954
2016-03-05,HOBBIES_2_113,HOBBIES_2,HOBBIES,WI_1,WI,0,0.22717989997871324
2016-03-05,HOBBIES_2_113,HOBBIES_2,HOBBIES,WI_2,WI,0,0.241620914487053
2016-03-05,HOBBIES_2_113,HOBBIES_2,HOBBIES,WI_3,WI,0,0.03539400767702703
2016-03-05,HOUSEHOLD_1_100,HOUSEHOLD_1,HOUSEHOLD,CA_1,CA,0,0.07067309263805278
2016-03-05,HOUSEHOLD_1_100,HOUSEHOLD_1,HOUSEHOLD,CA_2,CA,0,0.28282206965560114
2016-03-05,HOUSEHOLD_1_100,HOUSEHOLD_1,HOUSEHOLD,CA_3,CA,0,0.09419676826362165
2016-03-05,HOUSEHOLD_1_100,HOUSEHOLD_1,HOUSEHOLD,CA_4,CA,0,0.045674845841731676
2016-03-05,HOUSEHOLD_1_100,HOUSEHOLD_1,HOUSEHOLD,TX_1,TX,0,0.07343768889697161
2016-03-05,HOUSEHOLD_1_100,HOUSEHOLD_1,HOUSEHOLD,TX_2,TX,0,0.0739061577920216
2016-03-05,HOUSEHOLD_1_100,HOUSEHOLD_1,HOUSEHOLD,TX_3,TX,0,0.07101171522246542
2016-03-05,HOUSEHOLD_1_100,HOUSEHOLD_1,HOUSEHOLD,WI_1,WI,0,0.05724655555466078
2016-03-05,HOUSEHOLD_1_100,HOUSEHOLD_1,HOUSEHOLD,WI_2,WI,0,0.09071456868278693
2016-03-05,HOUSEHOLD_1_100,HOUSEHOLD_1,HOUSEHOLD,WI_3,WI,0,0.0944919567802908
2016-03-05,HOUSEHOLD_1_290,HOUSEHOLD_1,HOUSEHOLD,CA_1,CA,0,0.4734071492151344
2016-03-05,HOUSEHOLD_1_290,HOUSEHOLD_1,HOUSEHOLD,CA_2,CA,1,1.2378559569374485
2016-03-05,HOUSEHOLD_1_290,HOUSEHOLD_1,HOUSEHOLD,CA_3,CA,2,0.9416996332824462
2016-03-05,HOUSEHOLD_1_290,HOUSEHOLD_1,HOUSEHOLD,CA_4,CA,0,0.1172379116873078
2016-03-05,HOUSEHOLD_1_290,HOUSEHOLD_1,HOUSEHOLD,TX_1,TX,5,1.5630533667040867
2016-03-05,HOUSEHOLD_1_290,HOUSEHOLD_1,HOUSEHOLD,TX_2,TX,4,1.164586741147076
2016-03-05,HOUSEHOLD_1_290,HOUSEHOLD_1,HOUSEHOLD,TX_3,TX,7,1.6330085733643311
2016-03-05,HOUSEHOLD_1_290,HOUSEHOLD_1,HOUSEHOLD,WI_1,WI,0,0.35405485263077036
2016-03-05,HOUSEHOLD_1_290,HOUSEHOLD_1,HOUSEHOLD,WI_2,WI,4,1.8733642072170151
2016-03-05,HOUSEHOLD_1_290,HOUSEHOLD_1,HOUSEHOLD,WI_3,WI,0,1.4124671673736082
2016-03-05,HOUSEHOLD_1_370,HOUSEHOLD_1,HOUSEHOLD,CA_1,CA,2,1.366880842667591
2016-03-05,HOUSEHOLD_1_370,HOUSEHOLD_1,HOUSEHOLD,CA_2,CA,7,2.533490152292856
2016-03-05,HOUSEHOLD_1_370,HOUSEHOLD_1,HOUSEHOLD,CA_3,CA,3,3.1700813788549596
2016-03-05,HOUSEHOLD_1_370,HOUSEHOLD_1,HOUSEHOLD,CA_4,CA,2,0.9953524783523487
2016-03-05,HOUSEHOLD_1_370,HOUSEHOLD_1,HOUSEHOLD,TX_1,TX,0,0.8302936675179037
2016-03-05,HOUSEHOLD_1_370,HOUSEHOLD_1,HOUSEHOLD,TX_2,TX,0,1.6788556020391376
2016-03-05,HOUSEHOLD_1_370,HOUSEHOLD_1,HOUSEHOLD,TX_3,TX,1,1.1853185248066915
2016-03-05,HOUSEHOLD_1_370,HOUSEHOLD_1,HOUSEHOLD,WI_1,WI,1,1.2336916831433276
2016-03-05,HOUSEHOLD_1_370,HOUSEHOLD_1,HOUSEHOLD,WI_2,WI,0,2.931874057185413
2016-03-05,HOUSEHOLD_1_370,HOUSEHOLD_1,HOUSEHOLD,WI_3,WI,1,1.0126799758861043
2016-03-05,HOUSEHOLD_1_489,HOUSEHOLD_1,HOUSEHOLD,CA_1,CA,4,0.8340428593765031
2016-03-05,HOUSEHOLD_1_489,HOUSEHOLD_1,HOUSEHOLD,CA_2,CA,1,1.7099339231030086
2016-03-05,HOUSEHOLD_1_489,HOUSEHOLD_1,HOUSEHOLD,CA_3,CA,2,2.6603828729187553
2016-03-05,HOUSEHOLD_1_489,HOUSEHOLD_1,HOUSEHOLD,CA_4,CA,1,0.986957591392501
2016-03-05,HOUSEHOLD_1_489,HOUSEHOLD_1,HOUSEHOLD,TX_1,TX,4,1.7604917806725733
2016-03-05,HOUSEHOLD_1_489,HOUSEHOLD_1,HOUSEHOLD,TX_2,TX,2,1.8272077995724287
2016-03-05,HOUSEHOLD_1_489,HOUSEHOLD_1,HOUSEHOLD,TX_3,TX,1,1.5189424488803946
2016-03-05,HOUSEHOLD_1_489,HOUSEHOLD_1,HOUSEHOLD,WI_1,WI,1,0.7082659922962997
2016-03-05,HOUSEHOLD_1_489,HOUSEHOLD_1,HOUSEHOLD,WI_2,WI,1,0.9269268746647976
2016-03-05,HOUSEHOLD_1_489,HOUSEHOLD_1,HOUSEHOLD,WI_3,WI,1,0.6859350788701589
2016-03-05,HOUSEHOLD_2_442,HOUSEHOLD_2,HOUSEHOLD,CA_1,CA,1,1.751179128838931
2016-03-05,HOUSEHOLD_2_442,HOUSEHOLD_2,HOUSEHOLD,CA_2,CA,2,1.489625210114877
2016-03-05,HOUSEHOLD_2_442,HOUSEHOLD_2,HOUSEHOLD,CA_3,CA,1,1.181020797595284
2016-03-05,HOUSEHOLD_2_442,HOUSEHOLD_2,HOUSEHOLD,CA_4,CA,0,0.7625592646654339
2016-03-05,HOUSEHOLD_2_442,HOUSEHOLD_2,HOUSEHOLD,TX_1,TX,0,0.6180380250112378
2016-03-05,HOUSEHOLD_2_442,HOUSEHOLD_2,HOUSEHOLD,TX_2,TX,0,0.9309633453213166
2016-03-05,HOUSEHOLD_2_442,HOUSEHOLD_2,HOUSEHOLD,TX_3,TX,2,0.9173354323374908
2016-03-05,HOUSEHOLD_2_442,HOUSEHOLD_2,HOUSEHOLD,WI_1,WI,0,1.1331433414607819
2016-03-05,HOUSEHOLD_2_442,HOUSEHOLD_2,HOUSEHOLD,WI_2,WI,2,1.2432596683385295
2016-03-05,HOUSEHOLD_2_442,HOUSEHOLD_2,HOUSEHOLD,WI_3,WI,1,1.02959025620917
2016-03-06,FOODS_1_021,FOODS_1,FOODS,CA_1,CA,4,3.673654358158197
2016-03-06,FOODS_1_021,FOODS_1,FOODS,CA_2,CA,6,3.888452854347214
2016-03-06,FOODS_1_021,FOODS_1,FOODS,CA_3,CA,2,1.9458248685678898
2016-03-06,FOODS_1_021,FOODS_1,FOODS,CA_4,CA,5,3.052894008776693
2016-03-06,FOODS_1_021,FOODS_1,FOODS,TX_1,TX,0,1.5954651504017814
2016-03-06,FOODS_1_021,FOODS_1,FOODS,TX_2,TX,0,0.2153639610323293
2016-03-06,FOODS_1_021,FOODS_1,FOODS,TX_3,TX,0,0.24444534573329596
2016-03-06,FOODS_1_021,FOODS_1,FOODS,WI_1,WI,0,4.271757488317616
2016-03-06,FOODS_1_021,FOODS_1,FOODS,WI_2,WI,0,1.478516747999589
2016-03-06,FOODS_1_021,FOODS_1,FOODS,WI_3,WI,0,1.8577994215007512
2016-03-06,FOODS_2_035,FOODS_2,FOODS,CA_1,CA,2,1.8438383498795539
2016-03-06,FOODS_2_035,FOODS_2,FOODS,CA_2,CA,3,2.9159678785176735
2016-03-06,FOODS_2_035,FOODS_2,FOODS,CA_3,CA,5,3.7553974986998346
2016-03-06,FOODS_2_035,FOODS_2,FOODS,CA_4,CA,2,1.9233523983656862
2016-03-06,FOODS_2_035,FOODS_2,FOODS,TX_1,TX,0,1.339871729995281
2016-03-06,FOODS_2_035,FOODS_2,FOODS,TX_2,TX,5,2.2298250087645526
2016-03-06,FOODS_2_035,FOODS_2,FOODS,TX_3,TX,1,2.3004204312054894
2016-03-06,FOODS_2_035,FOODS_2,FOODS,WI_1,WI,0,1.065702973260298
2016-03-06,FOODS_2_035,FOODS_2,FOODS,WI_2,WI,1,2.3587312227232857
2016-03-06,FOODS_2_035,FOODS_2,FOODS,WI_3,WI,3,1.833603153987106
2016-03-06,FOODS_3_180,FOODS_3,FOODS,CA_1,CA,0,0.5615179197123576
2016-03-06,FOODS_3_180,FOODS_3,FOODS,CA_2,CA,0,0.448994549220302
2016-03-06,FOODS_3_180,FOODS_3,FOODS,CA_3,CA,0,0.7883687186198245
2016-03-06,FOODS_3_180,FOODS_3,FOODS,CA_4,CA,1,0.4810598292340708
2016-03-06,FOODS_3_180,FOODS_3,FOODS,TX_1,TX,0,0.3293726515550807
2016-03-06,FOODS_3_180,FOODS_3,FOODS,TX_2,TX,0,0.5384873933976142
2016-03-06,FOODS_3_180,FOODS_3,FOODS,TX_3,TX,0,0.17621906513701566
2016-03-06,FOODS_3_180,FOODS_3,FOODS,WI_1,WI,1,0.8419083324794602
2016-03-06,FOODS_3_180,FOODS_3,FOODS,WI_2,WI,1,0.7147383938450542
2016-03-06,FOODS_3_180,FOODS_3,FOODS,WI_3,WI,1,0.44031721108143923
2016-03-06,FOODS_3_260,FOODS_3,FOODS,CA_1,CA,0,1.0148274788318472
2016-03-06,FOODS_3_260,FOODS_3,FOODS,CA_2,CA,0,0.28461588521520426
2016-03-06,FOODS_3_260,FOODS_3,FOODS,CA_3,CA,0,0.35350150869199815
2016-03-06,FOODS_3_260,FOODS_3,FOODS,CA_4,CA,0,0.4314014044969206
2016-03-06,FOODS_3_260,FOODS_3,FOODS,TX_1,TX,0,0.29576062793489666
2016-03-06,FOODS_3_260,FOODS_3,FOODS,TX_2,TX,0,0.5875022734859647
2016-03-06,FOODS_3_260,FOODS_3,FOODS,TX_3,TX,0,0.03297193793109438
2016-03-06,FOODS_3_260,FOODS_3,FOODS,WI_1,WI,3,0.2736289659338608
2016-03-06,FOODS_3_260,FOODS_3,FOODS,WI_2,WI,0,0.048330509014792834
2016-03-06,FOODS_3_260,FOODS_3,FOODS,WI_3,WI,0,0.04507747089878771
2016-03-06,HOBBIES_1_022,HOBBIES_1,HOBBIES,CA_1,CA,0,0.5620443459766019
2016-03-06,HOBBIES_1_022,HOBBIES_1,HOBBIES,CA_2,CA,0,0.49640374725420083
2016-03-06,HOBBIES_1_022,HOBBIES_1,HOBBIES,CA_3,CA,1,1.0547313338689435
2016-03-06,HOBBIES_1_022,HOBBIES_1,HOBBIES,CA_4,CA,0,0.18322020548243356
2016-03-06,HOBBIES_1_022,HOBBIES_1,HOBBIES,TX_1,TX,0,0.22491123218329015
2016-03-06,HOBBIES_1_022,HOBBIES_1,HOBBIES,TX_2,TX,0,0.612535126157337
2016-03-06,HOBBIES_1_022,HOBBIES_1,HOBBIES,TX_3,TX,1,0.5615698347004277
2016-03-06,HOBBIES_1_022,HOBBIES_1,HOBBIES,WI_1,WI,0,0.528423299730979
2016-03-06,HOBBIES_1_022,HOBBIES_1,HOBBIES,WI_2,WI,2,0.623003608366727
2016-03-06,HOBBIES_1_022,HOBBIES_1,HOBBIES,WI_3,WI,3,0.7976053889163035
2016-03-06,HOBBIES_1_209,HOBBIES_1,HOBBIES,CA_1,CA,4,4.745485111435238
2016-03-06,HOBBIES_1_209,HOBBIES_1,HOBBIES,CA_2,CA,2,6.487528480876397
2016-03-06,HOBBIES_1_209,HOBBIES_1,HOBBIES,CA_3,CA,7,8.616949524587742
2016-03-06,HOBBIES_1_209,HOBBIES_1,HOBBIES,CA_4,CA,0,0.11628981220460477
2016-03-06,HOBBIES_1_209,HOBBIES_1,HOBBIES,TX_1,TX,1,3.4632550269127194
2016-03-06,HOBBIES_1_209,HOBBIES_1,HOBBIES,TX_2,TX,2,3.50372785934908
2016-03-06,HOBBIES_1_209,HOBBIES_1,HOBBIES,TX_3,TX,0,0.7994409578373973
2016-03-06,HOBBIES_1_209,HOBBIES_1,HOBBIES,WI_1,WI,4,3.0769276215318584
2016-03-06,HOBBIES_1_209,HOBBIES_1,HOBBIES,WI_2,WI,0,2.6127295458605384
2016-03-06,HOBBIES_1_209,HOBBIES_1,HOBBIES,WI_3,WI,2,3.2244120664572766
2016-03-06,HOBBIES_2_041,HOBBIES_2,HOBBIES,CA_1,CA,1,0.21156306884563142
2016-03-06,HOBBIES_2_041,HOBBIES_2,HOBBIES,CA_2,CA,0,1.2827083718969907
2016-03-06,HOBBIES_2_041,HOBBIES_2,HOBBIES,CA_3,CA,0,0.328633663836069
2016-03-06,HOBBIES_2_041,HOBBIES_2,HOBBIES,CA_4,CA,0,0.14276272985061383
2016-03-06,HOBBIES_2_041,HOBBIES_2,HOBBIES,TX_1,TX,0,0.17763422162545803
2016-03-06,HOBBIES_2_041,HOBBIES_2,HOBBIES,TX_2,TX,1,1.2447766786048227
2016-03-06,HOBBIES_2_041,HOBBIES_2,HOBBIES,TX_3,TX,0,0.14155193041087136
2016-03-06,HOBBIES_2_041,HOBBIES_2,HOBBIES,WI_1,WI,3,0.21441607493377607
2016-03-06,HOBBIES_2_041,HOBBIES_2,HOBBIES,WI_2,WI,1,0.3830317693530094
2016-03-06,HOBBIES_2_041,HOBBIES_2,HOBBIES,WI_3,WI,0,0.45702753079104863
2016-03-06,HOBBIES_2_113,HOBBIES_2,HOBBIES,CA_1,CA,0,0.16926761445171115
2016-03-06,HOBBIES_2_113,HOBBIES_2,HOBBIES,CA_2,CA,0,0.04673769083998533
2016-03-06,HOBBIES_2_113,HOBBIES_2,HOBBIES,CA_3,CA,0,0.043585985907746184
2016-03-06,HOBBIES_2_113,HOBBIES_2,HOBBIES,CA_4,CA,0,0.02376427548165248
2016-03-06,HOBBIES_2_113,HOBBIES_2,HOBBIES,TX_1,TX,0,0.24137522623629976
2016-03-06,HOBBIES_2_113,HOBBIES_2,HOBBIES,TX_2,TX,0,0.25214361635283655
2016-03-06,HOBBIES_2_113,HOBBIES_2,HOBBIES,TX_3,TX,0,0.23751021502505518
2016-03-06,HOBBIES_2_113,HOBBIES_2,HOBBIES,WI_1,WI,0,0.14623230918229901
2016-03-06,HOBBIES_2_113,HOBBIES_2,HOBBIES,WI_2,WI,0,0.2496768745488147
2016-03-06,HOBBIES_2_113,HOBBIES_2,HOBBIES,WI_3,WI,0,0.03834936745688669
2016-03-06,HOUSEHOLD_1_100,HOUSEHOLD_1,HOUSEHOLD,CA_1,CA,0,0.1271963982626382
2016-03-06,HOUSEHOLD_1_100,HOUSEHOLD_1,HOUSEHOLD,CA_2,CA,0,0.35461904317257376
2016-03-06,HOUSEHOLD_1_100,HOUSEHOLD_1,HOUSEHOLD,CA_3,CA,0,0.13110155873275905
2016-03-06,HOUSEHOLD_1_100,HOUSEHOLD_1,HOUSEHOLD,CA_4,CA,0,0.07052716091209758
2016-03-06,HOUSEHOLD_1_100,HOUSEHOLD_1,HOUSEHOLD,TX_1,TX,0,0.09829000396733754
2016-03-06,HOUSEHOLD_1_100,HOUSEHOLD_1,HOUSEHOLD,TX_2,TX,0,0.10359603670835815
2016-03-06,HOUSEHOLD_1_100,HOUSEHOLD_1,HOUSEHOLD,TX_3,TX,0,0.09586403029283136
2016-03-06,HOUSEHOLD_1_100,HOUSEHOLD_1,HOUSEHOLD,WI_1,WI,0,0.1137698611792462
2016-03-06,HOUSEHOLD_1_100,HOUSEHOLD_1,HOUSEHOLD,WI_2,WI,0,0.1324569229978949
2016-03-06,HOUSEHOLD_1_100,HOUSEHOLD_1,HOUSEHOLD,WI_3,WI,0,0.11934427185065671
2016-03-06,HOUSEHOLD_1_290,HOUSEHOLD_1,HOUSEHOLD,CA_1,CA,2,0.48208279807901044
2016-03-06,HOUSEHOLD_1_290,HOUSEHOLD_1,HOUSEHOLD,CA_2,CA,0,1.2825584765686808
2016-03-06,HOUSEHOLD_1_290,HOUSEHOLD_1,HOUSEHOLD,CA_3,CA,0,1.5046693167478356
2016-03-06,HOUSEHOLD_1_290,HOUSEHOLD_1,HOUSEHOLD,CA_4,CA,0,0.12685902075145572
2016-03-06,HOUSEHOLD_1_290,HOUSEHOLD_1,HOUSEHOLD,TX_1,TX,1,2.072214768227062
2016-03-06,HOUSEHOLD_1_290,HOUSEHOLD_1,HOUSEHOLD,TX_2,TX,4,1.4633072311052593
2016-03-06,HOUSEHOLD_1_290,HOUSEHOLD_1,HOUSEHOLD,TX_3,TX,0,2.146819705435616
2016-03-06,HOUSEHOLD_1_290,HOUSEHOLD_1,HOUSEHOLD,WI_1,WI,0,0.4103961931012076
2016-03-06,HOUSEHOLD_1_290,HOUSEHOLD_1,HOUSEHOLD,WI_2,WI,5,2.372220678291248
2016-03-06,HOUSEHOLD_1_290,HOUSEHOLD_1,HOUSEHOLD,WI_3,WI,0,1.581913022294765
2016-03-06,HOUSEHOLD_1_370,HOUSEHOLD_1,HOUSEHOLD,CA_1,CA,2,1.9868932854372567
2016-03-06,HOUSEHOLD_1_370,HOUSEHOLD_1,HOUSEHOLD,CA_2,CA,2,3.925175961086813
2016-03-06,HOUSEHOLD_1_370,HOUSEHOLD_1,HOUSEHOLD,CA_3,CA,4,4.1200146330054155
2016-03-06,HOUSEHOLD_1_370,HOUSEHOLD_1,HOUSEHOLD,CA_4,CA,1,1.3498995491085821
2016-03-06,HOUSEHOLD_1_370,HOUSEHOLD_1,HOUSEHOLD,TX_1,TX,1,0.9367389576498315
2016-03-06,HOUSEHOLD_1_370,HOUSEHOLD_1,HOUSEHOLD,TX_2,TX,2,1.9192332981493463
2016-03-06,HOUSEHOLD_1_370,HOUSEHOLD_1,HOUSEHOLD,TX_3,TX,0,1.3449045865916858
2016-03-06,HOUSEHOLD_1_370,HOUSEHOLD_1,HOUSEHOLD,WI_1,WI,3,1.9307152506466603
2016-03-06,HOUSEHOLD_1_370,HOUSEHOLD_1,HOUSEHOLD,WI_2,WI,3,3.5005052613242857
2016-03-06,HOUSEHOLD_1_370,HOUSEHOLD_1,HOUSEHOLD,WI_3,WI,2,1.352648058451564
2016-03-06,HOUSEHOLD_1_489,HOUSEHOLD_1,HOUSEHOLD,CA_1,CA,0,1.3560687736928494
2016-03-06,HOUSEHOLD_1_489,HOUSEHOLD_1,HOUSEHOLD,CA_2,CA,0,2.1435953743355523
2016-03-06,HOUSEHOLD_1_489,HOUSEHOLD_1,HOUSEHOLD,CA_3,CA,3,3.173210556380585
2016-03-06,HOUSEHOLD_1_489,HOUSEHOLD_1,HOUSEHOLD,CA_4,CA,0,1.1370261798111982
2016-03-06,HOUSEHOLD_1_489,HOUSEHOLD_1,HOUSEHOLD,TX_1,TX,2,2.3039780852295153
2016-03-06,HOUSEHOLD_1_489,HOUSEHOLD_1,HOUSEHOLD,TX_2,TX,4,2.2754255187151564
2016-03-06,HOUSEHOLD_1_489,HOUSEHOLD_1,HOUSEHOLD,TX_3,TX,0,1.8719029008067514
2016-03-06,HOUSEHOLD_1_489,HOUSEHOLD_1,HOUSEHOLD,WI_1,WI,0,0.9835695821057626
2016-03-06,HOUSEHOLD_1_489,HOUSEHOLD_1,HOUSEHOLD,WI_2,WI,3,1.2369961330585033
2016-03-06,HOUSEHOLD_1_489,HOUSEHOLD_1,HOUSEHOLD,WI_3,WI,2,0.9685412715504055
2016-03-06,HOUSEHOLD_2_442,HOUSEHOLD_2,HOUSEHOLD,CA_1,CA,2,2.4130460281462183
2016-03-06,HOUSEHOLD_2_442,HOUSEHOLD_2,HOUSEHOLD,CA_2,CA,5,2.176352945296686
2016-03-06,HOUSEHOLD_2_442,HOUSEHOLD_2,HOUSEHOLD,CA_3,CA,4,1.481521976282127
2016-03-06,HOUSEHOLD_2_442,HOUSEHOLD_2,HOUSEHOLD,CA_4,CA,1,0.8171667265582107
2016-03-06,HOUSEHOLD_2_442,HOUSEHOLD_2,HOUSEHOLD,TX_1,TX,1,0.6906353564330655
2016-03-06,HOUSEHOLD_2_442,HOUSEHOLD_2,HOUSEHOLD,TX_2,TX,2,0.9289688361948812
2016-03-06,HOUSEHOLD_2_442,HOUSEHOLD_2,HOUSEHOLD,TX_3,TX,1,1.3108558753939576
2016-03-06,HOUSEHOLD_2_442,HOUSEHOLD_2,HOUSEHOLD,WI_1,WI,0,1.4832438567636246
2016-03-06,HOUSEHOLD_2_442,HOUSEHOLD_2,HOUSEHOLD,WI_2,WI,2,1.6807603202944943
2016-03-06,HOUSEHOLD_2_442,HOUSEHOLD_2,HOUSEHOLD,WI_3,WI,1,1.2509843932166138
2016-03-07,FOODS_1_021,FOODS_1,FOODS,CA_1,CA,2,3.2180021302297686
2016-03-07,FOODS_1_021,FOODS_1,FOODS,CA_2,CA,0,3.931840821093524
2016-03-07,FOODS_1_021,FOODS_1,FOODS,CA_3,CA,1,2.0007135523191115
2016-03-07,FOODS_1_021,FOODS_1,FOODS,CA_4,CA,0,2.3146000659143766
2016-03-07,FOODS_1_021,FOODS_1,FOODS,TX_1,TX,0,1.120458802048879
2016-03-07,FOODS_1_021,FOODS_1,FOODS,TX_2,TX,0,0.17956948850459928
2016-03-07,FOODS_1_021,FOODS_1,FOODS,TX_3,TX,0,0.22030922677726297
2016-03-07,FOODS_1_021,FOODS_1,FOODS,WI_1,WI,2,2.773127088550989
2016-03-07,FOODS_1_021,FOODS_1,FOODS,WI_2,WI,0,1.0463292821695909
2016-03-07,FOODS_1_021,FOODS_1,FOODS,WI_3,WI,5,1.1212527070239693
2016-03-07,FOODS_2_035,FOODS_2,FOODS,CA_1,CA,0,2.059451984559427
2016-03-07,FOODS_2_035,FOODS_2,FOODS,CA_2,CA,5,3.314726116286578
2016-03-07,FOODS_2_035,FOODS_2,FOODS,CA_3,CA,10,4.688238957811268
2016-03-07,FOODS_2_035,FOODS_2,FOODS,CA_4,CA,0,1.5925161098887692
2016-03-07,FOODS_2_035,FOODS_2,FOODS,TX_1,TX,2,1.3571322293216301
2016-03-07,FOODS_2_035,FOODS_2,FOODS,TX_2,TX,3,2.5397694481212576
2016-03-07,FOODS_2_035,FOODS_2,FOODS,TX_3,TX,2,2.255457490858905
2016-03-07,FOODS_2_035,FOODS_2,FOODS,WI_1,WI,2,0.9972592141189531
2016-03-07,FOODS_2_035,FOODS_2,FOODS,WI_2,WI,5,2.2777172109939516
2016-03-07,FOODS_2_035,FOODS_2,FOODS,WI_3,WI,1,1.9604253398797886
2016-03-07,FOODS_3_180,FOODS_3,FOODS,CA_1,CA,0,0.5561593254051441
2016-03-07,FOODS_3_180,FOODS_3,FOODS,CA_2,CA,0,0.32384966586968994
2016-03-07,FOODS_3_180,FOODS_3,FOODS,CA_3,CA,0,0.8027097535782353
2016-03-07,FOODS_3_180,FOODS_3,FOODS,CA_4,CA,1,0.5532496218265737
2016-03-07,FOODS_3_180,FOODS_3,FOODS,TX_1,TX,0,0.3362391114175032
2016-03-07,FOODS_3_180,FOODS_3,FOODS,TX_2,TX,1,0.5395897544746482
2016-03-07,FOODS_3_180,FOODS_3,FOODS,TX_3,TX,1,0.1951964836987252
2016-03-07,FOODS_3_180,FOODS_3,FOODS,WI_1,WI,2,0.9222347519137662
2016-03-07,FOODS_3_180,FOODS_3,FOODS,WI_2,WI,0,0.739098690028458
2016-03-07,FOODS_3_180,FOODS_3,FOODS,WI_3,WI,1,0.5546895882583635
2016-03-07,FOODS_3_260,FOODS_3,FOODS,CA_1,CA,1,0.9292979366147199
2016-03-07,FOODS_3_260,FOODS_3,FOODS,CA_2,CA,0,0.3852978474860596
2016-03-07,FOODS_3_260,FOODS_3,FOODS,CA_3,CA,0,0.31036879567150955
2016-03-07,FOODS_3_260,FOODS_3,FOODS,CA_4,CA,0,0.41342931982707
2016-03-07,FOODS_3_260,FOODS_3,FOODS,TX_1,TX,0,0.22938128997383156
2016-03-07,FOODS_3_260,FOODS_3,FOODS,TX_2,TX,0,0.507760023622855
2016-03-07,FOODS_3_260,FOODS_3,FOODS,TX_3,TX,0,0.03639089699033971
2016-03-07,FOODS_3_260,FOODS_3,FOODS,WI_1,WI,0,0.5185992689273686
2016-03-07,FOODS_3_260,FOODS_3,FOODS,WI_2,WI,0,0.04225543955359089
2016-03-07,FOODS_3_260,FOODS_3,FOODS,WI_3,WI,0,0.037266871900319
2016-03-07,HOBBIES_1_022,HOBBIES_1,HOBBIES,CA_1,CA,0,0.5543259732328978
2016-03-07,HOBBIES_1_022,HOBBIES_1,HOBBIES,CA_2,CA,2,0.4042526771278286
2016-03-07,HOBBIES_1_022,HOBBIES_1,HOBBIES,CA_3,CA,2,1.1626307438711212
2016-03-07,HOBBIES_1_022,HOBBIES_1,HOBBIES,CA_4,CA,0,0.1601803263164291
2016-03-07,HOBBIES_1_022,HOBBIES_1,HOBBIES,TX_1,TX,1,0.2160223225432566
2016-03-07,HOBBIES_1_022,HOBBIES_1,HOBBIES,TX_2,TX,3,0.5812961650570251
2016-03-07,HOBBIES_1_022,HOBBIES_1,HOBBIES,TX_3,TX,0,0.5749239020617732
2016-03-07,HOBBIES_1_022,HOBBIES_1,HOBBIES,WI_1,WI,0,0.4055443571957577
2016-03-07,HOBBIES_1_022,HOBBIES_1,HOBBIES,WI_2,WI,0,0.6187550577438978
2016-03-07,HOBBIES_1_022,HOBBIES_1,HOBBIES,WI_3,WI,1,0.7834898623388983
2016-03-07,HOBBIES_1_209,HOBBIES_1,HOBBIES,CA_1,CA,1,4.357663195451267
2016-03-07,HOBBIES_1_209,HOBBIES_1,HOBBIES,CA_2,CA,2,4.667694502859365
2016-03-07,HOBBIES_1_209,HOBBIES_1,HOBBIES,CA_3,CA,7,5.8611989343481605
2016-03-07,HOBBIES_1_209,HOBBIES_1,HOBBIES,CA_4,CA,0,0.06684049012120703
2016-03-07,HOBBIES_1_209,HOBBIES_1,HOBBIES,TX_1,TX,0,1.961338104988802
2016-03-07,HOBBIES_1_209,HOBBIES_1,HOBBIES,TX_2,TX,3,4.228552605993261
2016-03-07,HOBBIES_1_209,HOBBIES_1,HOBBIES,TX_3,TX,0,0.6311060226591477
2016-03-07,HOBBIES_1_209,HOBBIES_1,HOBBIES,WI_1,WI,2,3.093188698389516
2016-03-07,HOBBIES_1_209,HOBBIES_1,HOBBIES,WI_2,WI,2,1.7070692615574992
2016-03-07,HOBBIES_1_209,HOBBIES_1,HOBBIES,WI_3,WI,4,2.246283868426201
2016-03-07,HOBBIES_2_041,HOBBIES_2,HOBBIES,CA_1,CA,0,0.4296606050678087
2016-03-07,HOBBIES_2_041,HOBBIES_2,HOBBIES,CA_2,CA,2,1.1657599301456643
2016-03-07,HOBBIES_2_041,HOBBIES_2,HOBBIES,CA_3,CA,0,0.3297374570689668
2016-03-07,HOBBIES_2_041,HOBBIES_2,HOBBIES,CA_4,CA,0,0.13405222909984266
2016-03-07,HOBBIES_2_041,HOBBIES_2,HOBBIES,TX_1,TX,0,0.1840687865061352
2016-03-07,HOBBIES_2_041,HOBBIES_2,HOBBIES,TX_2,TX,1,1.0688306607755975
2016-03-07,HOBBIES_2_041,HOBBIES_2,HOBBIES,TX_3,TX,0,0.15100392363711437
2016-03-07,HOBBIES_2_041,HOBBIES_2,HOBBIES,WI_1,WI,0,0.44376760329597764
2016-03-07,HOBBIES_2_041,HOBBIES_2,HOBBIES,WI_2,WI,0,0.41274816539666864
2016-03-07,HOBBIES_2_041,HOBBIES_2,HOBBIES,WI_3,WI,0,0.3729150487631049
2016-03-07,HOBBIES_2_113,HOBBIES_2,HOBBIES,CA_1,CA,1,0.17794837957296938
2016-03-07,HOBBIES_2_113,HOBBIES_2,HOBBIES,CA_2,CA,0,0.04032017010955208
2016-03-07,HOBBIES_2_113,HOBBIES_2,HOBBIES,CA_3,CA,0,0.05344325080004701
2016-03-07,HOBBIES_2_113,HOBBIES_2,HOBBIES,CA_4,CA,0,0.01998633894186062
2016-03-07,HOBBIES_2_113,HOBBIES_2,HOBBIES,TX_1,TX,0,0.21160868691802434
2016-03-07,HOBBIES_2_113,HOBBIES_2,HOBBIES,TX_2,TX,0,0.21242075788909964
2016-03-07,HOBBIES_2_113,HOBBIES_2,HOBBIES,TX_3,TX,0,0.19455193079937874
2016-03-07,HOBBIES_2_113,HOBBIES_2,HOBBIES,WI_1,WI,0,0.14390973125207543
2016-03-07,HOBBIES_2_113,HOBBIES_2,HOBBIES,WI_2,WI,0,0.13270056201249605
2016-03-07,HOBBIES_2_113,HOBBIES_2,HOBBIES,WI_3,WI,0,0.03053876845841796
2016-03-07,HOUSEHOLD_1_100,HOUSEHOLD_1,HOUSEHOLD,CA_1,CA,0,0.11532473749208924
2016-03-07,HOUSEHOLD_1_100,HOUSEHOLD_1,HOUSEHOLD,CA_2,CA,0,0.326594170764317
2016-03-07,HOUSEHOLD_1_100,HOUSEHOLD_1,HOUSEHOLD,CA_3,CA,0,0.15716249804995935
2016-03-07,HOUSEHOLD_1_100,HOUSEHOLD_1,HOUSEHOLD,CA_4,CA,0,0.06473176688717507
2016-03-07,HOUSEHOLD_1_100,HOUSEHOLD_1,HOUSEHOLD,TX_1,TX,0,0.10585950928714156
2016-03-07,HOUSEHOLD_1_100,HOUSEHOLD_1,HOUSEHOLD,TX_2,TX,0,0.10883034760152233
2016-03-07,HOUSEHOLD_1_100,HOUSEHOLD_1,HOUSEHOLD,TX_3,TX,0,0.10825021608820322
2016-03-07,HOUSEHOLD_1_100,HOUSEHOLD_1,HOUSEHOLD,WI_1,WI,0,0.09421221572930791
2016-03-07,HOUSEHOLD_1_100,HOUSEHOLD_1,HOUSEHOLD,WI_2,WI,0,0.08817008033957054
2016-03-07,HOUSEHOLD_1_100,HOUSEHOLD_1,HOUSEHOLD,WI_3,WI,0,0.08911418072922787
2016-03-07,HOUSEHOLD_1_290,HOUSEHOLD_1,HOUSEHOLD,CA_1,CA,2,0.703846229598028
2016-03-07,HOUSEHOLD_1_290,HOUSEHOLD_1,HOUSEHOLD,CA_2,CA,2,0.9787192920929506
2016-03-07,HOUSEHOLD_1_290,HOUSEHOLD_1,HOUSEHOLD,CA_3,CA,3,1.0933749265689423
2016-03-07,HOUSEHOLD_1_290,HOUSEHOLD_1,HOUSEHOLD,CA_4,CA,0,0.07962675070345408
2016-03-07,HOUSEHOLD_1_290,HOUSEHOLD_1,HOUSEHOLD,TX_1,TX,3,1.9180489918235681
2016-03-07,HOUSEHOLD_1_290,HOUSEHOLD_1,HOUSEHOLD,TX_2,TX,0,1.5243275723508865
2016-03-07,HOUSEHOLD_1_290,HOUSEHOLD_1,HOUSEHOLD,TX_3,TX,1,1.3777500282949315
2016-03-07,HOUSEHOLD_1_290,HOUSEHOLD_1,HOUSEHOLD,WI_1,WI,0,0.31709654492268274
2016-03-07,HOUSEHOLD_1_290,HOUSEHOLD_1,HOUSEHOLD,WI_2,WI,7,2.1682939698818333
2016-03-07,HOUSEHOLD_1_290,HOUSEHOLD_1,HOUSEHOLD,WI_3,WI,2,1.1108129519120133
2016-03-07,HOUSEHOLD_1_370,HOUSEHOLD_1,HOUSEHOLD,CA_1,CA,1,1.9404023536898412
2016-03-07,HOUSEHOLD_1_370,HOUSEHOLD_1,HOUSEHOLD,CA_2,CA,5,3.46522092792771
2016-03-07,HOUSEHOLD_1_370,HOUSEHOLD_1,HOUSEHOLD,CA_3,CA,7,4.852866314396057
2016-03-07,HOUSEHOLD_1_370,HOUSEHOLD_1,HOUSEHOLD,CA_4,CA,1,1.2355572689287468
2016-03-07,HOUSEHOLD_1_370,HOUSEHOLD_1,HOUSEHOLD,TX_1,TX,0,1.1946631753902546
2016-03-07,HOUSEHOLD_1_370,HOUSEHOLD_1,HOUSEHOLD,TX_2,TX,0,2.0431753757835613
2016-03-07,HOUSEHOLD_1_370,HOUSEHOLD_1,HOUSEHOLD,TX_3,TX,1,1.2502466211246686
2016-03-07,HOUSEHOLD_1_370,HOUSEHOLD_1,HOUSEHOLD,WI_1,WI,0,1.848031379765522
2016-03-07,HOUSEHOLD_1_370,HOUSEHOLD_1,HOUSEHOLD,WI_2,WI,5,3.7284837880355552
2016-03-07,HOUSEHOLD_1_370,HOUSEHOLD_1,HOUSEHOLD,WI_3,WI,0,1.3509592399568362
2016-03-07,HOUSEHOLD_1_489,HOUSEHOLD_1,HOUSEHOLD,CA_1,CA,0,1.1702810083724573
2016-03-07,HOUSEHOLD_1_489,HOUSEHOLD_1,HOUSEHOLD,CA_2,CA,1,1.5952164333283243
2016-03-07,HOUSEHOLD_1_489,HOUSEHOLD_1,HOUSEHOLD,CA_3,CA,5,3.538905939990508
2016-03-07,HOUSEHOLD_1_489,HOUSEHOLD_1,HOUSEHOLD,CA_4,CA,0,0.8608702984394648
2016-03-07,HOUSEHOLD_1_489,HOUSEHOLD_1,HOUSEHOLD,TX_1,TX,0,2.0475897131779206
2016-03-07,HOUSEHOLD_1_489,HOUSEHOLD_1,HOUSEHOLD,TX_2,TX,1,2.079670432027138
2016-03-07,HOUSEHOLD_1_489,HOUSEHOLD_1,HOUSEHOLD,TX_3,TX,5,1.318444805565682
2016-03-07,HOUSEHOLD_1_489,HOUSEHOLD_1,HOUSEHOLD,WI_1,WI,0,0.7597123909434534
2016-03-07,HOUSEHOLD_1_489,HOUSEHOLD_1,HOUSEHOLD,WI_2,WI,0,1.284701335560237
2016-03-07,HOUSEHOLD_1_489,HOUSEHOLD_1,HOUSEHOLD,WI_3,WI,0,0.9282737866604007
2016-03-07,HOUSEHOLD_2_442,HOUSEHOLD_2,HOUSEHOLD,CA_1,CA,1,2.1039492093788716
2016-03-07,HOUSEHOLD_2_442,HOUSEHOLD_2,HOUSEHOLD,CA_2,CA,4,2.021919987379069
2016-03-07,HOUSEHOLD_2_442,HOUSEHOLD_2,HOUSEHOLD,CA_3,CA,1,1.6709319611849562
2016-03-07,HOUSEHOLD_2_442,HOUSEHOLD_2,HOUSEHOLD,CA_4,CA,0,0.8197360357729769
2016-03-07,HOUSEHOLD_2_442,HOUSEHOLD_2,HOUSEHOLD,TX_1,TX,0,0.7408182278934258
2016-03-07,HOUSEHOLD_2_442,HOUSEHOLD_2,HOUSEHOLD,TX_2,TX,1,1.1468126633430518
2016-03-07,HOUSEHOLD_2_442,HOUSEHOLD_2,HOUSEHOLD,TX_3,TX,0,1.1879642726953785
2016-03-07,HOUSEHOLD_2_442,HOUSEHOLD_2,HOUSEHOLD,WI_1,WI,2,1.1404553546119411
2016-03-07,HOUSEHOLD_2_442,HOUSEHOLD_2,HOUSEHOLD,WI_2,WI,2,1.4159319127926435
2016-03-07,HOUSEHOLD_2_442,HOUSEHOLD_2,HOUSEHOLD,WI_3,WI,1,1.165141344106379
2016-03-08,FOODS_1_021,FOODS_1,FOODS,CA_1,CA,0,2.106127849573612
2016-03-08,FOODS_1_021,FOODS_1,FOODS,CA_2,CA,0,2.1088928854854587
2016-03-08,FOODS_1_021,FOODS_1,FOODS,CA_3,CA,3,1.4593871253570725
2016-03-08,FOODS_1_021,FOODS_1,FOODS,CA_4,CA,21,1.4458594592362064
2016-03-08,FOODS_1_021,FOODS_1,FOODS,TX_1,TX,0,0.8186135855854285
2016-03-08,FOODS_1_021,FOODS_1,FOODS,TX_2,TX,0,0.12830254061662982
2016-03-08,FOODS_1_021,FOODS_1,FOODS,TX_3,TX,0,0.15985278506173095
2016-03-08,FOODS_1_021,FOODS_1,FOODS,WI_1,WI,0,1.9699606360966653
2016-03-08,FOODS_1_021,FOODS_1,FOODS,WI_2,WI,1,0.8520610792919978
2016-03-08,FOODS_1_021,FOODS_1,FOODS,WI_3,WI,1,1.311573841380604
2016-03-08,FOODS_2_035,FOODS_2,FOODS,CA_1,CA,0,1.1890558705979235
2016-03-08,FOODS_2_035,FOODS_2,FOODS,CA_2,CA,2,2.717128404834
2016-03-08,FOODS_2_035,FOODS_2,FOODS,CA_3,CA,4,3.5580790228133865
2016-03-08,FOODS_2_035,FOODS_2,FOODS,CA_4,CA,1,1.082360815963321
2016-03-08,FOODS_2_035,FOODS_2,FOODS,TX_1,TX,2,1.216394443554317
2016-03-08,FOODS_2_035,FOODS_2,FOODS,TX_2,TX,4,2.0976088671653725
2016-03-08,FOODS_2_035,FOODS_2,FOODS,TX_3,TX,2,1.876040220339814
2016-03-08,FOODS_2_035,FOODS_2,FOODS,WI_1,WI,1,0.99367499725517
2016-03-08,FOODS_2_035,FOODS_2,FOODS,WI_2,WI,1,2.225476905791612
2016-03-08,FOODS_2_035,FOODS_2,FOODS,WI_3,WI,2,1.4825744551826623
2016-03-08,FOODS_3_180,FOODS_3,FOODS,CA_1,CA,0,0.3938787989643821
2016-03-08,FOODS_3_180,FOODS_3,FOODS,CA_2,CA,1,0.22897136588546282
2016-03-08,FOODS_3_180,FOODS_3,FOODS,CA_3,CA,0,0.6590131785748751
2016-03-08,FOODS_3_180,FOODS_3,FOODS,CA_4,CA,2,0.4692118380465652
2016-03-08,FOODS_3_180,FOODS_3,FOODS,TX_1,TX,0,0.2613458694133248
2016-03-08,FOODS_3_180,FOODS_3,FOODS,TX_2,TX,0,0.5024119340773917
2016-03-08,FOODS_3_180,FOODS_3,FOODS,TX_3,TX,0,0.29133562437823074
2016-03-08,FOODS_3_180,FOODS_3,FOODS,WI_1,WI,2,0.7800380376771143
2016-03-08,FOODS_3_180,FOODS_3,FOODS,WI_2,WI,0,0.5999821274082404
2016-03-08,FOODS_3_180,FOODS_3,FOODS,WI_3,WI,1,0.47233316030013733
2016-03-08,FOODS_3_260,FOODS_3,FOODS,CA_1,CA,0,0.8209735532480974
2016-03-08,FOODS_3_260,FOODS_3,FOODS,CA_2,CA,0,0.19902309717920552
2016-03-08,FOODS_3_260,FOODS_3,FOODS,CA_3,CA,1,0.18385475909606605
2016-03-08,FOODS_3_260,FOODS_3,FOODS,CA_4,CA,0,0.36583507827500106
2016-03-08,FOODS_3_260,FOODS_3,FOODS,TX_1,TX,0,0.19139291666810743
2016-03-08,FOODS_3_260,FOODS_3,FOODS,TX_2,TX,1,0.42027317871554404
2016-03-08,FOODS_3_260,FOODS_3,FOODS,TX_3,TX,0,0.02185755748036311
2016-03-08,FOODS_3_260,FOODS_3,FOODS,WI_1,WI,1,0.3584091463199785
2016-03-08,FOODS_3_260,FOODS_3,FOODS,WI_2,WI,0,0.034918995642651475
2016-03-08,FOODS_3_260,FOODS_3,FOODS,WI_3,WI,0,0.029930427989379567
2016-03-08,HOBBIES_1_022,HOBBIES_1,HOBBIES,CA_1,CA,0,0.38911465472210915
2016-03-08,HOBBIES_1_022,HOBBIES_1,HOBBIES,CA_2,CA,0,0.3788538526288137
2016-03-08,HOBBIES_1_022,HOBBIES_1,HOBBIES,CA_3,CA,1,0.8621642241413475
2016-03-08,HOBBIES_1_022,HOBBIES_1,HOBBIES,CA_4,CA,0,0.11857909563224751
2016-03-08,HOBBIES_1_022,HOBBIES_1,HOBBIES,TX_1,TX,0,0.2437444624981175
2016-03-08,HOBBIES_1_022,HOBBIES_1,HOBBIES,TX_2,TX,0,0.610726378356945
2016-03-08,HOBBIES_1_022,HOBBIES_1,HOBBIES,TX_3,TX,1,0.40645926128773385
2016-03-08,HOBBIES_1_022,HOBBIES_1,HOBBIES,WI_1,WI,0,0.30671757080563306
2016-03-08,HOBBIES_1_022,HOBBIES_1,HOBBIES,WI_2,WI,0,0.44201580067089896
2016-03-08,HOBBIES_1_022,HOBBIES_1,HOBBIES,WI_3,WI,0,0.6687288149591428
2016-03-08,HOBBIES_1_209,HOBBIES_1,HOBBIES,CA_1,CA,3,4.040190400242319
2016-03-08,HOBBIES_1_209,HOBBIES_1,HOBBIES,CA_2,CA,4,3.1870632889218844
2016-03-08,HOBBIES_1_209,HOBBIES_1,HOBBIES,CA_3,CA,6,7.144438371651081
2016-03-08,HOBBIES_1_209,HOBBIES_1,HOBBIES,CA_4,CA,0,0.04049025839152791
2016-03-08,HOBBIES_1_209,HOBBIES_1,HOBBIES,TX_1,TX,0,1.2921496207487795
2016-03-08,HOBBIES_1_209,HOBBIES_1,HOBBIES,TX_2,TX,2,2.3206971833475087
2016-03-08,HOBBIES_1_209,HOBBIES_1,HOBBIES,TX_3,TX,0,0.2532491115967799
2016-03-08,HOBBIES_1_209,HOBBIES_1,HOBBIES,WI_1,WI,1,2.9512671673518334
2016-03-08,HOBBIES_1_209,HOBBIES_1,HOBBIES,WI_2,WI,2,2.0637012703658284
2016-03-08,HOBBIES_1_209,HOBBIES_1,HOBBIES,WI_3,WI,4,3.0072516940304808
2016-03-08,HOBBIES_2_041,HOBBIES_2,HOBBIES,CA_1,CA,0,0.22737711683636094
2016-03-08,HOBBIES_2_041,HOBBIES_2,HOBBIES,CA_2,CA,1,0.9926995781162467
2016-03-08,HOBBIES_2_041,HOBBIES_2,HOBBIES,CA_3,CA,1,0.27211250077802734
2016-03-08,HOBBIES_2_041,HOBBIES_2,HOBBIES,CA_4,CA,2,0.12012565842125687
2016-03-08,HOBBIES_2_041,HOBBIES_2,HOBBIES,TX_1,TX,0,0.14856884375444615
2016-03-08,HOBBIES_2_041,HOBBIES_2,HOBBIES,TX_2,TX,0,0.9266985832972524
2016-03-08,HOBBIES_2_041,HOBBIES_2,HOBBIES,TX_3,TX,0,0.13065081882306037
2016-03-08,HOBBIES_2_041,HOBBIES_2,HOBBIES,WI_1,WI,2,0.2690183957644467
2016-03-08,HOBBIES_2_041,HOBBIES_2,HOBBIES,WI_2,WI,0,0.2979194766772845
2016-03-08,HOBBIES_2_041,HOBBIES_2,HOBBIES,WI_3,WI,0,0.31918446240584897
2016-03-08,HOBBIES_2_113,HOBBIES_2,HOBBIES,CA_1,CA,0,0.23293125322414632
2016-03-08,HOBBIES_2_113,HOBBIES_2,HOBBIES,CA_2,CA,0,0.023562743401666607
2016-03-08,HOBBIES_2_113,HOBBIES_2,HOBBIES,CA_3,CA,0,0.036685824092161555
2016-03-08,HOBBIES_2_113,HOBBIES_2,HOBBIES,CA_4,CA,0,0.012649895030921218
2016-03-08,HOBBIES_2_113,HOBBIES_2,HOBBIES,TX_1,TX,0,0.16907428451443304
2016-03-08,HOBBIES_2_113,HOBBIES_2,HOBBIES,TX_2,TX,0,0.13274765867779134
2016-03-08,HOBBIES_2_113,HOBBIES_2,HOBBIES,TX_3,TX,0,0.16242699867658986
2016-03-08,HOBBIES_2_113,HOBBIES_2,HOBBIES,WI_1,WI,0,0.10814549097854889
2016-03-08,HOBBIES_2_113,HOBBIES_2,HOBBIES,WI_2,WI,0,0.11877399133391026
2016-03-08,HOBBIES_2_113,HOBBIES_2,HOBBIES,WI_3,WI,0,0.02320232454747857
2016-03-08,HOUSEHOLD_1_100,HOUSEHOLD_1,HOUSEHOLD,CA_1,CA,0,0.032725670411045724
2016-03-08,HOUSEHOLD_1_100,HOUSEHOLD_1,HOUSEHOLD,CA_2,CA,0,0.2105942342773126
2016-03-08,HOUSEHOLD_1_100,HOUSEHOLD_1,HOUSEHOLD,CA_3,CA,0,0.08660980564065587
2016-03-08,HOUSEHOLD_1_100,HOUSEHOLD_1,HOUSEHOLD,CA_4,CA,0,0.018380216502224066
2016-03-08,HOUSEHOLD_1_100,HOUSEHOLD_1,HOUSEHOLD,TX_1,TX,0,0.04261932771237807
2016-03-08,HOUSEHOLD_1_100,HOUSEHOLD_1,HOUSEHOLD,TX_2,TX,0,0.035958735565014555
2016-03-08,HOUSEHOLD_1_100,HOUSEHOLD_1,HOUSEHOLD,TX_3,TX,0,0.04723412171134857
2016-03-08,HOUSEHOLD_1_100,HOUSEHOLD_1,HOUSEHOLD,WI_1,WI,0,0.018661361960966717
2016-03-08,HOUSEHOLD_1_100,HOUSEHOLD_1,HOUSEHOLD,WI_2,WI,0,0.053864904626359636
2016-03-08,HOUSEHOLD_1_100,HOUSEHOLD_1,HOUSEHOLD,WI_3,WI,0,0.054809005016017
2016-03-08,HOUSEHOLD_1_290,HOUSEHOLD_1,HOUSEHOLD,CA_1,CA,0,0.5887026340601493
2016-03-08,HOUSEHOLD_1_290,HOUSEHOLD_1,HOUSEHOLD,CA_2,CA,0,1.0439249455912163
2016-03-08,HOUSEHOLD_1_290,HOUSEHOLD_1,HOUSEHOLD,CA_3,CA,0,1.3210351196931334
2016-03-08,HOUSEHOLD_1_290,HOUSEHOLD_1,HOUSEHOLD,CA_4,CA,0,0.06685039337359992
2016-03-08,HOUSEHOLD_1_290,HOUSEHOLD_1,HOUSEHOLD,TX_1,TX,2,1.5643044619642168
2016-03-08,HOUSEHOLD_1_290,HOUSEHOLD_1,HOUSEHOLD,TX_2,TX,0,1.1434454171899446
2016-03-08,HOUSEHOLD_1_290,HOUSEHOLD_1,HOUSEHOLD,TX_3,TX,2,1.361251739720837
2016-03-08,HOUSEHOLD_1_290,HOUSEHOLD_1,HOUSEHOLD,WI_1,WI,0,0.2534240094244853
2016-03-08,HOUSEHOLD_1_290,HOUSEHOLD_1,HOUSEHOLD,WI_2,WI,3,1.9645422106124792
2016-03-08,HOUSEHOLD_1_290,HOUSEHOLD_1,HOUSEHOLD,WI_3,WI,1,1.2526012238338864
2016-03-08,HOUSEHOLD_1_370,HOUSEHOLD_1,HOUSEHOLD,CA_1,CA,1,1.3859882373801424
2016-03-08,HOUSEHOLD_1_370,HOUSEHOLD_1,HOUSEHOLD,CA_2,CA,3,2.7911114352249027
2016-03-08,HOUSEHOLD_1_370,HOUSEHOLD_1,HOUSEHOLD,CA_3,CA,2,4.308338344518779
2016-03-08,HOUSEHOLD_1_370,HOUSEHOLD_1,HOUSEHOLD,CA_4,CA,0,0.9610893151184272
2016-03-08,HOUSEHOLD_1_370,HOUSEHOLD_1,HOUSEHOLD,TX_1,TX,1,0.7437869548528752
2016-03-08,HOUSEHOLD_1_370,HOUSEHOLD_1,HOUSEHOLD,TX_2,TX,1,1.2587080888797821
2016-03-08,HOUSEHOLD_1_370,HOUSEHOLD_1,HOUSEHOLD,TX_3,TX,1,1.042986146981722
2016-03-08,HOUSEHOLD_1_370,HOUSEHOLD_1,HOUSEHOLD,WI_1,WI,2,1.0139652913189265
2016-03-08,HOUSEHOLD_1_370,HOUSEHOLD_1,HOUSEHOLD,WI_2,WI,1,3.22881555433882
2016-03-08,HOUSEHOLD_1_370,HOUSEHOLD_1,HOUSEHOLD,WI_3,WI,0,0.9006553825471478
2016-03-08,HOUSEHOLD_1_489,HOUSEHOLD_1,HOUSEHOLD,CA_1,CA,0,0.8969522357348245
2016-03-08,HOUSEHOLD_1_489,HOUSEHOLD_1,HOUSEHOLD,CA_2,CA,1,1.3383656878267896
2016-03-08,HOUSEHOLD_1_489,HOUSEHOLD_1,HOUSEHOLD,CA_3,CA,4,2.9062255656662015
2016-03-08,HOUSEHOLD_1_489,HOUSEHOLD_1,HOUSEHOLD,CA_4,CA,0,0.6823623076526427
2016-03-08,HOUSEHOLD_1_489,HOUSEHOLD_1,HOUSEHOLD,TX_1,TX,0,1.2706077036579295
2016-03-08,HOUSEHOLD_1_489,HOUSEHOLD_1,HOUSEHOLD,TX_2,TX,1,1.4066363720213435
2016-03-08,HOUSEHOLD_1_489,HOUSEHOLD_1,HOUSEHOLD,TX_3,TX,1,1.4255254399227901
2016-03-08,HOUSEHOLD_1_489,HOUSEHOLD_1,HOUSEHOLD,WI_1,WI,2,0.6327095530302783
2016-03-08,HOUSEHOLD_1_489,HOUSEHOLD_1,HOUSEHOLD,WI_2,WI,1,0.936406241576917
2016-03-08,HOUSEHOLD_1_489,HOUSEHOLD_1,HOUSEHOLD,WI_3,WI,0,0.6443274943169083
2016-03-08,HOUSEHOLD_2_442,HOUSEHOLD_2,HOUSEHOLD,CA_1,CA,2,1.341426605908463
2016-03-08,HOUSEHOLD_2_442,HOUSEHOLD_2,HOUSEHOLD,CA_2,CA,1,1.5342841017906121
2016-03-08,HOUSEHOLD_2_442,HOUSEHOLD_2,HOUSEHOLD,CA_3,CA,1,1.1894387707442922
2016-03-08,HOUSEHOLD_2_442,HOUSEHOLD_2,HOUSEHOLD,CA_4,CA,2,0.603651444927321
2016-03-08,HOUSEHOLD_2_442,HOUSEHOLD_2,HOUSEHOLD,TX_1,TX,0,0.5226852842172218
2016-03-08,HOUSEHOLD_2_442,HOUSEHOLD_2,HOUSEHOLD,TX_2,TX,1,0.9055077058146886
2016-03-08,HOUSEHOLD_2_442,HOUSEHOLD_2,HOUSEHOLD,TX_3,TX,0,0.7732647431760116
2016-03-08,HOUSEHOLD_2_442,HOUSEHOLD_2,HOUSEHOLD,WI_1,WI,3,0.9157363529358048
2016-03-08,HOUSEHOLD_2_442,HOUSEHOLD_2,HOUSEHOLD,WI_2,WI,4,1.080374929759288
2016-03-08,HOUSEHOLD_2_442,HOUSEHOLD_2,HOUSEHOLD,WI_3,WI,0,0.9094013943449999
2016-03-09,FOODS_1_021,FOODS_1,FOODS,CA_1,CA,0,1.7383714440618045
2016-03-09,FOODS_1_021,FOODS_1,FOODS,CA_2,CA,5,2.065097766106316
2016-03-09,FOODS_1_021,FOODS_1,FOODS,CA_3,CA,1,1.5484275100880995
2016-03-09,FOODS_1_021,FOODS_1,FOODS,CA_4,CA,0,2.025791108068382
2016-03-09,FOODS_1_021,FOODS_1,FOODS,TX_1,TX,0,0.7761836560632366
2016-03-09,FOODS_1_021,FOODS_1,FOODS,TX_2,TX,0,0.08884552022114206
2016-03-09,FOODS_1_021,FOODS_1,FOODS,TX_3,TX,0,0.1571499348306869
2016-03-09,FOODS_1_021,FOODS_1,FOODS,WI_1,WI,3,2.2022326923065356
2016-03-09,FOODS_1_021,FOODS_1,FOODS,WI_2,WI,1,1.0099139399215105
2016-03-09,FOODS_1_021,FOODS_1,FOODS,WI_3,WI,1,1.3024812424721113
2016-03-09,FOODS_2_035,FOODS_2,FOODS,CA_1,CA,0,1.0044152941167854
2016-03-09,FOODS_2_035,FOODS_2,FOODS,CA_2,CA,1,2.1590085658712184
2016-03-09,FOODS_2_035,FOODS_2,FOODS,CA_3,CA,4,3.6266406159220086
2016-03-09,FOODS_2_035,FOODS_2,FOODS,CA_4,CA,0,1.1161595608120713
2016-03-09,FOODS_2_035,FOODS_2,FOODS,TX_1,TX,3,1.1475797441981663
2016-03-09,FOODS_2_035,FOODS_2,FOODS,TX_2,TX,1,2.105757331590048
2016-03-09,FOODS_2_035,FOODS_2,FOODS,TX_3,TX,2,1.6702894547984708
2016-03-09,FOODS_2_035,FOODS_2,FOODS,WI_1,WI,0,0.9518665928309704
2016-03-09,FOODS_2_035,FOODS_2,FOODS,WI_2,WI,3,1.7983727196014956
2016-03-09,FOODS_2_035,FOODS_2,FOODS,WI_3,WI,2,1.4806359607437898
2016-03-09,FOODS_3_180,FOODS_3,FOODS,CA_1,CA,0,0.22362961596871248
2016-03-09,FOODS_3_180,FOODS_3,FOODS,CA_2,CA,0,0.3498209822379224
2016-03-09,FOODS_3_180,FOODS_3,FOODS,CA_3,CA,2,0.5690877476509985
2016-03-09,FOODS_3_180,FOODS_3,FOODS,CA_4,CA,0,0.5016100471943625
2016-03-09,FOODS_3_180,FOODS_3,FOODS,TX_1,TX,0,0.242638484773028
2016-03-09,FOODS_3_180,FOODS_3,FOODS,TX_2,TX,0,0.4108899993657939
2016-03-09,FOODS_3_180,FOODS_3,FOODS,TX_3,TX,0,0.22197184055666583
2016-03-09,FOODS_3_180,FOODS_3,FOODS,WI_1,WI,0,0.8128023086771321
2016-03-09,FOODS_3_180,FOODS_3,FOODS,WI_2,WI,2,0.5713797737696688
2016-03-09,FOODS_3_180,FOODS_3,FOODS,WI_3,WI,1,0.4700021103117328
2016-03-09,FOODS_3_260,FOODS_3,FOODS,CA_1,CA,0,0.6975358317288726
2016-03-09,FOODS_3_260,FOODS_3,FOODS,CA_2,CA,0,0.14457759125015318
2016-03-09,FOODS_3_260,FOODS_3,FOODS,CA_3,CA,0,0.3079736738890156
2016-03-09,FOODS_3_260,FOODS_3,FOODS,CA_4,CA,1,0.3608464622654448
2016-03-09,FOODS_3_260,FOODS_3,FOODS,TX_1,TX,1,0.18596778879046744
2016-03-09,FOODS_3_260,FOODS_3,FOODS,TX_2,TX,0,0.4769834580405817
2016-03-09,FOODS_3_260,FOODS_3,FOODS,TX_3,TX,0,0.017501554066957567
2016-03-09,FOODS_3_260,FOODS_3,FOODS,WI_1,WI,0,0.40107180605861054
2016-03-09,FOODS_3_260,FOODS_3,FOODS,WI_2,WI,0,0.03056299222924593
2016-03-09,FOODS_3_260,FOODS_3,FOODS,WI_3,WI,0,0.025574424575974038
2016-03-09,HOBBIES_1_022,HOBBIES_1,HOBBIES,CA_1,CA,0,0.35496910570038537
2016-03-09,HOBBIES_1_022,HOBBIES_1,HOBBIES,CA_2,CA,0,0.3119974154549852
2016-03-09,HOBBIES_1_022,HOBBIES_1,HOBBIES,CA_3,CA,1,0.8290562279509179
2016-03-09,HOBBIES_1_022,HOBBIES_1,HOBBIES,CA_4,CA,0,0.11212409120835115
2016-03-09,HOBBIES_1_022,HOBBIES_1,HOBBIES,TX_1,TX,0,0.19857475529318702
2016-03-09,HOBBIES_1_022,HOBBIES_1,HOBBIES,TX_2,TX,0,0.5210862813554612
2016-03-09,HOBBIES_1_022,HOBBIES_1,HOBBIES,TX_3,TX,0,0.4176238511130134
2016-03-09,HOBBIES_1_022,HOBBIES_1,HOBBIES,WI_1,WI,0,0.2970236110242756
2016-03-09,HOBBIES_1_022,HOBBIES_1,HOBBIES,WI_2,WI,0,0.38149594278496474
2016-03-09,HOBBIES_1_022,HOBBIES_1,HOBBIES,WI_3,WI,1,0.5855642134192856
2016-03-09,HOBBIES_1_209,HOBBIES_1,HOBBIES,CA_1,CA,8,5.02617417945961
2016-03-09,HOBBIES_1_209,HOBBIES_1,HOBBIES,CA_2,CA,4,3.0261049231486785
2016-03-09,HOBBIES_1_209,HOBBIES_1,HOBBIES,CA_3,CA,31,8.761451744078554
2016-03-09,HOBBIES_1_209,HOBBIES_1,HOBBIES,CA_4,CA,0,0.035419085348225146
2016-03-09,HOBBIES_1_209,HOBBIES_1,HOBBIES,TX_1,TX,0,1.0524561930805634
2016-03-09,HOBBIES_1_209,HOBBIES_1,HOBBIES,TX_2,TX,2,2.2288664689364013
2016-03-09,HOBBIES_1_209,HOBBIES_1,HOBBIES,TX_3,TX,1,0.23955445505728953
2016-03-09,HOBBIES_1_209,HOBBIES_1,HOBBIES,WI_1,WI,3,1.835298017741477
2016-03-09,HOBBIES_1_209,HOBBIES_1,HOBBIES,WI_2,WI,2,1.969096865267168
2016-03-09,HOBBIES_1_209,HOBBIES_1,HOBBIES,WI_3,WI,5,2.6851884907374024
2016-03-09,HOBBIES_2_041,HOBBIES_2,HOBBIES,CA_1,CA,0,0.2230211134229554
2016-03-09,HOBBIES_2_041,HOBBIES_2,HOBBIES,CA_2,CA,0,1.0072542954091934
2016-03-09,HOBBIES_2_041,HOBBIES_2,HOBBIES,CA_3,CA,1,0.37156369872454653
2016-03-09,HOBBIES_2_041,HOBBIES_2,HOBBIES,CA_4,CA,0,0.28363931513367896
2016-03-09,HOBBIES_2_041,HOBBIES_2,HOBBIES,TX_1,TX,0,0.14421284034104068
2016-03-09,HOBBIES_2_041,HOBBIES_2,HOBBIES,TX_2,TX,0,0.7794248421368316
2016-03-09,HOBBIES_2_041,HOBBIES_2,HOBBIES,TX_3,TX,0,0.11701141865495504
2016-03-09,HOBBIES_2_041,HOBBIES_2,HOBBIES,WI_1,WI,0,0.37326073785911923
2016-03-09,HOBBIES_2_041,HOBBIES_2,HOBBIES,WI_2,WI,0,0.2828113087524404
2016-03-09,HOBBIES_2_041,HOBBIES_2,HOBBIES,WI_3,WI,0,0.3148284589924434
2016-03-09,HOBBIES_2_113,HOBBIES_2,HOBBIES,CA_1,CA,0,0.18174050505337302
2016-03-09,HOBBIES_2_113,HOBBIES_2,HOBBIES,CA_2,CA,0,0.019206739988261064
2016-03-09,HOBBIES_2_113,HOBBIES_2,HOBBIES,CA_3,CA,0,0.032329820678756
2016-03-09,HOBBIES_2_113,HOBBIES_2,HOBBIES,CA_4,CA,0,0.008293891617515686
2016-03-09,HOBBIES_2_113,HOBBIES_2,HOBBIES,TX_1,TX,0,0.1647182811010275
2016-03-09,HOBBIES_2_113,HOBBIES_2,HOBBIES,TX_2,TX,0,0.12839165526438576
2016-03-09,HOBBIES_2_113,HOBBIES_2,HOBBIES,TX_3,TX,0,0.15717666603947458
2016-03-09,HOBBIES_2_113,HOBBIES_2,HOBBIES,WI_1,WI,0,0.10378948756514332
2016-03-09,HOBBIES_2_113,HOBBIES_2,HOBBIES,WI_2,WI,0,0.11441798792050469
2016-03-09,HOBBIES_2_113,HOBBIES_2,HOBBIES,WI_3,WI,0,0.018846321134073037
2016-03-09,HOUSEHOLD_1_100,HOUSEHOLD_1,HOUSEHOLD,CA_1,CA,0,0.027099102355961247
2016-03-09,HOUSEHOLD_1_100,HOUSEHOLD_1,HOUSEHOLD,CA_2,CA,0,0.18586434931709983
2016-03-09,HOUSEHOLD_1_100,HOUSEHOLD_1,HOUSEHOLD,CA_3,CA,0,0.062280547135900484
2016-03-09,HOUSEHOLD_1_100,HOUSEHOLD_1,HOUSEHOLD,CA_4,CA,0,0.011655890276559847
2016-03-09,HOUSEHOLD_1_100,HOUSEHOLD_1,HOUSEHOLD,TX_1,TX,0,0.03699275965729364
2016-03-09,HOUSEHOLD_1_100,HOUSEHOLD_1,HOUSEHOLD,TX_2,TX,0,0.030332167509930074
2016-03-09,HOUSEHOLD_1_100,HOUSEHOLD_1,HOUSEHOLD,TX_3,TX,0,0.03699275965729364
2016-03-09,HOUSEHOLD_1_100,HOUSEHOLD_1,HOUSEHOLD,WI_1,WI,0,0.011937035735302515
2016-03-09,HOUSEHOLD_1_100,HOUSEHOLD_1,HOUSEHOLD,WI_2,WI,0,0.047140578400695396
2016-03-09,HOUSEHOLD_1_100,HOUSEHOLD_1,HOUSEHOLD,WI_3,WI,0,0.04918243696093251
2016-03-09,HOUSEHOLD_1_290,HOUSEHOLD_1,HOUSEHOLD,CA_1,CA,1,0.4509566238438203
2016-03-09,HOUSEHOLD_1_290,HOUSEHOLD_1,HOUSEHOLD,CA_2,CA,2,0.696955052902755
2016-03-09,HOUSEHOLD_1_290,HOUSEHOLD_1,HOUSEHOLD,CA_3,CA,0,0.9642003293912269
2016-03-09,HOUSEHOLD_1_290,HOUSEHOLD_1,HOUSEHOLD,CA_4,CA,0,0.06414754314255583
2016-03-09,HOUSEHOLD_1_290,HOUSEHOLD_1,HOUSEHOLD,TX_1,TX,0,1.5289812342382805
2016-03-09,HOUSEHOLD_1_290,HOUSEHOLD_1,HOUSEHOLD,TX_2,TX,1,1.0624657971796936
2016-03-09,HOUSEHOLD_1_290,HOUSEHOLD_1,HOUSEHOLD,TX_3,TX,1,1.3745259667050755
2016-03-09,HOUSEHOLD_1_290,HOUSEHOLD_1,HOUSEHOLD,WI_1,WI,0,0.2457323993419461
2016-03-09,HOUSEHOLD_1_290,HOUSEHOLD_1,HOUSEHOLD,WI_2,WI,8,2.0896126804170483
2016-03-09,HOUSEHOLD_1_290,HOUSEHOLD_1,HOUSEHOLD,WI_3,WI,2,1.171054285900165
2016-03-09,HOUSEHOLD_1_370,HOUSEHOLD_1,HOUSEHOLD,CA_1,CA,1,1.2988009097786304
2016-03-09,HOUSEHOLD_1_370,HOUSEHOLD_1,HOUSEHOLD,CA_2,CA,1,2.6603979568046054
2016-03-09,HOUSEHOLD_1_370,HOUSEHOLD_1,HOUSEHOLD,CA_3,CA,5,3.3577467216935903
2016-03-09,HOUSEHOLD_1_370,HOUSEHOLD_1,HOUSEHOLD,CA_4,CA,1,0.7222321868357515
2016-03-09,HOUSEHOLD_1_370,HOUSEHOLD_1,HOUSEHOLD,TX_1,TX,0,0.8477546353046339
2016-03-09,HOUSEHOLD_1_370,HOUSEHOLD_1,HOUSEHOLD,TX_2,TX,0,1.3477134230539636
2016-03-09,HOUSEHOLD_1_370,HOUSEHOLD_1,HOUSEHOLD,TX_3,TX,1,0.9057506639695858
2016-03-09,HOUSEHOLD_1_370,HOUSEHOLD_1,HOUSEHOLD,WI_1,WI,0,1.1843434784735047
2016-03-09,HOUSEHOLD_1_370,HOUSEHOLD_1,HOUSEHOLD,WI_2,WI,2,2.523729221974582
2016-03-09,HOUSEHOLD_1_370,HOUSEHOLD_1,HOUSEHOLD,WI_3,WI,0,0.7804256312001507
2016-03-09,HOUSEHOLD_1_489,HOUSEHOLD_1,HOUSEHOLD,CA_1,CA,0,0.8773161940234131
2016-03-09,HOUSEHOLD_1_489,HOUSEHOLD_1,HOUSEHOLD,CA_2,CA,0,1.261350496558201
2016-03-09,HOUSEHOLD_1_489,HOUSEHOLD_1,HOUSEHOLD,CA_3,CA,1,2.7439317308796936
2016-03-09,HOUSEHOLD_1_489,HOUSEHOLD_1,HOUSEHOLD,CA_4,CA,2,0.6693658357959635
2016-03-09,HOUSEHOLD_1_489,HOUSEHOLD_1,HOUSEHOLD,TX_1,TX,0,1.0844288749441997
2016-03-09,HOUSEHOLD_1_489,HOUSEHOLD_1,HOUSEHOLD,TX_2,TX,1,1.4458371454141465
2016-03-09,HOUSEHOLD_1_489,HOUSEHOLD_1,HOUSEHOLD,TX_3,TX,2,1.390094875903625
2016-03-09,HOUSEHOLD_1_489,HOUSEHOLD_1,HOUSEHOLD,WI_1,WI,1,0.800113041352355
2016-03-09,HOUSEHOLD_1_489,HOUSEHOLD_1,HOUSEHOLD,WI_2,WI,0,0.9741209700599492
2016-03-09,HOUSEHOLD_1_489,HOUSEHOLD_1,HOUSEHOLD,WI_3,WI,1,0.6213548217239567
2016-03-09,HOUSEHOLD_2_442,HOUSEHOLD_2,HOUSEHOLD,CA_1,CA,0,1.32639992412131
2016-03-09,HOUSEHOLD_2_442,HOUSEHOLD_2,HOUSEHOLD,CA_2,CA,0,1.3589334038906715
2016-03-09,HOUSEHOLD_2_442,HOUSEHOLD_2,HOUSEHOLD,CA_3,CA,0,1.1612441784071974
2016-03-09,HOUSEHOLD_2_442,HOUSEHOLD_2,HOUSEHOLD,CA_4,CA,0,0.6631452072522769
2016-03-09,HOUSEHOLD_2_442,HOUSEHOLD_2,HOUSEHOLD,TX_1,TX,0,0.5130500994494122
2016-03-09,HOUSEHOLD_2_442,HOUSEHOLD_2,HOUSEHOLD,TX_2,TX,0,0.8604092319522159
2016-03-09,HOUSEHOLD_2_442,HOUSEHOLD_2,HOUSEHOLD,TX_3,TX,2,0.7455799441108131
2016-03-09,HOUSEHOLD_2_442,HOUSEHOLD_2,HOUSEHOLD,WI_1,WI,2,1.0131876081597297
2016-03-09,HOUSEHOLD_2_442,HOUSEHOLD_2,HOUSEHOLD,WI_2,WI,2,1.2355501322441385
2016-03-09,HOUSEHOLD_2_442,HOUSEHOLD_2,HOUSEHOLD,WI_3,WI,2,0.7795774503316009
2016-03-10,FOODS_1_021,FOODS_1,FOODS,CA_1,CA,0,1.7916801568154836
2016-03-10,FOODS_1_021,FOODS_1,FOODS,CA_2,CA,2,2.5442351581684193
2016-03-10,FOODS_1_021,FOODS_1,FOODS,CA_3,CA,1,1.4615861077160683
2016-03-10,FOODS_1_021,FOODS_1,FOODS,CA_4,CA,0,1.710642605784509
2016-03-10,FOODS_1_021,FOODS_1,FOODS,TX_1,TX,1,0.7564221730217556
2016-03-10,FOODS_1_021,FOODS_1,FOODS,TX_2,TX,0,0.07251429653928257
2016-03-10,FOODS_1_021,FOODS_1,FOODS,TX_3,TX,0,0.15388653842275812
2016-03-10,FOODS_1_021,FOODS_1,FOODS,WI_1,WI,0,2.031090523265041
2016-03-10,FOODS_1_021,FOODS_1,FOODS,WI_2,WI,3,1.0008123284066772
2016-03-10,FOODS_1_021,FOODS_1,FOODS,WI_3,WI,0,1.1755269041302647
2016-03-10,FOODS_2_035,FOODS_2,FOODS,CA_1,CA,0,0.9509066077232334
2016-03-10,FOODS_2_035,FOODS_2,FOODS,CA_2,CA,4,1.9883502885213729
2016-03-10,FOODS_2_035,FOODS_2,FOODS,CA_3,CA,5,3.4240968920755517
2016-03-10,FOODS_2_035,FOODS_2,FOODS,CA_4,CA,1,0.9814966612425603
2016-03-10,FOODS_2_035,FOODS_2,FOODS,TX_1,TX,1,1.2468674779507694
2016-03-10,FOODS_2_035,FOODS_2,FOODS,TX_2,TX,2,1.8395159545926383
2016-03-10,FOODS_2_035,FOODS_2,FOODS,TX_3,TX,2,1.6439701728866467
2016-03-10,FOODS_2_035,FOODS_2,FOODS,WI_1,WI,0,0.7950741927179824
2016-03-10,FOODS_2_035,FOODS_2,FOODS,WI_2,WI,2,2.06505994998319
2016-03-10,FOODS_2_035,FOODS_2,FOODS,WI_3,WI,3,1.5177758752968877
2016-03-10,FOODS_3_180,FOODS_3,FOODS,CA_1,CA,0,0.2203662195607837
2016-03-10,FOODS_3_180,FOODS_3,FOODS,CA_2,CA,0,0.304564587056389
2016-03-10,FOODS_3_180,FOODS_3,FOODS,CA_3,CA,1,0.6375526341091963
2016-03-10,FOODS_3_180,FOODS_3,FOODS,CA_4,CA,0,0.4595490017189704
2016-03-10,FOODS_3_180,FOODS_3,FOODS,TX_1,TX,1,0.23438632851360408
2016-03-10,FOODS_3_180,FOODS_3,FOODS,TX_2,TX,2,0.3552728648026122
2016-03-10,FOODS_3_180,FOODS_3,FOODS,TX_3,TX,0,0.21870844414873705
2016-03-10,FOODS_3_180,FOODS_3,FOODS,WI_1,WI,0,0.7139657435458491
2016-03-10,FOODS_3_180,FOODS_3,FOODS,WI_2,WI,2,0.6839995917010437
2016-03-10,FOODS_3_180,FOODS_3,FOODS,WI_3,WI,0,0.5012208757517376
2016-03-10,FOODS_3_260,FOODS_3,FOODS,CA_1,CA,1,0.7122781886032807
2016-03-10,FOODS_3_260,FOODS_3,FOODS,CA_2,CA,0,0.1413141948422244
2016-03-10,FOODS_3_260,FOODS_3,FOODS,CA_3,CA,0,0.2601378192482506
2016-03-10,FOODS_3_260,FOODS_3,FOODS,CA_4,CA,0,0.41464014824432377
2016-03-10,FOODS_3_260,FOODS_3,FOODS,TX_1,TX,0,0.26492289209548103
2016-03-10,FOODS_3_260,FOODS_3,FOODS,TX_2,TX,0,0.34116135511640816
2016-03-10,FOODS_3_260,FOODS_3,FOODS,TX_3,TX,0,0.01423815765902883
2016-03-10,FOODS_3_260,FOODS_3,FOODS,WI_1,WI,0,0.36508954351400796
2016-03-10,FOODS_3_260,FOODS_3,FOODS,WI_2,WI,0,0.027299595821317173
2016-03-10,FOODS_3_260,FOODS_3,FOODS,WI_3,WI,2,0.022311028168045283
2016-03-10,HOBBIES_1_022,HOBBIES_1,HOBBIES,CA_1,CA,1,0.35286845518724647
2016-03-10,HOBBIES_1_022,HOBBIES_1,HOBBIES,CA_2,CA,0,0.30065047233914693
2016-03-10,HOBBIES_1_022,HOBBIES_1,HOBBIES,CA_3,CA,0,0.7867532174960691
2016-03-10,HOBBIES_1_022,HOBBIES_1,HOBBIES,CA_4,CA,0,0.10559308330798393
2016-03-10,HOBBIES_1_022,HOBBIES_1,HOBBIES,TX_1,TX,2,0.1744186822584135
2016-03-10,HOBBIES_1_022,HOBBIES_1,HOBBIES,TX_2,TX,2,0.514728098091118
2016-03-10,HOBBIES_1_022,HOBBIES_1,HOBBIES,TX_3,TX,0,0.35747766673370257
2016-03-10,HOBBIES_1_022,HOBBIES_1,HOBBIES,WI_1,WI,0,0.29548136297540345
2016-03-10,HOBBIES_1_022,HOBBIES_1,HOBBIES,WI_2,WI,0,0.3573398697501914
2016-03-10,HOBBIES_1_022,HOBBIES_1,HOBBIES,WI_3,WI,0,0.6153710760679105
2016-03-10,HOBBIES_1_209,HOBBIES_1,HOBBIES,CA_1,CA,2,4.052945191086712
2016-03-10,HOBBIES_1_209,HOBBIES_1,HOBBIES,CA_2,CA,7,3.138139555099118
2016-03-10,HOBBIES_1_209,HOBBIES_1,HOBBIES,CA_3,CA,2,3.378998693494813
2016-03-10,HOBBIES_1_209,HOBBIES_1,HOBBIES,CA_4,CA,0,0.027559925235270143
2016-03-10,HOBBIES_1_209,HOBBIES_1,HOBBIES,TX_1,TX,1,1.0028078258154107
2016-03-10,HOBBIES_1_209,HOBBIES_1,HOBBIES,TX_2,TX,4,2.1626157057931565
2016-03-10,HOBBIES_1_209,HOBBIES_1,HOBBIES,TX_3,TX,1,0.5500385227925834
2016-03-10,HOBBIES_1_209,HOBBIES_1,HOBBIES,WI_1,WI,0,2.066791615505964
2016-03-10,HOBBIES_1_209,HOBBIES_1,HOBBIES,WI_2,WI,2,1.8380366721524144
2016-03-10,HOBBIES_1_209,HOBBIES_1,HOBBIES,WI_3,WI,0,2.6881025220675774
2016-03-10,HOBBIES_2_041,HOBBIES_2,HOBBIES,CA_1,CA,0,0.21975771701502664
2016-03-10,HOBBIES_2_041,HOBBIES_2,HOBBIES,CA_2,CA,1,0.7914218998744141
2016-03-10,HOBBIES_2_041,HOBBIES_2,HOBBIES,CA_3,CA,0,0.38444355751280496
2016-03-10,HOBBIES_2_041,HOBBIES_2,HOBBIES,CA_4,CA,0,0.22441259672999728
2016-03-10,HOBBIES_2_041,HOBBIES_2,HOBBIES,TX_1,TX,0,0.13849688084626563
2016-03-10,HOBBIES_2_041,HOBBIES_2,HOBBIES,TX_2,TX,1,0.7840398923974253
2016-03-10,HOBBIES_2_041,HOBBIES_2,HOBBIES,TX_3,TX,1,0.11374802224702628
2016-03-10,HOBBIES_2_041,HOBBIES_2,HOBBIES,WI_1,WI,0,0.3076005124965815
2016-03-10,HOBBIES_2_041,HOBBIES_2,HOBBIES,WI_2,WI,0,0.2795479123445119
2016-03-10,HOBBIES_2_041,HOBBIES_2,HOBBIES,WI_3,WI,0,0.3115650625845147
2016-03-10,HOBBIES_2_113,HOBBIES_2,HOBBIES,CA_1,CA,0,0.17847710864544425
2016-03-10,HOBBIES_2_113,HOBBIES_2,HOBBIES,CA_2,CA,0,0.015943343580332312
2016-03-10,HOBBIES_2_113,HOBBIES_2,HOBBIES,CA_3,CA,0,0.029066424270827246
2016-03-10,HOBBIES_2_113,HOBBIES_2,HOBBIES,CA_4,CA,0,0.005030495209586946
2016-03-10,HOBBIES_2_113,HOBBIES_2,HOBBIES,TX_1,TX,0,0.1564661248416036
2016-03-10,HOBBIES_2_113,HOBBIES_2,HOBBIES,TX_2,TX,0,0.12512825885645704
2016-03-10,HOBBIES_2_113,HOBBIES_2,HOBBIES,TX_3,TX,0,0.1539132696315458
2016-03-10,HOBBIES_2_113,HOBBIES_2,HOBBIES,WI_1,WI,0,0.10052609115721456
2016-03-10,HOBBIES_2_113,HOBBIES_2,HOBBIES,WI_2,WI,0,0.11115459151257592
2016-03-10,HOBBIES_2_113,HOBBIES_2,HOBBIES,WI_3,WI,0,0.015582924726144278
2016-03-10,HOUSEHOLD_1_100,HOUSEHOLD_1,HOUSEHOLD,CA_1,CA,1,0.025556854307089105
2016-03-10,HOUSEHOLD_1_100,HOUSEHOLD_1,HOUSEHOLD,CA_2,CA,0,0.1717880211138909
2016-03-10,HOUSEHOLD_1_100,HOUSEHOLD_1,HOUSEHOLD,CA_3,CA,0,0.03812447410112702
2016-03-10,HOUSEHOLD_1_100,HOUSEHOLD_1,HOUSEHOLD,CA_4,CA,0,0.010113642227687715
2016-03-10,HOUSEHOLD_1_100,HOUSEHOLD_1,HOUSEHOLD,TX_1,TX,0,0.012836686622520153
2016-03-10,HOUSEHOLD_1_100,HOUSEHOLD_1,HOUSEHOLD,TX_2,TX,0,0.023973984245586805
2016-03-10,HOUSEHOLD_1_100,HOUSEHOLD_1,HOUSEHOLD,TX_3,TX,0,0.012836686622520153
2016-03-10,HOUSEHOLD_1_100,HOUSEHOLD_1,HOUSEHOLD,WI_1,WI,0,0.010394787686430366
2016-03-10,HOUSEHOLD_1_100,HOUSEHOLD_1,HOUSEHOLD,WI_2,WI,0,0.02298450536592193
2016-03-10,HOUSEHOLD_1_100,HOUSEHOLD_1,HOUSEHOLD,WI_3,WI,0,0.02502636392615904
2016-03-10,HOUSEHOLD_1_290,HOUSEHOLD_1,HOUSEHOLD,CA_1,CA,1,0.5902429446601593
2016-03-10,HOUSEHOLD_1_290,HOUSEHOLD_1,HOUSEHOLD,CA_2,CA,0,0.8593544442621083
2016-03-10,HOUSEHOLD_1_290,HOUSEHOLD_1,HOUSEHOLD,CA_3,CA,1,0.9357110543690095
2016-03-10,HOUSEHOLD_1_290,HOUSEHOLD_1,HOUSEHOLD,CA_4,CA,0,0.06260529509368368
2016-03-10,HOUSEHOLD_1_290,HOUSEHOLD_1,HOUSEHOLD,TX_1,TX,3,1.3083368634555645
2016-03-10,HOUSEHOLD_1_290,HOUSEHOLD_1,HOUSEHOLD,TX_2,TX,1,1.124030204743282
2016-03-10,HOUSEHOLD_1_290,HOUSEHOLD_1,HOUSEHOLD,TX_3,TX,2,1.239942403971489
2016-03-10,HOUSEHOLD_1_290,HOUSEHOLD_1,HOUSEHOLD,WI_1,WI,0,0.12473994838919657
2016-03-10,HOUSEHOLD_1_290,HOUSEHOLD_1,HOUSEHOLD,WI_2,WI,4,2.224398836443445
2016-03-10,HOUSEHOLD_1_290,HOUSEHOLD_1,HOUSEHOLD,WI_3,WI,1,1.1322965016890916
2016-03-10,HOUSEHOLD_1_370,HOUSEHOLD_1,HOUSEHOLD,CA_1,CA,1,1.2177433473423709
2016-03-10,HOUSEHOLD_1_370,HOUSEHOLD_1,HOUSEHOLD,CA_2,CA,1,2.3329488750885217
2016-03-10,HOUSEHOLD_1_370,HOUSEHOLD_1,HOUSEHOLD,CA_3,CA,2,3.5876758510154487
2016-03-10,HOUSEHOLD_1_370,HOUSEHOLD_1,HOUSEHOLD,CA_4,CA,0,0.8693042590816283
2016-03-10,HOUSEHOLD_1_370,HOUSEHOLD_1,HOUSEHOLD,TX_1,TX,1,0.6735350734579186
2016-03-10,HOUSEHOLD_1_370,HOUSEHOLD_1,HOUSEHOLD,TX_2,TX,0,1.1169655425422755
2016-03-10,HOUSEHOLD_1_370,HOUSEHOLD_1,HOUSEHOLD,TX_3,TX,0,0.9193387971034211
2016-03-10,HOUSEHOLD_1_370,HOUSEHOLD_1,HOUSEHOLD,WI_1,WI,0,0.9562246021289114
2016-03-10,HOUSEHOLD_1_370,HOUSEHOLD_1,HOUSEHOLD,WI_2,WI,4,2.7188933773426815
2016-03-10,HOUSEHOLD_1_370,HOUSEHOLD_1,HOUSEHOLD,WI_3,WI,2,0.7711492113442812
2016-03-10,HOUSEHOLD_1_489,HOUSEHOLD_1,HOUSEHOLD,CA_1,CA,2,0.8106781567164467
2016-03-10,HOUSEHOLD_1_489,HOUSEHOLD_1,HOUSEHOLD,CA_2,CA,1,1.0670714212673797
2016-03-10,HOUSEHOLD_1_489,HOUSEHOLD_1,HOUSEHOLD,CA_3,CA,2,2.317213262555213
2016-03-10,HOUSEHOLD_1_489,HOUSEHOLD_1,HOUSEHOLD,CA_4,CA,0,0.8470398077211101
2016-03-10,HOUSEHOLD_1_489,HOUSEHOLD_1,HOUSEHOLD,TX_1,TX,1,1.0663156951829094
2016-03-10,HOUSEHOLD_1_489,HOUSEHOLD_1,HOUSEHOLD,TX_2,TX,0,1.3666263554985896
2016-03-10,HOUSEHOLD_1_489,HOUSEHOLD_1,HOUSEHOLD,TX_3,TX,1,1.3885456248357497
2016-03-10,HOUSEHOLD_1_489,HOUSEHOLD_1,HOUSEHOLD,WI_1,WI,0,0.7560957782750257
2016-03-10,HOUSEHOLD_1_489,HOUSEHOLD_1,HOUSEHOLD,WI_2,WI,1,0.8088517343461277
2016-03-10,HOUSEHOLD_1_489,HOUSEHOLD_1,HOUSEHOLD,WI_3,WI,1,0.7221912221857384
2016-03-10,HOUSEHOLD_2_442,HOUSEHOLD_2,HOUSEHOLD,CA_1,CA,0,1.2139565069002336
2016-03-10,HOUSEHOLD_2_442,HOUSEHOLD_2,HOUSEHOLD,CA_2,CA,0,1.2695625514161264
2016-03-10,HOUSEHOLD_2_442,HOUSEHOLD_2,HOUSEHOLD,CA_3,CA,0,1.0769694908619882
2016-03-10,HOUSEHOLD_2_442,HOUSEHOLD_2,HOUSEHOLD,CA_4,CA,0,0.603586078556077
2016-03-10,HOUSEHOLD_2_442,HOUSEHOLD_2,HOUSEHOLD,TX_1,TX,0,0.46876443752957164
2016-03-10,HOUSEHOLD_2_442,HOUSEHOLD_2,HOUSEHOLD,TX_2,TX,0,0.8149353096068361
2016-03-10,HOUSEHOLD_2_442,HOUSEHOLD_2,HOUSEHOLD,TX_3,TX,1,0.8248250716114094
2016-03-10,HOUSEHOLD_2_442,HOUSEHOLD_2,HOUSEHOLD,WI_1,WI,1,1.0496870698880874
2016-03-10,HOUSEHOLD_2_442,HOUSEHOLD_2,HOUSEHOLD,WI_2,WI,0,1.2550461122671914
2016-03-10,HOUSEHOLD_2_442,HOUSEHOLD_2,HOUSEHOLD,WI_3,WI,0,0.877012091602632
2016-03-11,FOODS_1_021,FOODS_1,FOODS,CA_1,CA,0,2.9026566450766524
2016-03-11,FOODS_1_021,FOODS_1,FOODS,CA_2,CA,6,2.7957265574982784
2016-03-11,FOODS_1_021,FOODS_1,FOODS,CA_3,CA,2,1.4860262688775676
2016-03-11,FOODS_1_021,FOODS_1,FOODS,CA_4,CA,0,1.6890389099752177
2016-03-11,FOODS_1_021,FOODS_1,FOODS,TX_1,TX,0,0.94154228979519
2016-03-11,FOODS_1_021,FOODS_1,FOODS,TX_2,TX,0,0.07881927932028167
2016-03-11,FOODS_1_021,FOODS_1,FOODS,TX_3,TX,0,0.16019152120375718
2016-03-11,FOODS_1_021,FOODS_1,FOODS,WI_1,WI,3,1.6989205412976764
2016-03-11,FOODS_1_021,FOODS_1,FOODS,WI_2,WI,0,1.0819583504628891
2016-03-11,FOODS_1_021,FOODS_1,FOODS,WI_3,WI,0,1.069581164014936
2016-03-11,FOODS_2_035,FOODS_2,FOODS,CA_1,CA,0,0.957680809410926
2016-03-11,FOODS_2_035,FOODS_2,FOODS,CA_2,CA,2,2.207933984176852
2016-03-11,FOODS_2_035,FOODS_2,FOODS,CA_3,CA,1,3.553403667560169
2016-03-11,FOODS_2_035,FOODS_2,FOODS,CA_4,CA,0,1.0894900273987684
2016-03-11,FOODS_2_035,FOODS_2,FOODS,TX_1,TX,0,1.320050698726223
2016-03-11,FOODS_2_035,FOODS_2,FOODS,TX_2,TX,3,1.9367601372986778
2016-03-11,FOODS_2_035,FOODS_2,FOODS,TX_3,TX,0,1.7205575897018763
2016-03-11,FOODS_2_035,FOODS_2,FOODS,WI_1,WI,1,0.7242053639255348
2016-03-11,FOODS_2_035,FOODS_2,FOODS,WI_2,WI,3,2.0518532138581853
2016-03-11,FOODS_2_035,FOODS_2,FOODS,WI_3,WI,1,1.6301825645133188
2016-03-11,FOODS_3_180,FOODS_3,FOODS,CA_1,CA,0,0.2203662195607837
2016-03-11,FOODS_3_180,FOODS_3,FOODS,CA_2,CA,0,0.304564587056389
2016-03-11,FOODS_3_180,FOODS_3,FOODS,CA_3,CA,1,0.6101501731489716
2016-03-11,FOODS_3_180,FOODS_3,FOODS,CA_4,CA,0,0.44646799834872364
2016-03-11,FOODS_3_180,FOODS_3,FOODS,TX_1,TX,0,0.2846777672347177
2016-03-11,FOODS_3_180,FOODS_3,FOODS,TX_2,TX,1,0.5187713663793808
2016-03-11,FOODS_3_180,FOODS_3,FOODS,TX_3,TX,0,0.21870844414873705
2016-03-11,FOODS_3_180,FOODS_3,FOODS,WI_1,WI,1,0.7089769836943538
2016-03-11,FOODS_3_180,FOODS_3,FOODS,WI_2,WI,3,0.6968916506381729
2016-03-11,FOODS_3_180,FOODS_3,FOODS,WI_3,WI,0,0.42646340264670396
2016-03-11,FOODS_3_260,FOODS_3,FOODS,CA_1,CA,0,0.7679706076361074
2016-03-11,FOODS_3_260,FOODS_3,FOODS,CA_2,CA,0,0.1413141948422244
2016-03-11,FOODS_3_260,FOODS_3,FOODS,CA_3,CA,0,0.2601378192482506
2016-03-11,FOODS_3_260,FOODS_3,FOODS,CA_4,CA,3,0.3625718257090112
2016-03-11,FOODS_3_260,FOODS_3,FOODS,TX_1,TX,0,0.18270439238253866
2016-03-11,FOODS_3_260,FOODS_3,FOODS,TX_2,TX,0,0.338858578940386
2016-03-11,FOODS_3_260,FOODS_3,FOODS,TX_3,TX,0,0.01423815765902883
2016-03-11,FOODS_3_260,FOODS_3,FOODS,WI_1,WI,0,0.36508954351400796
2016-03-11,FOODS_3_260,FOODS_3,FOODS,WI_2,WI,0,0.027299595821317173
2016-03-11,FOODS_3_260,FOODS_3,FOODS,WI_3,WI,2,0.2663427038463689
2016-03-11,HOBBIES_1_022,HOBBIES_1,HOBBIES,CA_1,CA,0,0.37263153260298926
2016-03-11,HOBBIES_1_022,HOBBIES_1,HOBBIES,CA_2,CA,0,0.29828307792582653
2016-03-11,HOBBIES_1_022,HOBBIES_1,HOBBIES,CA_3,CA,1,0.7285703349661669
2016-03-11,HOBBIES_1_022,HOBBIES_1,HOBBIES,CA_4,CA,0,0.06315606086772119
2016-03-11,HOBBIES_1_022,HOBBIES_1,HOBBIES,TX_1,TX,0,0.3138879340214797
2016-03-11,HOBBIES_1_022,HOBBIES_1,HOBBIES,TX_2,TX,0,0.6291281398839544
2016-03-11,HOBBIES_1_022,HOBBIES_1,HOBBIES,TX_3,TX,0,0.3329144133703041
2016-03-11,HOBBIES_1_022,HOBBIES_1,HOBBIES,WI_1,WI,2,0.28546523551138964
2016-03-11,HOBBIES_1_022,HOBBIES_1,HOBBIES,WI_2,WI,0,0.3392280866496178
2016-03-11,HOBBIES_1_022,HOBBIES_1,HOBBIES,WI_3,WI,0,0.5133682019826338
2016-03-11,HOBBIES_1_209,HOBBIES_1,HOBBIES,CA_1,CA,0,3.5274427701904396
2016-03-11,HOBBIES_1_209,HOBBIES_1,HOBBIES,CA_2,CA,10,3.0965206518351924
2016-03-11,HOBBIES_1_209,HOBBIES_1,HOBBIES,CA_3,CA,0,8.05637162862303
2016-03-11,HOBBIES_1_209,HOBBIES_1,HOBBIES,CA_4,CA,0,0.033864908016269284
2016-03-11,HOBBIES_1_209,HOBBIES_1,HOBBIES,TX_1,TX,1,1.7352794565812952
2016-03-11,HOBBIES_1_209,HOBBIES_1,HOBBIES,TX_2,TX,3,3.157291676596039
2016-03-11,HOBBIES_1_209,HOBBIES_1,HOBBIES,TX_3,TX,2,0.573695129025709
2016-03-11,HOBBIES_1_209,HOBBIES_1,HOBBIES,WI_1,WI,1,1.684108343252884
2016-03-11,HOBBIES_1_209,HOBBIES_1,HOBBIES,WI_2,WI,4,1.9149031787573898
2016-03-11,HOBBIES_1_209,HOBBIES_1,HOBBIES,WI_3,WI,0,2.6069689094817066
2016-03-11,HOBBIES_2_041,HOBBIES_2,HOBBIES,CA_1,CA,0,0.21975771701502664
2016-03-11,HOBBIES_2_041,HOBBIES_2,HOBBIES,CA_2,CA,0,0.8555836870117387
2016-03-11,HOBBIES_2_041,HOBBIES_2,HOBBIES,CA_3,CA,0,0.33738058820937056
2016-03-11,HOBBIES_2_041,HOBBIES_2,HOBBIES,CA_4,CA,0,0.21378415644659685
2016-03-11,HOBBIES_2_041,HOBBIES_2,HOBBIES,TX_1,TX,0,0.13596068408161677
2016-03-11,HOBBIES_2_041,HOBBIES_2,HOBBIES,TX_2,TX,0,0.9054257627863935
2016-03-11,HOBBIES_2_041,HOBBIES_2,HOBBIES,TX_3,TX,0,0.23179655137905783
2016-03-11,HOBBIES_2_041,HOBBIES_2,HOBBIES,WI_1,WI,0,0.3076005124965815
2016-03-11,HOBBIES_2_041,HOBBIES_2,HOBBIES,WI_2,WI,0,0.2795479123445119
2016-03-11,HOBBIES_2_041,HOBBIES_2,HOBBIES,WI_3,WI,0,0.31263597028161244
2016-03-11,HOBBIES_2_113,HOBBIES_2,HOBBIES,CA_1,CA,0,0.16261390874704273
2016-03-11,HOBBIES_2_113,HOBBIES_2,HOBBIES,CA_2,CA,0,0.015943343580332312
2016-03-11,HOBBIES_2_113,HOBBIES_2,HOBBIES,CA_3,CA,0,0.029066424270827246
2016-03-11,HOBBIES_2_113,HOBBIES_2,HOBBIES,CA_4,CA,0,0.005030495209586946
2016-03-11,HOBBIES_2_113,HOBBIES_2,HOBBIES,TX_1,TX,0,0.10148670934557566
2016-03-11,HOBBIES_2_113,HOBBIES_2,HOBBIES,TX_2,TX,0,0.12512825885645704
2016-03-11,HOBBIES_2_113,HOBBIES_2,HOBBIES,TX_3,TX,0,0.1539132696315458
2016-03-11,HOBBIES_2_113,HOBBIES_2,HOBBIES,WI_1,WI,0,0.10052609115721456
2016-03-11,HOBBIES_2_113,HOBBIES_2,HOBBIES,WI_2,WI,0,0.11115459151257592
2016-03-11,HOBBIES_2_113,HOBBIES_2,HOBBIES,WI_3,WI,0,0.015582924726144278
2016-03-11,HOUSEHOLD_1_100,HOUSEHOLD_1,HOUSEHOLD,CA_1,CA,2,0.2306603743148916
2016-03-11,HOUSEHOLD_1_100,HOUSEHOLD_1,HOUSEHOLD,CA_2,CA,1,0.07589823094444659
2016-03-11,HOUSEHOLD_1_100,HOUSEHOLD_1,HOUSEHOLD,CA_3,CA,0,0.03812447410112702
2016-03-11,HOUSEHOLD_1_100,HOUSEHOLD_1,HOUSEHOLD,CA_4,CA,0,0.010113642227687715
2016-03-11,HOUSEHOLD_1_100,HOUSEHOLD_1,HOUSEHOLD,TX_1,TX,1,0.012836686622520153
2016-03-11,HOUSEHOLD_1_100,HOUSEHOLD_1,HOUSEHOLD,TX_2,TX,0,0.023973984245586805
2016-03-11,HOUSEHOLD_1_100,HOUSEHOLD_1,HOUSEHOLD,TX_3,TX,0,0.012836686622520153
2016-03-11,HOUSEHOLD_1_100,HOUSEHOLD_1,HOUSEHOLD,WI_1,WI,2,0.010394787686430366
2016-03-11,HOUSEHOLD_1_100,HOUSEHOLD_1,HOUSEHOLD,WI_2,WI,0,0.02298450536592193
2016-03-11,HOUSEHOLD_1_100,HOUSEHOLD_1,HOUSEHOLD,WI_3,WI,0,0.02502636392615904
2016-03-11,HOUSEHOLD_1_290,HOUSEHOLD_1,HOUSEHOLD,CA_1,CA,3,0.6237252035329243
2016-03-11,HOUSEHOLD_1_290,HOUSEHOLD_1,HOUSEHOLD,CA_2,CA,0,0.7299776792466561
2016-03-11,HOUSEHOLD_1_290,HOUSEHOLD_1,HOUSEHOLD,CA_3,CA,4,1.1650969582914912
2016-03-11,HOUSEHOLD_1_290,HOUSEHOLD_1,HOUSEHOLD,CA_4,CA,0,0.0689102778746828
2016-03-11,HOUSEHOLD_1_290,HOUSEHOLD_1,HOUSEHOLD,TX_1,TX,2,1.5108877752118917
2016-03-11,HOUSEHOLD_1_290,HOUSEHOLD_1,HOUSEHOLD,TX_2,TX,0,1.098347805399261
2016-03-11,HOUSEHOLD_1_290,HOUSEHOLD_1,HOUSEHOLD,TX_3,TX,2,1.4027428926379129
2016-03-11,HOUSEHOLD_1_290,HOUSEHOLD_1,HOUSEHOLD,WI_1,WI,0,0.1334974942570418
2016-03-11,HOUSEHOLD_1_290,HOUSEHOLD_1,HOUSEHOLD,WI_2,WI,0,2.7301357400957795
2016-03-11,HOUSEHOLD_1_290,HOUSEHOLD_1,HOUSEHOLD,WI_3,WI,2,1.1953029873669536
2016-03-11,HOUSEHOLD_1_370,HOUSEHOLD_1,HOUSEHOLD,CA_1,CA,4,1.2431886765735116
2016-03-11,HOUSEHOLD_1_370,HOUSEHOLD_1,HOUSEHOLD,CA_2,CA,4,2.0646347231352578
2016-03-11,HOUSEHOLD_1_370,HOUSEHOLD_1,HOUSEHOLD,CA_3,CA,6,3.4496639858912883
2016-03-11,HOUSEHOLD_1_370,HOUSEHOLD_1,HOUSEHOLD,CA_4,CA,1,0.6867642711990772
2016-03-11,HOUSEHOLD_1_370,HOUSEHOLD_1,HOUSEHOLD,TX_1,TX,0,0.8112172208490449
2016-03-11,HOUSEHOLD_1_370,HOUSEHOLD_1,HOUSEHOLD,TX_2,TX,0,1.1511005414960185
2016-03-11,HOUSEHOLD_1_370,HOUSEHOLD_1,HOUSEHOLD,TX_3,TX,0,0.7653973822093418
2016-03-11,HOUSEHOLD_1_370,HOUSEHOLD_1,HOUSEHOLD,WI_1,WI,1,1.054970368949739
2016-03-11,HOUSEHOLD_1_370,HOUSEHOLD_1,HOUSEHOLD,WI_2,WI,6,2.831101726180798
2016-03-11,HOUSEHOLD_1_370,HOUSEHOLD_1,HOUSEHOLD,WI_3,WI,0,0.9608041230373974
2016-03-11,HOUSEHOLD_1_489,HOUSEHOLD_1,HOUSEHOLD,CA_1,CA,3,1.0496308895448077
2016-03-11,HOUSEHOLD_1_489,HOUSEHOLD_1,HOUSEHOLD,CA_2,CA,1,1.138560029838132
2016-03-11,HOUSEHOLD_1_489,HOUSEHOLD_1,HOUSEHOLD,CA_3,CA,3,2.293603296007162
2016-03-11,HOUSEHOLD_1_489,HOUSEHOLD_1,HOUSEHOLD,CA_4,CA,0,0.7234138241886268
2016-03-11,HOUSEHOLD_1_489,HOUSEHOLD_1,HOUSEHOLD,TX_1,TX,4,1.3096672961346705
2016-03-11,HOUSEHOLD_1_489,HOUSEHOLD_1,HOUSEHOLD,TX_2,TX,2,1.1899395423311705
2016-03-11,HOUSEHOLD_1_489,HOUSEHOLD_1,HOUSEHOLD,TX_3,TX,0,1.3465201872714405
2016-03-11,HOUSEHOLD_1_489,HOUSEHOLD_1,HOUSEHOLD,WI_1,WI,1,0.6795486124445376
2016-03-11,HOUSEHOLD_1_489,HOUSEHOLD_1,HOUSEHOLD,WI_2,WI,0,0.9270363798010568
2016-03-11,HOUSEHOLD_1_489,HOUSEHOLD_1,HOUSEHOLD,WI_3,WI,0,0.7710073062806819
2016-03-11,HOUSEHOLD_2_442,HOUSEHOLD_2,HOUSEHOLD,CA_1,CA,2,1.1465548547717639
2016-03-11,HOUSEHOLD_2_442,HOUSEHOLD_2,HOUSEHOLD,CA_2,CA,3,1.1634764065098882
2016-03-11,HOUSEHOLD_2_442,HOUSEHOLD_2,HOUSEHOLD,CA_3,CA,1,1.0181344127376974
2016-03-11,HOUSEHOLD_2_442,HOUSEHOLD_2,HOUSEHOLD,CA_4,CA,1,0.6012833023800547
2016-03-11,HOUSEHOLD_2_442,HOUSEHOLD_2,HOUSEHOLD,TX_1,TX,1,0.47804783428427144
2016-03-11,HOUSEHOLD_2_442,HOUSEHOLD_2,HOUSEHOLD,TX_2,TX,4,0.7768415945552657
2016-03-11,HOUSEHOLD_2_442,HOUSEHOLD_2,HOUSEHOLD,TX_3,TX,1,0.8265401415291416
2016-03-11,HOUSEHOLD_2_442,HOUSEHOLD_2,HOUSEHOLD,WI_1,WI,1,1.0801390861884814
2016-03-11,HOUSEHOLD_2_442,HOUSEHOLD_2,HOUSEHOLD,WI_2,WI,0,1.1465721218882357
2016-03-11,HOUSEHOLD_2_442,HOUSEHOLD_2,HOUSEHOLD,WI_3,WI,0,0.7663322279398438
2016-03-12,FOODS_1_021,FOODS_1,FOODS,CA_1,CA,0,1.9586505222560642
2016-03-12,FOODS_1_021,FOODS_1,FOODS,CA_2,CA,2,3.6900906020294872
2016-03-12,FOODS_1_021,FOODS_1,FOODS,CA_3,CA,4,1.835775667798588
2016-03-12,FOODS_1_021,FOODS_1,FOODS,CA_4,CA,0,1.874467347972319
2016-03-12,FOODS_1_021,FOODS_1,FOODS,TX_1,TX,0,0.8329908984487118
2016-03-12,FOODS_1_021,FOODS_1,FOODS,TX_2,TX,0,0.11455912811523818
2016-03-12,FOODS_1_021,FOODS_1,FOODS,TX_3,TX,0,0.19796196631814791
2016-03-12,FOODS_1_021,FOODS_1,FOODS,WI_1,WI,0,2.200657962358981
2016-03-12,FOODS_1_021,FOODS_1,FOODS,WI_2,WI,0,1.0596561619753642
2016-03-12,FOODS_1_021,FOODS_1,FOODS,WI_3,WI,0,1.1962965595515724
2016-03-12,FOODS_2_035,FOODS_2,FOODS,CA_1,CA,0,0.9437650873610259
2016-03-12,FOODS_2_035,FOODS_2,FOODS,CA_2,CA,2,2.367869347743846
2016-03-12,FOODS_2_035,FOODS_2,FOODS,CA_3,CA,2,3.842548811743251
2016-03-12,FOODS_2_035,FOODS_2,FOODS,CA_4,CA,2,0.9152276256150832
2016-03-12,FOODS_2_035,FOODS_2,FOODS,TX_1,TX,1,1.0703693753991685
2016-03-12,FOODS_2_035,FOODS_2,FOODS,TX_2,TX,4,2.085253472027388
2016-03-12,FOODS_2_035,FOODS_2,FOODS,TX_3,TX,2,1.6309675505854453
2016-03-12,FOODS_2_035,FOODS_2,FOODS,WI_1,WI,3,0.8906787695254705
2016-03-12,FOODS_2_035,FOODS_2,FOODS,WI_2,WI,2,2.297449234222085
2016-03-12,FOODS_2_035,FOODS_2,FOODS,WI_3,WI,4,1.753903245577399
2016-03-12,FOODS_3_180,FOODS_3,FOODS,CA_1,CA,0,0.21501471928227078
2016-03-12,FOODS_3_180,FOODS_3,FOODS,CA_2,CA,0,0.32059943849943123
2016-03-12,FOODS_3_180,FOODS_3,FOODS,CA_3,CA,1,0.7034264746862433
2016-03-12,FOODS_3_180,FOODS_3,FOODS,CA_4,CA,0,0.4542366710368901
2016-03-12,FOODS_3_180,FOODS_3,FOODS,TX_1,TX,0,0.2545952827307994
2016-03-12,FOODS_3_180,FOODS_3,FOODS,TX_2,TX,1,0.5621577329154762
2016-03-12,FOODS_3_180,FOODS_3,FOODS,TX_3,TX,0,0.23150266483993104
2016-03-12,FOODS_3_180,FOODS_3,FOODS,WI_1,WI,0,0.8185282613148476
2016-03-12,FOODS_3_180,FOODS_3,FOODS,WI_2,WI,2,0.9331511465621661
2016-03-12,FOODS_3_180,FOODS_3,FOODS,WI_3,WI,1,0.4507013999615788
2016-03-12,FOODS_3_260,FOODS_3,FOODS,CA_1,CA,0,0.7196421231033779
2016-03-12,FOODS_3_260,FOODS_3,FOODS,CA_2,CA,2,0.16113793604070462
2016-03-12,FOODS_3_260,FOODS_3,FOODS,CA_3,CA,0,0.26745776699882745
2016-03-12,FOODS_3_260,FOODS_3,FOODS,CA_4,CA,1,0.5212101920149411
2016-03-12,FOODS_3_260,FOODS_3,FOODS,TX_1,TX,0,0.1953317522917853
2016-03-12,FOODS_3_260,FOODS_3,FOODS,TX_2,TX,0,0.33203207977283816
2016-03-12,FOODS_3_260,FOODS_3,FOODS,TX_3,TX,0,0.02062220964217703
2016-03-12,FOODS_3_260,FOODS_3,FOODS,WI_1,WI,1,0.4215535823905519
2016-03-12,FOODS_3_260,FOODS_3,FOODS,WI_2,WI,0,0.03598078072587548
2016-03-12,FOODS_3_260,FOODS_3,FOODS,WI_3,WI,0,0.35870683220742533
2016-03-12,HOBBIES_1_022,HOBBIES_1,HOBBIES,CA_1,CA,0,0.3828836117449459
2016-03-12,HOBBIES_1_022,HOBBIES_1,HOBBIES,CA_2,CA,0,0.37158781528853313
2016-03-12,HOBBIES_1_022,HOBBIES_1,HOBBIES,CA_3,CA,1,0.8623262079954497
2016-03-12,HOBBIES_1_022,HOBBIES_1,HOBBIES,CA_4,CA,0,0.09328291507851008
2016-03-12,HOBBIES_1_022,HOBBIES_1,HOBBIES,TX_1,TX,0,0.29594182804071967
2016-03-12,HOBBIES_1_022,HOBBIES_1,HOBBIES,TX_2,TX,0,0.6581234996481828
2016-03-12,HOBBIES_1_022,HOBBIES_1,HOBBIES,TX_3,TX,0,0.3570307956264874
2016-03-12,HOBBIES_1_022,HOBBIES_1,HOBBIES,WI_1,WI,0,0.45087957435158715
2016-03-12,HOBBIES_1_022,HOBBIES_1,HOBBIES,WI_2,WI,0,0.3976027881284794
2016-03-12,HOBBIES_1_022,HOBBIES_1,HOBBIES,WI_3,WI,1,0.593769841971101
2016-03-12,HOBBIES_1_209,HOBBIES_1,HOBBIES,CA_1,CA,2,3.2153417615352784
2016-03-12,HOBBIES_1_209,HOBBIES_1,HOBBIES,CA_2,CA,0,2.5871244444213866
2016-03-12,HOBBIES_1_209,HOBBIES_1,HOBBIES,CA_3,CA,2,4.038781776035755
2016-03-12,HOBBIES_1_209,HOBBIES_1,HOBBIES,CA_4,CA,0,0.06092993153114274
2016-03-12,HOBBIES_1_209,HOBBIES_1,HOBBIES,TX_1,TX,8,1.4751360343314661
2016-03-12,HOBBIES_1_209,HOBBIES_1,HOBBIES,TX_2,TX,2,3.514501127420535
2016-03-12,HOBBIES_1_209,HOBBIES_1,HOBBIES,TX_3,TX,0,0.9060751300413181
2016-03-12,HOBBIES_1_209,HOBBIES_1,HOBBIES,WI_1,WI,5,2.407255890506807
2016-03-12,HOBBIES_1_209,HOBBIES_1,HOBBIES,WI_2,WI,8,2.8569859388003325
2016-03-12,HOBBIES_1_209,HOBBIES_1,HOBBIES,WI_3,WI,1,2.812018047719005
2016-03-12,HOBBIES_2_041,HOBBIES_2,HOBBIES,CA_1,CA,0,0.24061082999677158
2016-03-12,HOBBIES_2_041,HOBBIES_2,HOBBIES,CA_2,CA,2,0.874890453763779
2016-03-12,HOBBIES_2_041,HOBBIES_2,HOBBIES,CA_3,CA,1,0.35695589217765616
2016-03-12,HOBBIES_2_041,HOBBIES_2,HOBBIES,CA_4,CA,0,0.22657837713779083
2016-03-12,HOBBIES_2_041,HOBBIES_2,HOBBIES,TX_1,TX,0,0.08187056102269122
2016-03-12,HOBBIES_2_041,HOBBIES_2,HOBBIES,TX_2,TX,0,0.923324229564414
2016-03-12,HOBBIES_2_041,HOBBIES_2,HOBBIES,TX_3,TX,0,0.19928809320063295
2016-03-12,HOBBIES_2_041,HOBBIES_2,HOBBIES,WI_1,WI,0,0.34887371815360846
2016-03-12,HOBBIES_2_041,HOBBIES_2,HOBBIES,WI_2,WI,0,0.30990374566373413
2016-03-12,HOBBIES_2_041,HOBBIES_2,HOBBIES,WI_3,WI,0,0.180665425360729
2016-03-12,HOBBIES_2_113,HOBBIES_2,HOBBIES,CA_1,CA,0,0.18792122316106621
2016-03-12,HOBBIES_2_113,HOBBIES_2,HOBBIES,CA_2,CA,0,0.02636005802215735
2016-03-12,HOBBIES_2_113,HOBBIES_2,HOBBIES,CA_3,CA,0,0.031236257618828808
2016-03-12,HOBBIES_2_113,HOBBIES_2,HOBBIES,CA_4,CA,1,0.01141454719273513
2016-03-12,HOBBIES_2_113,HOBBIES_2,HOBBIES,TX_1,TX,0,0.11515367669756764
2016-03-12,HOBBIES_2_113,HOBBIES_2,HOBBIES,TX_2,TX,1,0.1228031855569514
2016-03-12,HOBBIES_2_113,HOBBIES_2,HOBBIES,TX_3,TX,0,0.1588016239122259
2016-03-12,HOBBIES_2_113,HOBBIES_2,HOBBIES,WI_1,WI,0,0.13776871093913007
2016-03-12,HOBBIES_2_113,HOBBIES_2,HOBBIES,WI_2,WI,0,0.12469271811147171
2016-03-12,HOBBIES_2_113,HOBBIES_2,HOBBIES,WI_3,WI,0,0.02599963916796932
2016-03-12,HOUSEHOLD_1_100,HOUSEHOLD_1,HOUSEHOLD,CA_1,CA,1,0.48082859955813817
2016-03-12,HOUSEHOLD_1_100,HOUSEHOLD_1,HOUSEHOLD,CA_2,CA,1,0.331597265844515
2016-03-12,HOUSEHOLD_1_100,HOUSEHOLD_1,HOUSEHOLD,CA_3,CA,7,0.06171300955332683
2016-03-12,HOUSEHOLD_1_100,HOUSEHOLD_1,HOUSEHOLD,CA_4,CA,0,0.035804912117338224
2016-03-12,HOUSEHOLD_1_100,HOUSEHOLD_1,HOUSEHOLD,TX_1,TX,1,0.29917297080251687
2016-03-12,HOUSEHOLD_1_100,HOUSEHOLD_1,HOUSEHOLD,TX_2,TX,0,0.05922028885215699
2016-03-12,HOUSEHOLD_1_100,HOUSEHOLD_1,HOUSEHOLD,TX_3,TX,0,0.038527956512170655
2016-03-12,HOUSEHOLD_1_100,HOUSEHOLD_1,HOUSEHOLD,WI_1,WI,0,0.3953793804747135
2016-03-12,HOUSEHOLD_1_100,HOUSEHOLD_1,HOUSEHOLD,WI_2,WI,1,0.058230809972492095
2016-03-12,HOUSEHOLD_1_100,HOUSEHOLD_1,HOUSEHOLD,WI_3,WI,0,0.06200819806999592
2016-03-12,HOUSEHOLD_1_290,HOUSEHOLD_1,HOUSEHOLD,CA_1,CA,0,0.8535297620493811
2016-03-12,HOUSEHOLD_1_290,HOUSEHOLD_1,HOUSEHOLD,CA_2,CA,1,0.8266954705399646
2016-03-12,HOUSEHOLD_1_290,HOUSEHOLD_1,HOUSEHOLD,CA_3,CA,1,1.550091166006062
2016-03-12,HOUSEHOLD_1_290,HOUSEHOLD_1,HOUSEHOLD,CA_4,CA,0,0.10736797796291435
2016-03-12,HOUSEHOLD_1_290,HOUSEHOLD_1,HOUSEHOLD,TX_1,TX,2,1.8198970159119594
2016-03-12,HOUSEHOLD_1_290,HOUSEHOLD_1,HOUSEHOLD,TX_2,TX,4,1.1436939275430025
2016-03-12,HOUSEHOLD_1_290,HOUSEHOLD_1,HOUSEHOLD,TX_3,TX,6,1.5870865779322556
2016-03-12,HOUSEHOLD_1_290,HOUSEHOLD_1,HOUSEHOLD,WI_1,WI,0,0.18574340998361016
2016-03-12,HOUSEHOLD_1_290,HOUSEHOLD_1,HOUSEHOLD,WI_2,WI,2,3.3590179855256443
2016-03-12,HOUSEHOLD_1_290,HOUSEHOLD_1,HOUSEHOLD,WI_3,WI,0,1.4172100979791604
2016-03-12,HOUSEHOLD_1_370,HOUSEHOLD_1,HOUSEHOLD,CA_1,CA,2,1.5816755406348
2016-03-12,HOUSEHOLD_1_370,HOUSEHOLD_1,HOUSEHOLD,CA_2,CA,6,2.420389494147759
2016-03-12,HOUSEHOLD_1_370,HOUSEHOLD_1,HOUSEHOLD,CA_3,CA,6,3.550442289765942
2016-03-12,HOUSEHOLD_1_370,HOUSEHOLD_1,HOUSEHOLD,CA_4,CA,0,0.856434946167893
2016-03-12,HOUSEHOLD_1_370,HOUSEHOLD_1,HOUSEHOLD,TX_1,TX,1,0.6777654921118516
2016-03-12,HOUSEHOLD_1_370,HOUSEHOLD_1,HOUSEHOLD,TX_2,TX,0,1.0391763869720694
2016-03-12,HOUSEHOLD_1_370,HOUSEHOLD_1,HOUSEHOLD,TX_3,TX,0,0.7882126349798267
2016-03-12,HOUSEHOLD_1_370,HOUSEHOLD_1,HOUSEHOLD,WI_1,WI,1,1.2771891609825108
2016-03-12,HOUSEHOLD_1_370,HOUSEHOLD_1,HOUSEHOLD,WI_2,WI,1,3.062762174711361
2016-03-12,HOUSEHOLD_1_370,HOUSEHOLD_1,HOUSEHOLD,WI_3,WI,0,0.8335969465178072
2016-03-12,HOUSEHOLD_1_489,HOUSEHOLD_1,HOUSEHOLD,CA_1,CA,1,1.20858559834027
2016-03-12,HOUSEHOLD_1_489,HOUSEHOLD_1,HOUSEHOLD,CA_2,CA,1,1.3516155135529853
2016-03-12,HOUSEHOLD_1_489,HOUSEHOLD_1,HOUSEHOLD,CA_3,CA,2,2.531874750783062
2016-03-12,HOUSEHOLD_1_489,HOUSEHOLD_1,HOUSEHOLD,CA_4,CA,0,0.690230675222384
2016-03-12,HOUSEHOLD_1_489,HOUSEHOLD_1,HOUSEHOLD,TX_1,TX,3,1.7023411974436173
2016-03-12,HOUSEHOLD_1_489,HOUSEHOLD_1,HOUSEHOLD,TX_2,TX,0,1.4989325763810155
2016-03-12,HOUSEHOLD_1_489,HOUSEHOLD_1,HOUSEHOLD,TX_3,TX,4,1.3598358306645761
2016-03-12,HOUSEHOLD_1_489,HOUSEHOLD_1,HOUSEHOLD,WI_1,WI,1,0.866700312327267
2016-03-12,HOUSEHOLD_1_489,HOUSEHOLD_1,HOUSEHOLD,WI_2,WI,1,0.8178488868073318
2016-03-12,HOUSEHOLD_1_489,HOUSEHOLD_1,HOUSEHOLD,WI_3,WI,0,0.6684573665226844
2016-03-12,HOUSEHOLD_2_442,HOUSEHOLD_2,HOUSEHOLD,CA_1,CA,0,1.6380281099446066
2016-03-12,HOUSEHOLD_2_442,HOUSEHOLD_2,HOUSEHOLD,CA_2,CA,5,1.7509224196663977
2016-03-12,HOUSEHOLD_2_442,HOUSEHOLD_2,HOUSEHOLD,CA_3,CA,1,1.237205921193834
2016-03-12,HOUSEHOLD_2_442,HOUSEHOLD_2,HOUSEHOLD,CA_4,CA,0,0.73616796251782
2016-03-12,HOUSEHOLD_2_442,HOUSEHOLD_2,HOUSEHOLD,TX_1,TX,1,0.6341606809172122
2016-03-12,HOUSEHOLD_2_442,HOUSEHOLD_2,HOUSEHOLD,TX_2,TX,0,1.0554044750071667
2016-03-12,HOUSEHOLD_2_442,HOUSEHOLD_2,HOUSEHOLD,TX_3,TX,0,0.9986583532755259
2016-03-12,HOUSEHOLD_2_442,HOUSEHOLD_2,HOUSEHOLD,WI_1,WI,0,1.2687807459819223
2016-03-12,HOUSEHOLD_2_442,HOUSEHOLD_2,HOUSEHOLD,WI_2,WI,0,1.2912376388099736
2016-03-12,HOUSEHOLD_2_442,HOUSEHOLD_2,HOUSEHOLD,WI_3,WI,3,0.860658864513693
2016-03-13,FOODS_1_021,FOODS_1,FOODS,CA_1,CA,1,3.5838874664181413
2016-03-13,FOODS_1_021,FOODS_1,FOODS,CA_2,CA,8,3.4861623742338845
2016-03-13,FOODS_1_021,FOODS_1,FOODS,CA_3,CA,2,2.4500267323055374
2016-03-13,FOODS_1_021,FOODS_1,FOODS,CA_4,CA,0,2.7327145615418886
2016-03-13,FOODS_1_021,FOODS_1,FOODS,TX_1,TX,0,0.8258063561752815
2016-03-13,FOODS_1_021,FOODS_1,FOODS,TX_2,TX,0,0.13071187100849135
2016-03-13,FOODS_1_021,FOODS_1,FOODS,TX_3,TX,0,0.23285426364984585
2016-03-13,FOODS_1_021,FOODS_1,FOODS,WI_1,WI,0,2.2739056505682824
2016-03-13,FOODS_1_021,FOODS_1,FOODS,WI_2,WI,2,1.0899212024537428
2016-03-13,FOODS_1_021,FOODS_1,FOODS,WI_3,WI,1,1.2573995416823203
2016-03-13,FOODS_2_035,FOODS_2,FOODS,CA_1,CA,0,0.9975125991828876
2016-03-13,FOODS_2_035,FOODS_2,FOODS,CA_2,CA,3,2.8221464546892814
2016-03-13,FOODS_2_035,FOODS_2,FOODS,CA_3,CA,2,4.042510066336344
2016-03-13,FOODS_2_035,FOODS_2,FOODS,CA_4,CA,0,1.3341884934884527
2016-03-13,FOODS_2_035,FOODS_2,FOODS,TX_1,TX,0,1.4971200434296768
2016-03-13,FOODS_2_035,FOODS_2,FOODS,TX_2,TX,0,2.541859316386356
2016-03-13,FOODS_2_035,FOODS_2,FOODS,TX_3,TX,4,2.1329828798365136
2016-03-13,FOODS_2_035,FOODS_2,FOODS,WI_1,WI,1,1.1945275478463886
2016-03-13,FOODS_2_035,FOODS_2,FOODS,WI_2,WI,8,2.5670256177148527
2016-03-13,FOODS_2_035,FOODS_2,FOODS,WI_3,WI,2,2.11707737582239
2016-03-13,FOODS_3_180,FOODS_3,FOODS,CA_1,CA,0,0.26168912673258005
2016-03-13,FOODS_3_180,FOODS_3,FOODS,CA_2,CA,1,0.3381747836546911
2016-03-13,FOODS_3_180,FOODS_3,FOODS,CA_3,CA,0,0.7875219959401031
2016-03-13,FOODS_3_180,FOODS_3,FOODS,CA_4,CA,0,0.47820206371430646
2016-03-13,FOODS_3_180,FOODS_3,FOODS,TX_1,TX,0,0.2632511949544932
2016-03-13,FOODS_3_180,FOODS_3,FOODS,TX_2,TX,1,0.7010866833598149
2016-03-13,FOODS_3_180,FOODS_3,FOODS,TX_3,TX,2,0.24015857706362495
2016-03-13,FOODS_3_180,FOODS_3,FOODS,WI_1,WI,1,0.795578609128057
2016-03-13,FOODS_3_180,FOODS_3,FOODS,WI_2,WI,0,1.1426548125942408
2016-03-13,FOODS_3_180,FOODS_3,FOODS,WI_3,WI,2,0.5610329925270379
2016-03-13,FOODS_3_260,FOODS_3,FOODS,CA_1,CA,1,0.8347304324221263
2016-03-13,FOODS_3_260,FOODS_3,FOODS,CA_2,CA,2,0.5489479920822551
2016-03-13,FOODS_3_260,FOODS_3,FOODS,CA_3,CA,2,0.2761136792225211
2016-03-13,FOODS_3_260,FOODS_3,FOODS,CA_4,CA,0,0.5484948473322909
2016-03-13,FOODS_3_260,FOODS_3,FOODS,TX_1,TX,0,0.17616252535702767
2016-03-13,FOODS_3_260,FOODS_3,FOODS,TX_2,TX,0,0.31509101704636366
2016-03-13,FOODS_3_260,FOODS_3,FOODS,TX_3,TX,2,0.02357756942203668
2016-03-13,FOODS_3_260,FOODS_3,FOODS,WI_1,WI,0,0.5809262693140442
2016-03-13,FOODS_3_260,FOODS_3,FOODS,WI_2,WI,0,0.03893614050573512
2016-03-13,FOODS_3_260,FOODS_3,FOODS,WI_3,WI,0,0.30803169821685544
2016-03-13,HOBBIES_1_022,HOBBIES_1,HOBBIES,CA_1,CA,1,0.48053157429475624
2016-03-13,HOBBIES_1_022,HOBBIES_1,HOBBIES,CA_2,CA,1,0.42963807298631335
2016-03-13,HOBBIES_1_022,HOBBIES_1,HOBBIES,CA_3,CA,4,1.1137666681497367
2016-03-13,HOBBIES_1_022,HOBBIES_1,HOBBIES,CA_4,CA,0,0.1167397468417553
2016-03-13,HOBBIES_1_022,HOBBIES_1,HOBBIES,TX_1,TX,0,0.3506252026238269
2016-03-13,HOBBIES_1_022,HOBBIES_1,HOBBIES,TX_2,TX,0,0.7401061520846998
2016-03-13,HOBBIES_1_022,HOBBIES_1,HOBBIES,TX_3,TX,1,0.4133058215163164
2016-03-13,HOBBIES_1_022,HOBBIES_1,HOBBIES,WI_1,WI,0,0.48696802068950756
2016-03-13,HOBBIES_1_022,HOBBIES_1,HOBBIES,WI_2,WI,0,0.4521136379276597
2016-03-13,HOBBIES_1_022,HOBBIES_1,HOBBIES,WI_3,WI,0,0.7331392025677612
2016-03-13,HOBBIES_1_209,HOBBIES_1,HOBBIES,CA_1,CA,6,4.908747767534986
2016-03-13,HOBBIES_1_209,HOBBIES_1,HOBBIES,CA_2,CA,1,3.9945943926394554
2016-03-13,HOBBIES_1_209,HOBBIES_1,HOBBIES,CA_3,CA,21,6.698509766846162
2016-03-13,HOBBIES_1_209,HOBBIES_1,HOBBIES,CA_4,CA,0,0.10244876928704487
2016-03-13,HOBBIES_1_209,HOBBIES_1,HOBBIES,TX_1,TX,9,2.740130646105976
2016-03-13,HOBBIES_1_209,HOBBIES_1,HOBBIES,TX_2,TX,1,3.3252607961130405
2016-03-13,HOBBIES_1_209,HOBBIES_1,HOBBIES,TX_3,TX,0,0.9371845092487509
2016-03-13,HOBBIES_1_209,HOBBIES_1,HOBBIES,WI_1,WI,4,3.4783509229390654
2016-03-13,HOBBIES_1_209,HOBBIES_1,HOBBIES,WI_2,WI,0,3.131777986599617
2016-03-13,HOBBIES_1_209,HOBBIES_1,HOBBIES,WI_3,WI,6,3.4637404412797013
2016-03-13,HOBBIES_2_041,HOBBIES_2,HOBBIES,CA_1,CA,1,0.24830480565614121
2016-03-13,HOBBIES_2_041,HOBBIES_2,HOBBIES,CA_2,CA,4,1.0988313166572405
2016-03-13,HOBBIES_2_041,HOBBIES_2,HOBBIES,CA_3,CA,0,0.40911603345804404
2016-03-13,HOBBIES_2_041,HOBBIES_2,HOBBIES,CA_4,CA,0,0.2369371133755749
2016-03-13,HOBBIES_2_041,HOBBIES_2,HOBBIES,TX_1,TX,0,0.09149167008683913
2016-03-13,HOBBIES_2_041,HOBBIES_2,HOBBIES,TX_2,TX,1,0.8440838014220626
2016-03-13,HOBBIES_2_041,HOBBIES_2,HOBBIES,TX_3,TX,0,0.20794400542432687
2016-03-13,HOBBIES_2_041,HOBBIES_2,HOBBIES,WI_1,WI,0,0.3803481271523391
2016-03-13,HOBBIES_2_041,HOBBIES_2,HOBBIES,WI_2,WI,1,0.2787004411467724
2016-03-13,HOBBIES_2_041,HOBBIES_2,HOBBIES,WI_3,WI,0,0.1997577101567867
2016-03-13,HOBBIES_2_113,HOBBIES_2,HOBBIES,CA_1,CA,0,0.20549656831632598
2016-03-13,HOBBIES_2_113,HOBBIES_2,HOBBIES,CA_2,CA,0,0.03734332233092766
2016-03-13,HOBBIES_2_113,HOBBIES_2,HOBBIES,CA_3,CA,0,0.03419161739868847
2016-03-13,HOBBIES_2_113,HOBBIES_2,HOBBIES,CA_4,CA,0,0.2114582891590204
2016-03-13,HOBBIES_2_113,HOBBIES_2,HOBBIES,TX_1,TX,0,0.13651074560326162
2016-03-13,HOBBIES_2_113,HOBBIES_2,HOBBIES,TX_2,TX,0,0.26544356732015734
2016-03-13,HOBBIES_2_113,HOBBIES_2,HOBBIES,TX_3,TX,2,0.08839001454723634
2016-03-13,HOBBIES_2_113,HOBBIES_2,HOBBIES,WI_1,WI,0,0.1368379406732414
2016-03-13,HOBBIES_2_113,HOBBIES_2,HOBBIES,WI_2,WI,0,0.14604978701716573
2016-03-13,HOBBIES_2_113,HOBBIES_2,HOBBIES,WI_3,WI,0,0.028954998947828978
2016-03-13,HOUSEHOLD_1_100,HOUSEHOLD_1,HOUSEHOLD,CA_1,CA,6,0.6505792112048382
2016-03-13,HOUSEHOLD_1_100,HOUSEHOLD_1,HOUSEHOLD,CA_2,CA,1,0.4841069314099611
2016-03-13,HOUSEHOLD_1_100,HOUSEHOLD_1,HOUSEHOLD,CA_3,CA,3,0.7812816759860806
2016-03-13,HOUSEHOLD_1_100,HOUSEHOLD_1,HOUSEHOLD,CA_4,CA,0,0.06065722718770413
2016-03-13,HOUSEHOLD_1_100,HOUSEHOLD_1,HOUSEHOLD,TX_1,TX,0,0.35695766451591715
2016-03-13,HOUSEHOLD_1_100,HOUSEHOLD_1,HOUSEHOLD,TX_2,TX,1,0.08891016776849359
2016-03-13,HOUSEHOLD_1_100,HOUSEHOLD_1,HOUSEHOLD,TX_3,TX,0,0.06338027158253653
2016-03-13,HOUSEHOLD_1_100,HOUSEHOLD_1,HOUSEHOLD,WI_1,WI,1,0.4415759351713495
2016-03-13,HOUSEHOLD_1_100,HOUSEHOLD_1,HOUSEHOLD,WI_2,WI,1,0.35794030914651037
2016-03-13,HOUSEHOLD_1_100,HOUSEHOLD_1,HOUSEHOLD,WI_3,WI,0,0.08686051314036192
2016-03-13,HOUSEHOLD_1_290,HOUSEHOLD_1,HOUSEHOLD,CA_1,CA,2,0.9730903145907764
2016-03-13,HOUSEHOLD_1_290,HOUSEHOLD_1,HOUSEHOLD,CA_2,CA,4,1.1774079585728088
2016-03-13,HOUSEHOLD_1_290,HOUSEHOLD_1,HOUSEHOLD,CA_3,CA,5,1.6789339326168782
2016-03-13,HOUSEHOLD_1_290,HOUSEHOLD_1,HOUSEHOLD,CA_4,CA,0,0.11698908702706227
2016-03-13,HOUSEHOLD_1_290,HOUSEHOLD_1,HOUSEHOLD,TX_1,TX,2,2.041989715609548
2016-03-13,HOUSEHOLD_1_290,HOUSEHOLD_1,HOUSEHOLD,TX_2,TX,2,1.6836710181457077
2016-03-13,HOUSEHOLD_1_290,HOUSEHOLD_1,HOUSEHOLD,TX_3,TX,3,2.0741494058213696
2016-03-13,HOUSEHOLD_1_290,HOUSEHOLD_1,HOUSEHOLD,WI_1,WI,0,0.21375512771123378
2016-03-13,HOUSEHOLD_1_290,HOUSEHOLD_1,HOUSEHOLD,WI_2,WI,2,2.7479562066383987
2016-03-13,HOUSEHOLD_1_290,HOUSEHOLD_1,HOUSEHOLD,WI_3,WI,1,1.6082540861201748
2016-03-13,HOUSEHOLD_1_370,HOUSEHOLD_1,HOUSEHOLD,CA_1,CA,1,2.216541096961428
2016-03-13,HOUSEHOLD_1_370,HOUSEHOLD_1,HOUSEHOLD,CA_2,CA,8,3.428957168502544
2016-03-13,HOUSEHOLD_1_370,HOUSEHOLD_1,HOUSEHOLD,CA_3,CA,5,4.654646804644852
2016-03-13,HOUSEHOLD_1_370,HOUSEHOLD_1,HOUSEHOLD,CA_4,CA,1,0.8351905153771061
2016-03-13,HOUSEHOLD_1_370,HOUSEHOLD_1,HOUSEHOLD,TX_1,TX,1,0.984084779915116
2016-03-13,HOUSEHOLD_1_370,HOUSEHOLD_1,HOUSEHOLD,TX_2,TX,0,1.3127233140115526
2016-03-13,HOUSEHOLD_1_370,HOUSEHOLD_1,HOUSEHOLD,TX_3,TX,0,0.9198193192024717
2016-03-13,HOUSEHOLD_1_370,HOUSEHOLD_1,HOUSEHOLD,WI_1,WI,3,1.7901379872020828
2016-03-13,HOUSEHOLD_1_370,HOUSEHOLD_1,HOUSEHOLD,WI_2,WI,5,3.5186604757596998
2016-03-13,HOUSEHOLD_1_370,HOUSEHOLD_1,HOUSEHOLD,WI_3,WI,1,0.9758561596952622
2016-03-13,HOUSEHOLD_1_489,HOUSEHOLD_1,HOUSEHOLD,CA_1,CA,0,1.295102592530465
2016-03-13,HOUSEHOLD_1_489,HOUSEHOLD_1,HOUSEHOLD,CA_2,CA,1,1.534279896777933
2016-03-13,HOUSEHOLD_1_489,HOUSEHOLD_1,HOUSEHOLD,CA_3,CA,3,3.1394622065962206
2016-03-13,HOUSEHOLD_1_489,HOUSEHOLD_1,HOUSEHOLD,CA_4,CA,1,0.7353448977853221
2016-03-13,HOUSEHOLD_1_489,HOUSEHOLD_1,HOUSEHOLD,TX_1,TX,3,2.228339288920662
2016-03-13,HOUSEHOLD_1_489,HOUSEHOLD_1,HOUSEHOLD,TX_2,TX,1,1.5503833504705324
2016-03-13,HOUSEHOLD_1_489,HOUSEHOLD_1,HOUSEHOLD,TX_3,TX,5,1.8639195587527755
2016-03-13,HOUSEHOLD_1_489,HOUSEHOLD_1,HOUSEHOLD,WI_1,WI,2,0.9669398527771635
2016-03-13,HOUSEHOLD_1_489,HOUSEHOLD_1,HOUSEHOLD,WI_2,WI,1,1.1992161971688904
2016-03-13,HOUSEHOLD_1_489,HOUSEHOLD_1,HOUSEHOLD,WI_3,WI,3,0.7915235668397984
2016-03-13,HOUSEHOLD_2_442,HOUSEHOLD_2,HOUSEHOLD,CA_1,CA,1,1.8758060503806797
2016-03-13,HOUSEHOLD_2_442,HOUSEHOLD_2,HOUSEHOLD,CA_2,CA,3,2.4325065220886493
2016-03-13,HOUSEHOLD_2_442,HOUSEHOLD_2,HOUSEHOLD,CA_3,CA,0,1.624449331238586
2016-03-13,HOUSEHOLD_2_442,HOUSEHOLD_2,HOUSEHOLD,CA_4,CA,2,0.8104262922323429
2016-03-13,HOUSEHOLD_2_442,HOUSEHOLD_2,HOUSEHOLD,TX_1,TX,0,0.7981357407473096
2016-03-13,HOUSEHOLD_2_442,HOUSEHOLD_2,HOUSEHOLD,TX_2,TX,2,1.2756444966546956
2016-03-13,HOUSEHOLD_2_442,HOUSEHOLD_2,HOUSEHOLD,TX_3,TX,0,1.027646347574844
2016-03-13,HOUSEHOLD_2_442,HOUSEHOLD_2,HOUSEHOLD,WI_1,WI,0,1.6557980770543448
2016-03-13,HOUSEHOLD_2_442,HOUSEHOLD_2,HOUSEHOLD,WI_2,WI,2,1.636736388584997
2016-03-13,HOUSEHOLD_2_442,HOUSEHOLD_2,HOUSEHOLD,WI_3,WI,0,1.15533044805085
2016-03-14,FOODS_1_021,FOODS_1,FOODS,CA_1,CA,1,2.3444047185879215
2016-03-14,FOODS_1_021,FOODS_1,FOODS,CA_2,CA,1,3.3719074646313367
2016-03-14,FOODS_1_021,FOODS_1,FOODS,CA_3,CA,1,2.2253028231969636
2016-03-14,FOODS_1_021,FOODS_1,FOODS,CA_4,CA,0,1.6103273981011066
2016-03-14,FOODS_1_021,FOODS_1,FOODS,TX_1,TX,0,0.7496168730532343
2016-03-14,FOODS_1_021,FOODS_1,FOODS,TX_2,TX,0,0.08692646804860152
2016-03-14,FOODS_1_021,FOODS_1,FOODS,TX_3,TX,0,0.21336742135505152
2016-03-14,FOODS_1_021,FOODS_1,FOODS,WI_1,WI,0,1.743657160404724
2016-03-14,FOODS_1_021,FOODS_1,FOODS,WI_2,WI,0,1.2243745029613837
2016-03-14,FOODS_1_021,FOODS_1,FOODS,WI_3,WI,1,1.3075865216398432
2016-03-14,FOODS_2_035,FOODS_2,FOODS,CA_1,CA,0,0.7580619173866207
2016-03-14,FOODS_2_035,FOODS_2,FOODS,CA_2,CA,1,3.168115884397157
2016-03-14,FOODS_2_035,FOODS_2,FOODS,CA_3,CA,9,4.750689452268156
2016-03-14,FOODS_2_035,FOODS_2,FOODS,CA_4,CA,1,1.1687285197457826
2016-03-14,FOODS_2_035,FOODS_2,FOODS,TX_1,TX,3,1.3506330139455491
2016-03-14,FOODS_2_035,FOODS_2,FOODS,TX_2,TX,4,2.4833245255172556
2016-03-14,FOODS_2_035,FOODS_2,FOODS,TX_3,TX,4,2.409276687308375
2016-03-14,FOODS_2_035,FOODS_2,FOODS,WI_1,WI,0,1.2191424289066999
2016-03-14,FOODS_2_035,FOODS_2,FOODS,WI_2,WI,2,2.8942504323839917
2016-03-14,FOODS_2_035,FOODS_2,FOODS,WI_3,WI,1,2.1306086032423335
2016-03-14,FOODS_3_180,FOODS_3,FOODS,CA_1,CA,1,0.2642772010963854
2016-03-14,FOODS_3_180,FOODS_3,FOODS,CA_2,CA,1,0.5037818213550836
2016-03-14,FOODS_3_180,FOODS_3,FOODS,CA_3,CA,3,0.8132904212597873
2016-03-14,FOODS_3_180,FOODS_3,FOODS,CA_4,CA,0,0.5027771680965877
2016-03-14,FOODS_3_180,FOODS_3,FOODS,TX_1,TX,0,0.30617809869208307
2016-03-14,FOODS_3_180,FOODS_3,FOODS,TX_2,TX,0,0.7349732002989082
2016-03-14,FOODS_3_180,FOODS_3,FOODS,TX_3,TX,2,0.47023492870376016
2016-03-14,FOODS_3_180,FOODS_3,FOODS,WI_1,WI,1,0.9491497078368943
2016-03-14,FOODS_3_180,FOODS_3,FOODS,WI_2,WI,1,1.0147167297853106
2016-03-14,FOODS_3_180,FOODS_3,FOODS,WI_3,WI,1,0.6493686338559435
2016-03-14,FOODS_3_260,FOODS_3,FOODS,CA_1,CA,0,0.9245018499682327
2016-03-14,FOODS_3_260,FOODS_3,FOODS,CA_2,CA,0,0.6736640157737886
2016-03-14,FOODS_3_260,FOODS_3,FOODS,CA_3,CA,0,0.487745935074134
2016-03-14,FOODS_3_260,FOODS_3,FOODS,CA_4,CA,0,0.4835080452196733
2016-03-14,FOODS_3_260,FOODS_3,FOODS,TX_1,TX,0,0.18727144713706953
2016-03-14,FOODS_3_260,FOODS_3,FOODS,TX_2,TX,0,0.30947341628336716
2016-03-14,FOODS_3_260,FOODS_3,FOODS,TX_3,TX,0,0.3190439899334026
2016-03-14,FOODS_3_260,FOODS_3,FOODS,WI_1,WI,1,0.4433733581577738
2016-03-14,FOODS_3_260,FOODS_3,FOODS,WI_2,WI,1,0.032861071044533216
2016-03-14,FOODS_3_260,FOODS_3,FOODS,WI_3,WI,0,0.2729226487836189
2016-03-14,HOBBIES_1_022,HOBBIES_1,HOBBIES,CA_1,CA,2,0.5706885814303133
2016-03-14,HOBBIES_1_022,HOBBIES_1,HOBBIES,CA_2,CA,0,0.5063170238401423
2016-03-14,HOBBIES_1_022,HOBBIES_1,HOBBIES,CA_3,CA,0,1.3486239975544747
2016-03-14,HOBBIES_1_022,HOBBIES_1,HOBBIES,CA_4,CA,0,0.08416777078533128
2016-03-14,HOBBIES_1_022,HOBBIES_1,HOBBIES,TX_1,TX,0,0.35522247679441954
2016-03-14,HOBBIES_1_022,HOBBIES_1,HOBBIES,TX_2,TX,0,0.7172760310189511
2016-03-14,HOBBIES_1_022,HOBBIES_1,HOBBIES,TX_3,TX,1,0.4746394492915266
2016-03-14,HOBBIES_1_022,HOBBIES_1,HOBBIES,WI_1,WI,1,0.41832630042008173
2016-03-14,HOBBIES_1_022,HOBBIES_1,HOBBIES,WI_2,WI,1,0.2220978295213338
2016-03-14,HOBBIES_1_022,HOBBIES_1,HOBBIES,WI_3,WI,1,0.6012103985669155
2016-03-14,HOBBIES_1_209,HOBBIES_1,HOBBIES,CA_1,CA,1,6.5143279949919926
2016-03-14,HOBBIES_1_209,HOBBIES_1,HOBBIES,CA_2,CA,18,3.9361692521726472
2016-03-14,HOBBIES_1_209,HOBBIES_1,HOBBIES,CA_3,CA,6,6.200443917587481
2016-03-14,HOBBIES_1_209,HOBBIES_1,HOBBIES,CA_4,CA,0,0.055196160778039544
2016-03-14,HOBBIES_1_209,HOBBIES_1,HOBBIES,TX_1,TX,3,1.9584537425912725
2016-03-14,HOBBIES_1_209,HOBBIES_1,HOBBIES,TX_2,TX,0,2.7847235335250775
2016-03-14,HOBBIES_1_209,HOBBIES_1,HOBBIES,TX_3,TX,0,0.8934481678846029
2016-03-14,HOBBIES_1_209,HOBBIES_1,HOBBIES,WI_1,WI,2,2.2789050649058673
2016-03-14,HOBBIES_1_209,HOBBIES_1,HOBBIES,WI_2,WI,0,2.412051170834927
2016-03-14,HOBBIES_1_209,HOBBIES_1,HOBBIES,WI_3,WI,3,2.7027676236003617
2016-03-14,HOBBIES_2_041,HOBBIES_2,HOBBIES,CA_1,CA,0,0.38161059600615266
2016-03-14,HOBBIES_2_041,HOBBIES_2,HOBBIES,CA_2,CA,0,1.3316777151871295
2016-03-14,HOBBIES_2_041,HOBBIES_2,HOBBIES,CA_3,CA,0,0.3832042493599278
2016-03-14,HOBBIES_2_041,HOBBIES_2,HOBBIES,CA_4,CA,0,0.22842418899149444
2016-03-14,HOBBIES_2_041,HOBBIES_2,HOBBIES,TX_1,TX,0,0.10192856773466497
2016-03-14,HOBBIES_2_041,HOBBIES_2,HOBBIES,TX_2,TX,0,0.8883896381521258
2016-03-14,HOBBIES_2_041,HOBBIES_2,HOBBIES,TX_3,TX,0,0.21435540539046935
2016-03-14,HOBBIES_2_041,HOBBIES_2,HOBBIES,WI_1,WI,0,0.31802770021813354
2016-03-14,HOBBIES_2_041,HOBBIES_2,HOBBIES,WI_2,WI,0,0.3590705064504805
2016-03-14,HOBBIES_2_041,HOBBIES_2,HOBBIES,WI_3,WI,0,0.19263392510277735
2016-03-14,HOBBIES_2_113,HOBBIES_2,HOBBIES,CA_1,CA,0,0.17135348191718056
2016-03-14,HOBBIES_2_113,HOBBIES_2,HOBBIES,CA_2,CA,0,0.030925801600494376
2016-03-14,HOBBIES_2_113,HOBBIES_2,HOBBIES,CA_3,CA,0,0.04404888229098933
2016-03-14,HOBBIES_2_113,HOBBIES_2,HOBBIES,CA_4,CA,0,0.15023869256591751
2016-03-14,HOBBIES_2_113,HOBBIES_2,HOBBIES,TX_1,TX,0,0.14224614306144354
2016-03-14,HOBBIES_2_113,HOBBIES_2,HOBBIES,TX_2,TX,0,0.20801514923153705
2016-03-14,HOBBIES_2_113,HOBBIES_2,HOBBIES,TX_3,TX,0,0.2934485766321641
2016-03-14,HOBBIES_2_113,HOBBIES_2,HOBBIES,WI_1,WI,0,0.1345153627430178
2016-03-14,HOBBIES_2_113,HOBBIES_2,HOBBIES,WI_2,WI,0,0.12330619350343848
2016-03-14,HOBBIES_2_113,HOBBIES_2,HOBBIES,WI_3,WI,0,0.02114439994936031
2016-03-14,HOUSEHOLD_1_100,HOUSEHOLD_1,HOUSEHOLD,CA_1,CA,2,1.1207532494969883
2016-03-14,HOUSEHOLD_1_100,HOUSEHOLD_1,HOUSEHOLD,CA_2,CA,0,0.6353516364366784
2016-03-14,HOUSEHOLD_1_100,HOUSEHOLD_1,HOUSEHOLD,CA_3,CA,3,1.4926029643860423
2016-03-14,HOUSEHOLD_1_100,HOUSEHOLD_1,HOUSEHOLD,CA_4,CA,1,0.057058546737174066
2016-03-14,HOUSEHOLD_1_100,HOUSEHOLD_1,HOUSEHOLD,TX_1,TX,2,0.3688314351962838
2016-03-14,HOUSEHOLD_1_100,HOUSEHOLD_1,HOUSEHOLD,TX_2,TX,0,0.31212085189633615
2016-03-14,HOUSEHOLD_1_100,HOUSEHOLD_1,HOUSEHOLD,TX_3,TX,0,0.09000954562404091
2016-03-14,HOUSEHOLD_1_100,HOUSEHOLD_1,HOUSEHOLD,WI_1,WI,2,0.5169783156035803
2016-03-14,HOUSEHOLD_1_100,HOUSEHOLD_1,HOUSEHOLD,WI_2,WI,0,0.3865280178173399
2016-03-14,HOUSEHOLD_1_100,HOUSEHOLD_1,HOUSEHOLD,WI_3,WI,0,0.07087351026506554
2016-03-14,HOUSEHOLD_1_290,HOUSEHOLD_1,HOUSEHOLD,CA_1,CA,1,1.064892343150692
2016-03-14,HOUSEHOLD_1_290,HOUSEHOLD_1,HOUSEHOLD,CA_2,CA,0,1.3440243294621412
2016-03-14,HOUSEHOLD_1_290,HOUSEHOLD_1,HOUSEHOLD,CA_3,CA,6,1.8366288206328139
2016-03-14,HOUSEHOLD_1_290,HOUSEHOLD_1,HOUSEHOLD,CA_4,CA,0,0.062264896357398514
2016-03-14,HOUSEHOLD_1_290,HOUSEHOLD_1,HOUSEHOLD,TX_1,TX,1,1.9069049968761422
2016-03-14,HOUSEHOLD_1_290,HOUSEHOLD_1,HOUSEHOLD,TX_2,TX,4,1.4010238291604813
2016-03-14,HOUSEHOLD_1_290,HOUSEHOLD_1,HOUSEHOLD,TX_3,TX,3,2.0407322642662793
2016-03-14,HOUSEHOLD_1_290,HOUSEHOLD_1,HOUSEHOLD,WI_1,WI,0,0.1734689704181012
2016-03-14,HOUSEHOLD_1_290,HOUSEHOLD_1,HOUSEHOLD,WI_2,WI,3,2.012216825183826
2016-03-14,HOUSEHOLD_1_290,HOUSEHOLD_1,HOUSEHOLD,WI_3,WI,0,1.2557266491632815
2016-03-14,HOUSEHOLD_1_370,HOUSEHOLD_1,HOUSEHOLD,CA_1,CA,1,2.0330764778386308
2016-03-14,HOUSEHOLD_1_370,HOUSEHOLD_1,HOUSEHOLD,CA_2,CA,5,4.2976217948712545
2016-03-14,HOUSEHOLD_1_370,HOUSEHOLD_1,HOUSEHOLD,CA_3,CA,2,5.0200814679071355
2016-03-14,HOUSEHOLD_1_370,HOUSEHOLD_1,HOUSEHOLD,CA_4,CA,0,1.0141752369750205
2016-03-14,HOUSEHOLD_1_370,HOUSEHOLD_1,HOUSEHOLD,TX_1,TX,2,1.097890556605795
2016-03-14,HOUSEHOLD_1_370,HOUSEHOLD_1,HOUSEHOLD,TX_2,TX,0,1.1616818540050313
2016-03-14,HOUSEHOLD_1_370,HOUSEHOLD_1,HOUSEHOLD,TX_3,TX,0,1.026698284225123
2016-03-14,HOUSEHOLD_1_370,HOUSEHOLD_1,HOUSEHOLD,WI_1,WI,3,1.583757559870657
2016-03-14,HOUSEHOLD_1_370,HOUSEHOLD_1,HOUSEHOLD,WI_2,WI,7,3.3097658384277064
2016-03-14,HOUSEHOLD_1_370,HOUSEHOLD_1,HOUSEHOLD,WI_3,WI,2,1.1349649765034162
2016-03-14,HOUSEHOLD_1_489,HOUSEHOLD_1,HOUSEHOLD,CA_1,CA,0,1.0452192673365224
2016-03-14,HOUSEHOLD_1_489,HOUSEHOLD_1,HOUSEHOLD,CA_2,CA,2,1.3763691994476774
2016-03-14,HOUSEHOLD_1_489,HOUSEHOLD_1,HOUSEHOLD,CA_3,CA,7,2.9814915877755634
2016-03-14,HOUSEHOLD_1_489,HOUSEHOLD_1,HOUSEHOLD,CA_4,CA,0,0.827457788199648
2016-03-14,HOUSEHOLD_1_489,HOUSEHOLD_1,HOUSEHOLD,TX_1,TX,1,1.7984389117416006
2016-03-14,HOUSEHOLD_1_489,HOUSEHOLD_1,HOUSEHOLD,TX_2,TX,0,1.5397926505576114
2016-03-14,HOUSEHOLD_1_489,HOUSEHOLD_1,HOUSEHOLD,TX_3,TX,1,1.8817235323701995
2016-03-14,HOUSEHOLD_1_489,HOUSEHOLD_1,HOUSEHOLD,WI_1,WI,1,0.9454644830649827
2016-03-14,HOUSEHOLD_1_489,HOUSEHOLD_1,HOUSEHOLD,WI_2,WI,0,1.046212233759068
2016-03-14,HOUSEHOLD_1_489,HOUSEHOLD_1,HOUSEHOLD,WI_3,WI,2,0.9265395246944
2016-03-14,HOUSEHOLD_2_442,HOUSEHOLD_2,HOUSEHOLD,CA_1,CA,1,1.6182060857562515
2016-03-14,HOUSEHOLD_2_442,HOUSEHOLD_2,HOUSEHOLD,CA_2,CA,1,2.784254820198963
2016-03-14,HOUSEHOLD_2_442,HOUSEHOLD_2,HOUSEHOLD,CA_3,CA,1,1.2365436717383953
2016-03-14,HOUSEHOLD_2_442,HOUSEHOLD_2,HOUSEHOLD,CA_4,CA,2,0.9178206086640798
2016-03-14,HOUSEHOLD_2_442,HOUSEHOLD_2,HOUSEHOLD,TX_1,TX,2,0.6739004749927893
2016-03-14,HOUSEHOLD_2_442,HOUSEHOLD_2,HOUSEHOLD,TX_2,TX,0,1.2191500366127528
2016-03-14,HOUSEHOLD_2_442,HOUSEHOLD_2,HOUSEHOLD,TX_3,TX,1,0.8879004309364424
2016-03-14,HOUSEHOLD_2_442,HOUSEHOLD_2,HOUSEHOLD,WI_1,WI,1,1.4522772186109802
2016-03-14,HOUSEHOLD_2_442,HOUSEHOLD_2,HOUSEHOLD,WI_2,WI,2,1.531742141068905
2016-03-14,HOUSEHOLD_2_442,HOUSEHOLD_2,HOUSEHOLD,WI_3,WI,4,0.9426821639465238
2016-03-15,FOODS_1_021,FOODS_1,FOODS,CA_1,CA,1,1.547068230664341
2016-03-15,FOODS_1_021,FOODS_1,FOODS,CA_2,CA,1,2.4210127457946853
2016-03-15,FOODS_1_021,FOODS_1,FOODS,CA_3,CA,1,1.6362759523552246
2016-03-15,FOODS_1_021,FOODS_1,FOODS,CA_4,CA,0,1.2098781015382447
2016-03-15,FOODS_1_021,FOODS_1,FOODS,TX_1,TX,0,0.6196088228850095
2016-03-15,FOODS_1_021,FOODS_1,FOODS,TX_2,TX,0,0.05394288153791809
2016-03-15,FOODS_1_021,FOODS_1,FOODS,TX_3,TX,1,0.1692954629895766
2016-03-15,FOODS_1_021,FOODS_1,FOODS,WI_1,WI,0,1.3346574842869494
2016-03-15,FOODS_1_021,FOODS_1,FOODS,WI_2,WI,0,0.8247147453224841
2016-03-15,FOODS_1_021,FOODS_1,FOODS,WI_3,WI,0,0.9716867957716585
2016-03-15,FOODS_2_035,FOODS_2,FOODS,CA_1,CA,2,0.5883917880562217
2016-03-15,FOODS_2_035,FOODS_2,FOODS,CA_2,CA,0,2.0547152356251814
2016-03-15,FOODS_2_035,FOODS_2,FOODS,CA_3,CA,6,3.081186023983328
2016-03-15,FOODS_2_035,FOODS_2,FOODS,CA_4,CA,2,1.059785340656053
2016-03-15,FOODS_2_035,FOODS_2,FOODS,TX_1,TX,2,1.264845549053554
2016-03-15,FOODS_2_035,FOODS_2,FOODS,TX_2,TX,4,2.1282673939713295
2016-03-15,FOODS_2_035,FOODS_2,FOODS,TX_3,TX,2,2.0207319664855397
2016-03-15,FOODS_2_035,FOODS_2,FOODS,WI_1,WI,1,0.7336556593346981
2016-03-15,FOODS_2_035,FOODS_2,FOODS,WI_2,WI,6,2.250479821663896
2016-03-15,FOODS_2_035,FOODS_2,FOODS,WI_3,WI,1,1.6359049284784342
2016-03-15,FOODS_3_180,FOODS_3,FOODS,CA_1,CA,0,0.38293473774508385
2016-03-15,FOODS_3_180,FOODS_3,FOODS,CA_2,CA,1,0.38156051422008685
2016-03-15,FOODS_3_180,FOODS_3,FOODS,CA_3,CA,0,0.8366247234163285
2016-03-15,FOODS_3_180,FOODS_3,FOODS,CA_4,CA,0,0.3887130059399534
2016-03-15,FOODS_3_180,FOODS_3,FOODS,TX_1,TX,0,0.23741582878903403
2016-03-15,FOODS_3_180,FOODS_3,FOODS,TX_2,TX,0,0.5090121662244244
2016-03-15,FOODS_3_180,FOODS_3,FOODS,TX_3,TX,0,0.4032027299803431
2016-03-15,FOODS_3_180,FOODS_3,FOODS,WI_1,WI,0,0.7740307017476059
2016-03-15,FOODS_3_180,FOODS_3,FOODS,WI_2,WI,0,0.905181348223845
2016-03-15,FOODS_3_180,FOODS_3,FOODS,WI_3,WI,0,0.5279821688797843
2016-03-15,FOODS_3_260,FOODS_3,FOODS,CA_1,CA,1,0.5572718512677889
2016-03-15,FOODS_3_260,FOODS_3,FOODS,CA_2,CA,0,0.4087492161396909
2016-03-15,FOODS_3_260,FOODS_3,FOODS,CA_3,CA,0,0.3178392452811709
2016-03-15,FOODS_3_260,FOODS_3,FOODS,CA_4,CA,0,0.4313919045508409
2016-03-15,FOODS_3_260,FOODS_3,FOODS,TX_1,TX,0,0.15790247648650943
2016-03-15,FOODS_3_260,FOODS_3,FOODS,TX_2,TX,0,0.2624400761039592
2016-03-15,FOODS_3_260,FOODS_3,FOODS,TX_3,TX,1,0.2176320647602447
2016-03-15,FOODS_3_260,FOODS_3,FOODS,WI_1,WI,0,0.43611269317316387
2016-03-15,FOODS_3_260,FOODS_3,FOODS,WI_2,WI,0,0.17341322890787636
2016-03-15,FOODS_3_260,FOODS_3,FOODS,WI_3,WI,0,0.24664886374221964
2016-03-15,HOBBIES_1_022,HOBBIES_1,HOBBIES,CA_1,CA,0,0.4386451064263181
2016-03-15,HOBBIES_1_022,HOBBIES_1,HOBBIES,CA_2,CA,0,0.28352239257399864
2016-03-15,HOBBIES_1_022,HOBBIES_1,HOBBIES,CA_3,CA,1,0.8369033300859519
2016-03-15,HOBBIES_1_022,HOBBIES_1,HOBBIES,CA_4,CA,0,0.06961106529161763
2016-03-15,HOBBIES_1_022,HOBBIES_1,HOBBIES,TX_1,TX,0,0.2437988439542177
2016-03-15,HOBBIES_1_022,HOBBIES_1,HOBBIES,TX_2,TX,0,0.5341150564846389
2016-03-15,HOBBIES_1_022,HOBBIES_1,HOBBIES,TX_3,TX,0,0.3793926758185359
2016-03-15,HOBBIES_1_022,HOBBIES_1,HOBBIES,WI_1,WI,0,0.354246437471545
2016-03-15,HOBBIES_1_022,HOBBIES_1,HOBBIES,WI_2,WI,0,0.34600649516928267
2016-03-15,HOBBIES_1_022,HOBBIES_1,HOBBIES,WI_3,WI,0,0.564840112494725
2016-03-15,HOBBIES_1_209,HOBBIES_1,HOBBIES,CA_1,CA,6,3.8240524104407188
2016-03-15,HOBBIES_1_209,HOBBIES_1,HOBBIES,CA_2,CA,0,2.2618228711777766
2016-03-15,HOBBIES_1_209,HOBBIES_1,HOBBIES,CA_3,CA,4,7.621376402804886
2016-03-15,HOBBIES_1_209,HOBBIES_1,HOBBIES,CA_4,CA,0,0.03263109827857289
2016-03-15,HOBBIES_1_209,HOBBIES_1,HOBBIES,TX_1,TX,2,1.67008486249959
2016-03-15,HOBBIES_1_209,HOBBIES_1,HOBBIES,TX_2,TX,2,2.177813654478155
2016-03-15,HOBBIES_1_209,HOBBIES_1,HOBBIES,TX_3,TX,3,0.6865513559291494
2016-03-15,HOBBIES_1_209,HOBBIES_1,HOBBIES,WI_1,WI,0,1.8419805920165773
2016-03-15,HOBBIES_1_209,HOBBIES_1,HOBBIES,WI_2,WI,1,1.6880012585946957
2016-03-15,HOBBIES_1_209,HOBBIES_1,HOBBIES,WI_3,WI,6,2.9384173377229152
2016-03-15,HOBBIES_2_041,HOBBIES_2,HOBBIES,CA_1,CA,1,0.2430160391005413
2016-03-15,HOBBIES_2_041,HOBBIES_2,HOBBIES,CA_2,CA,0,0.867011983290016
2016-03-15,HOBBIES_2_041,HOBBIES_2,HOBBIES,CA_3,CA,0,0.31489059018447096
2016-03-15,HOBBIES_2_041,HOBBIES_2,HOBBIES,CA_4,CA,0,0.2158373836839801
2016-03-15,HOBBIES_2_041,HOBBIES_2,HOBBIES,TX_1,TX,0,0.07255959708410478
2016-03-15,HOBBIES_2_041,HOBBIES_2,HOBBIES,TX_2,TX,0,0.6671775038640675
2016-03-15,HOBBIES_2_041,HOBBIES_2,HOBBIES,TX_3,TX,0,0.1908498759228445
2016-03-15,HOBBIES_2_041,HOBBIES_2,HOBBIES,WI_1,WI,0,0.2660601083414835
2016-03-15,HOBBIES_2_041,HOBBIES_2,HOBBIES,WI_2,WI,0,0.26845785319509435
2016-03-15,HOBBIES_2_041,HOBBIES_2,HOBBIES,WI_3,WI,0,0.16974777263797194
2016-03-15,HOBBIES_2_113,HOBBIES_2,HOBBIES,CA_1,CA,0,0.09539641059700553
2016-03-15,HOBBIES_2_113,HOBBIES_2,HOBBIES,CA_2,CA,0,0.020299346993737838
2016-03-15,HOBBIES_2_113,HOBBIES_2,HOBBIES,CA_3,CA,0,0.03342242768423281
2016-03-15,HOBBIES_2_113,HOBBIES_2,HOBBIES,CA_4,CA,0,0.13995466343442545
2016-03-15,HOBBIES_2_113,HOBBIES_2,HOBBIES,TX_1,TX,0,0.10584271275898123
2016-03-15,HOBBIES_2_113,HOBBIES_2,HOBBIES,TX_2,TX,1,0.18106112279097272
2016-03-15,HOBBIES_2_113,HOBBIES_2,HOBBIES,TX_3,TX,0,0.19203665145900614
2016-03-15,HOBBIES_2_113,HOBBIES_2,HOBBIES,WI_1,WI,0,0.10488209457062013
2016-03-15,HOBBIES_2_113,HOBBIES_2,HOBBIES,WI_2,WI,0,0.1155105949259815
2016-03-15,HOBBIES_2_113,HOBBIES_2,HOBBIES,WI_3,WI,0,0.019938928139549814
2016-03-15,HOUSEHOLD_1_100,HOUSEHOLD_1,HOUSEHOLD,CA_1,CA,2,0.815824975974817
2016-03-15,HOUSEHOLD_1_100,HOUSEHOLD_1,HOUSEHOLD,CA_2,CA,0,0.36760196639870624
2016-03-15,HOUSEHOLD_1_100,HOUSEHOLD_1,HOUSEHOLD,CA_3,CA,2,1.2287357194272555
2016-03-15,HOUSEHOLD_1_100,HOUSEHOLD_1,HOUSEHOLD,CA_4,CA,0,0.21821493402373562
2016-03-15,HOUSEHOLD_1_100,HOUSEHOLD_1,HOUSEHOLD,TX_1,TX,4,0.3599707301786549
2016-03-15,HOUSEHOLD_1_100,HOUSEHOLD_1,HOUSEHOLD,TX_2,TX,0,0.16851174060661384
2016-03-15,HOUSEHOLD_1_100,HOUSEHOLD_1,HOUSEHOLD,TX_3,TX,3,0.023078048676575095
2016-03-15,HOUSEHOLD_1_100,HOUSEHOLD_1,HOUSEHOLD,WI_1,WI,0,0.3731275916564519
2016-03-15,HOUSEHOLD_1_100,HOUSEHOLD_1,HOUSEHOLD,WI_2,WI,0,0.2431433766549887
2016-03-15,HOUSEHOLD_1_100,HOUSEHOLD_1,HOUSEHOLD,WI_3,WI,0,0.030652931981243497
2016-03-15,HOUSEHOLD_1_290,HOUSEHOLD_1,HOUSEHOLD,CA_1,CA,0,0.8073860526911185
2016-03-15,HOUSEHOLD_1_290,HOUSEHOLD_1,HOUSEHOLD,CA_2,CA,0,0.810861453209932
2016-03-15,HOUSEHOLD_1_290,HOUSEHOLD_1,HOUSEHOLD,CA_3,CA,1,1.5865717382730389
2016-03-15,HOUSEHOLD_1_290,HOUSEHOLD_1,HOUSEHOLD,CA_4,CA,0,0.05561951112867326
2016-03-15,HOUSEHOLD_1_290,HOUSEHOLD_1,HOUSEHOLD,TX_1,TX,1,1.3751878339045585
2016-03-15,HOUSEHOLD_1_290,HOUSEHOLD_1,HOUSEHOLD,TX_2,TX,2,1.2735349351594885
2016-03-15,HOUSEHOLD_1_290,HOUSEHOLD_1,HOUSEHOLD,TX_3,TX,1,1.7147582646199377
2016-03-15,HOUSEHOLD_1_290,HOUSEHOLD_1,HOUSEHOLD,WI_1,WI,1,0.12989536170708674
2016-03-15,HOUSEHOLD_1_290,HOUSEHOLD_1,HOUSEHOLD,WI_2,WI,4,2.460910894255315
2016-03-15,HOUSEHOLD_1_290,HOUSEHOLD_1,HOUSEHOLD,WI_3,WI,0,0.9060084765101125
2016-03-15,HOUSEHOLD_1_370,HOUSEHOLD_1,HOUSEHOLD,CA_1,CA,4,1.447888322629462
2016-03-15,HOUSEHOLD_1_370,HOUSEHOLD_1,HOUSEHOLD,CA_2,CA,5,2.931335394487079
2016-03-15,HOUSEHOLD_1_370,HOUSEHOLD_1,HOUSEHOLD,CA_3,CA,5,3.641880485421793
2016-03-15,HOUSEHOLD_1_370,HOUSEHOLD_1,HOUSEHOLD,CA_4,CA,1,0.6951672346963018
2016-03-15,HOUSEHOLD_1_370,HOUSEHOLD_1,HOUSEHOLD,TX_1,TX,1,0.894399543732981
2016-03-15,HOUSEHOLD_1_370,HOUSEHOLD_1,HOUSEHOLD,TX_2,TX,0,0.8581355107269436
2016-03-15,HOUSEHOLD_1_370,HOUSEHOLD_1,HOUSEHOLD,TX_3,TX,0,0.7675244574609053
2016-03-15,HOUSEHOLD_1_370,HOUSEHOLD_1,HOUSEHOLD,WI_1,WI,1,1.335435796571913
2016-03-15,HOUSEHOLD_1_370,HOUSEHOLD_1,HOUSEHOLD,WI_2,WI,1,2.951716795433017
2016-03-15,HOUSEHOLD_1_370,HOUSEHOLD_1,HOUSEHOLD,WI_3,WI,3,0.9797178827773578
2016-03-15,HOUSEHOLD_1_489,HOUSEHOLD_1,HOUSEHOLD,CA_1,CA,0,0.8359978321596614
2016-03-15,HOUSEHOLD_1_489,HOUSEHOLD_1,HOUSEHOLD,CA_2,CA,1,1.2073317182908399
2016-03-15,HOUSEHOLD_1_489,HOUSEHOLD_1,HOUSEHOLD,CA_3,CA,1,2.558400522936654
2016-03-15,HOUSEHOLD_1_489,HOUSEHOLD_1,HOUSEHOLD,CA_4,CA,2,0.6269985876619704
2016-03-15,HOUSEHOLD_1_489,HOUSEHOLD_1,HOUSEHOLD,TX_1,TX,0,1.3418264695915925
2016-03-15,HOUSEHOLD_1_489,HOUSEHOLD_1,HOUSEHOLD,TX_2,TX,2,0.9914368034578297
2016-03-15,HOUSEHOLD_1_489,HOUSEHOLD_1,HOUSEHOLD,TX_3,TX,0,1.3827416584700287
2016-03-15,HOUSEHOLD_1_489,HOUSEHOLD_1,HOUSEHOLD,WI_1,WI,0,0.7790024775485396
2016-03-15,HOUSEHOLD_1_489,HOUSEHOLD_1,HOUSEHOLD,WI_2,WI,1,0.7486742443438072
2016-03-15,HOUSEHOLD_1_489,HOUSEHOLD_1,HOUSEHOLD,WI_3,WI,2,0.8397335053195176
2016-03-15,HOUSEHOLD_2_442,HOUSEHOLD_2,HOUSEHOLD,CA_1,CA,3,1.163439308601568
2016-03-15,HOUSEHOLD_2_442,HOUSEHOLD_2,HOUSEHOLD,CA_2,CA,0,1.4644209352597763
2016-03-15,HOUSEHOLD_2_442,HOUSEHOLD_2,HOUSEHOLD,CA_3,CA,0,1.0736251124447427
2016-03-15,HOUSEHOLD_2_442,HOUSEHOLD_2,HOUSEHOLD,CA_4,CA,0,0.7495637378180092
2016-03-15,HOUSEHOLD_2_442,HOUSEHOLD_2,HOUSEHOLD,TX_1,TX,0,0.6824976496387427
2016-03-15,HOUSEHOLD_2_442,HOUSEHOLD_2,HOUSEHOLD,TX_2,TX,1,0.8471860442569248
2016-03-15,HOUSEHOLD_2_442,HOUSEHOLD_2,HOUSEHOLD,TX_3,TX,1,0.7530343027539487
2016-03-15,HOUSEHOLD_2_442,HOUSEHOLD_2,HOUSEHOLD,WI_1,WI,2,0.959524290858324
2016-03-15,HOUSEHOLD_2_442,HOUSEHOLD_2,HOUSEHOLD,WI_2,WI,0,1.2773575481500168
2016-03-15,HOUSEHOLD_2_442,HOUSEHOLD_2,HOUSEHOLD,WI_3,WI,0,0.9705674612984578
2016-03-16,FOODS_1_021,FOODS_1,FOODS,CA_1,CA,0,1.6211169047721614
2016-03-16,FOODS_1_021,FOODS_1,FOODS,CA_2,CA,0,2.0860573286395696
2016-03-16,FOODS_1_021,FOODS_1,FOODS,CA_3,CA,2,1.5495610198270742
2016-03-16,FOODS_1_021,FOODS_1,FOODS,CA_4,CA,0,1.2584002306825035
2016-03-16,FOODS_1_021,FOODS_1,FOODS,TX_1,TX,0,0.6243212304386527
2016-03-16,FOODS_1_021,FOODS_1,FOODS,TX_2,TX,0,0.05124003130687401
2016-03-16,FOODS_1_021,FOODS_1,FOODS,TX_3,TX,0,0.41389193896526927
2016-03-16,FOODS_1_021,FOODS_1,FOODS,WI_1,WI,0,1.2559371911685444
2016-03-16,FOODS_1_021,FOODS_1,FOODS,WI_2,WI,1,0.7826205699737973
2016-03-16,FOODS_1_021,FOODS_1,FOODS,WI_3,WI,0,0.7807071100806099
2016-03-16,FOODS_2_035,FOODS_2,FOODS,CA_1,CA,1,0.875867409625292
2016-03-16,FOODS_2_035,FOODS_2,FOODS,CA_2,CA,2,1.7788426264495854
2016-03-16,FOODS_2_035,FOODS_2,FOODS,CA_3,CA,0,3.6123426224400723
2016-03-16,FOODS_2_035,FOODS_2,FOODS,CA_4,CA,2,1.0446386520619715
2016-03-16,FOODS_2_035,FOODS_2,FOODS,TX_1,TX,1,1.202201294600939
2016-03-16,FOODS_2_035,FOODS_2,FOODS,TX_2,TX,2,1.9783870617296424
2016-03-16,FOODS_2_035,FOODS_2,FOODS,TX_3,TX,5,2.0073154144116447
2016-03-16,FOODS_2_035,FOODS_2,FOODS,WI_1,WI,3,0.8116853387597506
2016-03-16,FOODS_2_035,FOODS_2,FOODS,WI_2,WI,3,2.3328311216764273
2016-03-16,FOODS_2_035,FOODS_2,FOODS,WI_3,WI,3,1.6601097225269033
2016-03-16,FOODS_3_180,FOODS_3,FOODS,CA_1,CA,0,0.31049839448963606
2016-03-16,FOODS_3_180,FOODS_3,FOODS,CA_2,CA,0,0.3946988790373906
2016-03-16,FOODS_3_180,FOODS_3,FOODS,CA_3,CA,1,0.6231454303047747
2016-03-16,FOODS_3_180,FOODS_3,FOODS,CA_4,CA,1,0.25374074377421113
2016-03-16,FOODS_3_180,FOODS_3,FOODS,TX_1,TX,1,0.21870844414873705
2016-03-16,FOODS_3_180,FOODS_3,FOODS,TX_2,TX,0,0.47907470992250506
2016-03-16,FOODS_3_180,FOODS_3,FOODS,TX_3,TX,1,0.3075804335733938
2016-03-16,FOODS_3_180,FOODS_3,FOODS,WI_1,WI,2,0.700272121241728
2016-03-16,FOODS_3_180,FOODS_3,FOODS,WI_2,WI,0,0.7806219587075925
2016-03-16,FOODS_3_180,FOODS_3,FOODS,WI_3,WI,0,0.4626166550865281
2016-03-16,FOODS_3_260,FOODS_3,FOODS,CA_1,CA,4,0.6866354542689334
2016-03-16,FOODS_3_260,FOODS_3,FOODS,CA_2,CA,0,0.3875880301978766
2016-03-16,FOODS_3_260,FOODS_3,FOODS,CA_3,CA,0,0.2878981265632866
2016-03-16,FOODS_3_260,FOODS_3,FOODS,CA_4,CA,0,0.419338257137871
2016-03-16,FOODS_3_260,FOODS_3,FOODS,TX_1,TX,0,0.1485577132216088
2016-03-16,FOODS_3_260,FOODS_3,FOODS,TX_2,TX,1,0.1947710827350636
2016-03-16,FOODS_3_260,FOODS_3,FOODS,TX_3,TX,0,0.25894680483737503
2016-03-16,FOODS_3_260,FOODS_3,FOODS,WI_1,WI,0,0.3851403473252479
2016-03-16,FOODS_3_260,FOODS_3,FOODS,WI_2,WI,0,0.131310991745278
2016-03-16,FOODS_3_260,FOODS_3,FOODS,WI_3,WI,0,0.23137042161826
2016-03-16,HOBBIES_1_022,HOBBIES_1,HOBBIES,CA_1,CA,0,0.36943079143051794
2016-03-16,HOBBIES_1_022,HOBBIES_1,HOBBIES,CA_2,CA,1,0.2734349506780936
2016-03-16,HOBBIES_1_022,HOBBIES_1,HOBBIES,CA_3,CA,0,0.8505958872393095
2016-03-16,HOBBIES_1_022,HOBBIES_1,HOBBIES,CA_4,CA,0,0.06315606086772119
2016-03-16,HOBBIES_1_022,HOBBIES_1,HOBBIES,TX_1,TX,0,0.23463495538225243
2016-03-16,HOBBIES_1_022,HOBBIES_1,HOBBIES,TX_2,TX,0,0.4992424338533401
2016-03-16,HOBBIES_1_022,HOBBIES_1,HOBBIES,TX_3,TX,0,0.3219537653029055
2016-03-16,HOBBIES_1_022,HOBBIES_1,HOBBIES,WI_1,WI,0,0.28981634639783754
2016-03-16,HOBBIES_1_022,HOBBIES_1,HOBBIES,WI_2,WI,0,0.30223171810486216
2016-03-16,HOBBIES_1_022,HOBBIES_1,HOBBIES,WI_3,WI,1,0.5071542104905242
2016-03-16,HOBBIES_1_209,HOBBIES_1,HOBBIES,CA_1,CA,1,3.2425450578426402
2016-03-16,HOBBIES_1_209,HOBBIES_1,HOBBIES,CA_2,CA,0,2.8136415254399982
2016-03-16,HOBBIES_1_209,HOBBIES_1,HOBBIES,CA_3,CA,8,3.126353223439445
2016-03-16,HOBBIES_1_209,HOBBIES_1,HOBBIES,CA_4,CA,0,0.027559925235270143
2016-03-16,HOBBIES_1_209,HOBBIES_1,HOBBIES,TX_1,TX,0,1.7550545436123883
2016-03-16,HOBBIES_1_209,HOBBIES_1,HOBBIES,TX_2,TX,0,2.312875928140077
2016-03-16,HOBBIES_1_209,HOBBIES_1,HOBBIES,TX_3,TX,2,0.8798116960780872
2016-03-16,HOBBIES_1_209,HOBBIES_1,HOBBIES,WI_1,WI,0,1.572551819748405
2016-03-16,HOBBIES_1_209,HOBBIES_1,HOBBIES,WI_2,WI,0,2.150175702873448
2016-03-16,HOBBIES_1_209,HOBBIES_1,HOBBIES,WI_3,WI,1,2.4750107108367536
2016-03-16,HOBBIES_2_041,HOBBIES_2,HOBBIES,CA_1,CA,0,0.32525250738375094
2016-03-16,HOBBIES_2_041,HOBBIES_2,HOBBIES,CA_2,CA,0,0.8642003658837065
2016-03-16,HOBBIES_2_041,HOBBIES_2,HOBBIES,CA_3,CA,0,0.28883283123556047
2016-03-16,HOBBIES_2_041,HOBBIES_2,HOBBIES,CA_4,CA,0,0.11250625859992254
2016-03-16,HOBBIES_2_041,HOBBIES_2,HOBBIES,TX_1,TX,0,0.06820359367069921
2016-03-16,HOBBIES_2_041,HOBBIES_2,HOBBIES,TX_2,TX,0,0.651672371736544
2016-03-16,HOBBIES_2_041,HOBBIES_2,HOBBIES,TX_3,TX,0,0.18649387250943897
2016-03-16,HOBBIES_2_041,HOBBIES_2,HOBBIES,WI_1,WI,0,0.15683821710359033
2016-03-16,HOBBIES_2_041,HOBBIES_2,HOBBIES,WI_2,WI,0,0.26655441286853515
2016-03-16,HOBBIES_2_041,HOBBIES_2,HOBBIES,WI_3,WI,0,0.16539176922456642
2016-03-16,HOBBIES_2_113,HOBBIES_2,HOBBIES,CA_1,CA,0,0.09104040718359996
2016-03-16,HOBBIES_2_113,HOBBIES_2,HOBBIES,CA_2,CA,0,0.015943343580332312
2016-03-16,HOBBIES_2_113,HOBBIES_2,HOBBIES,CA_3,CA,0,0.029066424270827246
2016-03-16,HOBBIES_2_113,HOBBIES_2,HOBBIES,CA_4,CA,0,0.13559866002101992
2016-03-16,HOBBIES_2_113,HOBBIES_2,HOBBIES,TX_1,TX,0,0.10148670934557566
2016-03-16,HOBBIES_2_113,HOBBIES_2,HOBBIES,TX_2,TX,0,0.2627135136609522
2016-03-16,HOBBIES_2_113,HOBBIES_2,HOBBIES,TX_3,TX,0,0.1763559653382855
2016-03-16,HOBBIES_2_113,HOBBIES_2,HOBBIES,WI_1,WI,0,0.10052609115721456
2016-03-16,HOBBIES_2_113,HOBBIES_2,HOBBIES,WI_2,WI,0,0.11115459151257592
2016-03-16,HOBBIES_2_113,HOBBIES_2,HOBBIES,WI_3,WI,0,0.015582924726144278
2016-03-16,HOUSEHOLD_1_100,HOUSEHOLD_1,HOUSEHOLD,CA_1,CA,0,0.780794399503318
2016-03-16,HOUSEHOLD_1_100,HOUSEHOLD_1,HOUSEHOLD,CA_2,CA,0,0.28788155632045054
2016-03-16,HOUSEHOLD_1_100,HOUSEHOLD_1,HOUSEHOLD,CA_3,CA,2,1.0083729244142416
2016-03-16,HOUSEHOLD_1_100,HOUSEHOLD_1,HOUSEHOLD,CA_4,CA,1,0.14864313143665311
2016-03-16,HOUSEHOLD_1_100,HOUSEHOLD_1,HOUSEHOLD,TX_1,TX,1,0.4096353438152546
2016-03-16,HOUSEHOLD_1_100,HOUSEHOLD_1,HOUSEHOLD,TX_2,TX,1,0.15375036995702102
2016-03-16,HOUSEHOLD_1_100,HOUSEHOLD_1,HOUSEHOLD,TX_3,TX,1,0.31059777419577994
2016-03-16,HOUSEHOLD_1_100,HOUSEHOLD_1,HOUSEHOLD,WI_1,WI,2,0.277041249508038
2016-03-16,HOUSEHOLD_1_100,HOUSEHOLD_1,HOUSEHOLD,WI_2,WI,0,0.20451874452208707
2016-03-16,HOUSEHOLD_1_100,HOUSEHOLD_1,HOUSEHOLD,WI_3,WI,0,0.02502636392615904
2016-03-16,HOUSEHOLD_1_290,HOUSEHOLD_1,HOUSEHOLD,CA_1,CA,2,0.6985979732658537
2016-03-16,HOUSEHOLD_1_290,HOUSEHOLD_1,HOUSEHOLD,CA_2,CA,0,0.7913516941688702
2016-03-16,HOUSEHOLD_1_290,HOUSEHOLD_1,HOUSEHOLD,CA_3,CA,0,1.4515873485266422
2016-03-16,HOUSEHOLD_1_290,HOUSEHOLD_1,HOUSEHOLD,CA_4,CA,3,0.05291666089762917
2016-03-16,HOUSEHOLD_1_290,HOUSEHOLD_1,HOUSEHOLD,TX_1,TX,1,1.3513491982880304
2016-03-16,HOUSEHOLD_1_290,HOUSEHOLD_1,HOUSEHOLD,TX_2,TX,3,1.362914170445476
2016-03-16,HOUSEHOLD_1_290,HOUSEHOLD_1,HOUSEHOLD,TX_3,TX,0,1.5572945787265957
2016-03-16,HOUSEHOLD_1_290,HOUSEHOLD_1,HOUSEHOLD,WI_1,WI,3,0.36024820097179183
2016-03-16,HOUSEHOLD_1_290,HOUSEHOLD_1,HOUSEHOLD,WI_2,WI,2,2.4146310116750755
2016-03-16,HOUSEHOLD_1_290,HOUSEHOLD_1,HOUSEHOLD,WI_3,WI,2,0.8233296626908186
2016-03-16,HOUSEHOLD_1_370,HOUSEHOLD_1,HOUSEHOLD,CA_1,CA,2,1.5065323273824407
2016-03-16,HOUSEHOLD_1_370,HOUSEHOLD_1,HOUSEHOLD,CA_2,CA,2,2.8554388143834135
2016-03-16,HOUSEHOLD_1_370,HOUSEHOLD_1,HOUSEHOLD,CA_3,CA,5,3.6183208829764766
2016-03-16,HOUSEHOLD_1_370,HOUSEHOLD_1,HOUSEHOLD,CA_4,CA,1,0.754589560904402
2016-03-16,HOUSEHOLD_1_370,HOUSEHOLD_1,HOUSEHOLD,TX_1,TX,0,0.8287551475782191
2016-03-16,HOUSEHOLD_1_370,HOUSEHOLD_1,HOUSEHOLD,TX_2,TX,0,0.555454177434055
2016-03-16,HOUSEHOLD_1_370,HOUSEHOLD_1,HOUSEHOLD,TX_3,TX,0,0.6220176530750892
2016-03-16,HOUSEHOLD_1_370,HOUSEHOLD_1,HOUSEHOLD,WI_1,WI,3,1.1960869667988874
2016-03-16,HOUSEHOLD_1_370,HOUSEHOLD_1,HOUSEHOLD,WI_2,WI,2,2.467706304323066
2016-03-16,HOUSEHOLD_1_370,HOUSEHOLD_1,HOUSEHOLD,WI_3,WI,0,0.965156483592967
2016-03-16,HOUSEHOLD_1_489,HOUSEHOLD_1,HOUSEHOLD,CA_1,CA,0,0.8222472866719212
2016-03-16,HOUSEHOLD_1_489,HOUSEHOLD_1,HOUSEHOLD,CA_2,CA,2,1.1625198152540155
2016-03-16,HOUSEHOLD_1_489,HOUSEHOLD_1,HOUSEHOLD,CA_3,CA,1,2.2170490441599147
2016-03-16,HOUSEHOLD_1_489,HOUSEHOLD_1,HOUSEHOLD,CA_4,CA,1,0.7978249139801817
2016-03-16,HOUSEHOLD_1_489,HOUSEHOLD_1,HOUSEHOLD,TX_1,TX,0,1.193978003183129
2016-03-16,HOUSEHOLD_1_489,HOUSEHOLD_1,HOUSEHOLD,TX_2,TX,4,1.1640398331895045
2016-03-16,HOUSEHOLD_1_489,HOUSEHOLD_1,HOUSEHOLD,TX_3,TX,0,1.305621073225865
2016-03-16,HOUSEHOLD_1_489,HOUSEHOLD_1,HOUSEHOLD,WI_1,WI,1,0.6320297640836655
2016-03-16,HOUSEHOLD_1_489,HOUSEHOLD_1,HOUSEHOLD,WI_2,WI,0,0.8513396518531988
2016-03-16,HOUSEHOLD_1_489,HOUSEHOLD_1,HOUSEHOLD,WI_3,WI,0,0.9098193688115586
2016-03-16,HOUSEHOLD_2_442,HOUSEHOLD_2,HOUSEHOLD,CA_1,CA,2,1.2455862238102782
2016-03-16,HOUSEHOLD_2_442,HOUSEHOLD_2,HOUSEHOLD,CA_2,CA,0,1.2208437722840464
2016-03-16,HOUSEHOLD_2_442,HOUSEHOLD_2,HOUSEHOLD,CA_3,CA,0,0.8387734689402796
2016-03-16,HOUSEHOLD_2_442,HOUSEHOLD_2,HOUSEHOLD,CA_4,CA,0,0.6167561550812466
2016-03-16,HOUSEHOLD_2_442,HOUSEHOLD_2,HOUSEHOLD,TX_1,TX,1,0.6191029293473116
2016-03-16,HOUSEHOLD_2_442,HOUSEHOLD_2,HOUSEHOLD,TX_2,TX,2,0.8535004288293634
2016-03-16,HOUSEHOLD_2_442,HOUSEHOLD_2,HOUSEHOLD,TX_3,TX,0,0.7819725435581095
2016-03-16,HOUSEHOLD_2_442,HOUSEHOLD_2,HOUSEHOLD,WI_1,WI,2,1.026596716150782
2016-03-16,HOUSEHOLD_2_442,HOUSEHOLD_2,HOUSEHOLD,WI_2,WI,2,0.9510961348760864
2016-03-16,HOUSEHOLD_2_442,HOUSEHOLD_2,HOUSEHOLD,WI_3,WI,0,0.8778189784057424
2016-03-17,FOODS_1_021,FOODS_1,FOODS,CA_1,CA,4,2.059938806931957
2016-03-17,FOODS_1_021,FOODS_1,FOODS,CA_2,CA,1,1.8890745482417617
2016-03-17,FOODS_1_021,FOODS_1,FOODS,CA_3,CA,0,1.7531884186613305
2016-03-17,FOODS_1_021,FOODS_1,FOODS,CA_4,CA,0,1.2249978572144018
2016-03-17,FOODS_1_021,FOODS_1,FOODS,TX_1,TX,0,0.6193324705871575
2016-03-17,FOODS_1_021,FOODS_1,FOODS,TX_2,TX,0,0.05124003130687401
2016-03-17,FOODS_1_021,FOODS_1,FOODS,TX_3,TX,0,0.298873282261195
2016-03-17,FOODS_1_021,FOODS_1,FOODS,WI_1,WI,0,1.1328620779686396
2016-03-17,FOODS_1_021,FOODS_1,FOODS,WI_2,WI,0,0.9121432882413664
2016-03-17,FOODS_1_021,FOODS_1,FOODS,WI_3,WI,0,0.7427017133743099
2016-03-17,FOODS_2_035,FOODS_2,FOODS,CA_1,CA,1,0.8937200690750031
2016-03-17,FOODS_2_035,FOODS_2,FOODS,CA_2,CA,1,2.0045389826991533
2016-03-17,FOODS_2_035,FOODS_2,FOODS,CA_3,CA,1,3.0228176649425436
2016-03-17,FOODS_2_035,FOODS_2,FOODS,CA_4,CA,1,1.0981159874233506
2016-03-17,FOODS_2_035,FOODS_2,FOODS,TX_1,TX,0,1.1114828149827911
2016-03-17,FOODS_2_035,FOODS_2,FOODS,TX_2,TX,1,1.8864402233637076
2016-03-17,FOODS_2_035,FOODS_2,FOODS,TX_3,TX,1,1.9692872499441585
2016-03-17,FOODS_2_035,FOODS_2,FOODS,WI_1,WI,0,0.979016852212052
2016-03-17,FOODS_2_035,FOODS_2,FOODS,WI_2,WI,2,2.1940611414544993
2016-03-17,FOODS_2_035,FOODS_2,FOODS,WI_3,WI,1,1.5999998905820811
2016-03-17,FOODS_3_180,FOODS_3,FOODS,CA_1,CA,0,0.31049839448963606
2016-03-17,FOODS_3_180,FOODS_3,FOODS,CA_2,CA,1,0.3527058802637859
2016-03-17,FOODS_3_180,FOODS_3,FOODS,CA_3,CA,1,0.6820078109734437
2016-03-17,FOODS_3_180,FOODS_3,FOODS,CA_4,CA,0,0.40355301206587324
2016-03-17,FOODS_3_180,FOODS_3,FOODS,TX_1,TX,0,0.2990693588847263
2016-03-17,FOODS_3_180,FOODS_3,FOODS,TX_2,TX,1,0.41443177921692037
2016-03-17,FOODS_3_180,FOODS_3,FOODS,TX_3,TX,1,0.3528831124430126
2016-03-17,FOODS_3_180,FOODS_3,FOODS,WI_1,WI,1,0.7573092984951878
2016-03-17,FOODS_3_180,FOODS_3,FOODS,WI_2,WI,1,0.6539286355351545
2016-03-17,FOODS_3_180,FOODS_3,FOODS,WI_3,WI,1,0.46760541493802316
2016-03-17,FOODS_3_260,FOODS_3,FOODS,CA_1,CA,0,0.8493402053579924
2016-03-17,FOODS_3_260,FOODS_3,FOODS,CA_2,CA,2,0.3744650069487982
2016-03-17,FOODS_3_260,FOODS_3,FOODS,CA_3,CA,1,0.28283219251345804
2016-03-17,FOODS_3_260,FOODS_3,FOODS,CA_4,CA,0,0.42432701698936603
2016-03-17,FOODS_3_260,FOODS_3,FOODS,TX_1,TX,0,0.09141597025813643
2016-03-17,FOODS_3_260,FOODS_3,FOODS,TX_2,TX,0,0.32458050127439986
2016-03-17,FOODS_3_260,FOODS_3,FOODS,TX_3,TX,0,0.22120057108818278
2016-03-17,FOODS_3_260,FOODS_3,FOODS,WI_1,WI,0,0.3839787213103292
2016-03-17,FOODS_3_260,FOODS_3,FOODS,WI_2,WI,3,0.131310991745278
2016-03-17,FOODS_3_260,FOODS_3,FOODS,WI_3,WI,1,0.2290676454422378
2016-03-17,HOBBIES_1_022,HOBBIES_1,HOBBIES,CA_1,CA,1,0.37803858405752827
2016-03-17,HOBBIES_1_022,HOBBIES_1,HOBBIES,CA_2,CA,2,0.3532510467536577
2016-03-17,HOBBIES_1_022,HOBBIES_1,HOBBIES,CA_3,CA,0,0.7535742568726603
2016-03-17,HOBBIES_1_022,HOBBIES_1,HOBBIES,CA_4,CA,0,0.06315606086772119
2016-03-17,HOBBIES_1_022,HOBBIES_1,HOBBIES,TX_1,TX,0,0.2323321792062299
2016-03-17,HOBBIES_1_022,HOBBIES_1,HOBBIES,TX_2,TX,0,0.4171369634453541
2016-03-17,HOBBIES_1_022,HOBBIES_1,HOBBIES,TX_3,TX,1,0.33368972514445155
2016-03-17,HOBBIES_1_022,HOBBIES_1,HOBBIES,WI_1,WI,0,0.2514350304058231
2016-03-17,HOBBIES_1_022,HOBBIES_1,HOBBIES,WI_2,WI,0,0.30223171810486216
2016-03-17,HOBBIES_1_022,HOBBIES_1,HOBBIES,WI_3,WI,0,0.5458303055105347
2016-03-17,HOBBIES_1_209,HOBBIES_1,HOBBIES,CA_1,CA,2,2.978549690492667
2016-03-17,HOBBIES_1_209,HOBBIES_1,HOBBIES,CA_2,CA,2,2.5054592459128417
2016-03-17,HOBBIES_1_209,HOBBIES_1,HOBBIES,CA_3,CA,5,6.062831121863422
2016-03-17,HOBBIES_1_209,HOBBIES_1,HOBBIES,CA_4,CA,0,0.027559925235270143
2016-03-17,HOBBIES_1_209,HOBBIES_1,HOBBIES,TX_1,TX,3,1.632006053078466
2016-03-17,HOBBIES_1_209,HOBBIES_1,HOBBIES,TX_2,TX,3,2.2000432291894203
2016-03-17,HOBBIES_1_209,HOBBIES_1,HOBBIES,TX_3,TX,1,0.9281249752270466
2016-03-17,HOBBIES_1_209,HOBBIES_1,HOBBIES,WI_1,WI,5,1.5476402220956214
2016-03-17,HOBBIES_1_209,HOBBIES_1,HOBBIES,WI_2,WI,0,1.9754026516823286
2016-03-17,HOBBIES_1_209,HOBBIES_1,HOBBIES,WI_3,WI,5,2.369168795431768
2016-03-17,HOBBIES_2_041,HOBBIES_2,HOBBIES,CA_1,CA,3,0.2782321409976277
2016-03-17,HOBBIES_2_041,HOBBIES_2,HOBBIES,CA_2,CA,4,0.810672329116223
2016-03-17,HOBBIES_2_041,HOBBIES_2,HOBBIES,CA_3,CA,0,0.2565287244579766
2016-03-17,HOBBIES_2_041,HOBBIES_2,HOBBIES,CA_4,CA,0,0.11250625859992254
2016-03-17,HOBBIES_2_041,HOBBIES_2,HOBBIES,TX_1,TX,0,0.06820359367069921
2016-03-17,HOBBIES_2_041,HOBBIES_2,HOBBIES,TX_2,TX,0,0.617767504889026
2016-03-17,HOBBIES_2_041,HOBBIES_2,HOBBIES,TX_3,TX,0,0.18150511265794386
2016-03-17,HOBBIES_2_041,HOBBIES_2,HOBBIES,WI_1,WI,0,0.15683821710359033
2016-03-17,HOBBIES_2_041,HOBBIES_2,HOBBIES,WI_2,WI,0,0.26655441286853515
2016-03-17,HOBBIES_2_041,HOBBIES_2,HOBBIES,WI_3,WI,0,0.16539176922456642
2016-03-17,HOBBIES_2_113,HOBBIES_2,HOBBIES,CA_1,CA,0,0.09104040718359996
2016-03-17,HOBBIES_2_113,HOBBIES_2,HOBBIES,CA_2,CA,0,0.015943343580332312
2016-03-17,HOBBIES_2_113,HOBBIES_2,HOBBIES,CA_3,CA,0,0.029066424270827246
2016-03-17,HOBBIES_2_113,HOBBIES_2,HOBBIES,CA_4,CA,0,0.13559866002101992
2016-03-17,HOBBIES_2_113,HOBBIES_2,HOBBIES,TX_1,TX,0,0.10148670934557566
2016-03-17,HOBBIES_2_113,HOBBIES_2,HOBBIES,TX_2,TX,0,0.2249672799117599
2016-03-17,HOBBIES_2_113,HOBBIES_2,HOBBIES,TX_3,TX,0,0.1763559653382855
2016-03-17,HOBBIES_2_113,HOBBIES_2,HOBBIES,WI_1,WI,0,0.10052609115721456
2016-03-17,HOBBIES_2_113,HOBBIES_2,HOBBIES,WI_2,WI,0,0.11115459151257592
2016-03-17,HOBBIES_2_113,HOBBIES_2,HOBBIES,WI_3,WI,0,0.015582924726144278
2016-03-17,HOUSEHOLD_1_100,HOUSEHOLD_1,HOUSEHOLD,CA_1,CA,2,0.7449549942946353
2016-03-17,HOUSEHOLD_1_100,HOUSEHOLD_1,HOUSEHOLD,CA_2,CA,2,0.28788155632045054
2016-03-17,HOUSEHOLD_1_100,HOUSEHOLD_1,HOUSEHOLD,CA_3,CA,0,1.041599447502291
2016-03-17,HOUSEHOLD_1_100,HOUSEHOLD_1,HOUSEHOLD,CA_4,CA,1,0.22263126687790263
2016-03-17,HOUSEHOLD_1_100,HOUSEHOLD_1,HOUSEHOLD,TX_1,TX,0,0.46483041487553267
2016-03-17,HOUSEHOLD_1_100,HOUSEHOLD_1,HOUSEHOLD,TX_2,TX,3,0.24061946668352963
2016-03-17,HOUSEHOLD_1_100,HOUSEHOLD_1,HOUSEHOLD,TX_3,TX,0,0.29926868093615006
2016-03-17,HOUSEHOLD_1_100,HOUSEHOLD_1,HOUSEHOLD,WI_1,WI,0,0.37543769070469546
2016-03-17,HOUSEHOLD_1_100,HOUSEHOLD_1,HOUSEHOLD,WI_2,WI,0,0.20451874452208707
2016-03-17,HOUSEHOLD_1_100,HOUSEHOLD_1,HOUSEHOLD,WI_3,WI,0,0.02502636392615904
2016-03-17,HOUSEHOLD_1_290,HOUSEHOLD_1,HOUSEHOLD,CA_1,CA,0,0.8807172475509575
2016-03-17,HOUSEHOLD_1_290,HOUSEHOLD_1,HOUSEHOLD,CA_2,CA,5,0.7523978892608186
2016-03-17,HOUSEHOLD_1_290,HOUSEHOLD_1,HOUSEHOLD,CA_3,CA,3,1.239048704423485
2016-03-17,HOUSEHOLD_1_290,HOUSEHOLD_1,HOUSEHOLD,CA_4,CA,0,0.3842164475876461
2016-03-17,HOUSEHOLD_1_290,HOUSEHOLD_1,HOUSEHOLD,TX_1,TX,0,1.3524201059851286
2016-03-17,HOUSEHOLD_1_290,HOUSEHOLD_1,HOUSEHOLD,TX_2,TX,1,1.422037970847006
2016-03-17,HOUSEHOLD_1_290,HOUSEHOLD_1,HOUSEHOLD,TX_3,TX,0,1.3167032999680122
2016-03-17,HOUSEHOLD_1_290,HOUSEHOLD_1,HOUSEHOLD,WI_1,WI,0,0.4998317213911416
2016-03-17,HOUSEHOLD_1_290,HOUSEHOLD_1,HOUSEHOLD,WI_2,WI,3,2.2358249370733083
2016-03-17,HOUSEHOLD_1_290,HOUSEHOLD_1,HOUSEHOLD,WI_3,WI,0,0.9910701837948311
2016-03-17,HOUSEHOLD_1_370,HOUSEHOLD_1,HOUSEHOLD,CA_1,CA,0,1.5625646505011546
2016-03-17,HOUSEHOLD_1_370,HOUSEHOLD_1,HOUSEHOLD,CA_2,CA,3,2.7290342591443166
2016-03-17,HOUSEHOLD_1_370,HOUSEHOLD_1,HOUSEHOLD,CA_3,CA,3,3.2156943058367364
2016-03-17,HOUSEHOLD_1_370,HOUSEHOLD_1,HOUSEHOLD,CA_4,CA,1,0.7583901748683468
2016-03-17,HOUSEHOLD_1_370,HOUSEHOLD_1,HOUSEHOLD,TX_1,TX,1,0.6951612181993125
2016-03-17,HOUSEHOLD_1_370,HOUSEHOLD_1,HOUSEHOLD,TX_2,TX,1,0.5243687376131523
2016-03-17,HOUSEHOLD_1_370,HOUSEHOLD_1,HOUSEHOLD,TX_3,TX,0,0.46636712172738437
2016-03-17,HOUSEHOLD_1_370,HOUSEHOLD_1,HOUSEHOLD,WI_1,WI,0,1.3413840154535552
2016-03-17,HOUSEHOLD_1_370,HOUSEHOLD_1,HOUSEHOLD,WI_2,WI,2,2.6935988461562017
2016-03-17,HOUSEHOLD_1_370,HOUSEHOLD_1,HOUSEHOLD,WI_3,WI,0,0.8270631189343357
2016-03-17,HOUSEHOLD_1_489,HOUSEHOLD_1,HOUSEHOLD,CA_1,CA,0,0.841140042488592
2016-03-17,HOUSEHOLD_1_489,HOUSEHOLD_1,HOUSEHOLD,CA_2,CA,2,1.2454917838302808
2016-03-17,HOUSEHOLD_1_489,HOUSEHOLD_1,HOUSEHOLD,CA_3,CA,0,2.2146690937855595
2016-03-17,HOUSEHOLD_1_489,HOUSEHOLD_1,HOUSEHOLD,CA_4,CA,0,0.7465283055236476
2016-03-17,HOUSEHOLD_1_489,HOUSEHOLD_1,HOUSEHOLD,TX_1,TX,4,1.1889892433316345
2016-03-17,HOUSEHOLD_1_489,HOUSEHOLD_1,HOUSEHOLD,TX_2,TX,1,1.3200904775993791
2016-03-17,HOUSEHOLD_1_489,HOUSEHOLD_1,HOUSEHOLD,TX_3,TX,0,1.214167074142955
2016-03-17,HOUSEHOLD_1_489,HOUSEHOLD_1,HOUSEHOLD,WI_1,WI,0,0.7257192879606145
2016-03-17,HOUSEHOLD_1_489,HOUSEHOLD_1,HOUSEHOLD,WI_2,WI,0,0.7423389566407543
2016-03-17,HOUSEHOLD_1_489,HOUSEHOLD_1,HOUSEHOLD,WI_3,WI,0,0.7716797671116514
2016-03-17,HOUSEHOLD_2_442,HOUSEHOLD_2,HOUSEHOLD,CA_1,CA,0,1.3023104504048044
2016-03-17,HOUSEHOLD_2_442,HOUSEHOLD_2,HOUSEHOLD,CA_2,CA,4,1.1851122627775383
2016-03-17,HOUSEHOLD_2_442,HOUSEHOLD_2,HOUSEHOLD,CA_3,CA,0,0.8443359751738514
2016-03-17,HOUSEHOLD_2_442,HOUSEHOLD_2,HOUSEHOLD,CA_4,CA,0,0.6060386416429233
2016-03-17,HOUSEHOLD_2_442,HOUSEHOLD_2,HOUSEHOLD,TX_1,TX,0,0.6882638484248054
2016-03-17,HOUSEHOLD_2_442,HOUSEHOLD_2,HOUSEHOLD,TX_2,TX,1,0.9073394267087614
2016-03-17,HOUSEHOLD_2_442,HOUSEHOLD_2,HOUSEHOLD,TX_3,TX,0,0.7239950305749393
2016-03-17,HOUSEHOLD_2_442,HOUSEHOLD_2,HOUSEHOLD,WI_1,WI,1,1.033202337707291
2016-03-17,HOUSEHOLD_2_442,HOUSEHOLD_2,HOUSEHOLD,WI_2,WI,2,1.0952396442594332
2016-03-17,HOUSEHOLD_2_442,HOUSEHOLD_2,HOUSEHOLD,WI_3,WI,1,0.818380722475094
2016-03-18,FOODS_1_021,FOODS_1,FOODS,CA_1,CA,3,1.7355564720057293
2016-03-18,FOODS_1_021,FOODS_1,FOODS,CA_2,CA,2,2.1426611109407245
2016-03-18,FOODS_1_021,FOODS_1,FOODS,CA_3,CA,1,1.3792473900443902
2016-03-18,FOODS_1_021,FOODS_1,FOODS,CA_4,CA,0,1.2580835500566376
2016-03-18,FOODS_1_021,FOODS_1,FOODS,TX_1,TX,3,0.3386936315000329
2016-03-18,FOODS_1_021,FOODS_1,FOODS,TX_2,TX,0,0.05754501408787311
2016-03-18,FOODS_1_021,FOODS_1,FOODS,TX_3,TX,0,0.30993104976204805
2016-03-18,FOODS_1_021,FOODS_1,FOODS,WI_1,WI,3,1.1832166464880156
2016-03-18,FOODS_1_021,FOODS_1,FOODS,WI_2,WI,1,0.8043035502656426
2016-03-18,FOODS_1_021,FOODS_1,FOODS,WI_3,WI,0,0.7463442230904757
2016-03-18,FOODS_2_035,FOODS_2,FOODS,CA_1,CA,0,0.9186732535888646
2016-03-18,FOODS_2_035,FOODS_2,FOODS,CA_2,CA,2,1.8706187588858194
2016-03-18,FOODS_2_035,FOODS_2,FOODS,CA_3,CA,3,3.1090420943865418
2016-03-18,FOODS_2_035,FOODS_2,FOODS,CA_4,CA,2,1.0917742006501299
2016-03-18,FOODS_2_035,FOODS_2,FOODS,TX_1,TX,0,0.9521756997574682
2016-03-18,FOODS_2_035,FOODS_2,FOODS,TX_2,TX,2,1.9174718449126118
2016-03-18,FOODS_2_035,FOODS_2,FOODS,TX_3,TX,3,1.8303538100623296
2016-03-18,FOODS_2_035,FOODS_2,FOODS,WI_1,WI,2,0.8297539126833074
2016-03-18,FOODS_2_035,FOODS_2,FOODS,WI_2,WI,4,2.102579891670492
2016-03-18,FOODS_2_035,FOODS_2,FOODS,WI_3,WI,0,1.5222354534108689
2016-03-18,FOODS_3_180,FOODS_3,FOODS,CA_1,CA,1,0.31049839448963606
2016-03-18,FOODS_3_180,FOODS_3,FOODS,CA_2,CA,0,0.402055033302206
2016-03-18,FOODS_3_180,FOODS_3,FOODS,CA_3,CA,0,0.6820078109734437
2016-03-18,FOODS_3_180,FOODS_3,FOODS,CA_4,CA,0,0.3632777008087733
2016-03-18,FOODS_3_180,FOODS_3,FOODS,TX_1,TX,0,0.21870844414873705
2016-03-18,FOODS_3_180,FOODS_3,FOODS,TX_2,TX,0,0.4745072609284394
2016-03-18,FOODS_3_180,FOODS_3,FOODS,TX_3,TX,0,0.3878028376628912
2016-03-18,FOODS_3_180,FOODS_3,FOODS,WI_1,WI,0,0.7399233709361328
2016-03-18,FOODS_3_180,FOODS_3,FOODS,WI_2,WI,0,0.7359941945405393
2016-03-18,FOODS_3_180,FOODS_3,FOODS,WI_3,WI,0,0.5078807261951237
2016-03-18,FOODS_3_260,FOODS_3,FOODS,CA_1,CA,1,0.7204100538437801
2016-03-18,FOODS_3_260,FOODS_3,FOODS,CA_2,CA,0,0.5017742248193474
2016-03-18,FOODS_3_260,FOODS_3,FOODS,CA_3,CA,0,0.3529157288952506
2016-03-18,FOODS_3_260,FOODS_3,FOODS,CA_4,CA,0,0.42539792468646387
2016-03-18,FOODS_3_260,FOODS_3,FOODS,TX_1,TX,0,0.09141597025813643
2016-03-18,FOODS_3_260,FOODS_3,FOODS,TX_2,TX,1,0.3035975949792721
2016-03-18,FOODS_3_260,FOODS_3,FOODS,TX_3,TX,2,0.22120057108818278
2016-03-18,FOODS_3_260,FOODS_3,FOODS,WI_1,WI,1,0.3173945444686293
2016-03-18,FOODS_3_260,FOODS_3,FOODS,WI_2,WI,2,0.31041861163613027
2016-03-18,FOODS_3_260,FOODS_3,FOODS,WI_3,WI,0,0.2814518474492171
2016-03-18,HOBBIES_1_022,HOBBIES_1,HOBBIES,CA_1,CA,1,0.42693282349861184
2016-03-18,HOBBIES_1_022,HOBBIES_1,HOBBIES,CA_2,CA,0,0.39693835578033504
2016-03-18,HOBBIES_1_022,HOBBIES_1,HOBBIES,CA_3,CA,0,0.7485854970211651
2016-03-18,HOBBIES_1_022,HOBBIES_1,HOBBIES,CA_4,CA,0,0.06315606086772119
2016-03-18,HOBBIES_1_022,HOBBIES_1,HOBBIES,TX_1,TX,0,0.1636817003321316
2016-03-18,HOBBIES_1_022,HOBBIES_1,HOBBIES,TX_2,TX,0,0.32283361090193985
2016-03-18,HOBBIES_1_022,HOBBIES_1,HOBBIES,TX_3,TX,0,0.3666017485388194
2016-03-18,HOBBIES_1_022,HOBBIES_1,HOBBIES,WI_1,WI,0,0.24913225422980098
2016-03-18,HOBBIES_1_022,HOBBIES_1,HOBBIES,WI_2,WI,0,0.30223171810486216
2016-03-18,HOBBIES_1_022,HOBBIES_1,HOBBIES,WI_3,WI,0,0.5121429703420195
2016-03-18,HOBBIES_1_209,HOBBIES_1,HOBBIES,CA_1,CA,6,3.562214471104942
2016-03-18,HOBBIES_1_209,HOBBIES_1,HOBBIES,CA_2,CA,3,2.705450947021016
2016-03-18,HOBBIES_1_209,HOBBIES_1,HOBBIES,CA_3,CA,3,4.836331806006928
2016-03-18,HOBBIES_1_209,HOBBIES_1,HOBBIES,CA_4,CA,0,0.033864908016269284
2016-03-18,HOBBIES_1_209,HOBBIES_1,HOBBIES,TX_1,TX,3,1.7464496765179827
2016-03-18,HOBBIES_1_209,HOBBIES_1,HOBBIES,TX_2,TX,5,2.46106538584679
2016-03-18,HOBBIES_1_209,HOBBIES_1,HOBBIES,TX_3,TX,2,0.9157983936213028
2016-03-18,HOBBIES_1_209,HOBBIES_1,HOBBIES,WI_1,WI,0,1.8023405908087673
2016-03-18,HOBBIES_1_209,HOBBIES_1,HOBBIES,WI_2,WI,3,2.162836845712296
2016-03-18,HOBBIES_1_209,HOBBIES_1,HOBBIES,WI_3,WI,1,2.432482682375746
2016-03-18,HOBBIES_2_041,HOBBIES_2,HOBBIES,CA_1,CA,2,0.41777682786512377
2016-03-18,HOBBIES_2_041,HOBBIES_2,HOBBIES,CA_2,CA,1,1.1127626302285576
2016-03-18,HOBBIES_2_041,HOBBIES_2,HOBBIES,CA_3,CA,0,0.2565287244579766
2016-03-18,HOBBIES_2_041,HOBBIES_2,HOBBIES,CA_4,CA,0,0.11250625859992254
2016-03-18,HOBBIES_2_041,HOBBIES_2,HOBBIES,TX_1,TX,0,0.06575103058385298
2016-03-18,HOBBIES_2_041,HOBBIES_2,HOBBIES,TX_2,TX,0,0.5564607837950214
2016-03-18,HOBBIES_2_041,HOBBIES_2,HOBBIES,TX_3,TX,0,0.11374802224702628
2016-03-18,HOBBIES_2_041,HOBBIES_2,HOBBIES,WI_1,WI,0,0.15683821710359033
2016-03-18,HOBBIES_2_041,HOBBIES_2,HOBBIES,WI_2,WI,0,0.26655441286853515
2016-03-18,HOBBIES_2_041,HOBBIES_2,HOBBIES,WI_3,WI,1,0.17467516597926633
2016-03-18,HOBBIES_2_113,HOBBIES_2,HOBBIES,CA_1,CA,0,0.09104040718359996
2016-03-18,HOBBIES_2_113,HOBBIES_2,HOBBIES,CA_2,CA,0,0.015943343580332312
2016-03-18,HOBBIES_2_113,HOBBIES_2,HOBBIES,CA_3,CA,0,0.029066424270827246
2016-03-18,HOBBIES_2_113,HOBBIES_2,HOBBIES,CA_4,CA,0,0.13559866002101992
2016-03-18,HOBBIES_2_113,HOBBIES_2,HOBBIES,TX_1,TX,0,0.10148670934557566
2016-03-18,HOBBIES_2_113,HOBBIES_2,HOBBIES,TX_2,TX,0,0.2249672799117599
2016-03-18,HOBBIES_2_113,HOBBIES_2,HOBBIES,TX_3,TX,0,0.1763559653382855
2016-03-18,HOBBIES_2_113,HOBBIES_2,HOBBIES,WI_1,WI,0,0.10052609115721456
2016-03-18,HOBBIES_2_113,HOBBIES_2,HOBBIES,WI_2,WI,0,0.11115459151257592
2016-03-18,HOBBIES_2_113,HOBBIES_2,HOBBIES,WI_3,WI,0,0.015582924726144278
2016-03-18,HOUSEHOLD_1_100,HOUSEHOLD_1,HOUSEHOLD,CA_1,CA,0,0.7178239999539883
2016-03-18,HOUSEHOLD_1_100,HOUSEHOLD_1,HOUSEHOLD,CA_2,CA,2,0.36978740842179014
2016-03-18,HOUSEHOLD_1_100,HOUSEHOLD_1,HOUSEHOLD,CA_3,CA,2,0.9501079452153747
2016-03-18,HOUSEHOLD_1_100,HOUSEHOLD_1,HOUSEHOLD,CA_4,CA,0,0.24988055548577034
2016-03-18,HOUSEHOLD_1_100,HOUSEHOLD_1,HOUSEHOLD,TX_1,TX,2,0.4437814591191213
2016-03-18,HOUSEHOLD_1_100,HOUSEHOLD_1,HOUSEHOLD,TX_2,TX,1,0.35004926650881124
2016-03-18,HOUSEHOLD_1_100,HOUSEHOLD_1,HOUSEHOLD,TX_3,TX,3,0.2636199485457261
2016-03-18,HOUSEHOLD_1_100,HOUSEHOLD_1,HOUSEHOLD,WI_1,WI,1,0.3417435452143937
2016-03-18,HOUSEHOLD_1_100,HOUSEHOLD_1,HOUSEHOLD,WI_2,WI,0,0.20451874452208707
2016-03-18,HOUSEHOLD_1_100,HOUSEHOLD_1,HOUSEHOLD,WI_3,WI,0,0.02502636392615904
2016-03-18,HOUSEHOLD_1_290,HOUSEHOLD_1,HOUSEHOLD,CA_1,CA,0,0.7831259662542162
2016-03-18,HOUSEHOLD_1_290,HOUSEHOLD_1,HOUSEHOLD,CA_2,CA,1,1.2040530719355949
2016-03-18,HOUSEHOLD_1_290,HOUSEHOLD_1,HOUSEHOLD,CA_3,CA,0,1.6876816412227993
2016-03-18,HOUSEHOLD_1_290,HOUSEHOLD_1,HOUSEHOLD,CA_4,CA,0,0.26891258260354417
2016-03-18,HOUSEHOLD_1_290,HOUSEHOLD_1,HOUSEHOLD,TX_1,TX,1,1.3077123090718086
2016-03-18,HOUSEHOLD_1_290,HOUSEHOLD_1,HOUSEHOLD,TX_2,TX,1,1.3890135175733433
2016-03-18,HOUSEHOLD_1_290,HOUSEHOLD_1,HOUSEHOLD,TX_3,TX,3,1.448986103416318
2016-03-18,HOUSEHOLD_1_290,HOUSEHOLD_1,HOUSEHOLD,WI_1,WI,0,0.3914647820101751
2016-03-18,HOUSEHOLD_1_290,HOUSEHOLD_1,HOUSEHOLD,WI_2,WI,0,2.5077928419234365
2016-03-18,HOUSEHOLD_1_290,HOUSEHOLD_1,HOUSEHOLD,WI_3,WI,2,0.8614562976236063
2016-03-18,HOUSEHOLD_1_370,HOUSEHOLD_1,HOUSEHOLD,CA_1,CA,0,1.3581066879044734
2016-03-18,HOUSEHOLD_1_370,HOUSEHOLD_1,HOUSEHOLD,CA_2,CA,2,3.0624817421545125
2016-03-18,HOUSEHOLD_1_370,HOUSEHOLD_1,HOUSEHOLD,CA_3,CA,1,3.209606996796933
2016-03-18,HOUSEHOLD_1_370,HOUSEHOLD_1,HOUSEHOLD,CA_4,CA,0,0.7513766328325814
2016-03-18,HOUSEHOLD_1_370,HOUSEHOLD_1,HOUSEHOLD,TX_1,TX,0,0.8328433655904388
2016-03-18,HOUSEHOLD_1_370,HOUSEHOLD_1,HOUSEHOLD,TX_2,TX,0,0.8891819249782398
2016-03-18,HOUSEHOLD_1_370,HOUSEHOLD_1,HOUSEHOLD,TX_3,TX,0,0.41162298347396586
2016-03-18,HOUSEHOLD_1_370,HOUSEHOLD_1,HOUSEHOLD,WI_1,WI,0,1.1602334462794812
2016-03-18,HOUSEHOLD_1_370,HOUSEHOLD_1,HOUSEHOLD,WI_2,WI,2,2.580851606365937
2016-03-18,HOUSEHOLD_1_370,HOUSEHOLD_1,HOUSEHOLD,WI_3,WI,1,0.7835532289804638
2016-03-18,HOUSEHOLD_1_489,HOUSEHOLD_1,HOUSEHOLD,CA_1,CA,3,0.7417483327072539
2016-03-18,HOUSEHOLD_1_489,HOUSEHOLD_1,HOUSEHOLD,CA_2,CA,0,1.2871573355914474
2016-03-18,HOUSEHOLD_1_489,HOUSEHOLD_1,HOUSEHOLD,CA_3,CA,2,2.1678419747465125
2016-03-18,HOUSEHOLD_1_489,HOUSEHOLD_1,HOUSEHOLD,CA_4,CA,1,0.6638042339541137
2016-03-18,HOUSEHOLD_1_489,HOUSEHOLD_1,HOUSEHOLD,TX_1,TX,1,1.6900001205836548
2016-03-18,HOUSEHOLD_1_489,HOUSEHOLD_1,HOUSEHOLD,TX_2,TX,3,1.3008066458650656
2016-03-18,HOUSEHOLD_1_489,HOUSEHOLD_1,HOUSEHOLD,TX_3,TX,1,1.234260703172804
2016-03-18,HOUSEHOLD_1_489,HOUSEHOLD_1,HOUSEHOLD,WI_1,WI,1,0.6403827483146862
2016-03-18,HOUSEHOLD_1_489,HOUSEHOLD_1,HOUSEHOLD,WI_2,WI,0,0.7403059985511207
2016-03-18,HOUSEHOLD_1_489,HOUSEHOLD_1,HOUSEHOLD,WI_3,WI,2,0.7673946162406646
2016-03-18,HOUSEHOLD_2_442,HOUSEHOLD_2,HOUSEHOLD,CA_1,CA,2,1.1978107243493616
2016-03-18,HOUSEHOLD_2_442,HOUSEHOLD_2,HOUSEHOLD,CA_2,CA,3,1.4712805319095472
2016-03-18,HOUSEHOLD_2_442,HOUSEHOLD_2,HOUSEHOLD,CA_3,CA,0,0.8421918854334562
2016-03-18,HOUSEHOLD_2_442,HOUSEHOLD_2,HOUSEHOLD,CA_4,CA,0,0.6116783220748284
2016-03-18,HOUSEHOLD_2_442,HOUSEHOLD_2,HOUSEHOLD,TX_1,TX,1,0.5107568933007959
2016-03-18,HOUSEHOLD_2_442,HOUSEHOLD_2,HOUSEHOLD,TX_2,TX,0,0.9765096158679278
2016-03-18,HOUSEHOLD_2_442,HOUSEHOLD_2,HOUSEHOLD,TX_3,TX,1,0.7079139103296053
2016-03-18,HOUSEHOLD_2_442,HOUSEHOLD_2,HOUSEHOLD,WI_1,WI,1,0.9912699010401369
2016-03-18,HOUSEHOLD_2_442,HOUSEHOLD_2,HOUSEHOLD,WI_2,WI,0,1.177534070859771
2016-03-18,HOUSEHOLD_2_442,HOUSEHOLD_2,HOUSEHOLD,WI_3,WI,0,0.9210025356150061
2016-03-19,FOODS_1_021,FOODS_1,FOODS,CA_1,CA,2,2.2591031706609503
2016-03-19,FOODS_1_021,FOODS_1,FOODS,CA_2,CA,1,3.345766596517503
2016-03-19,FOODS_1_021,FOODS_1,FOODS,CA_3,CA,1,1.9519658346188091
2016-03-19,FOODS_1_021,FOODS_1,FOODS,CA_4,CA,6,1.1429969872507046
2016-03-19,FOODS_1_021,FOODS_1,FOODS,TX_1,TX,0,0.959570374603131
2016-03-19,FOODS_1_021,FOODS_1,FOODS,TX_2,TX,0,0.10045318556273261
2016-03-19,FOODS_1_021,FOODS_1,FOODS,TX_3,TX,0,0.3662810430101253
2016-03-19,FOODS_1_021,FOODS_1,FOODS,WI_1,WI,0,1.8445099115988093
2016-03-19,FOODS_1_021,FOODS_1,FOODS,WI_2,WI,0,1.1099024465827518
2016-03-19,FOODS_1_021,FOODS_1,FOODS,WI_3,WI,0,0.8850354612545527
2016-03-19,FOODS_2_035,FOODS_2,FOODS,CA_1,CA,0,0.8310748187790166
2016-03-19,FOODS_2_035,FOODS_2,FOODS,CA_2,CA,1,2.0479645102613198
2016-03-19,FOODS_2_035,FOODS_2,FOODS,CA_3,CA,1,3.2272037005438423
2016-03-19,FOODS_2_035,FOODS_2,FOODS,CA_4,CA,1,1.2972376250695392
2016-03-19,FOODS_2_035,FOODS_2,FOODS,TX_1,TX,0,0.9807570987966178
2016-03-19,FOODS_2_035,FOODS_2,FOODS,TX_2,TX,1,2.066823717205217
2016-03-19,FOODS_2_035,FOODS_2,FOODS,TX_3,TX,2,1.9224309110412083
2016-03-19,FOODS_2_035,FOODS_2,FOODS,WI_1,WI,1,1.0837671002584688
2016-03-19,FOODS_2_035,FOODS_2,FOODS,WI_2,WI,2,2.4789226775620987
2016-03-19,FOODS_2_035,FOODS_2,FOODS,WI_3,WI,3,1.4986883065137653
2016-03-19,FOODS_3_180,FOODS_3,FOODS,CA_1,CA,0,0.43224699320804705
2016-03-19,FOODS_3_180,FOODS_3,FOODS,CA_2,CA,0,0.36785346326679835
2016-03-19,FOODS_3_180,FOODS_3,FOODS,CA_3,CA,0,0.5828473544741855
2016-03-19,FOODS_3_180,FOODS_3,FOODS,CA_4,CA,0,0.3583015288037112
2016-03-19,FOODS_3_180,FOODS_3,FOODS,TX_1,TX,0,0.23392863851443724
2016-03-19,FOODS_3_180,FOODS_3,FOODS,TX_2,TX,0,0.45510021637956605
2016-03-19,FOODS_3_180,FOODS_3,FOODS,TX_3,TX,0,0.3648907531038682
2016-03-19,FOODS_3_180,FOODS_3,FOODS,WI_1,WI,1,0.7053765290657139
2016-03-19,FOODS_3_180,FOODS_3,FOODS,WI_2,WI,0,0.7019932805415245
2016-03-19,FOODS_3_180,FOODS_3,FOODS,WI_3,WI,0,0.46986988483186637
2016-03-19,FOODS_3_260,FOODS_3,FOODS,CA_1,CA,1,0.9982555304167988
2016-03-19,FOODS_3_260,FOODS_3,FOODS,CA_2,CA,0,0.49380417094872164
2016-03-19,FOODS_3_260,FOODS_3,FOODS,CA_3,CA,5,0.3218506445693078
2016-03-19,FOODS_3_260,FOODS_3,FOODS,CA_4,CA,0,0.3344134479958446
2016-03-19,FOODS_3_260,FOODS_3,FOODS,TX_1,TX,0,0.10508293761012842
2016-03-19,FOODS_3_260,FOODS_3,FOODS,TX_2,TX,0,0.4194239958959644
2016-03-19,FOODS_3_260,FOODS_3,FOODS,TX_3,TX,0,0.34098024990331016
2016-03-19,FOODS_3_260,FOODS_3,FOODS,WI_1,WI,1,0.4369406925911537
2016-03-19,FOODS_3_260,FOODS_3,FOODS,WI_2,WI,1,0.37613349172233773
2016-03-19,FOODS_3_260,FOODS_3,FOODS,WI_3,WI,0,0.264752194283881
2016-03-19,HOBBIES_1_022,HOBBIES_1,HOBBIES,CA_1,CA,0,0.5317521056474335
2016-03-19,HOBBIES_1_022,HOBBIES_1,HOBBIES,CA_2,CA,0,0.41732732615893675
2016-03-19,HOBBIES_1_022,HOBBIES_1,HOBBIES,CA_3,CA,0,0.8261744745142175
2016-03-19,HOBBIES_1_022,HOBBIES_1,HOBBIES,CA_4,CA,0,0.09328291507851008
2016-03-19,HOBBIES_1_022,HOBBIES_1,HOBBIES,TX_1,TX,0,0.20065183657387764
2016-03-19,HOBBIES_1_022,HOBBIES_1,HOBBIES,TX_2,TX,0,0.35967490639058985
2016-03-19,HOBBIES_1_022,HOBBIES_1,HOBBIES,TX_3,TX,0,0.330332310433417
2016-03-19,HOBBIES_1_022,HOBBIES_1,HOBBIES,WI_1,WI,0,0.3180445907848743
2016-03-19,HOBBIES_1_022,HOBBIES_1,HOBBIES,WI_2,WI,0,0.3610118431809172
2016-03-19,HOBBIES_1_022,HOBBIES_1,HOBBIES,WI_3,WI,0,0.5031473620886123
2016-03-19,HOBBIES_1_209,HOBBIES_1,HOBBIES,CA_1,CA,4,4.550695109229292
2016-03-19,HOBBIES_1_209,HOBBIES_1,HOBBIES,CA_2,CA,2,3.6991690270609783
2016-03-19,HOBBIES_1_209,HOBBIES_1,HOBBIES,CA_3,CA,4,6.828644633671587
2016-03-19,HOBBIES_1_209,HOBBIES_1,HOBBIES,CA_4,CA,0,0.06092993153114274
2016-03-19,HOBBIES_1_209,HOBBIES_1,HOBBIES,TX_1,TX,4,3.8299141138406405
2016-03-19,HOBBIES_1_209,HOBBIES_1,HOBBIES,TX_2,TX,0,2.8278611207796116
2016-03-19,HOBBIES_1_209,HOBBIES_1,HOBBIES,TX_3,TX,1,1.24703991170514
2016-03-19,HOBBIES_1_209,HOBBIES_1,HOBBIES,WI_1,WI,3,2.064306798729792
2016-03-19,HOBBIES_1_209,HOBBIES_1,HOBBIES,WI_2,WI,0,2.224382891653536
2016-03-19,HOBBIES_1_209,HOBBIES_1,HOBBIES,WI_3,WI,3,3.5690725617189583
2016-03-19,HOBBIES_2_041,HOBBIES_2,HOBBIES,CA_1,CA,0,0.5223188085406382
2016-03-19,HOBBIES_2_041,HOBBIES_2,HOBBIES,CA_2,CA,0,1.6492103836328902
2016-03-19,HOBBIES_2_041,HOBBIES_2,HOBBIES,CA_3,CA,0,0.25522735701813376
2016-03-19,HOBBIES_2_041,HOBBIES_2,HOBBIES,CA_4,CA,0,0.12374725227740833
2016-03-19,HOBBIES_2_041,HOBBIES_2,HOBBIES,TX_1,TX,0,0.08187056102269122
2016-03-19,HOBBIES_2_041,HOBBIES_2,HOBBIES,TX_2,TX,1,0.6013483216439888
2016-03-19,HOBBIES_2_041,HOBBIES_2,HOBBIES,TX_3,TX,0,0.12498901592451207
2016-03-19,HOBBIES_2_041,HOBBIES_2,HOBBIES,WI_1,WI,0,0.17460952462390333
2016-03-19,HOBBIES_2_041,HOBBIES_2,HOBBIES,WI_2,WI,0,0.29232627075473067
2016-03-19,HOBBIES_2_041,HOBBIES_2,HOBBIES,WI_3,WI,0,0.3069749718162119
2016-03-19,HOBBIES_2_113,HOBBIES_2,HOBBIES,CA_1,CA,0,0.0915107065085651
2016-03-19,HOBBIES_2_113,HOBBIES_2,HOBBIES,CA_2,CA,0,0.02636005802215735
2016-03-19,HOBBIES_2_113,HOBBIES_2,HOBBIES,CA_3,CA,0,0.031236257618828808
2016-03-19,HOBBIES_2_113,HOBBIES_2,HOBBIES,CA_4,CA,0,0.14214406655524844
2016-03-19,HOBBIES_2_113,HOBBIES_2,HOBBIES,TX_1,TX,0,0.11515367669756764
2016-03-19,HOBBIES_2_113,HOBBIES_2,HOBBIES,TX_2,TX,1,0.25299565429219417
2016-03-19,HOBBIES_2_113,HOBBIES_2,HOBBIES,TX_3,TX,0,0.1939061111368346
2016-03-19,HOBBIES_2_113,HOBBIES_2,HOBBIES,WI_1,WI,0,0.11829739867752766
2016-03-19,HOBBIES_2_113,HOBBIES_2,HOBBIES,WI_2,WI,0,0.12469271811147171
2016-03-19,HOBBIES_2_113,HOBBIES_2,HOBBIES,WI_3,WI,0,0.02599963916796932
2016-03-19,HOUSEHOLD_1_100,HOUSEHOLD_1,HOUSEHOLD,CA_1,CA,1,0.8351846129031852
2016-03-19,HOUSEHOLD_1_100,HOUSEHOLD_1,HOUSEHOLD,CA_2,CA,0,0.5427425382984231
2016-03-19,HOUSEHOLD_1_100,HOUSEHOLD_1,HOUSEHOLD,CA_3,CA,3,1.149510346506115
2016-03-19,HOUSEHOLD_1_100,HOUSEHOLD_1,HOUSEHOLD,CA_4,CA,0,0.269309262695954
2016-03-19,HOUSEHOLD_1_100,HOUSEHOLD_1,HOUSEHOLD,TX_1,TX,1,0.6390340991395017
2016-03-19,HOUSEHOLD_1_100,HOUSEHOLD_1,HOUSEHOLD,TX_2,TX,0,0.47045800507838587
2016-03-19,HOUSEHOLD_1_100,HOUSEHOLD_1,HOUSEHOLD,TX_3,TX,2,0.4999106122620647
2016-03-19,HOUSEHOLD_1_100,HOUSEHOLD_1,HOUSEHOLD,WI_1,WI,0,0.5230223682251735
2016-03-19,HOUSEHOLD_1_100,HOUSEHOLD_1,HOUSEHOLD,WI_2,WI,0,0.284669724307973
2016-03-19,HOUSEHOLD_1_100,HOUSEHOLD_1,HOUSEHOLD,WI_3,WI,1,0.06200819806999592
2016-03-19,HOUSEHOLD_1_290,HOUSEHOLD_1,HOUSEHOLD,CA_1,CA,0,0.7508711483222446
2016-03-19,HOUSEHOLD_1_290,HOUSEHOLD_1,HOUSEHOLD,CA_2,CA,0,1.3080190134893237
2016-03-19,HOUSEHOLD_1_290,HOUSEHOLD_1,HOUSEHOLD,CA_3,CA,0,1.4765737638459937
2016-03-19,HOUSEHOLD_1_290,HOUSEHOLD_1,HOUSEHOLD,CA_4,CA,1,0.31009868941632934
2016-03-19,HOUSEHOLD_1_290,HOUSEHOLD_1,HOUSEHOLD,TX_1,TX,4,1.5773910913717082
2016-03-19,HOUSEHOLD_1_290,HOUSEHOLD_1,HOUSEHOLD,TX_2,TX,2,1.6366333106459416
2016-03-19,HOUSEHOLD_1_290,HOUSEHOLD_1,HOUSEHOLD,TX_3,TX,4,1.8837826156343462
2016-03-19,HOUSEHOLD_1_290,HOUSEHOLD_1,HOUSEHOLD,WI_1,WI,3,0.46974046098973404
2016-03-19,HOUSEHOLD_1_290,HOUSEHOLD_1,HOUSEHOLD,WI_2,WI,2,2.0679295599424714
2016-03-19,HOUSEHOLD_1_290,HOUSEHOLD_1,HOUSEHOLD,WI_3,WI,0,1.1305429327815197
2016-03-19,HOUSEHOLD_1_370,HOUSEHOLD_1,HOUSEHOLD,CA_1,CA,1,1.47149558443476
2016-03-19,HOUSEHOLD_1_370,HOUSEHOLD_1,HOUSEHOLD,CA_2,CA,3,3.415066201183772
2016-03-19,HOUSEHOLD_1_370,HOUSEHOLD_1,HOUSEHOLD,CA_3,CA,1,2.8961275721565634
2016-03-19,HOUSEHOLD_1_370,HOUSEHOLD_1,HOUSEHOLD,CA_4,CA,2,0.6591352239160462
2016-03-19,HOUSEHOLD_1_370,HOUSEHOLD_1,HOUSEHOLD,TX_1,TX,0,0.7328064622804863
2016-03-19,HOUSEHOLD_1_370,HOUSEHOLD_1,HOUSEHOLD,TX_2,TX,1,0.7731227608032663
2016-03-19,HOUSEHOLD_1_370,HOUSEHOLD_1,HOUSEHOLD,TX_3,TX,0,0.4738798889011314
2016-03-19,HOUSEHOLD_1_370,HOUSEHOLD_1,HOUSEHOLD,WI_1,WI,0,1.2437155415656105
2016-03-19,HOUSEHOLD_1_370,HOUSEHOLD_1,HOUSEHOLD,WI_2,WI,4,2.6026258554692894
2016-03-19,HOUSEHOLD_1_370,HOUSEHOLD_1,HOUSEHOLD,WI_3,WI,1,1.027230984908015
2016-03-19,HOUSEHOLD_1_489,HOUSEHOLD_1,HOUSEHOLD,CA_1,CA,2,1.0215846412264604
2016-03-19,HOUSEHOLD_1_489,HOUSEHOLD_1,HOUSEHOLD,CA_2,CA,2,1.1734254015414716
2016-03-19,HOUSEHOLD_1_489,HOUSEHOLD_1,HOUSEHOLD,CA_3,CA,2,2.3224683276933447
2016-03-19,HOUSEHOLD_1_489,HOUSEHOLD_1,HOUSEHOLD,CA_4,CA,1,0.8161956086346422
2016-03-19,HOUSEHOLD_1_489,HOUSEHOLD_1,HOUSEHOLD,TX_1,TX,0,1.6481485742534863
2016-03-19,HOUSEHOLD_1_489,HOUSEHOLD_1,HOUSEHOLD,TX_2,TX,0,1.5444076112353085
2016-03-19,HOUSEHOLD_1_489,HOUSEHOLD_1,HOUSEHOLD,TX_3,TX,0,1.5830113940986503
2016-03-19,HOUSEHOLD_1_489,HOUSEHOLD_1,HOUSEHOLD,WI_1,WI,0,0.7822953103741054
2016-03-19,HOUSEHOLD_1_489,HOUSEHOLD_1,HOUSEHOLD,WI_2,WI,2,0.7613428974521811
2016-03-19,HOUSEHOLD_1_489,HOUSEHOLD_1,HOUSEHOLD,WI_3,WI,1,0.9894874911456959
2016-03-19,HOUSEHOLD_2_442,HOUSEHOLD_2,HOUSEHOLD,CA_1,CA,1,1.5814907908361586
2016-03-19,HOUSEHOLD_2_442,HOUSEHOLD_2,HOUSEHOLD,CA_2,CA,4,1.8654933212507667
2016-03-19,HOUSEHOLD_2_442,HOUSEHOLD_2,HOUSEHOLD,CA_3,CA,2,0.79964719004974
2016-03-19,HOUSEHOLD_2_442,HOUSEHOLD_2,HOUSEHOLD,CA_4,CA,1,0.593525615329216
2016-03-19,HOUSEHOLD_2_442,HOUSEHOLD_2,HOUSEHOLD,TX_1,TX,0,0.6325946744118756
2016-03-19,HOUSEHOLD_2_442,HOUSEHOLD_2,HOUSEHOLD,TX_2,TX,1,0.9280445456735007
2016-03-19,HOUSEHOLD_2_442,HOUSEHOLD_2,HOUSEHOLD,TX_3,TX,0,0.8656094786856874
2016-03-19,HOUSEHOLD_2_442,HOUSEHOLD_2,HOUSEHOLD,WI_1,WI,4,1.1869497256387247
2016-03-19,HOUSEHOLD_2_442,HOUSEHOLD_2,HOUSEHOLD,WI_2,WI,2,1.3253726984947511
2016-03-19,HOUSEHOLD_2_442,HOUSEHOLD_2,HOUSEHOLD,WI_3,WI,1,0.9115969938739632
2016-03-20,FOODS_1_021,FOODS_1,FOODS,CA_1,CA,0,2.8227547667093265
2016-03-20,FOODS_1_021,FOODS_1,FOODS,CA_2,CA,3,3.497973199262928
2016-03-20,FOODS_1_021,FOODS_1,FOODS,CA_3,CA,1,2.195225811933219
2016-03-20,FOODS_1_021,FOODS_1,FOODS,CA_4,CA,5,2.94825798589789
2016-03-20,FOODS_1_021,FOODS_1,FOODS,TX_1,TX,0,0.8714381691396929
2016-03-20,FOODS_1_021,FOODS_1,FOODS,TX_2,TX,0,0.13070974514709033
2016-03-20,FOODS_1_021,FOODS_1,FOODS,TX_3,TX,0,0.3683498946871163
2016-03-20,FOODS_1_021,FOODS_1,FOODS,WI_1,WI,5,1.6373610321461796
2016-03-20,FOODS_1_021,FOODS_1,FOODS,WI_2,WI,1,1.1228344206044105
2016-03-20,FOODS_1_021,FOODS_1,FOODS,WI_3,WI,1,0.9997160880780288
2016-03-20,FOODS_2_035,FOODS_2,FOODS,CA_1,CA,0,0.8768087617567925
2016-03-20,FOODS_2_035,FOODS_2,FOODS,CA_2,CA,1,2.441058790183774
2016-03-20,FOODS_2_035,FOODS_2,FOODS,CA_3,CA,2,3.738994960296136
2016-03-20,FOODS_2_035,FOODS_2,FOODS,CA_4,CA,0,1.5803392720337006
2016-03-20,FOODS_2_035,FOODS_2,FOODS,TX_1,TX,0,1.1893033086048954
2016-03-20,FOODS_2_035,FOODS_2,FOODS,TX_2,TX,1,2.4427474863907546
2016-03-20,FOODS_2_035,FOODS_2,FOODS,TX_3,TX,1,2.28090692679169
2016-03-20,FOODS_2_035,FOODS_2,FOODS,WI_1,WI,2,1.1892127864123119
2016-03-20,FOODS_2_035,FOODS_2,FOODS,WI_2,WI,1,2.412310656766324
2016-03-20,FOODS_2_035,FOODS_2,FOODS,WI_3,WI,2,1.9880467722038746
2016-03-20,FOODS_3_180,FOODS_3,FOODS,CA_1,CA,0,0.42593168664731845
2016-03-20,FOODS_3_180,FOODS_3,FOODS,CA_2,CA,0,0.40922717852550355
2016-03-20,FOODS_3_180,FOODS_3,FOODS,CA_3,CA,1,0.6384080816567574
2016-03-20,FOODS_3_180,FOODS_3,FOODS,CA_4,CA,1,0.4029831048644114
2016-03-20,FOODS_3_180,FOODS_3,FOODS,TX_1,TX,0,0.22368223206602203
2016-03-20,FOODS_3_180,FOODS_3,FOODS,TX_2,TX,0,0.4627622072953517
2016-03-20,FOODS_3_180,FOODS_3,FOODS,TX_3,TX,0,0.4213085298710547
2016-03-20,FOODS_3_180,FOODS_3,FOODS,WI_1,WI,0,0.8871806813589067
2016-03-20,FOODS_3_180,FOODS_3,FOODS,WI_2,WI,0,0.6760657279669001
2016-03-20,FOODS_3_180,FOODS_3,FOODS,WI_3,WI,1,0.5135060287542926
2016-03-20,FOODS_3_260,FOODS_3,FOODS,CA_1,CA,2,1.3110014486848227
2016-03-20,FOODS_3_260,FOODS_3,FOODS,CA_2,CA,0,0.597953003060192
2016-03-20,FOODS_3_260,FOODS_3,FOODS,CA_3,CA,0,0.5560828270461037
2016-03-20,FOODS_3_260,FOODS_3,FOODS,CA_4,CA,0,0.2906370157376929
2016-03-20,FOODS_3_260,FOODS_3,FOODS,TX_1,TX,0,0.11470404667427636
2016-03-20,FOODS_3_260,FOODS_3,FOODS,TX_2,TX,0,0.398755258439165
2016-03-20,FOODS_3_260,FOODS_3,FOODS,TX_3,TX,0,0.288002339736718
2016-03-20,FOODS_3_260,FOODS_3,FOODS,WI_1,WI,0,0.5755939721357975
2016-03-20,FOODS_3_260,FOODS_3,FOODS,WI_2,WI,1,0.4799792369968758
2016-03-20,FOODS_3_260,FOODS_3,FOODS,WI_3,WI,1,0.2734081065075749
2016-03-20,HOBBIES_1_022,HOBBIES_1,HOBBIES,CA_1,CA,0,0.5951065935121638
2016-03-20,HOBBIES_1_022,HOBBIES_1,HOBBIES,CA_2,CA,1,0.5340101534880782
2016-03-20,HOBBIES_1_022,HOBBIES_1,HOBBIES,CA_3,CA,2,1.1005529545154862
2016-03-20,HOBBIES_1_022,HOBBIES_1,HOBBIES,CA_4,CA,0,0.1167397468417553
2016-03-20,HOBBIES_1_022,HOBBIES_1,HOBBIES,TX_1,TX,2,0.23357984406903268
2016-03-20,HOBBIES_1_022,HOBBIES_1,HOBBIES,TX_2,TX,0,0.4244006691059792
2016-03-20,HOBBIES_1_022,HOBBIES_1,HOBBIES,TX_3,TX,1,0.377482479314259
2016-03-20,HOBBIES_1_022,HOBBIES_1,HOBBIES,WI_1,WI,0,0.38409383023530125
2016-03-20,HOBBIES_1_022,HOBBIES_1,HOBBIES,WI_2,WI,0,0.3960409891817428
2016-03-20,HOBBIES_1_022,HOBBIES_1,HOBBIES,WI_3,WI,0,0.5793189778478124
2016-03-20,HOBBIES_1_209,HOBBIES_1,HOBBIES,CA_1,CA,2,4.571171533874179
2016-03-20,HOBBIES_1_209,HOBBIES_1,HOBBIES,CA_2,CA,8,4.256702154675234
2016-03-20,HOBBIES_1_209,HOBBIES_1,HOBBIES,CA_3,CA,12,6.863566985449471
2016-03-20,HOBBIES_1_209,HOBBIES_1,HOBBIES,CA_4,CA,0,0.10244664342564384
2016-03-20,HOBBIES_1_209,HOBBIES_1,HOBBIES,TX_1,TX,1,3.2998392083637054
2016-03-20,HOBBIES_1_209,HOBBIES_1,HOBBIES,TX_2,TX,1,2.1332148301483205
2016-03-20,HOBBIES_1_209,HOBBIES_1,HOBBIES,TX_3,TX,2,1.532551777081099
2016-03-20,HOBBIES_1_209,HOBBIES_1,HOBBIES,WI_1,WI,2,3.1153869793028495
2016-03-20,HOBBIES_1_209,HOBBIES_1,HOBBIES,WI_2,WI,1,2.581900203080956
2016-03-20,HOBBIES_1_209,HOBBIES_1,HOBBIES,WI_3,WI,27,2.716014542397174
2016-03-20,HOBBIES_2_041,HOBBIES_2,HOBBIES,CA_1,CA,2,0.5293519769725694
2016-03-20,HOBBIES_2_041,HOBBIES_2,HOBBIES,CA_2,CA,0,1.4162692425834063
2016-03-20,HOBBIES_2_041,HOBBIES_2,HOBBIES,CA_3,CA,0,0.17333466776638515
2016-03-20,HOBBIES_2_041,HOBBIES_2,HOBBIES,CA_4,CA,1,0.13336836134155616
2016-03-20,HOBBIES_2_041,HOBBIES_2,HOBBIES,TX_1,TX,0,0.09149167008683913
2016-03-20,HOBBIES_2_041,HOBBIES_2,HOBBIES,TX_2,TX,2,0.7322306938248863
2016-03-20,HOBBIES_2_041,HOBBIES_2,HOBBIES,TX_3,TX,0,0.1346101249886599
2016-03-20,HOBBIES_2_041,HOBBIES_2,HOBBIES,WI_1,WI,0,0.21963999152628333
2016-03-20,HOBBIES_2_041,HOBBIES_2,HOBBIES,WI_2,WI,0,0.303301374301815
2016-03-20,HOBBIES_2_041,HOBBIES_2,HOBBIES,WI_3,WI,0,0.24601286422440552
2016-03-20,HOBBIES_2_113,HOBBIES_2,HOBBIES,CA_1,CA,0,0.1100512485042789
2016-03-20,HOBBIES_2_113,HOBBIES_2,HOBBIES,CA_2,CA,0,0.03734332233092766
2016-03-20,HOBBIES_2_113,HOBBIES_2,HOBBIES,CA_3,CA,0,0.03419161739868847
2016-03-20,HOBBIES_2_113,HOBBIES_2,HOBBIES,CA_4,CA,0,0.07556261986377859
2016-03-20,HOBBIES_2_113,HOBBIES_2,HOBBIES,TX_1,TX,0,0.12477478576171548
2016-03-20,HOBBIES_2_113,HOBBIES_2,HOBBIES,TX_2,TX,0,0.3429765211123281
2016-03-20,HOBBIES_2_113,HOBBIES_2,HOBBIES,TX_3,TX,0,0.20196207119859644
2016-03-20,HOBBIES_2_113,HOBBIES_2,HOBBIES,WI_1,WI,0,0.1368379406732414
2016-03-20,HOBBIES_2_113,HOBBIES_2,HOBBIES,WI_2,WI,0,0.1343138271756196
2016-03-20,HOBBIES_2_113,HOBBIES_2,HOBBIES,WI_3,WI,0,0.028954998947828978
2016-03-20,HOUSEHOLD_1_100,HOUSEHOLD_1,HOUSEHOLD,CA_1,CA,2,1.3818079222359303
2016-03-20,HOUSEHOLD_1_100,HOUSEHOLD_1,HOUSEHOLD,CA_2,CA,2,0.6494434565463096
2016-03-20,HOUSEHOLD_1_100,HOUSEHOLD_1,HOUSEHOLD,CA_3,CA,6,1.5446562150604461
2016-03-20,HOUSEHOLD_1_100,HOUSEHOLD_1,HOUSEHOLD,CA_4,CA,0,0.35697686853815574
2016-03-20,HOUSEHOLD_1_100,HOUSEHOLD_1,HOUSEHOLD,TX_1,TX,0,0.8425931636730928
2016-03-20,HOUSEHOLD_1_100,HOUSEHOLD_1,HOUSEHOLD,TX_2,TX,3,0.518917776471446
2016-03-20,HOUSEHOLD_1_100,HOUSEHOLD_1,HOUSEHOLD,TX_3,TX,3,0.7211829015643653
2016-03-20,HOUSEHOLD_1_100,HOUSEHOLD_1,HOUSEHOLD,WI_1,WI,1,0.6315662618121805
2016-03-20,HOUSEHOLD_1_100,HOUSEHOLD_1,HOUSEHOLD,WI_2,WI,0,0.3109651311615551
2016-03-20,HOUSEHOLD_1_100,HOUSEHOLD_1,HOUSEHOLD,WI_3,WI,0,0.40079073382094094
2016-03-20,HOUSEHOLD_1_290,HOUSEHOLD_1,HOUSEHOLD,CA_1,CA,1,0.8617638456573673
2016-03-20,HOUSEHOLD_1_290,HOUSEHOLD_1,HOUSEHOLD,CA_2,CA,0,1.311498807630086
2016-03-20,HOUSEHOLD_1_290,HOUSEHOLD_1,HOUSEHOLD,CA_3,CA,4,2.0118186671161795
2016-03-20,HOUSEHOLD_1_290,HOUSEHOLD_1,HOUSEHOLD,CA_4,CA,0,0.5137796981898298
2016-03-20,HOUSEHOLD_1_290,HOUSEHOLD_1,HOUSEHOLD,TX_1,TX,0,1.9212442764682383
2016-03-20,HOUSEHOLD_1_290,HOUSEHOLD_1,HOUSEHOLD,TX_2,TX,0,2.05936282196996
2016-03-20,HOUSEHOLD_1_290,HOUSEHOLD_1,HOUSEHOLD,TX_3,TX,1,2.1601995879111864
2016-03-20,HOUSEHOLD_1_290,HOUSEHOLD_1,HOUSEHOLD,WI_1,WI,0,0.8712080746848707
2016-03-20,HOUSEHOLD_1_290,HOUSEHOLD_1,HOUSEHOLD,WI_2,WI,3,2.6121034652579196
2016-03-20,HOUSEHOLD_1_290,HOUSEHOLD_1,HOUSEHOLD,WI_3,WI,3,1.1694266415966508
2016-03-20,HOUSEHOLD_1_370,HOUSEHOLD_1,HOUSEHOLD,CA_1,CA,1,2.2093544355674966
2016-03-20,HOUSEHOLD_1_370,HOUSEHOLD_1,HOUSEHOLD,CA_2,CA,3,4.0997331952594225
2016-03-20,HOUSEHOLD_1_370,HOUSEHOLD_1,HOUSEHOLD,CA_3,CA,4,3.89294473011466
2016-03-20,HOUSEHOLD_1_370,HOUSEHOLD_1,HOUSEHOLD,CA_4,CA,0,0.9615296145198204
2016-03-20,HOUSEHOLD_1_370,HOUSEHOLD_1,HOUSEHOLD,TX_1,TX,1,0.8650188625723626
2016-03-20,HOUSEHOLD_1_370,HOUSEHOLD_1,HOUSEHOLD,TX_2,TX,1,1.0356902132385446
2016-03-20,HOUSEHOLD_1_370,HOUSEHOLD_1,HOUSEHOLD,TX_3,TX,1,0.5667168795909516
2016-03-20,HOUSEHOLD_1_370,HOUSEHOLD_1,HOUSEHOLD,WI_1,WI,1,1.8422390109332225
2016-03-20,HOUSEHOLD_1_370,HOUSEHOLD_1,HOUSEHOLD,WI_2,WI,8,3.310887325018024
2016-03-20,HOUSEHOLD_1_370,HOUSEHOLD_1,HOUSEHOLD,WI_3,WI,1,1.2699229896730104
2016-03-20,HOUSEHOLD_1_489,HOUSEHOLD_1,HOUSEHOLD,CA_1,CA,1,1.1571506608463922
2016-03-20,HOUSEHOLD_1_489,HOUSEHOLD_1,HOUSEHOLD,CA_2,CA,1,1.8217217057262822
2016-03-20,HOUSEHOLD_1_489,HOUSEHOLD_1,HOUSEHOLD,CA_3,CA,4,2.7560957644585193
2016-03-20,HOUSEHOLD_1_489,HOUSEHOLD_1,HOUSEHOLD,CA_4,CA,1,0.9283370807186238
2016-03-20,HOUSEHOLD_1_489,HOUSEHOLD_1,HOUSEHOLD,TX_1,TX,0,1.6988272442621288
2016-03-20,HOUSEHOLD_1_489,HOUSEHOLD_1,HOUSEHOLD,TX_2,TX,2,1.7988773712548027
2016-03-20,HOUSEHOLD_1_489,HOUSEHOLD_1,HOUSEHOLD,TX_3,TX,3,1.596657330688918
2016-03-20,HOUSEHOLD_1_489,HOUSEHOLD_1,HOUSEHOLD,WI_1,WI,3,0.8229746637293138
2016-03-20,HOUSEHOLD_1_489,HOUSEHOLD_1,HOUSEHOLD,WI_2,WI,0,1.0499108425088859
2016-03-20,HOUSEHOLD_1_489,HOUSEHOLD_1,HOUSEHOLD,WI_3,WI,0,1.174137284921041
2016-03-20,HOUSEHOLD_2_442,HOUSEHOLD_2,HOUSEHOLD,CA_1,CA,0,2.117697785113951
2016-03-20,HOUSEHOLD_2_442,HOUSEHOLD_2,HOUSEHOLD,CA_2,CA,1,2.7118308143463445
2016-03-20,HOUSEHOLD_2_442,HOUSEHOLD_2,HOUSEHOLD,CA_3,CA,3,1.112523163613671
2016-03-20,HOUSEHOLD_2_442,HOUSEHOLD_2,HOUSEHOLD,CA_4,CA,0,0.7924568621908114
2016-03-20,HOUSEHOLD_2_442,HOUSEHOLD_2,HOUSEHOLD,TX_1,TX,1,0.7144358026906857
2016-03-20,HOUSEHOLD_2_442,HOUSEHOLD_2,HOUSEHOLD,TX_2,TX,1,1.3428509067354903
2016-03-20,HOUSEHOLD_2_442,HOUSEHOLD_2,HOUSEHOLD,TX_3,TX,2,0.8878629784169074
2016-03-20,HOUSEHOLD_2_442,HOUSEHOLD_2,HOUSEHOLD,WI_1,WI,3,1.8845696934337188
2016-03-20,HOUSEHOLD_2_442,HOUSEHOLD_2,HOUSEHOLD,WI_2,WI,0,1.8775613540967528
2016-03-20,HOUSEHOLD_2_442,HOUSEHOLD_2,HOUSEHOLD,WI_3,WI,1,1.0882012192275603
2016-03-21,FOODS_1_021,FOODS_1,FOODS,CA_1,CA,0,1.7056764976616432
2016-03-21,FOODS_1_021,FOODS_1,FOODS,CA_2,CA,3,2.8847655162663783
2016-03-21,FOODS_1_021,FOODS_1,FOODS,CA_3,CA,2,1.9513882361675092
2016-03-21,FOODS_1_021,FOODS_1,FOODS,CA_4,CA,4,4.144672358591678
2016-03-21,FOODS_1_021,FOODS_1,FOODS,TX_1,TX,0,0.7734826299128562
2016-03-21,FOODS_1_021,FOODS_1,FOODS,TX_2,TX,0,0.026739611279446473
2016-03-21,FOODS_1_021,FOODS_1,FOODS,TX_3,TX,0,0.3340792140333944
2016-03-21,FOODS_1_021,FOODS_1,FOODS,WI_1,WI,5,1.8050073551883516
2016-03-21,FOODS_1_021,FOODS_1,FOODS,WI_2,WI,1,1.1113703975385696
2016-03-21,FOODS_1_021,FOODS_1,FOODS,WI_3,WI,0,1.1396450884665896
2016-03-21,FOODS_2_035,FOODS_2,FOODS,CA_1,CA,0,0.9865072765811829
2016-03-21,FOODS_2_035,FOODS_2,FOODS,CA_2,CA,5,2.4497551576698897
2016-03-21,FOODS_2_035,FOODS_2,FOODS,CA_3,CA,6,5.376546731439303
2016-03-21,FOODS_2_035,FOODS_2,FOODS,CA_4,CA,1,1.3863360886684353
2016-03-21,FOODS_2_035,FOODS_2,FOODS,TX_1,TX,0,1.0951739319162337
2016-03-21,FOODS_2_035,FOODS_2,FOODS,TX_2,TX,5,2.304575452207489
2016-03-21,FOODS_2_035,FOODS_2,FOODS,TX_3,TX,3,2.1988338269318435
2016-03-21,FOODS_2_035,FOODS_2,FOODS,WI_1,WI,2,1.340796308846082
2016-03-21,FOODS_2_035,FOODS_2,FOODS,WI_2,WI,2,2.4656770103062233
2016-03-21,FOODS_2_035,FOODS_2,FOODS,WI_3,WI,2,2.05239426098717
2016-03-21,FOODS_3_180,FOODS_3,FOODS,CA_1,CA,1,0.4797704936647901
2016-03-21,FOODS_3_180,FOODS_3,FOODS,CA_2,CA,1,0.4342051617153418
2016-03-21,FOODS_3_180,FOODS_3,FOODS,CA_3,CA,0,0.838434197811514
2016-03-21,FOODS_3_180,FOODS_3,FOODS,CA_4,CA,0,0.5318644344110772
2016-03-21,FOODS_3_180,FOODS_3,FOODS,TX_1,TX,0,0.28024132036807176
2016-03-21,FOODS_3_180,FOODS_3,FOODS,TX_2,TX,0,0.44021382370506207
2016-03-21,FOODS_3_180,FOODS_3,FOODS,TX_3,TX,1,0.47778256104071226
2016-03-21,FOODS_3_180,FOODS_3,FOODS,WI_1,WI,2,0.7639224719622307
2016-03-21,FOODS_3_180,FOODS_3,FOODS,WI_2,WI,1,0.6949605696994567
2016-03-21,FOODS_3_180,FOODS_3,FOODS,WI_3,WI,1,0.5808296156584603
2016-03-21,FOODS_3_260,FOODS_3,FOODS,CA_1,CA,0,1.2963624416620678
2016-03-21,FOODS_3_260,FOODS_3,FOODS,CA_2,CA,0,0.5180274396457567
2016-03-21,FOODS_3_260,FOODS_3,FOODS,CA_3,CA,0,0.47287072143855224
2016-03-21,FOODS_3_260,FOODS_3,FOODS,CA_4,CA,0,0.2589683083687899
2016-03-21,FOODS_3_260,FOODS_3,FOODS,TX_1,TX,0,0.12514094432210215
2016-03-21,FOODS_3_260,FOODS_3,FOODS,TX_2,TX,2,0.38736478177297734
2016-03-21,FOODS_3_260,FOODS_3,FOODS,TX_3,TX,0,0.2896356286161253
2016-03-21,FOODS_3_260,FOODS_3,FOODS,WI_1,WI,0,0.3649686856851358
2016-03-21,FOODS_3_260,FOODS_3,FOODS,WI_2,WI,1,0.46596801603136223
2016-03-21,FOODS_3_260,FOODS_3,FOODS,WI_3,WI,0,0.3394607727773253
2016-03-21,HOBBIES_1_022,HOBBIES_1,HOBBIES,CA_1,CA,1,0.5563487707619009
2016-03-21,HOBBIES_1_022,HOBBIES_1,HOBBIES,CA_2,CA,0,0.5992920670986605
2016-03-21,HOBBIES_1_022,HOBBIES_1,HOBBIES,CA_3,CA,1,1.0124720488851797
2016-03-21,HOBBIES_1_022,HOBBIES_1,HOBBIES,CA_4,CA,0,0.08416777078533128
2016-03-21,HOBBIES_1_022,HOBBIES_1,HOBBIES,TX_1,TX,0,0.4672415035828019
2016-03-21,HOBBIES_1_022,HOBBIES_1,HOBBIES,TX_2,TX,1,0.41302650717057393
2016-03-21,HOBBIES_1_022,HOBBIES_1,HOBBIES,TX_3,TX,0,0.4742183830050751
2016-03-21,HOBBIES_1_022,HOBBIES_1,HOBBIES,WI_1,WI,0,0.32812643275784886
2016-03-21,HOBBIES_1_022,HOBBIES_1,HOBBIES,WI_2,WI,0,0.29150015054960765
2016-03-21,HOBBIES_1_022,HOBBIES_1,HOBBIES,WI_3,WI,0,0.4613283494665443
2016-03-21,HOBBIES_1_209,HOBBIES_1,HOBBIES,CA_1,CA,4,4.236010806878305
2016-03-21,HOBBIES_1_209,HOBBIES_1,HOBBIES,CA_2,CA,6,4.830287070342049
2016-03-21,HOBBIES_1_209,HOBBIES_1,HOBBIES,CA_3,CA,14,7.962184976359577
2016-03-21,HOBBIES_1_209,HOBBIES_1,HOBBIES,CA_4,CA,0,0.055194034916638504
2016-03-21,HOBBIES_1_209,HOBBIES_1,HOBBIES,TX_1,TX,2,2.6117207741365105
2016-03-21,HOBBIES_1_209,HOBBIES_1,HOBBIES,TX_2,TX,0,2.3597847720365084
2016-03-21,HOBBIES_1_209,HOBBIES_1,HOBBIES,TX_3,TX,6,1.5724396493354271
2016-03-21,HOBBIES_1_209,HOBBIES_1,HOBBIES,WI_1,WI,0,2.289891297911013
2016-03-21,HOBBIES_1_209,HOBBIES_1,HOBBIES,WI_2,WI,0,2.4313786899004093
2016-03-21,HOBBIES_1_209,HOBBIES_1,HOBBIES,WI_3,WI,2,1.3272602819604375
2016-03-21,HOBBIES_2_041,HOBBIES_2,HOBBIES,CA_1,CA,0,0.7126079199556304
2016-03-21,HOBBIES_2_041,HOBBIES_2,HOBBIES,CA_2,CA,0,1.0287542196296247
2016-03-21,HOBBIES_2_041,HOBBIES_2,HOBBIES,CA_3,CA,10,0.19547769177369234
2016-03-21,HOBBIES_2_041,HOBBIES_2,HOBBIES,CA_4,CA,1,0.31425588990591347
2016-03-21,HOBBIES_2_041,HOBBIES_2,HOBBIES,TX_1,TX,0,0.10192856773466497
2016-03-21,HOBBIES_2_041,HOBBIES_2,HOBBIES,TX_2,TX,3,0.7947099828693702
2016-03-21,HOBBIES_2_041,HOBBIES_2,HOBBIES,TX_3,TX,0,0.14160955512805665
2016-03-21,HOBBIES_2_041,HOBBIES_2,HOBBIES,WI_1,WI,0,0.20591804257674204
2016-03-21,HOBBIES_2_041,HOBBIES_2,HOBBIES,WI_2,WI,0,0.2182891369724113
2016-03-21,HOBBIES_2_041,HOBBIES_2,HOBBIES,WI_3,WI,0,0.22516798163670385
2016-03-21,HOBBIES_2_113,HOBBIES_2,HOBBIES,CA_1,CA,0,0.11169755397363498
2016-03-21,HOBBIES_2_113,HOBBIES_2,HOBBIES,CA_2,CA,0,0.030925801600494376
2016-03-21,HOBBIES_2_113,HOBBIES_2,HOBBIES,CA_3,CA,0,0.04404888229098933
2016-03-21,HOBBIES_2_113,HOBBIES_2,HOBBIES,CA_4,CA,0,0.06685211911300748
2016-03-21,HOBBIES_2_113,HOBBIES_2,HOBBIES,TX_1,TX,0,0.14224614306144354
2016-03-21,HOBBIES_2_113,HOBBIES_2,HOBBIES,TX_2,TX,0,0.2875364555965764
2016-03-21,HOBBIES_2_113,HOBBIES_2,HOBBIES,TX_3,TX,0,0.12934824222660604
2016-03-21,HOBBIES_2_113,HOBBIES_2,HOBBIES,WI_1,WI,0,0.1345153627430178
2016-03-21,HOBBIES_2_113,HOBBIES_2,HOBBIES,WI_2,WI,0,0.12330619350343848
2016-03-21,HOBBIES_2_113,HOBBIES_2,HOBBIES,WI_3,WI,0,0.02114439994936031
2016-03-21,HOUSEHOLD_1_100,HOUSEHOLD_1,HOUSEHOLD,CA_1,CA,1,1.3965157497201492
2016-03-21,HOUSEHOLD_1_100,HOUSEHOLD_1,HOUSEHOLD,CA_2,CA,1,0.806886086278966
2016-03-21,HOUSEHOLD_1_100,HOUSEHOLD_1,HOUSEHOLD,CA_3,CA,2,1.9920657325181017
2016-03-21,HOUSEHOLD_1_100,HOUSEHOLD_1,HOUSEHOLD,CA_4,CA,1,0.3678665487791224
2016-03-21,HOUSEHOLD_1_100,HOUSEHOLD_1,HOUSEHOLD,TX_1,TX,1,0.8956835582633829
2016-03-21,HOUSEHOLD_1_100,HOUSEHOLD_1,HOUSEHOLD,TX_2,TX,0,0.8918558993522626
2016-03-21,HOUSEHOLD_1_100,HOUSEHOLD_1,HOUSEHOLD,TX_3,TX,4,1.1183225006897406
2016-03-21,HOUSEHOLD_1_100,HOUSEHOLD_1,HOUSEHOLD,WI_1,WI,1,0.642869074117482
2016-03-21,HOUSEHOLD_1_100,HOUSEHOLD_1,HOUSEHOLD,WI_2,WI,0,0.14848028119028178
2016-03-21,HOUSEHOLD_1_100,HOUSEHOLD_1,HOUSEHOLD,WI_3,WI,3,0.34583981273307146
2016-03-21,HOUSEHOLD_1_290,HOUSEHOLD_1,HOUSEHOLD,CA_1,CA,5,0.8848340302576143
2016-03-21,HOUSEHOLD_1_290,HOUSEHOLD_1,HOUSEHOLD,CA_2,CA,0,0.9804106711062738
2016-03-21,HOUSEHOLD_1_290,HOUSEHOLD_1,HOUSEHOLD,CA_3,CA,2,1.9583255850933514
2016-03-21,HOUSEHOLD_1_290,HOUSEHOLD_1,HOUSEHOLD,CA_4,CA,0,0.3443398087148434
2016-03-21,HOUSEHOLD_1_290,HOUSEHOLD_1,HOUSEHOLD,TX_1,TX,0,1.545423703707189
2016-03-21,HOUSEHOLD_1_290,HOUSEHOLD_1,HOUSEHOLD,TX_2,TX,1,1.5730600383479234
2016-03-21,HOUSEHOLD_1_290,HOUSEHOLD_1,HOUSEHOLD,TX_3,TX,2,1.8352599683225381
2016-03-21,HOUSEHOLD_1_290,HOUSEHOLD_1,HOUSEHOLD,WI_1,WI,0,0.5321995932719198
2016-03-21,HOUSEHOLD_1_290,HOUSEHOLD_1,HOUSEHOLD,WI_2,WI,0,2.475353562830801
2016-03-21,HOUSEHOLD_1_290,HOUSEHOLD_1,HOUSEHOLD,WI_3,WI,2,1.2374162349773132
2016-03-21,HOUSEHOLD_1_370,HOUSEHOLD_1,HOUSEHOLD,CA_1,CA,1,2.056130405617509
2016-03-21,HOUSEHOLD_1_370,HOUSEHOLD_1,HOUSEHOLD,CA_2,CA,3,4.10081194660338
2016-03-21,HOUSEHOLD_1_370,HOUSEHOLD_1,HOUSEHOLD,CA_3,CA,7,4.281856967964839
2016-03-21,HOUSEHOLD_1_370,HOUSEHOLD_1,HOUSEHOLD,CA_4,CA,1,0.8593120795410225
2016-03-21,HOUSEHOLD_1_370,HOUSEHOLD_1,HOUSEHOLD,TX_1,TX,1,1.1251507072791014
2016-03-21,HOUSEHOLD_1_370,HOUSEHOLD_1,HOUSEHOLD,TX_2,TX,1,1.2397852342331146
2016-03-21,HOUSEHOLD_1_370,HOUSEHOLD_1,HOUSEHOLD,TX_3,TX,2,0.8721200259449041
2016-03-21,HOUSEHOLD_1_370,HOUSEHOLD_1,HOUSEHOLD,WI_1,WI,2,1.579400520348066
2016-03-21,HOUSEHOLD_1_370,HOUSEHOLD_1,HOUSEHOLD,WI_2,WI,4,3.1713335523010833
2016-03-21,HOUSEHOLD_1_370,HOUSEHOLD_1,HOUSEHOLD,WI_3,WI,2,1.2883859438867655
2016-03-21,HOUSEHOLD_1_489,HOUSEHOLD_1,HOUSEHOLD,CA_1,CA,0,1.2049700289570198
2016-03-21,HOUSEHOLD_1_489,HOUSEHOLD_1,HOUSEHOLD,CA_2,CA,3,1.5478028417680232
2016-03-21,HOUSEHOLD_1_489,HOUSEHOLD_1,HOUSEHOLD,CA_3,CA,3,2.5774884373055396
2016-03-21,HOUSEHOLD_1_489,HOUSEHOLD_1,HOUSEHOLD,CA_4,CA,0,0.8933806239644276
2016-03-21,HOUSEHOLD_1_489,HOUSEHOLD_1,HOUSEHOLD,TX_1,TX,3,1.318710113048226
2016-03-21,HOUSEHOLD_1_489,HOUSEHOLD_1,HOUSEHOLD,TX_2,TX,4,1.8074394159777627
2016-03-21,HOUSEHOLD_1_489,HOUSEHOLD_1,HOUSEHOLD,TX_3,TX,1,1.828540554098387
2016-03-21,HOUSEHOLD_1_489,HOUSEHOLD_1,HOUSEHOLD,WI_1,WI,1,0.9545329116848631
2016-03-21,HOUSEHOLD_1_489,HOUSEHOLD_1,HOUSEHOLD,WI_2,WI,0,0.85351923964972
2016-03-21,HOUSEHOLD_1_489,HOUSEHOLD_1,HOUSEHOLD,WI_3,WI,0,0.9171403979292779
2016-03-21,HOUSEHOLD_2_442,HOUSEHOLD_2,HOUSEHOLD,CA_1,CA,2,1.7252966203524362
2016-03-21,HOUSEHOLD_2_442,HOUSEHOLD_2,HOUSEHOLD,CA_2,CA,0,2.321793799929344
2016-03-21,HOUSEHOLD_2_442,HOUSEHOLD_2,HOUSEHOLD,CA_3,CA,0,1.3632552455228517
2016-03-21,HOUSEHOLD_2_442,HOUSEHOLD_2,HOUSEHOLD,CA_4,CA,0,0.6697502329564221
2016-03-21,HOUSEHOLD_2_442,HOUSEHOLD_2,HOUSEHOLD,TX_1,TX,0,0.7940384739010458
2016-03-21,HOUSEHOLD_2_442,HOUSEHOLD_2,HOUSEHOLD,TX_2,TX,3,1.1414986633281516
2016-03-21,HOUSEHOLD_2_442,HOUSEHOLD_2,HOUSEHOLD,TX_3,TX,0,0.9416416563204058
2016-03-21,HOUSEHOLD_2_442,HOUSEHOLD_2,HOUSEHOLD,WI_1,WI,0,1.8020286968176609
2016-03-21,HOUSEHOLD_2_442,HOUSEHOLD_2,HOUSEHOLD,WI_2,WI,2,1.4630684917063252
2016-03-21,HOUSEHOLD_2_442,HOUSEHOLD_2,HOUSEHOLD,WI_3,WI,0,1.0765500625920206
2016-03-22,FOODS_1_021,FOODS_1,FOODS,CA_1,CA,0,1.2825003406558788
2016-03-22,FOODS_1_021,FOODS_1,FOODS,CA_2,CA,1,2.540531010351005
2016-03-22,FOODS_1_021,FOODS_1,FOODS,CA_3,CA,2,1.558277795620605
2016-03-22,FOODS_1_021,FOODS_1,FOODS,CA_4,CA,0,3.6372324240018643
2016-03-22,FOODS_1_021,FOODS_1,FOODS,TX_1,TX,0,0.5945389824678506
2016-03-22,FOODS_1_021,FOODS_1,FOODS,TX_2,TX,0,0.008676847334861508
2016-03-22,FOODS_1_021,FOODS_1,FOODS,TX_3,TX,0,0.24319409524375304
2016-03-22,FOODS_1_021,FOODS_1,FOODS,WI_1,WI,1,1.5357916959051852
2016-03-22,FOODS_1_021,FOODS_1,FOODS,WI_2,WI,0,0.9360720719393752
2016-03-22,FOODS_1_021,FOODS_1,FOODS,WI_3,WI,0,0.6686863071341609
2016-03-22,FOODS_2_035,FOODS_2,FOODS,CA_1,CA,2,0.723121531138521
2016-03-22,FOODS_2_035,FOODS_2,FOODS,CA_2,CA,2,2.1226803256503985
2016-03-22,FOODS_2_035,FOODS_2,FOODS,CA_3,CA,4,3.1127675847097285
2016-03-22,FOODS_2_035,FOODS_2,FOODS,CA_4,CA,1,1.2730197334211406
2016-03-22,FOODS_2_035,FOODS_2,FOODS,TX_1,TX,2,0.8282181614584064
2016-03-22,FOODS_2_035,FOODS_2,FOODS,TX_2,TX,4,2.1451512998262254
2016-03-22,FOODS_2_035,FOODS_2,FOODS,TX_3,TX,4,1.864449675068847
2016-03-22,FOODS_2_035,FOODS_2,FOODS,WI_1,WI,0,1.162092666965544
2016-03-22,FOODS_2_035,FOODS_2,FOODS,WI_2,WI,2,1.8515839384613528
2016-03-22,FOODS_2_035,FOODS_2,FOODS,WI_3,WI,1,1.4527868900508896
2016-03-22,FOODS_3_180,FOODS_3,FOODS,CA_1,CA,2,0.3696309854747075
2016-03-22,FOODS_3_180,FOODS_3,FOODS,CA_2,CA,0,0.38156051422008685
2016-03-22,FOODS_3_180,FOODS_3,FOODS,CA_3,CA,0,0.592283523401833
2016-03-22,FOODS_3_180,FOODS_3,FOODS,CA_4,CA,3,0.38940692985010433
2016-03-22,FOODS_3_180,FOODS_3,FOODS,TX_1,TX,0,0.18175933995248097
2016-03-22,FOODS_3_180,FOODS_3,FOODS,TX_2,TX,1,0.36929637272159127
2016-03-22,FOODS_3_180,FOODS_3,FOODS,TX_3,TX,0,0.40772839999688804
2016-03-22,FOODS_3_180,FOODS_3,FOODS,WI_1,WI,2,0.7257097201539674
2016-03-22,FOODS_3_180,FOODS_3,FOODS,WI_2,WI,0,0.7245840177750404
2016-03-22,FOODS_3_180,FOODS_3,FOODS,WI_3,WI,0,0.4619593112668645
2016-03-22,FOODS_3_260,FOODS_3,FOODS,CA_1,CA,0,0.7491488477307081
2016-03-22,FOODS_3_260,FOODS_3,FOODS,CA_2,CA,0,0.25785971767390564
2016-03-22,FOODS_3_260,FOODS_3,FOODS,CA_3,CA,0,0.37489350643509123
2016-03-22,FOODS_3_260,FOODS_3,FOODS,CA_4,CA,0,0.22498222932338022
2016-03-22,FOODS_3_260,FOODS_3,FOODS,TX_1,TX,0,0.095771973671542
2016-03-22,FOODS_3_260,FOODS_3,FOODS,TX_2,TX,0,0.4325874701160582
2016-03-22,FOODS_3_260,FOODS_3,FOODS,TX_3,TX,0,0.24775569725580976
2016-03-22,FOODS_3_260,FOODS_3,FOODS,WI_1,WI,0,0.29750136610105254
2016-03-22,FOODS_3_260,FOODS_3,FOODS,WI_2,WI,1,0.36653362534197104
2016-03-22,FOODS_3_260,FOODS_3,FOODS,WI_3,WI,0,0.26217134421012195
2016-03-22,HOBBIES_1_022,HOBBIES_1,HOBBIES,CA_1,CA,0,0.4587591865332727
2016-03-22,HOBBIES_1_022,HOBBIES_1,HOBBIES,CA_2,CA,0,0.3554379153927789
2016-03-22,HOBBIES_1_022,HOBBIES_1,HOBBIES,CA_3,CA,1,0.7329457937317074
2016-03-22,HOBBIES_1_022,HOBBIES_1,HOBBIES,CA_4,CA,0,0.06961106529161763
2016-03-22,HOBBIES_1_022,HOBBIES_1,HOBBIES,TX_1,TX,0,0.21561123080769423
2016-03-22,HOBBIES_1_022,HOBBIES_1,HOBBIES,TX_2,TX,0,0.4559740665641224
2016-03-22,HOBBIES_1_022,HOBBIES_1,HOBBIES,TX_3,TX,0,0.32180471018581563
2016-03-22,HOBBIES_1_022,HOBBIES_1,HOBBIES,WI_1,WI,1,0.1627892345421402
2016-03-22,HOBBIES_1_022,HOBBIES_1,HOBBIES,WI_2,WI,0,0.19118593666497588
2016-03-22,HOBBIES_1_022,HOBBIES_1,HOBBIES,WI_3,WI,1,0.37007394943659294
2016-03-22,HOBBIES_1_209,HOBBIES_1,HOBBIES,CA_1,CA,0,3.0099312200088595
2016-03-22,HOBBIES_1_209,HOBBIES_1,HOBBIES,CA_2,CA,5,3.4822486196060005
2016-03-22,HOBBIES_1_209,HOBBIES_1,HOBBIES,CA_3,CA,4,6.493760175098045
2016-03-22,HOBBIES_1_209,HOBBIES_1,HOBBIES,CA_4,CA,0,0.032628972417171866
2016-03-22,HOBBIES_1_209,HOBBIES_1,HOBBIES,TX_1,TX,0,2.659678630884879
2016-03-22,HOBBIES_1_209,HOBBIES_1,HOBBIES,TX_2,TX,0,1.7180113213800199
2016-03-22,HOBBIES_1_209,HOBBIES_1,HOBBIES,TX_3,TX,1,1.5875264049087237
2016-03-22,HOBBIES_1_209,HOBBIES_1,HOBBIES,WI_1,WI,1,1.5617358559884962
2016-03-22,HOBBIES_1_209,HOBBIES_1,HOBBIES,WI_2,WI,0,1.9183700287772039
2016-03-22,HOBBIES_1_209,HOBBIES_1,HOBBIES,WI_3,WI,4,1.8968067412519019
2016-03-22,HOBBIES_2_041,HOBBIES_2,HOBBIES,CA_1,CA,0,0.4241935201038034
2016-03-22,HOBBIES_2_041,HOBBIES_2,HOBBIES,CA_2,CA,0,0.8223877837442576
2016-03-22,HOBBIES_2_041,HOBBIES_2,HOBBIES,CA_3,CA,0,0.47725611949548574
2016-03-22,HOBBIES_2_041,HOBBIES_2,HOBBIES,CA_4,CA,0,0.32042797128647305
2016-03-22,HOBBIES_2_041,HOBBIES_2,HOBBIES,TX_1,TX,0,0.07255959708410478
2016-03-22,HOBBIES_2_041,HOBBIES_2,HOBBIES,TX_2,TX,0,0.7558959072997029
2016-03-22,HOBBIES_2_041,HOBBIES_2,HOBBIES,TX_3,TX,0,0.11810402566043185
2016-03-22,HOBBIES_2_041,HOBBIES_2,HOBBIES,WI_1,WI,0,0.17047761727169572
2016-03-22,HOBBIES_2_041,HOBBIES_2,HOBBIES,WI_2,WI,0,0.19540298450760596
2016-03-22,HOBBIES_2_041,HOBBIES_2,HOBBIES,WI_3,WI,0,0.2022818291718985
2016-03-22,HOBBIES_2_113,HOBBIES_2,HOBBIES,CA_1,CA,0,0.07074295228672071
2016-03-22,HOBBIES_2_113,HOBBIES_2,HOBBIES,CA_2,CA,0,0.020299346993737838
2016-03-22,HOBBIES_2_113,HOBBIES_2,HOBBIES,CA_3,CA,1,0.03342242768423281
2016-03-22,HOBBIES_2_113,HOBBIES_2,HOBBIES,CA_4,CA,0,0.0590565205355504
2016-03-22,HOBBIES_2_113,HOBBIES_2,HOBBIES,TX_1,TX,0,0.10584271275898123
2016-03-22,HOBBIES_2_113,HOBBIES_2,HOBBIES,TX_2,TX,0,0.2324385945341195
2016-03-22,HOBBIES_2_113,HOBBIES_2,HOBBIES,TX_3,TX,0,0.10584271275898123
2016-03-22,HOBBIES_2_113,HOBBIES_2,HOBBIES,WI_1,WI,0,0.10488209457062013
2016-03-22,HOBBIES_2_113,HOBBIES_2,HOBBIES,WI_2,WI,0,0.1155105949259815
2016-03-22,HOBBIES_2_113,HOBBIES_2,HOBBIES,WI_3,WI,0,0.019938928139549814
2016-03-22,HOUSEHOLD_1_100,HOUSEHOLD_1,HOUSEHOLD,CA_1,CA,1,0.9177534753870288
2016-03-22,HOUSEHOLD_1_100,HOUSEHOLD_1,HOUSEHOLD,CA_2,CA,1,0.5595209580043086
2016-03-22,HOUSEHOLD_1_100,HOUSEHOLD_1,HOUSEHOLD,CA_3,CA,3,1.4732064321597558
2016-03-22,HOUSEHOLD_1_100,HOUSEHOLD_1,HOUSEHOLD,CA_4,CA,1,0.30740348009654034
2016-03-22,HOUSEHOLD_1_100,HOUSEHOLD_1,HOUSEHOLD,TX_1,TX,1,0.6052717014788612
2016-03-22,HOUSEHOLD_1_100,HOUSEHOLD_1,HOUSEHOLD,TX_2,TX,1,0.595355695926026
2016-03-22,HOUSEHOLD_1_100,HOUSEHOLD_1,HOUSEHOLD,TX_3,TX,0,0.8367594934277406
2016-03-22,HOUSEHOLD_1_100,HOUSEHOLD_1,HOUSEHOLD,WI_1,WI,0,0.4704630718948797
2016-03-22,HOUSEHOLD_1_100,HOUSEHOLD_1,HOUSEHOLD,WI_2,WI,0,0.09333888034036149
2016-03-22,HOUSEHOLD_1_100,HOUSEHOLD_1,HOUSEHOLD,WI_3,WI,0,0.38999937926063316
2016-03-22,HOUSEHOLD_1_290,HOUSEHOLD_1,HOUSEHOLD,CA_1,CA,2,0.9650993299615994
2016-03-22,HOUSEHOLD_1_290,HOUSEHOLD_1,HOUSEHOLD,CA_2,CA,0,0.7738605682624154
2016-03-22,HOUSEHOLD_1_290,HOUSEHOLD_1,HOUSEHOLD,CA_3,CA,4,1.3988160557643696
2016-03-22,HOUSEHOLD_1_290,HOUSEHOLD_1,HOUSEHOLD,CA_4,CA,1,0.27666729234748594
2016-03-22,HOUSEHOLD_1_290,HOUSEHOLD_1,HOUSEHOLD,TX_1,TX,4,1.087841953649458
2016-03-22,HOUSEHOLD_1_290,HOUSEHOLD_1,HOUSEHOLD,TX_2,TX,0,1.328506874302202
2016-03-22,HOUSEHOLD_1_290,HOUSEHOLD_1,HOUSEHOLD,TX_3,TX,3,1.6915430218093586
2016-03-22,HOUSEHOLD_1_290,HOUSEHOLD_1,HOUSEHOLD,WI_1,WI,1,0.41381496856207894
2016-03-22,HOUSEHOLD_1_290,HOUSEHOLD_1,HOUSEHOLD,WI_2,WI,0,1.9491345673625142
2016-03-22,HOUSEHOLD_1_290,HOUSEHOLD_1,HOUSEHOLD,WI_3,WI,3,1.1684300642373384
2016-03-22,HOUSEHOLD_1_370,HOUSEHOLD_1,HOUSEHOLD,CA_1,CA,0,1.4936367131164239
2016-03-22,HOUSEHOLD_1_370,HOUSEHOLD_1,HOUSEHOLD,CA_2,CA,1,3.206032971032841
2016-03-22,HOUSEHOLD_1_370,HOUSEHOLD_1,HOUSEHOLD,CA_3,CA,2,3.2539827067115237
2016-03-22,HOUSEHOLD_1_370,HOUSEHOLD_1,HOUSEHOLD,CA_4,CA,1,0.8230405429877553
2016-03-22,HOUSEHOLD_1_370,HOUSEHOLD_1,HOUSEHOLD,TX_1,TX,1,0.8679234490876665
2016-03-22,HOUSEHOLD_1_370,HOUSEHOLD_1,HOUSEHOLD,TX_2,TX,1,1.0006248671745526
2016-03-22,HOUSEHOLD_1_370,HOUSEHOLD_1,HOUSEHOLD,TX_3,TX,2,0.8635161208722679
2016-03-22,HOUSEHOLD_1_370,HOUSEHOLD_1,HOUSEHOLD,WI_1,WI,2,1.1816238855534908
2016-03-22,HOUSEHOLD_1_370,HOUSEHOLD_1,HOUSEHOLD,WI_2,WI,4,2.9089753127653784
2016-03-22,HOUSEHOLD_1_370,HOUSEHOLD_1,HOUSEHOLD,WI_3,WI,1,1.0623059739444731
2016-03-22,HOUSEHOLD_1_489,HOUSEHOLD_1,HOUSEHOLD,CA_1,CA,0,0.8256552146118488
2016-03-22,HOUSEHOLD_1_489,HOUSEHOLD_1,HOUSEHOLD,CA_2,CA,0,1.2536025134212572
2016-03-22,HOUSEHOLD_1_489,HOUSEHOLD_1,HOUSEHOLD,CA_3,CA,5,2.3069806849615713
2016-03-22,HOUSEHOLD_1_489,HOUSEHOLD_1,HOUSEHOLD,CA_4,CA,0,0.674143660699789
2016-03-22,HOUSEHOLD_1_489,HOUSEHOLD_1,HOUSEHOLD,TX_1,TX,0,1.470583420302213
2016-03-22,HOUSEHOLD_1_489,HOUSEHOLD_1,HOUSEHOLD,TX_2,TX,0,1.5791058659789714
2016-03-22,HOUSEHOLD_1_489,HOUSEHOLD_1,HOUSEHOLD,TX_3,TX,4,1.3140475186463818
2016-03-22,HOUSEHOLD_1_489,HOUSEHOLD_1,HOUSEHOLD,WI_1,WI,1,0.7923855560365455
2016-03-22,HOUSEHOLD_1_489,HOUSEHOLD_1,HOUSEHOLD,WI_2,WI,1,0.7064498700167431
2016-03-22,HOUSEHOLD_1_489,HOUSEHOLD_1,HOUSEHOLD,WI_3,WI,2,0.73344577472825
2016-03-22,HOUSEHOLD_2_442,HOUSEHOLD_2,HOUSEHOLD,CA_1,CA,4,1.3716895927108608
2016-03-22,HOUSEHOLD_2_442,HOUSEHOLD_2,HOUSEHOLD,CA_2,CA,0,1.3292956509961409
2016-03-22,HOUSEHOLD_2_442,HOUSEHOLD_2,HOUSEHOLD,CA_3,CA,0,0.9122239824126879
2016-03-22,HOUSEHOLD_2_442,HOUSEHOLD_2,HOUSEHOLD,CA_4,CA,0,0.4811620740505733
2016-03-22,HOUSEHOLD_2_442,HOUSEHOLD_2,HOUSEHOLD,TX_1,TX,0,0.5105236943319268
2016-03-22,HOUSEHOLD_2_442,HOUSEHOLD_2,HOUSEHOLD,TX_2,TX,1,0.9594508839549826
2016-03-22,HOUSEHOLD_2_442,HOUSEHOLD_2,HOUSEHOLD,TX_3,TX,0,0.678837258266414
2016-03-22,HOUSEHOLD_2_442,HOUSEHOLD_2,HOUSEHOLD,WI_1,WI,0,1.2261910824639568
2016-03-22,HOUSEHOLD_2_442,HOUSEHOLD_2,HOUSEHOLD,WI_2,WI,1,1.1654835915400612
2016-03-22,HOUSEHOLD_2_442,HOUSEHOLD_2,HOUSEHOLD,WI_3,WI,0,0.743465222571558
2016-03-23,FOODS_1_021,FOODS_1,FOODS,CA_1,CA,0,1.21578676307348
2016-03-23,FOODS_1_021,FOODS_1,FOODS,CA_2,CA,2,2.99069854606949
2016-03-23,FOODS_1_021,FOODS_1,FOODS,CA_3,CA,1,1.5774152221175461
2016-03-23,FOODS_1_021,FOODS_1,FOODS,CA_4,CA,2,2.3172041509614214
2016-03-23,FOODS_1_021,FOODS_1,FOODS,TX_1,TX,0,0.5811009319394462
2016-03-23,FOODS_1_021,FOODS_1,FOODS,TX_2,TX,0,0.0007765827883591508
2016-03-23,FOODS_1_021,FOODS_1,FOODS,TX_3,TX,0,0.04795077571358931
2016-03-23,FOODS_1_021,FOODS_1,FOODS,WI_1,WI,4,1.4348267703217379
2016-03-23,FOODS_1_021,FOODS_1,FOODS,WI_2,WI,0,0.7809712910267786
2016-03-23,FOODS_1_021,FOODS_1,FOODS,WI_3,WI,1,0.6552482566057565
2016-03-23,FOODS_2_035,FOODS_2,FOODS,CA_1,CA,2,0.7839962832246263
2016-03-23,FOODS_2_035,FOODS_2,FOODS,CA_2,CA,3,2.1151188438351136
2016-03-23,FOODS_2_035,FOODS_2,FOODS,CA_3,CA,1,3.2130613707476154
2016-03-23,FOODS_2_035,FOODS_2,FOODS,CA_4,CA,2,1.0576491224861326
2016-03-23,FOODS_2_035,FOODS_2,FOODS,TX_1,TX,2,0.8798445749117715
2016-03-23,FOODS_2_035,FOODS_2,FOODS,TX_2,TX,2,1.8858541765490617
2016-03-23,FOODS_2_035,FOODS_2,FOODS,TX_3,TX,1,1.8090625415767203
2016-03-23,FOODS_2_035,FOODS_2,FOODS,WI_1,WI,1,0.8910948159496646
2016-03-23,FOODS_2_035,FOODS_2,FOODS,WI_2,WI,0,1.9631277170904906
2016-03-23,FOODS_2_035,FOODS_2,FOODS,WI_3,WI,1,1.3131170637413994
2016-03-23,FOODS_3_180,FOODS_3,FOODS,CA_1,CA,0,0.3908293921592064
2016-03-23,FOODS_3_180,FOODS_3,FOODS,CA_2,CA,2,0.28657477876661086
2016-03-23,FOODS_3_180,FOODS_3,FOODS,CA_3,CA,1,0.4848299088680868
2016-03-23,FOODS_3_180,FOODS_3,FOODS,CA_4,CA,0,0.4677697757634459
2016-03-23,FOODS_3_180,FOODS_3,FOODS,TX_1,TX,1,0.1545079573857466
2016-03-23,FOODS_3_180,FOODS_3,FOODS,TX_2,TX,1,0.4493354359915177
2016-03-23,FOODS_3_180,FOODS_3,FOODS,TX_3,TX,0,0.3316273742145384
2016-03-23,FOODS_3_180,FOODS_3,FOODS,WI_1,WI,1,0.6778471032268681
2016-03-23,FOODS_3_180,FOODS_3,FOODS,WI_2,WI,2,0.6161126154666382
2016-03-23,FOODS_3_180,FOODS_3,FOODS,WI_3,WI,1,0.39778161761069036
2016-03-23,FOODS_3_260,FOODS_3,FOODS,CA_1,CA,2,0.6783345189027308
2016-03-23,FOODS_3_260,FOODS_3,FOODS,CA_2,CA,0,0.24467967668073087
2016-03-23,FOODS_3_260,FOODS_3,FOODS,CA_3,CA,0,0.3478250336009555
2016-03-23,FOODS_3_260,FOODS_3,FOODS,CA_4,CA,0,0.21798156882873512
2016-03-23,FOODS_3_260,FOODS_3,FOODS,TX_1,TX,0,0.08877131317689686
2016-03-23,FOODS_3_260,FOODS_3,FOODS,TX_2,TX,1,0.36774594405971445
2016-03-23,FOODS_3_260,FOODS_3,FOODS,TX_3,TX,0,0.21516992145668593
2016-03-23,FOODS_3_260,FOODS_3,FOODS,WI_1,WI,1,0.2859610847917122
2016-03-23,FOODS_3_260,FOODS_3,FOODS,WI_2,WI,0,0.4570861948334845
2016-03-23,FOODS_3_260,FOODS_3,FOODS,WI_3,WI,0,0.2506310629007817
2016-03-23,HOBBIES_1_022,HOBBIES_1,HOBBIES,CA_1,CA,0,0.3806164084738343
2016-03-23,HOBBIES_1_022,HOBBIES_1,HOBBIES,CA_2,CA,0,0.2970952342642046
2016-03-23,HOBBIES_1_022,HOBBIES_1,HOBBIES,CA_3,CA,0,0.7018929880931715
2016-03-23,HOBBIES_1_022,HOBBIES_1,HOBBIES,CA_4,CA,0,0.05960082279277889
2016-03-23,HOBBIES_1_022,HOBBIES_1,HOBBIES,TX_1,TX,0,0.20289210416078624
2016-03-23,HOBBIES_1_022,HOBBIES_1,HOBBIES,TX_2,TX,0,0.3738888911589677
2016-03-23,HOBBIES_1_022,HOBBIES_1,HOBBIES,TX_3,TX,1,0.27200315158196203
2016-03-23,HOBBIES_1_022,HOBBIES_1,HOBBIES,WI_1,WI,2,0.307898788293324
2016-03-23,HOBBIES_1_022,HOBBIES_1,HOBBIES,WI_2,WI,0,0.18117569416613713
2016-03-23,HOBBIES_1_022,HOBBIES_1,HOBBIES,WI_3,WI,0,0.4126842142444757
2016-03-23,HOBBIES_1_209,HOBBIES_1,HOBBIES,CA_1,CA,6,2.344210043133604
2016-03-23,HOBBIES_1_209,HOBBIES_1,HOBBIES,CA_2,CA,0,3.8160136950318986
2016-03-23,HOBBIES_1_209,HOBBIES_1,HOBBIES,CA_3,CA,11,9.3086435826499
2016-03-23,HOBBIES_1_209,HOBBIES_1,HOBBIES,CA_4,CA,0,0.022360385058410787
2016-03-23,HOBBIES_1_209,HOBBIES_1,HOBBIES,TX_1,TX,1,2.438314047326879
2016-03-23,HOBBIES_1_209,HOBBIES_1,HOBBIES,TX_2,TX,0,1.5597498872153939
2016-03-23,HOBBIES_1_209,HOBBIES_1,HOBBIES,TX_3,TX,0,1.4332932325928909
2016-03-23,HOBBIES_1_209,HOBBIES_1,HOBBIES,WI_1,WI,4,1.5477470697238838
2016-03-23,HOBBIES_1_209,HOBBIES_1,HOBBIES,WI_2,WI,0,1.8662394311509265
2016-03-23,HOBBIES_1_209,HOBBIES_1,HOBBIES,WI_3,WI,1,1.959265668673355
2016-03-23,HOBBIES_2_041,HOBBIES_2,HOBBIES,CA_1,CA,0,0.39870206796863483
2016-03-23,HOBBIES_2_041,HOBBIES_2,HOBBIES,CA_2,CA,0,0.7384606545811028
2016-03-23,HOBBIES_2_041,HOBBIES_2,HOBBIES,CA_3,CA,0,0.29868368539472034
2016-03-23,HOBBIES_2_041,HOBBIES_2,HOBBIES,CA_4,CA,2,0.25793065417380695
2016-03-23,HOBBIES_2_041,HOBBIES_2,HOBBIES,TX_1,TX,0,0.06464835559575692
2016-03-23,HOBBIES_2_041,HOBBIES_2,HOBBIES,TX_2,TX,1,0.647563355263057
2016-03-23,HOBBIES_2_041,HOBBIES_2,HOBBIES,TX_3,TX,0,0.0549597213997024
2016-03-23,HOBBIES_2_041,HOBBIES_2,HOBBIES,WI_1,WI,0,0.153282979028648
2016-03-23,HOBBIES_2_041,HOBBIES_2,HOBBIES,WI_2,WI,3,0.18749174301925814
2016-03-23,HOBBIES_2_041,HOBBIES_2,HOBBIES,WI_3,WI,0,0.19437058768355067
2016-03-23,HOBBIES_2_113,HOBBIES_2,HOBBIES,CA_1,CA,0,0.06374229179207559
2016-03-23,HOBBIES_2_113,HOBBIES_2,HOBBIES,CA_2,CA,0,0.01329868649909275
2016-03-23,HOBBIES_2_113,HOBBIES_2,HOBBIES,CA_3,CA,1,0.17978450893275982
2016-03-23,HOBBIES_2_113,HOBBIES_2,HOBBIES,CA_4,CA,0,0.052055860040905275
2016-03-23,HOBBIES_2_113,HOBBIES_2,HOBBIES,TX_1,TX,0,0.0988420522643361
2016-03-23,HOBBIES_2_113,HOBBIES_2,HOBBIES,TX_2,TX,0,0.192068451744727
2016-03-23,HOBBIES_2_113,HOBBIES_2,HOBBIES,TX_3,TX,0,0.0988420522643361
2016-03-23,HOBBIES_2_113,HOBBIES_2,HOBBIES,WI_1,WI,0,0.097881434075975
2016-03-23,HOBBIES_2_113,HOBBIES_2,HOBBIES,WI_2,WI,0,0.10850993443133636
2016-03-23,HOBBIES_2_113,HOBBIES_2,HOBBIES,WI_3,WI,0,0.012938267644904716
2016-03-23,HOUSEHOLD_1_100,HOUSEHOLD_1,HOUSEHOLD,CA_1,CA,1,0.7881562638551051
2016-03-23,HOUSEHOLD_1_100,HOUSEHOLD_1,HOUSEHOLD,CA_2,CA,0,0.493974316055848
2016-03-23,HOUSEHOLD_1_100,HOUSEHOLD_1,HOUSEHOLD,CA_3,CA,3,1.376930909431018
2016-03-23,HOUSEHOLD_1_100,HOUSEHOLD_1,HOUSEHOLD,CA_4,CA,1,0.29175088984417136
2016-03-23,HOUSEHOLD_1_100,HOUSEHOLD_1,HOUSEHOLD,TX_1,TX,1,0.47612385089489306
2016-03-23,HOUSEHOLD_1_100,HOUSEHOLD_1,HOUSEHOLD,TX_2,TX,3,0.5016203725350584
2016-03-23,HOUSEHOLD_1_100,HOUSEHOLD_1,HOUSEHOLD,TX_3,TX,5,0.682344177745649
2016-03-23,HOUSEHOLD_1_100,HOUSEHOLD_1,HOUSEHOLD,WI_1,WI,1,0.3804655246583544
2016-03-23,HOUSEHOLD_1_100,HOUSEHOLD_1,HOUSEHOLD,WI_2,WI,0,0.08396989703345771
2016-03-23,HOUSEHOLD_1_100,HOUSEHOLD_1,HOUSEHOLD,WI_3,WI,0,0.27660878807308453
2016-03-23,HOUSEHOLD_1_290,HOUSEHOLD_1,HOUSEHOLD,CA_1,CA,1,0.9752890052280629
2016-03-23,HOUSEHOLD_1_290,HOUSEHOLD_1,HOUSEHOLD,CA_2,CA,0,0.7638321608245083
2016-03-23,HOUSEHOLD_1_290,HOUSEHOLD_1,HOUSEHOLD,CA_3,CA,0,1.492399858292556
2016-03-23,HOUSEHOLD_1_290,HOUSEHOLD_1,HOUSEHOLD,CA_4,CA,0,0.37351846645724535
2016-03-23,HOUSEHOLD_1_290,HOUSEHOLD_1,HOUSEHOLD,TX_1,TX,1,1.3243642687354766
2016-03-23,HOUSEHOLD_1_290,HOUSEHOLD_1,HOUSEHOLD,TX_2,TX,0,1.0307950681939129
2016-03-23,HOUSEHOLD_1_290,HOUSEHOLD_1,HOUSEHOLD,TX_3,TX,3,1.7366385840870755
2016-03-23,HOUSEHOLD_1_290,HOUSEHOLD_1,HOUSEHOLD,WI_1,WI,0,0.508193124177037
2016-03-23,HOUSEHOLD_1_290,HOUSEHOLD_1,HOUSEHOLD,WI_2,WI,5,1.8365425884351991
2016-03-23,HOUSEHOLD_1_290,HOUSEHOLD_1,HOUSEHOLD,WI_3,WI,0,1.3052301044727002
2016-03-23,HOUSEHOLD_1_370,HOUSEHOLD_1,HOUSEHOLD,CA_1,CA,0,1.1295408352438274
2016-03-23,HOUSEHOLD_1_370,HOUSEHOLD_1,HOUSEHOLD,CA_2,CA,4,2.7055339934972586
2016-03-23,HOUSEHOLD_1_370,HOUSEHOLD_1,HOUSEHOLD,CA_3,CA,0,2.9686895514940206
2016-03-23,HOUSEHOLD_1_370,HOUSEHOLD_1,HOUSEHOLD,CA_4,CA,1,0.7848887025281709
2016-03-23,HOUSEHOLD_1_370,HOUSEHOLD_1,HOUSEHOLD,TX_1,TX,1,0.8116706047813389
2016-03-23,HOUSEHOLD_1_370,HOUSEHOLD_1,HOUSEHOLD,TX_2,TX,0,0.9466292496182279
2016-03-23,HOUSEHOLD_1_370,HOUSEHOLD_1,HOUSEHOLD,TX_3,TX,3,0.8398225811882225
2016-03-23,HOUSEHOLD_1_370,HOUSEHOLD_1,HOUSEHOLD,WI_1,WI,2,1.1387917927342641
2016-03-23,HOUSEHOLD_1_370,HOUSEHOLD_1,HOUSEHOLD,WI_2,WI,4,2.6905125267761436
2016-03-23,HOUSEHOLD_1_370,HOUSEHOLD_1,HOUSEHOLD,WI_3,WI,1,0.916687616994418
2016-03-23,HOUSEHOLD_1_489,HOUSEHOLD_1,HOUSEHOLD,CA_1,CA,2,0.7829636796735951
2016-03-23,HOUSEHOLD_1_489,HOUSEHOLD_1,HOUSEHOLD,CA_2,CA,0,1.0729044370736436
2016-03-23,HOUSEHOLD_1_489,HOUSEHOLD_1,HOUSEHOLD,CA_3,CA,2,2.518629998050714
2016-03-23,HOUSEHOLD_1_489,HOUSEHOLD_1,HOUSEHOLD,CA_4,CA,0,0.643660433747277
2016-03-23,HOUSEHOLD_1_489,HOUSEHOLD_1,HOUSEHOLD,TX_1,TX,2,1.0917455916236098
2016-03-23,HOUSEHOLD_1_489,HOUSEHOLD_1,HOUSEHOLD,TX_2,TX,0,1.427300783178661
2016-03-23,HOUSEHOLD_1_489,HOUSEHOLD_1,HOUSEHOLD,TX_3,TX,1,1.5623442302729704
2016-03-23,HOUSEHOLD_1_489,HOUSEHOLD_1,HOUSEHOLD,WI_1,WI,0,0.7983803239388909
2016-03-23,HOUSEHOLD_1_489,HOUSEHOLD_1,HOUSEHOLD,WI_2,WI,2,0.8091223747859293
2016-03-23,HOUSEHOLD_1_489,HOUSEHOLD_1,HOUSEHOLD,WI_3,WI,0,0.8569910603887468
2016-03-23,HOUSEHOLD_2_442,HOUSEHOLD_2,HOUSEHOLD,CA_1,CA,0,1.3459808452191993
2016-03-23,HOUSEHOLD_2_442,HOUSEHOLD_2,HOUSEHOLD,CA_2,CA,0,1.249456380365344
2016-03-23,HOUSEHOLD_2_442,HOUSEHOLD_2,HOUSEHOLD,CA_3,CA,1,0.8805529481162955
2016-03-23,HOUSEHOLD_2_442,HOUSEHOLD_2,HOUSEHOLD,CA_4,CA,0,0.46122445121777067
2016-03-23,HOUSEHOLD_2_442,HOUSEHOLD_2,HOUSEHOLD,TX_1,TX,0,0.49203260073620625
2016-03-23,HOUSEHOLD_2_442,HOUSEHOLD_2,HOUSEHOLD,TX_2,TX,0,0.9254414405121646
2016-03-23,HOUSEHOLD_2_442,HOUSEHOLD_2,HOUSEHOLD,TX_3,TX,1,0.6629760538658488
2016-03-23,HOUSEHOLD_2_442,HOUSEHOLD_2,HOUSEHOLD,WI_1,WI,0,1.0995930391248465
2016-03-23,HOUSEHOLD_2_442,HOUSEHOLD_2,HOUSEHOLD,WI_2,WI,1,1.0669685276707113
2016-03-23,HOUSEHOLD_2_442,HOUSEHOLD_2,HOUSEHOLD,WI_3,WI,0,0.7269086311381154
2016-03-24,FOODS_1_021,FOODS_1,FOODS,CA_1,CA,0,1.2526127955815567
2016-03-24,FOODS_1_021,FOODS_1,FOODS,CA_2,CA,0,2.4781653007121194
2016-03-24,FOODS_1_021,FOODS_1,FOODS,CA_3,CA,0,1.453332162093811
2016-03-24,FOODS_1_021,FOODS_1,FOODS,CA_4,CA,1,2.7540537584137774
2016-03-24,FOODS_1_021,FOODS_1,FOODS,TX_1,TX,0,0.5736856741547589
2016-03-24,FOODS_1_021,FOODS_1,FOODS,TX_2,TX,1,0.0007765827883591508
2016-03-24,FOODS_1_021,FOODS_1,FOODS,TX_3,TX,0,0.04795077571358931
2016-03-24,FOODS_1_021,FOODS_1,FOODS,WI_1,WI,0,1.543264278838399
2016-03-24,FOODS_1_021,FOODS_1,FOODS,WI_2,WI,2,0.7442031235285318
2016-03-24,FOODS_1_021,FOODS_1,FOODS,WI_3,WI,1,0.8580833714939695
2016-03-24,FOODS_2_035,FOODS_2,FOODS,CA_1,CA,1,0.8324304818633385
2016-03-24,FOODS_2_035,FOODS_2,FOODS,CA_2,CA,1,1.983623413468023
2016-03-24,FOODS_2_035,FOODS_2,FOODS,CA_3,CA,4,3.216385365131574
2016-03-24,FOODS_2_035,FOODS_2,FOODS,CA_4,CA,0,1.0777241845522738
2016-03-24,FOODS_2_035,FOODS_2,FOODS,TX_1,TX,0,0.9484118626386068
2016-03-24,FOODS_2_035,FOODS_2,FOODS,TX_2,TX,1,1.910922205919315
2016-03-24,FOODS_2_035,FOODS_2,FOODS,TX_3,TX,1,1.7073448858186817
2016-03-24,FOODS_2_035,FOODS_2,FOODS,WI_1,WI,1,0.9457302346400779
2016-03-24,FOODS_2_035,FOODS_2,FOODS,WI_2,WI,1,1.6360393252414112
2016-03-24,FOODS_2_035,FOODS_2,FOODS,WI_3,WI,5,1.3402587154906105
2016-03-24,FOODS_3_180,FOODS_3,FOODS,CA_1,CA,0,0.33365180129122846
2016-03-24,FOODS_3_180,FOODS_3,FOODS,CA_2,CA,0,0.37484515786855194
2016-03-24,FOODS_3_180,FOODS_3,FOODS,CA_3,CA,0,0.5885212673708905
2016-03-24,FOODS_3_180,FOODS_3,FOODS,CA_4,CA,0,0.38425628468753187
2016-03-24,FOODS_3_180,FOODS_3,FOODS,TX_1,TX,0,0.24155356627130456
2016-03-24,FOODS_3_180,FOODS_3,FOODS,TX_2,TX,0,0.4753318284302275
2016-03-24,FOODS_3_180,FOODS_3,FOODS,TX_3,TX,0,0.31892051856373704
2016-03-24,FOODS_3_180,FOODS_3,FOODS,WI_1,WI,2,0.6627314883405059
2016-03-24,FOODS_3_180,FOODS_3,FOODS,WI_2,WI,0,0.6766194089900491
2016-03-24,FOODS_3_180,FOODS_3,FOODS,WI_3,WI,0,0.45819471597736666
2016-03-24,FOODS_3_260,FOODS_3,FOODS,CA_1,CA,0,0.730658627919033
2016-03-24,FOODS_3_260,FOODS_3,FOODS,CA_2,CA,0,0.24237690050470861
2016-03-24,FOODS_3_260,FOODS_3,FOODS,CA_3,CA,0,0.3344569217177886
2016-03-24,FOODS_3_260,FOODS_3,FOODS,CA_4,CA,0,0.2158310243845686
2016-03-24,FOODS_3_260,FOODS_3,FOODS,TX_1,TX,0,0.08877131317689686
2016-03-24,FOODS_3_260,FOODS_3,FOODS,TX_2,TX,0,0.425717248978351
2016-03-24,FOODS_3_260,FOODS_3,FOODS,TX_3,TX,0,0.21516992145668593
2016-03-24,FOODS_3_260,FOODS_3,FOODS,WI_1,WI,0,0.36017560917486496
2016-03-24,FOODS_3_260,FOODS_3,FOODS,WI_2,WI,0,0.4399994052668974
2016-03-24,FOODS_3_260,FOODS_3,FOODS,WI_3,WI,0,0.2573782628908327
2016-03-24,HOBBIES_1_022,HOBBIES_1,HOBBIES,CA_1,CA,1,0.37562764862233927
2016-03-24,HOBBIES_1_022,HOBBIES_1,HOBBIES,CA_2,CA,0,0.292425063674862
2016-03-24,HOBBIES_1_022,HOBBIES_1,HOBBIES,CA_3,CA,0,0.5974835587059785
2016-03-24,HOBBIES_1_022,HOBBIES_1,HOBBIES,CA_4,CA,0,0.05960082279277889
2016-03-24,HOBBIES_1_022,HOBBIES_1,HOBBIES,TX_1,TX,0,0.21597310753103294
2016-03-24,HOBBIES_1_022,HOBBIES_1,HOBBIES,TX_2,TX,0,0.3678544583042578
2016-03-24,HOBBIES_1_022,HOBBIES_1,HOBBIES,TX_3,TX,0,0.3433496200109463
2016-03-24,HOBBIES_1_022,HOBBIES_1,HOBBIES,WI_1,WI,0,0.3443553365228475
2016-03-24,HOBBIES_1_022,HOBBIES_1,HOBBIES,WI_2,WI,0,0.16050904994977502
2016-03-24,HOBBIES_1_022,HOBBIES_1,HOBBIES,WI_3,WI,1,0.35553694024203564
2016-03-24,HOBBIES_1_209,HOBBIES_1,HOBBIES,CA_1,CA,6,3.1629157958988334
2016-03-24,HOBBIES_1_209,HOBBIES_1,HOBBIES,CA_2,CA,3,3.0887314839898568
2016-03-24,HOBBIES_1_209,HOBBIES_1,HOBBIES,CA_3,CA,9,6.52460526391789
2016-03-24,HOBBIES_1_209,HOBBIES_1,HOBBIES,CA_4,CA,0,0.022360385058410787
2016-03-24,HOBBIES_1_209,HOBBIES_1,HOBBIES,TX_1,TX,3,2.4480280699324726
2016-03-24,HOBBIES_1_209,HOBBIES_1,HOBBIES,TX_2,TX,1,1.6263551092698845
2016-03-24,HOBBIES_1_209,HOBBIES_1,HOBBIES,TX_3,TX,0,1.2229422264707785
2016-03-24,HOBBIES_1_209,HOBBIES_1,HOBBIES,WI_1,WI,0,1.7626452937339467
2016-03-24,HOBBIES_1_209,HOBBIES_1,HOBBIES,WI_2,WI,2,1.8662394311509265
2016-03-24,HOBBIES_1_209,HOBBIES_1,HOBBIES,WI_3,WI,2,2.0131038894239595
2016-03-24,HOBBIES_2_041,HOBBIES_2,HOBBIES,CA_1,CA,0,0.3873403431058233
2016-03-24,HOBBIES_2_041,HOBBIES_2,HOBBIES,CA_2,CA,10,0.7555315911817201
2016-03-24,HOBBIES_2_041,HOBBIES_2,HOBBIES,CA_3,CA,1,0.2942248758677934
2016-03-24,HOBBIES_2_041,HOBBIES_2,HOBBIES,CA_4,CA,0,0.3742302072664358
2016-03-24,HOBBIES_2_041,HOBBIES_2,HOBBIES,TX_1,TX,0,0.06464835559575692
2016-03-24,HOBBIES_2_041,HOBBIES_2,HOBBIES,TX_2,TX,0,0.7433276845110908
2016-03-24,HOBBIES_2_041,HOBBIES_2,HOBBIES,TX_3,TX,0,0.052507158312856156
2016-03-24,HOBBIES_2_041,HOBBIES_2,HOBBIES,WI_1,WI,0,0.153282979028648
2016-03-24,HOBBIES_2_041,HOBBIES_2,HOBBIES,WI_2,WI,0,0.43655546651841437
2016-03-24,HOBBIES_2_041,HOBBIES_2,HOBBIES,WI_3,WI,0,0.19437058768355067
2016-03-24,HOBBIES_2_113,HOBBIES_2,HOBBIES,CA_1,CA,1,0.06374229179207559
2016-03-24,HOBBIES_2_113,HOBBIES_2,HOBBIES,CA_2,CA,0,0.01329868649909275
2016-03-24,HOBBIES_2_113,HOBBIES_2,HOBBIES,CA_3,CA,0,0.20950351794071
2016-03-24,HOBBIES_2_113,HOBBIES_2,HOBBIES,CA_4,CA,0,0.052055860040905275
2016-03-24,HOBBIES_2_113,HOBBIES_2,HOBBIES,TX_1,TX,0,0.0988420522643361
2016-03-24,HOBBIES_2_113,HOBBIES_2,HOBBIES,TX_2,TX,0,0.192068451744727
2016-03-24,HOBBIES_2_113,HOBBIES_2,HOBBIES,TX_3,TX,0,0.0988420522643361
2016-03-24,HOBBIES_2_113,HOBBIES_2,HOBBIES,WI_1,WI,0,0.097881434075975
2016-03-24,HOBBIES_2_113,HOBBIES_2,HOBBIES,WI_2,WI,0,0.10850993443133636
2016-03-24,HOBBIES_2_113,HOBBIES_2,HOBBIES,WI_3,WI,0,0.012938267644904716
2016-03-24,HOUSEHOLD_1_100,HOUSEHOLD_1,HOUSEHOLD,CA_1,CA,2,0.800750997545215
2016-03-24,HOUSEHOLD_1_100,HOUSEHOLD_1,HOUSEHOLD,CA_2,CA,0,0.4644555134044114
2016-03-24,HOUSEHOLD_1_100,HOUSEHOLD_1,HOUSEHOLD,CA_3,CA,1,1.415507672946481
2016-03-24,HOUSEHOLD_1_100,HOUSEHOLD_1,HOUSEHOLD,CA_4,CA,0,0.3106532085162805
2016-03-24,HOUSEHOLD_1_100,HOUSEHOLD_1,HOUSEHOLD,TX_1,TX,0,0.5158677710121814
2016-03-24,HOUSEHOLD_1_100,HOUSEHOLD_1,HOUSEHOLD,TX_2,TX,2,0.5724968139585902
2016-03-24,HOUSEHOLD_1_100,HOUSEHOLD_1,HOUSEHOLD,TX_3,TX,0,0.9634200374813003
2016-03-24,HOUSEHOLD_1_100,HOUSEHOLD_1,HOUSEHOLD,WI_1,WI,1,0.4280977962137176
2016-03-24,HOUSEHOLD_1_100,HOUSEHOLD_1,HOUSEHOLD,WI_2,WI,0,0.08396989703345771
2016-03-24,HOUSEHOLD_1_100,HOUSEHOLD_1,HOUSEHOLD,WI_3,WI,2,0.27660878807308453
2016-03-24,HOUSEHOLD_1_290,HOUSEHOLD_1,HOUSEHOLD,CA_1,CA,2,0.9763901162911804
2016-03-24,HOUSEHOLD_1_290,HOUSEHOLD_1,HOUSEHOLD,CA_2,CA,1,0.7810874713536125
2016-03-24,HOUSEHOLD_1_290,HOUSEHOLD_1,HOUSEHOLD,CA_3,CA,6,1.2635665877717994
2016-03-24,HOUSEHOLD_1_290,HOUSEHOLD_1,HOUSEHOLD,CA_4,CA,0,0.2368228666251134
2016-03-24,HOUSEHOLD_1_290,HOUSEHOLD_1,HOUSEHOLD,TX_1,TX,1,1.3044209745462472
2016-03-24,HOUSEHOLD_1_290,HOUSEHOLD_1,HOUSEHOLD,TX_2,TX,1,0.9503118617689355
2016-03-24,HOUSEHOLD_1_290,HOUSEHOLD_1,HOUSEHOLD,TX_3,TX,1,1.8160472385566804
2016-03-24,HOUSEHOLD_1_290,HOUSEHOLD_1,HOUSEHOLD,WI_1,WI,0,0.39294409907999595
2016-03-24,HOUSEHOLD_1_290,HOUSEHOLD_1,HOUSEHOLD,WI_2,WI,0,2.2704173053563563
2016-03-24,HOUSEHOLD_1_290,HOUSEHOLD_1,HOUSEHOLD,WI_3,WI,1,1.0477268321394302
2016-03-24,HOUSEHOLD_1_370,HOUSEHOLD_1,HOUSEHOLD,CA_1,CA,1,1.1343381471518528
2016-03-24,HOUSEHOLD_1_370,HOUSEHOLD_1,HOUSEHOLD,CA_2,CA,0,3.1009619873441787
2016-03-24,HOUSEHOLD_1_370,HOUSEHOLD_1,HOUSEHOLD,CA_3,CA,3,2.523925720545825
2016-03-24,HOUSEHOLD_1_370,HOUSEHOLD_1,HOUSEHOLD,CA_4,CA,1,0.7860768484157213
2016-03-24,HOUSEHOLD_1_370,HOUSEHOLD_1,HOUSEHOLD,TX_1,TX,0,0.8115307230211174
2016-03-24,HOUSEHOLD_1_370,HOUSEHOLD_1,HOUSEHOLD,TX_2,TX,0,0.8000669360614754
2016-03-24,HOUSEHOLD_1_370,HOUSEHOLD_1,HOUSEHOLD,TX_3,TX,1,0.9598446425005623
2016-03-24,HOUSEHOLD_1_370,HOUSEHOLD_1,HOUSEHOLD,WI_1,WI,1,1.1293855953156446
2016-03-24,HOUSEHOLD_1_370,HOUSEHOLD_1,HOUSEHOLD,WI_2,WI,2,2.9512477770289895
2016-03-24,HOUSEHOLD_1_370,HOUSEHOLD_1,HOUSEHOLD,WI_3,WI,2,0.8961355115426998
2016-03-24,HOUSEHOLD_1_489,HOUSEHOLD_1,HOUSEHOLD,CA_1,CA,1,0.992750272666041
2016-03-24,HOUSEHOLD_1_489,HOUSEHOLD_1,HOUSEHOLD,CA_2,CA,1,1.0207701735974752
2016-03-24,HOUSEHOLD_1_489,HOUSEHOLD_1,HOUSEHOLD,CA_3,CA,3,2.3325651018415816
2016-03-24,HOUSEHOLD_1_489,HOUSEHOLD_1,HOUSEHOLD,CA_4,CA,0,0.6141666415341379
2016-03-24,HOUSEHOLD_1_489,HOUSEHOLD_1,HOUSEHOLD,TX_1,TX,1,1.4024001585253427
2016-03-24,HOUSEHOLD_1_489,HOUSEHOLD_1,HOUSEHOLD,TX_2,TX,0,1.1960917001025364
2016-03-24,HOUSEHOLD_1_489,HOUSEHOLD_1,HOUSEHOLD,TX_3,TX,0,1.3767976682274745
2016-03-24,HOUSEHOLD_1_489,HOUSEHOLD_1,HOUSEHOLD,WI_1,WI,0,0.6716328610468316
2016-03-24,HOUSEHOLD_1_489,HOUSEHOLD_1,HOUSEHOLD,WI_2,WI,1,0.8638857664358186
2016-03-24,HOUSEHOLD_1_489,HOUSEHOLD_1,HOUSEHOLD,WI_3,WI,1,0.7300008524767381
2016-03-24,HOUSEHOLD_2_442,HOUSEHOLD_2,HOUSEHOLD,CA_1,CA,0,1.2167817958924039
2016-03-24,HOUSEHOLD_2_442,HOUSEHOLD_2,HOUSEHOLD,CA_2,CA,0,1.2516056971463854
2016-03-24,HOUSEHOLD_2_442,HOUSEHOLD_2,HOUSEHOLD,CA_3,CA,2,0.943504311525233
2016-03-24,HOUSEHOLD_2_442,HOUSEHOLD_2,HOUSEHOLD,CA_4,CA,1,0.46122445121777067
2016-03-24,HOUSEHOLD_2_442,HOUSEHOLD_2,HOUSEHOLD,TX_1,TX,0,0.467685198982672
2016-03-24,HOUSEHOLD_2_442,HOUSEHOLD_2,HOUSEHOLD,TX_2,TX,0,0.8242595086950312
2016-03-24,HOUSEHOLD_2_442,HOUSEHOLD_2,HOUSEHOLD,TX_3,TX,0,0.7212677000486335
2016-03-24,HOUSEHOLD_2_442,HOUSEHOLD_2,HOUSEHOLD,WI_1,WI,1,1.017761591824032
2016-03-24,HOUSEHOLD_2_442,HOUSEHOLD_2,HOUSEHOLD,WI_2,WI,1,1.0268746445562094
2016-03-24,HOUSEHOLD_2_442,HOUSEHOLD_2,HOUSEHOLD,WI_3,WI,0,0.7112914310032198
2016-03-25,FOODS_1_021,FOODS_1,FOODS,CA_1,CA,4,1.0041448958179238
2016-03-25,FOODS_1_021,FOODS_1,FOODS,CA_2,CA,1,2.508715736560472
2016-03-25,FOODS_1_021,FOODS_1,FOODS,CA_3,CA,3,1.2512309771104229
2016-03-25,FOODS_1_021,FOODS_1,FOODS,CA_4,CA,0,3.6626304579456685
2016-03-25,FOODS_1_021,FOODS_1,FOODS,TX_1,TX,0,0.6089002509976554
2016-03-25,FOODS_1_021,FOODS_1,FOODS,TX_2,TX,0,0.35960736947038036
2016-03-25,FOODS_1_021,FOODS_1,FOODS,TX_3,TX,0,0.054255758494588406
2016-03-25,FOODS_1_021,FOODS_1,FOODS,WI_1,WI,3,1.2662800049804772
2016-03-25,FOODS_1_021,FOODS_1,FOODS,WI_2,WI,0,0.951615408337625
2016-03-25,FOODS_1_021,FOODS_1,FOODS,WI_3,WI,0,0.9481195369541799
2016-03-25,FOODS_2_035,FOODS_2,FOODS,CA_1,CA,2,0.7827807088232235
2016-03-25,FOODS_2_035,FOODS_2,FOODS,CA_2,CA,1,1.8398229546890954
2016-03-25,FOODS_2_035,FOODS_2,FOODS,CA_3,CA,0,3.6473865720142284
2016-03-25,FOODS_2_035,FOODS_2,FOODS,CA_4,CA,1,0.9250648927996986
2016-03-25,FOODS_2_035,FOODS_2,FOODS,TX_1,TX,2,0.7992098774864702
2016-03-25,FOODS_2_035,FOODS_2,FOODS,TX_2,TX,1,1.844099694650774
2016-03-25,FOODS_2_035,FOODS_2,FOODS,TX_3,TX,2,1.7280539193272353
2016-03-25,FOODS_2_035,FOODS_2,FOODS,WI_1,WI,0,0.9946272818267111
2016-03-25,FOODS_2_035,FOODS_2,FOODS,WI_2,WI,2,1.7198111097170847
2016-03-25,FOODS_2_035,FOODS_2,FOODS,WI_3,WI,1,1.517743316790856
2016-03-25,FOODS_3_180,FOODS_3,FOODS,CA_1,CA,0,0.3264998168827089
2016-03-25,FOODS_3_180,FOODS_3,FOODS,CA_2,CA,0,0.31746339714427807
2016-03-25,FOODS_3_180,FOODS_3,FOODS,CA_3,CA,1,0.5391042190734721
2016-03-25,FOODS_3_180,FOODS_3,FOODS,CA_4,CA,0,0.3460197163271819
2016-03-25,FOODS_3_180,FOODS_3,FOODS,TX_1,TX,0,0.19625088740168564
2016-03-25,FOODS_3_180,FOODS_3,FOODS,TX_2,TX,0,0.4090601247344179
2016-03-25,FOODS_3_180,FOODS_3,FOODS,TX_3,TX,0,0.25507348010168923
2016-03-25,FOODS_3_180,FOODS_3,FOODS,WI_1,WI,1,0.7391964689862758
2016-03-25,FOODS_3_180,FOODS_3,FOODS,WI_2,WI,1,0.6173464888975823
2016-03-25,FOODS_3_180,FOODS_3,FOODS,WI_3,WI,0,0.4155520103069463
2016-03-25,FOODS_3_260,FOODS_3,FOODS,CA_1,CA,2,0.635797513211102
2016-03-25,FOODS_3_260,FOODS_3,FOODS,CA_2,CA,1,0.15698616179824687
2016-03-25,FOODS_3_260,FOODS_3,FOODS,CA_3,CA,1,0.3432788924412351
2016-03-25,FOODS_3_260,FOODS_3,FOODS,CA_4,CA,1,0.1848739368986688
2016-03-25,FOODS_3_260,FOODS_3,FOODS,TX_1,TX,0,0.08877131317689686
2016-03-25,FOODS_3_260,FOODS_3,FOODS,TX_2,TX,0,0.38800962299018227
2016-03-25,FOODS_3_260,FOODS_3,FOODS,TX_3,TX,0,0.21286714528066372
2016-03-25,FOODS_3_260,FOODS_3,FOODS,WI_1,WI,0,0.32246798318669606
2016-03-25,FOODS_3_260,FOODS_3,FOODS,WI_2,WI,0,0.33917403395063733
2016-03-25,FOODS_3_260,FOODS_3,FOODS,WI_3,WI,0,0.2668166359039295
2016-03-25,HOBBIES_1_022,HOBBIES_1,HOBBIES,CA_1,CA,1,0.42880306400361495
2016-03-25,HOBBIES_1_022,HOBBIES_1,HOBBIES,CA_2,CA,0,0.2698797126031513
2016-03-25,HOBBIES_1_022,HOBBIES_1,HOBBIES,CA_3,CA,1,0.5870459981942389
2016-03-25,HOBBIES_1_022,HOBBIES_1,HOBBIES,CA_4,CA,0,0.05960082279277889
2016-03-25,HOBBIES_1_022,HOBBIES_1,HOBBIES,TX_1,TX,0,0.20289210416078624
2016-03-25,HOBBIES_1_022,HOBBIES_1,HOBBIES,TX_2,TX,1,0.33100495335144026
2016-03-25,HOBBIES_1_022,HOBBIES_1,HOBBIES,TX_3,TX,0,0.30369039662652747
2016-03-25,HOBBIES_1_022,HOBBIES_1,HOBBIES,WI_1,WI,0,0.3043694793056608
2016-03-25,HOBBIES_1_022,HOBBIES_1,HOBBIES,WI_2,WI,0,0.16050904994977502
2016-03-25,HOBBIES_1_022,HOBBIES_1,HOBBIES,WI_3,WI,0,0.41767297409597076
2016-03-25,HOBBIES_1_209,HOBBIES_1,HOBBIES,CA_1,CA,3,4.707115638483933
2016-03-25,HOBBIES_1_209,HOBBIES_1,HOBBIES,CA_2,CA,0,3.6347512403391247
2016-03-25,HOBBIES_1_209,HOBBIES_1,HOBBIES,CA_3,CA,26,10.15102983548235
2016-03-25,HOBBIES_1_209,HOBBIES_1,HOBBIES,CA_4,CA,0,0.028665367839409893
2016-03-25,HOBBIES_1_209,HOBBIES_1,HOBBIES,TX_1,TX,6,1.9424591525470842
2016-03-25,HOBBIES_1_209,HOBBIES_1,HOBBIES,TX_2,TX,0,1.7564153517485597
2016-03-25,HOBBIES_1_209,HOBBIES_1,HOBBIES,TX_3,TX,0,1.2955668698804783
2016-03-25,HOBBIES_1_209,HOBBIES_1,HOBBIES,WI_1,WI,2,1.453207672768016
2016-03-25,HOBBIES_1_209,HOBBIES_1,HOBBIES,WI_2,WI,2,2.2566774325425527
2016-03-25,HOBBIES_1_209,HOBBIES_1,HOBBIES,WI_3,WI,0,1.9118624293102824
2016-03-25,HOBBIES_2_041,HOBBIES_2,HOBBIES,CA_1,CA,1,0.36477296975551493
2016-03-25,HOBBIES_2_041,HOBBIES_2,HOBBIES,CA_2,CA,0,0.5250562363683491
2016-03-25,HOBBIES_2_041,HOBBIES_2,HOBBIES,CA_3,CA,2,0.5621048716638372
2016-03-25,HOBBIES_2_041,HOBBIES_2,HOBBIES,CA_4,CA,0,0.2711666869858843
2016-03-25,HOBBIES_2_041,HOBBIES_2,HOBBIES,TX_1,TX,0,0.0549597213997024
2016-03-25,HOBBIES_2_041,HOBBIES_2,HOBBIES,TX_2,TX,0,0.6251402514762903
2016-03-25,HOBBIES_2_041,HOBBIES_2,HOBBIES,TX_3,TX,0,0.0549597213997024
2016-03-25,HOBBIES_2_041,HOBBIES_2,HOBBIES,WI_1,WI,0,0.153282979028648
2016-03-25,HOBBIES_2_041,HOBBIES_2,HOBBIES,WI_2,WI,0,0.35996338676553724
2016-03-25,HOBBIES_2_041,HOBBIES_2,HOBBIES,WI_3,WI,0,0.18938182783205554
2016-03-25,HOBBIES_2_113,HOBBIES_2,HOBBIES,CA_1,CA,1,0.17195086965948803
2016-03-25,HOBBIES_2_113,HOBBIES_2,HOBBIES,CA_2,CA,0,0.01329868649909275
2016-03-25,HOBBIES_2_113,HOBBIES_2,HOBBIES,CA_3,CA,0,0.16999699375770164
2016-03-25,HOBBIES_2_113,HOBBIES_2,HOBBIES,CA_4,CA,0,0.052055860040905275
2016-03-25,HOBBIES_2_113,HOBBIES_2,HOBBIES,TX_1,TX,0,0.0988420522643361
2016-03-25,HOBBIES_2_113,HOBBIES_2,HOBBIES,TX_2,TX,0,0.192068451744727
2016-03-25,HOBBIES_2_113,HOBBIES_2,HOBBIES,TX_3,TX,0,0.0988420522643361
2016-03-25,HOBBIES_2_113,HOBBIES_2,HOBBIES,WI_1,WI,0,0.097881434075975
2016-03-25,HOBBIES_2_113,HOBBIES_2,HOBBIES,WI_2,WI,0,0.10850993443133636
2016-03-25,HOBBIES_2_113,HOBBIES_2,HOBBIES,WI_3,WI,0,0.012938267644904716
2016-03-25,HOUSEHOLD_1_100,HOUSEHOLD_1,HOUSEHOLD,CA_1,CA,2,0.8763983803963591
2016-03-25,HOUSEHOLD_1_100,HOUSEHOLD_1,HOUSEHOLD,CA_2,CA,0,0.44439825197993316
2016-03-25,HOUSEHOLD_1_100,HOUSEHOLD_1,HOUSEHOLD,CA_3,CA,2,1.3367079939679307
2016-03-25,HOUSEHOLD_1_100,HOUSEHOLD_1,HOUSEHOLD,CA_4,CA,1,0.2672436548506599
2016-03-25,HOUSEHOLD_1_100,HOUSEHOLD_1,HOUSEHOLD,TX_1,TX,1,0.48294363005825386
2016-03-25,HOUSEHOLD_1_100,HOUSEHOLD_1,HOUSEHOLD,TX_2,TX,1,0.5838853616018514
2016-03-25,HOUSEHOLD_1_100,HOUSEHOLD_1,HOUSEHOLD,TX_3,TX,0,0.84038359522588
2016-03-25,HOUSEHOLD_1_100,HOUSEHOLD_1,HOUSEHOLD,WI_1,WI,1,0.46199734462874575
2016-03-25,HOUSEHOLD_1_100,HOUSEHOLD_1,HOUSEHOLD,WI_2,WI,1,0.08396989703345771
2016-03-25,HOUSEHOLD_1_100,HOUSEHOLD_1,HOUSEHOLD,WI_3,WI,0,0.3724237793050735
2016-03-25,HOUSEHOLD_1_290,HOUSEHOLD_1,HOUSEHOLD,CA_1,CA,1,1.1214724699200262
2016-03-25,HOUSEHOLD_1_290,HOUSEHOLD_1,HOUSEHOLD,CA_2,CA,0,0.872992660399303
2016-03-25,HOUSEHOLD_1_290,HOUSEHOLD_1,HOUSEHOLD,CA_3,CA,3,1.620620490062284
2016-03-25,HOUSEHOLD_1_290,HOUSEHOLD_1,HOUSEHOLD,CA_4,CA,1,0.24788063412596642
2016-03-25,HOUSEHOLD_1_290,HOUSEHOLD_1,HOUSEHOLD,TX_1,TX,0,1.3567811172336484
2016-03-25,HOUSEHOLD_1_290,HOUSEHOLD_1,HOUSEHOLD,TX_2,TX,2,1.1200687898859993
2016-03-25,HOUSEHOLD_1_290,HOUSEHOLD_1,HOUSEHOLD,TX_3,TX,2,1.6672750924913824
2016-03-25,HOUSEHOLD_1_290,HOUSEHOLD_1,HOUSEHOLD,WI_1,WI,1,0.3825824341978765
2016-03-25,HOUSEHOLD_1_290,HOUSEHOLD_1,HOUSEHOLD,WI_2,WI,3,1.745272590325952
2016-03-25,HOUSEHOLD_1_290,HOUSEHOLD_1,HOUSEHOLD,WI_3,WI,0,1.1703249223109715
2016-03-25,HOUSEHOLD_1_370,HOUSEHOLD_1,HOUSEHOLD,CA_1,CA,0,1.2641273221839362
2016-03-25,HOUSEHOLD_1_370,HOUSEHOLD_1,HOUSEHOLD,CA_2,CA,1,2.550111857136492
2016-03-25,HOUSEHOLD_1_370,HOUSEHOLD_1,HOUSEHOLD,CA_3,CA,2,3.0154203126192956
2016-03-25,HOUSEHOLD_1_370,HOUSEHOLD_1,HOUSEHOLD,CA_4,CA,1,0.7898774623796662
2016-03-25,HOUSEHOLD_1_370,HOUSEHOLD_1,HOUSEHOLD,TX_1,TX,1,0.6863924750263952
2016-03-25,HOUSEHOLD_1_370,HOUSEHOLD_1,HOUSEHOLD,TX_2,TX,1,0.7830925590513048
2016-03-25,HOUSEHOLD_1_370,HOUSEHOLD_1,HOUSEHOLD,TX_3,TX,1,0.9792054339083427
2016-03-25,HOUSEHOLD_1_370,HOUSEHOLD_1,HOUSEHOLD,WI_1,WI,0,1.169254795475633
2016-03-25,HOUSEHOLD_1_370,HOUSEHOLD_1,HOUSEHOLD,WI_2,WI,0,2.884611975647323
2016-03-25,HOUSEHOLD_1_370,HOUSEHOLD_1,HOUSEHOLD,WI_3,WI,2,0.9624914916209334
2016-03-25,HOUSEHOLD_1_489,HOUSEHOLD_1,HOUSEHOLD,CA_1,CA,3,1.0093303589228897
2016-03-25,HOUSEHOLD_1_489,HOUSEHOLD_1,HOUSEHOLD,CA_2,CA,0,1.148884161159523
2016-03-25,HOUSEHOLD_1_489,HOUSEHOLD_1,HOUSEHOLD,CA_3,CA,1,2.577867879219647
2016-03-25,HOUSEHOLD_1_489,HOUSEHOLD_1,HOUSEHOLD,CA_4,CA,2,0.5669551908978439
2016-03-25,HOUSEHOLD_1_489,HOUSEHOLD_1,HOUSEHOLD,TX_1,TX,0,1.3570059295993002
2016-03-25,HOUSEHOLD_1_489,HOUSEHOLD_1,HOUSEHOLD,TX_2,TX,4,1.1055228674246467
2016-03-25,HOUSEHOLD_1_489,HOUSEHOLD_1,HOUSEHOLD,TX_3,TX,2,1.175580971103281
2016-03-25,HOUSEHOLD_1_489,HOUSEHOLD_1,HOUSEHOLD,WI_1,WI,0,0.6738089395388066
2016-03-25,HOUSEHOLD_1_489,HOUSEHOLD_1,HOUSEHOLD,WI_2,WI,3,0.8578395511159101
2016-03-25,HOUSEHOLD_1_489,HOUSEHOLD_1,HOUSEHOLD,WI_3,WI,2,0.848642068892816
2016-03-25,HOUSEHOLD_2_442,HOUSEHOLD_2,HOUSEHOLD,CA_1,CA,0,1.1340420496837946
2016-03-25,HOUSEHOLD_2_442,HOUSEHOLD_2,HOUSEHOLD,CA_2,CA,1,1.2018854442101075
2016-03-25,HOUSEHOLD_2_442,HOUSEHOLD_2,HOUSEHOLD,CA_3,CA,0,0.9913504695620966
2016-03-25,HOUSEHOLD_2_442,HOUSEHOLD_2,HOUSEHOLD,CA_4,CA,1,0.5401216554740963
2016-03-25,HOUSEHOLD_2_442,HOUSEHOLD_2,HOUSEHOLD,TX_1,TX,0,0.46024387604433076
2016-03-25,HOUSEHOLD_2_442,HOUSEHOLD_2,HOUSEHOLD,TX_2,TX,1,0.8650140159962594
2016-03-25,HOUSEHOLD_2_442,HOUSEHOLD_2,HOUSEHOLD,TX_3,TX,1,0.6186762260743908
2016-03-25,HOUSEHOLD_2_442,HOUSEHOLD_2,HOUSEHOLD,WI_1,WI,2,1.1214275413059598
2016-03-25,HOUSEHOLD_2_442,HOUSEHOLD_2,HOUSEHOLD,WI_2,WI,1,1.037217394105428
2016-03-25,HOUSEHOLD_2_442,HOUSEHOLD_2,HOUSEHOLD,WI_3,WI,0,0.6393080271136359
2016-03-26,FOODS_1_021,FOODS_1,FOODS,CA_1,CA,2,1.5379237764369607
2016-03-26,FOODS_1_021,FOODS_1,FOODS,CA_2,CA,3,2.5323080248313654
2016-03-26,FOODS_1_021,FOODS_1,FOODS,CA_3,CA,1,2.006775690086768
2016-03-26,FOODS_1_021,FOODS_1,FOODS,CA_4,CA,1,2.490131439461029
2016-03-26,FOODS_1_021,FOODS_1,FOODS,TX_1,TX,0,0.3836318622406561
2016-03-26,FOODS_1_021,FOODS_1,FOODS,TX_2,TX,0,0.32654690954317345
2016-03-26,FOODS_1_021,FOODS_1,FOODS,TX_3,TX,0,0.09202620360897926
2016-03-26,FOODS_1_021,FOODS_1,FOODS,WI_1,WI,0,1.9033010467033373
2016-03-26,FOODS_1_021,FOODS_1,FOODS,WI_2,WI,0,0.9297039267932522
2016-03-26,FOODS_1_021,FOODS_1,FOODS,WI_3,WI,0,0.9027186076762728
2016-03-26,FOODS_2_035,FOODS_2,FOODS,CA_1,CA,1,0.9263145833736744
2016-03-26,FOODS_2_035,FOODS_2,FOODS,CA_2,CA,2,1.9064864372180497
2016-03-26,FOODS_2_035,FOODS_2,FOODS,CA_3,CA,1,2.9126454396939927
2016-03-26,FOODS_2_035,FOODS_2,FOODS,CA_4,CA,1,1.006758641671339
2016-03-26,FOODS_2_035,FOODS_2,FOODS,TX_1,TX,0,0.934125010270918
2016-03-26,FOODS_2_035,FOODS_2,FOODS,TX_2,TX,4,2.084974235702403
2016-03-26,FOODS_2_035,FOODS_2,FOODS,TX_3,TX,2,1.8868610678948756
2016-03-26,FOODS_2_035,FOODS_2,FOODS,WI_1,WI,1,0.850450138557677
2016-03-26,FOODS_2_035,FOODS_2,FOODS,WI_2,WI,2,2.0445018995703697
2016-03-26,FOODS_2_035,FOODS_2,FOODS,WI_3,WI,2,1.7174855437151912
2016-03-26,FOODS_3_180,FOODS_3,FOODS,CA_1,CA,0,0.35913183398174636
2016-03-26,FOODS_3_180,FOODS_3,FOODS,CA_2,CA,0,0.3573636443811438
2016-03-26,FOODS_3_180,FOODS_3,FOODS,CA_3,CA,1,0.6267457336798282
2016-03-26,FOODS_3_180,FOODS_3,FOODS,CA_4,CA,0,0.3587771488668434
2016-03-26,FOODS_3_180,FOODS_3,FOODS,TX_1,TX,0,0.21147108176738583
2016-03-26,FOODS_3_180,FOODS_3,FOODS,TX_2,TX,0,0.43728454570746
2016-03-26,FOODS_3_180,FOODS_3,FOODS,TX_3,TX,0,0.26786770079288275
2016-03-26,FOODS_3_180,FOODS_3,FOODS,WI_1,WI,2,0.8634908412916383
2016-03-26,FOODS_3_180,FOODS_3,FOODS,WI_2,WI,0,0.7408614861981083
2016-03-26,FOODS_3_180,FOODS_3,FOODS,WI_3,WI,0,0.4529546061596616
2016-03-26,FOODS_3_260,FOODS_3,FOODS,CA_1,CA,0,0.7730842679422488
2016-03-26,FOODS_3_260,FOODS_3,FOODS,CA_2,CA,0,0.3543785872225575
2016-03-26,FOODS_3_260,FOODS_3,FOODS,CA_3,CA,1,0.44664317281231924
2016-03-26,FOODS_3_260,FOODS_3,FOODS,CA_4,CA,0,0.31232284318567155
2016-03-26,FOODS_3_260,FOODS_3,FOODS,TX_1,TX,0,0.10243828052888886
2016-03-26,FOODS_3_260,FOODS_3,FOODS,TX_2,TX,0,0.4047922281705801
2016-03-26,FOODS_3_260,FOODS_3,FOODS,TX_3,TX,0,0.1367664770188264
2016-03-26,FOODS_3_260,FOODS_3,FOODS,WI_1,WI,2,0.3228382977636443
2016-03-26,FOODS_3_260,FOODS_3,FOODS,WI_2,WI,0,0.36707160849171583
2016-03-26,FOODS_3_260,FOODS_3,FOODS,WI_3,WI,0,0.28390829832363834
2016-03-26,HOBBIES_1_022,HOBBIES_1,HOBBIES,CA_1,CA,0,0.5535925026659325
2016-03-26,HOBBIES_1_022,HOBBIES_1,HOBBIES,CA_2,CA,0,0.33289301860062337
2016-03-26,HOBBIES_1_022,HOBBIES_1,HOBBIES,CA_3,CA,1,0.7296692711290915
2016-03-26,HOBBIES_1_022,HOBBIES_1,HOBBIES,CA_4,CA,1,0.08972767700356776
2016-03-26,HOBBIES_1_022,HOBBIES_1,HOBBIES,TX_1,TX,0,0.2449497843705949
2016-03-26,HOBBIES_1_022,HOBBIES_1,HOBBIES,TX_2,TX,1,0.5127965624460827
2016-03-26,HOBBIES_1_022,HOBBIES_1,HOBBIES,TX_3,TX,2,0.3475404574871738
2016-03-26,HOBBIES_1_022,HOBBIES_1,HOBBIES,WI_1,WI,1,0.3695819731496158
2016-03-26,HOBBIES_1_022,HOBBIES_1,HOBBIES,WI_2,WI,0,0.197350345438425
2016-03-26,HOBBIES_1_022,HOBBIES_1,HOBBIES,WI_3,WI,1,0.45516971877521556
2016-03-26,HOBBIES_1_209,HOBBIES_1,HOBBIES,CA_1,CA,6,3.7008419439535745
2016-03-26,HOBBIES_1_209,HOBBIES_1,HOBBIES,CA_2,CA,9,3.649321874923626
2016-03-26,HOBBIES_1_209,HOBBIES_1,HOBBIES,CA_3,CA,24,4.798660244389899
2016-03-26,HOBBIES_1_209,HOBBIES_1,HOBBIES,CA_4,CA,0,0.05573039135428341
2016-03-26,HOBBIES_1_209,HOBBIES_1,HOBBIES,TX_1,TX,0,2.821070135294488
2016-03-26,HOBBIES_1_209,HOBBIES_1,HOBBIES,TX_2,TX,1,1.6832858967113735
2016-03-26,HOBBIES_1_209,HOBBIES_1,HOBBIES,TX_3,TX,0,1.340977391076896
2016-03-26,HOBBIES_1_209,HOBBIES_1,HOBBIES,WI_1,WI,3,2.4357075469726075
2016-03-26,HOBBIES_1_209,HOBBIES_1,HOBBIES,WI_2,WI,1,3.08763661805996
2016-03-26,HOBBIES_1_209,HOBBIES_1,HOBBIES,WI_3,WI,2,1.8733135389043043
2016-03-26,HOBBIES_2_041,HOBBIES_2,HOBBIES,CA_1,CA,1,0.47052584761921445
2016-03-26,HOBBIES_2_041,HOBBIES_2,HOBBIES,CA_2,CA,5,0.8893575448146027
2016-03-26,HOBBIES_2_041,HOBBIES_2,HOBBIES,CA_3,CA,1,0.8929639275131149
2016-03-26,HOBBIES_2_041,HOBBIES_2,HOBBIES,CA_4,CA,0,0.2839609076770782
2016-03-26,HOBBIES_2_041,HOBBIES_2,HOBBIES,TX_1,TX,0,0.06862668875169436
2016-03-26,HOBBIES_2_041,HOBBIES_2,HOBBIES,TX_2,TX,0,0.706191188575565
2016-03-26,HOBBIES_2_041,HOBBIES_2,HOBBIES,TX_3,TX,0,0.06620071507718821
2016-03-26,HOBBIES_2_041,HOBBIES_2,HOBBIES,WI_1,WI,1,0.17105428654896104
2016-03-26,HOBBIES_2_041,HOBBIES_2,HOBBIES,WI_2,WI,1,0.4007453938958484
2016-03-26,HOBBIES_2_041,HOBBIES_2,HOBBIES,WI_3,WI,0,0.13595781668974932
2016-03-26,HOBBIES_2_113,HOBBIES_2,HOBBIES,CA_1,CA,0,0.2662133190305313
2016-03-26,HOBBIES_2_113,HOBBIES_2,HOBBIES,CA_2,CA,0,0.023715400940917786
2016-03-26,HOBBIES_2_113,HOBBIES_2,HOBBIES,CA_3,CA,1,0.18336970907263656
2016-03-26,HOBBIES_2_113,HOBBIES_2,HOBBIES,CA_4,CA,0,0.06329685371839108
2016-03-26,HOBBIES_2_113,HOBBIES_2,HOBBIES,TX_1,TX,0,0.11250901961632807
2016-03-26,HOBBIES_2_113,HOBBIES_2,HOBBIES,TX_2,TX,0,0.19348468763514626
2016-03-26,HOBBIES_2_113,HOBBIES_2,HOBBIES,TX_3,TX,0,0.11008304594182189
2016-03-26,HOBBIES_2_113,HOBBIES_2,HOBBIES,WI_1,WI,0,0.11565274159628809
2016-03-26,HOBBIES_2_113,HOBBIES_2,HOBBIES,WI_2,WI,0,0.12204806103023222
2016-03-26,HOBBIES_2_113,HOBBIES_2,HOBBIES,WI_3,WI,0,0.023354982086729748
2016-03-26,HOUSEHOLD_1_100,HOUSEHOLD_1,HOUSEHOLD,CA_1,CA,0,1.161744756427615
2016-03-26,HOUSEHOLD_1_100,HOUSEHOLD_1,HOUSEHOLD,CA_2,CA,0,0.5672839445912655
2016-03-26,HOUSEHOLD_1_100,HOUSEHOLD_1,HOUSEHOLD,CA_3,CA,2,1.732145145679019
2016-03-26,HOUSEHOLD_1_100,HOUSEHOLD_1,HOUSEHOLD,CA_4,CA,1,0.4093093689641355
2016-03-26,HOUSEHOLD_1_100,HOUSEHOLD_1,HOUSEHOLD,TX_1,TX,0,0.5918880891582281
2016-03-26,HOUSEHOLD_1_100,HOUSEHOLD_1,HOUSEHOLD,TX_2,TX,1,0.7473121807018744
2016-03-26,HOUSEHOLD_1_100,HOUSEHOLD_1,HOUSEHOLD,TX_3,TX,1,1.000475845753829
2016-03-26,HOUSEHOLD_1_100,HOUSEHOLD_1,HOUSEHOLD,WI_1,WI,1,0.6115287718950042
2016-03-26,HOUSEHOLD_1_100,HOUSEHOLD_1,HOUSEHOLD,WI_2,WI,0,0.3187803815764287
2016-03-26,HOUSEHOLD_1_100,HOUSEHOLD_1,HOUSEHOLD,WI_3,WI,0,0.43239916049037525
2016-03-26,HOUSEHOLD_1_290,HOUSEHOLD_1,HOUSEHOLD,CA_1,CA,2,1.2326859541560804
2016-03-26,HOUSEHOLD_1_290,HOUSEHOLD_1,HOUSEHOLD,CA_2,CA,2,0.7133582075295138
2016-03-26,HOUSEHOLD_1_290,HOUSEHOLD_1,HOUSEHOLD,CA_3,CA,0,1.8871586422985416
2016-03-26,HOUSEHOLD_1_290,HOUSEHOLD_1,HOUSEHOLD,CA_4,CA,0,0.4359532855864853
2016-03-26,HOUSEHOLD_1_290,HOUSEHOLD_1,HOUSEHOLD,TX_1,TX,2,1.3842504705472254
2016-03-26,HOUSEHOLD_1_290,HOUSEHOLD_1,HOUSEHOLD,TX_2,TX,0,1.37278296278846
2016-03-26,HOUSEHOLD_1_290,HOUSEHOLD_1,HOUSEHOLD,TX_3,TX,4,2.3591820795667595
2016-03-26,HOUSEHOLD_1_290,HOUSEHOLD_1,HOUSEHOLD,WI_1,WI,0,0.5906506411211319
2016-03-26,HOUSEHOLD_1_290,HOUSEHOLD_1,HOUSEHOLD,WI_2,WI,2,2.239200271130975
2016-03-26,HOUSEHOLD_1_290,HOUSEHOLD_1,HOUSEHOLD,WI_3,WI,0,1.1773722459900664
2016-03-26,HOUSEHOLD_1_370,HOUSEHOLD_1,HOUSEHOLD,CA_1,CA,0,1.0623028345013616
2016-03-26,HOUSEHOLD_1_370,HOUSEHOLD_1,HOUSEHOLD,CA_2,CA,1,3.0039113322134607
2016-03-26,HOUSEHOLD_1_370,HOUSEHOLD_1,HOUSEHOLD,CA_3,CA,2,2.7918721413882075
2016-03-26,HOUSEHOLD_1_370,HOUSEHOLD_1,HOUSEHOLD,CA_4,CA,0,0.8679763893183255
2016-03-26,HOUSEHOLD_1_370,HOUSEHOLD_1,HOUSEHOLD,TX_1,TX,0,0.8583545373898733
2016-03-26,HOUSEHOLD_1_370,HOUSEHOLD_1,HOUSEHOLD,TX_2,TX,0,0.9063968491566406
2016-03-26,HOUSEHOLD_1_370,HOUSEHOLD_1,HOUSEHOLD,TX_3,TX,0,1.0187617004180551
2016-03-26,HOUSEHOLD_1_370,HOUSEHOLD_1,HOUSEHOLD,WI_1,WI,0,0.9767354971094074
2016-03-26,HOUSEHOLD_1_370,HOUSEHOLD_1,HOUSEHOLD,WI_2,WI,2,2.538619526938469
2016-03-26,HOUSEHOLD_1_370,HOUSEHOLD_1,HOUSEHOLD,WI_3,WI,0,1.1356061668734438
2016-03-26,HOUSEHOLD_1_489,HOUSEHOLD_1,HOUSEHOLD,CA_1,CA,1,1.0964389704591992
2016-03-26,HOUSEHOLD_1_489,HOUSEHOLD_1,HOUSEHOLD,CA_2,CA,0,1.0575206757723288
2016-03-26,HOUSEHOLD_1_489,HOUSEHOLD_1,HOUSEHOLD,CA_3,CA,3,2.2053797300830653
2016-03-26,HOUSEHOLD_1_489,HOUSEHOLD_1,HOUSEHOLD,CA_4,CA,1,0.7310022403584427
2016-03-26,HOUSEHOLD_1_489,HOUSEHOLD_1,HOUSEHOLD,TX_1,TX,6,1.1124582168161044
2016-03-26,HOUSEHOLD_1_489,HOUSEHOLD_1,HOUSEHOLD,TX_2,TX,1,1.5766237775238057
2016-03-26,HOUSEHOLD_1_489,HOUSEHOLD_1,HOUSEHOLD,TX_3,TX,0,1.6515106851484636
2016-03-26,HOUSEHOLD_1_489,HOUSEHOLD_1,HOUSEHOLD,WI_1,WI,0,0.7140861806448772
2016-03-26,HOUSEHOLD_1_489,HOUSEHOLD_1,HOUSEHOLD,WI_2,WI,1,1.0386353910741637
2016-03-26,HOUSEHOLD_1_489,HOUSEHOLD_1,HOUSEHOLD,WI_3,WI,0,0.9514854562618397
2016-03-26,HOUSEHOLD_2_442,HOUSEHOLD_2,HOUSEHOLD,CA_1,CA,0,1.308666033438024
2016-03-26,HOUSEHOLD_2_442,HOUSEHOLD_2,HOUSEHOLD,CA_2,CA,2,1.6534787257723527
2016-03-26,HOUSEHOLD_2_442,HOUSEHOLD_2,HOUSEHOLD,CA_3,CA,1,1.0512701334351835
2016-03-26,HOUSEHOLD_2_442,HOUSEHOLD_2,HOUSEHOLD,CA_4,CA,2,0.6362909643239871
2016-03-26,HOUSEHOLD_2_442,HOUSEHOLD_2,HOUSEHOLD,TX_1,TX,0,0.4149147460439432
2016-03-26,HOUSEHOLD_2_442,HOUSEHOLD_2,HOUSEHOLD,TX_2,TX,2,0.9502516984367941
2016-03-26,HOUSEHOLD_2_442,HOUSEHOLD_2,HOUSEHOLD,TX_3,TX,1,0.7447981430818079
2016-03-26,HOUSEHOLD_2_442,HOUSEHOLD_2,HOUSEHOLD,WI_1,WI,2,1.382610466517294
2016-03-26,HOUSEHOLD_2_442,HOUSEHOLD_2,HOUSEHOLD,WI_2,WI,1,1.2471834049921628
2016-03-26,HOUSEHOLD_2_442,HOUSEHOLD_2,HOUSEHOLD,WI_3,WI,2,0.7670294141189727
2016-03-27,FOODS_1_021,FOODS_1,FOODS,CA_1,CA,3,1.7737266562495515
2016-03-27,FOODS_1_021,FOODS_1,FOODS,CA_2,CA,0,4.2361290943238465
2016-03-27,FOODS_1_021,FOODS_1,FOODS,CA_3,CA,1,2.2501729770683956
2016-03-27,FOODS_1_021,FOODS_1,FOODS,CA_4,CA,4,4.677091757950162
2016-03-27,FOODS_1_021,FOODS_1,FOODS,TX_1,TX,0,0.4448819494242118
2016-03-27,FOODS_1_021,FOODS_1,FOODS,TX_2,TX,0,0.35362547359770324
2016-03-27,FOODS_1_021,FOODS_1,FOODS,TX_3,TX,0,0.10371095969687537
2016-03-27,FOODS_1_021,FOODS_1,FOODS,WI_1,WI,0,1.9265325010717163
2016-03-27,FOODS_1_021,FOODS_1,FOODS,WI_2,WI,1,0.9451084653846411
2016-03-27,FOODS_1_021,FOODS_1,FOODS,WI_3,WI,0,0.934867923082513
2016-03-27,FOODS_2_035,FOODS_2,FOODS,CA_1,CA,0,1.0909486561671746
2016-03-27,FOODS_2_035,FOODS_2,FOODS,CA_2,CA,4,2.4324616259615155
2016-03-27,FOODS_2_035,FOODS_2,FOODS,CA_3,CA,0,3.9118542391238136
2016-03-27,FOODS_2_035,FOODS_2,FOODS,CA_4,CA,2,1.2511159199691484
2016-03-27,FOODS_2_035,FOODS_2,FOODS,TX_1,TX,1,0.9731229858551288
2016-03-27,FOODS_2_035,FOODS_2,FOODS,TX_2,TX,3,2.345858807580555
2016-03-27,FOODS_2_035,FOODS_2,FOODS,TX_3,TX,0,2.292331014684704
2016-03-27,FOODS_2_035,FOODS_2,FOODS,WI_1,WI,1,1.2168522775400687
2016-03-27,FOODS_2_035,FOODS_2,FOODS,WI_2,WI,1,2.2380640877236626
2016-03-27,FOODS_2_035,FOODS_2,FOODS,WI_3,WI,1,2.070018671174163
2016-03-27,FOODS_3_180,FOODS_3,FOODS,CA_1,CA,1,0.4011879627899212
2016-03-27,FOODS_3_180,FOODS_3,FOODS,CA_2,CA,0,0.389948597457409
2016-03-27,FOODS_3_180,FOODS_3,FOODS,CA_3,CA,0,0.6759964400267297
2016-03-27,FOODS_3_180,FOODS_3,FOODS,CA_4,CA,0,0.3965681953675975
2016-03-27,FOODS_3_180,FOODS_3,FOODS,TX_1,TX,1,0.2041862474001201
2016-03-27,FOODS_3_180,FOODS_3,FOODS,TX_2,TX,0,0.44825498248094486
2016-03-27,FOODS_3_180,FOODS_3,FOODS,TX_3,TX,0,0.2836893642676936
2016-03-27,FOODS_3_180,FOODS_3,FOODS,WI_1,WI,0,1.1105656494715777
2016-03-27,FOODS_3_180,FOODS_3,FOODS,WI_2,WI,0,0.6796632431164347
2016-03-27,FOODS_3_180,FOODS_3,FOODS,WI_3,WI,2,0.5115620084507186
2016-03-27,FOODS_3_260,FOODS_3,FOODS,CA_1,CA,3,0.7437736666669648
2016-03-27,FOODS_3_260,FOODS_3,FOODS,CA_2,CA,2,0.3200727883095178
2016-03-27,FOODS_3_260,FOODS_3,FOODS,CA_3,CA,1,0.48279969793596456
2016-03-27,FOODS_3_260,FOODS_3,FOODS,CA_4,CA,0,0.26797074498194
2016-03-27,FOODS_3_260,FOODS_3,FOODS,TX_1,TX,1,0.0983230240811447
2016-03-27,FOODS_3_260,FOODS_3,FOODS,TX_2,TX,0,0.41555840972585584
2016-03-27,FOODS_3_260,FOODS_3,FOODS,TX_3,TX,0,0.14438718041262846
2016-03-27,FOODS_3_260,FOODS_3,FOODS,WI_1,WI,1,0.5128284866782219
2016-03-27,FOODS_3_260,FOODS_3,FOODS,WI_2,WI,0,0.4080311807768594
2016-03-27,FOODS_3_260,FOODS_3,FOODS,WI_3,WI,1,0.28331026091585504
2016-03-27,HOBBIES_1_022,HOBBIES_1,HOBBIES,CA_1,CA,0,0.5708418013535935
2016-03-27,HOBBIES_1_022,HOBBIES_1,HOBBIES,CA_2,CA,0,0.39218809756308953
2016-03-27,HOBBIES_1_022,HOBBIES_1,HOBBIES,CA_3,CA,0,0.8139848893511663
2016-03-27,HOBBIES_1_022,HOBBIES_1,HOBBIES,CA_4,CA,0,0.2280578629949099
2016-03-27,HOBBIES_1_022,HOBBIES_1,HOBBIES,TX_1,TX,1,0.2617866886654598
2016-03-27,HOBBIES_1_022,HOBBIES_1,HOBBIES,TX_2,TX,0,0.5475112831477228
2016-03-27,HOBBIES_1_022,HOBBIES_1,HOBBIES,TX_3,TX,1,0.5222404112652215
2016-03-27,HOBBIES_1_022,HOBBIES_1,HOBBIES,WI_1,WI,1,0.5660895955016614
2016-03-27,HOBBIES_1_022,HOBBIES_1,HOBBIES,WI_2,WI,0,0.21890705604950772
2016-03-27,HOBBIES_1_022,HOBBIES_1,HOBBIES,WI_3,WI,1,0.6327354852841983
2016-03-27,HOBBIES_1_209,HOBBIES_1,HOBBIES,CA_1,CA,2,5.052357857826441
2016-03-27,HOBBIES_1_209,HOBBIES_1,HOBBIES,CA_2,CA,6,4.385622002137781
2016-03-27,HOBBIES_1_209,HOBBIES_1,HOBBIES,CA_3,CA,6,9.51659930724486
2016-03-27,HOBBIES_1_209,HOBBIES_1,HOBBIES,CA_4,CA,0,0.08876168704928457
2016-03-27,HOBBIES_1_209,HOBBIES_1,HOBBIES,TX_1,TX,8,4.054339308680897
2016-03-27,HOBBIES_1_209,HOBBIES_1,HOBBIES,TX_2,TX,2,2.330565543010348
2016-03-27,HOBBIES_1_209,HOBBIES_1,HOBBIES,TX_3,TX,0,1.7089827681394731
2016-03-27,HOBBIES_1_209,HOBBIES_1,HOBBIES,WI_1,WI,1,2.798963379129436
2016-03-27,HOBBIES_1_209,HOBBIES_1,HOBBIES,WI_2,WI,1,2.8211417724212398
2016-03-27,HOBBIES_1_209,HOBBIES_1,HOBBIES,WI_3,WI,24,3.127474327691893
2016-03-27,HOBBIES_2_041,HOBBIES_2,HOBBIES,CA_1,CA,0,0.5542824960395771
2016-03-27,HOBBIES_2_041,HOBBIES_2,HOBBIES,CA_2,CA,0,1.9756581560334314
2016-03-27,HOBBIES_2_041,HOBBIES_2,HOBBIES,CA_3,CA,0,1.0350850730717487
2016-03-27,HOBBIES_2_041,HOBBIES_2,HOBBIES,CA_4,CA,0,0.2951974660727359
2016-03-27,HOBBIES_2_041,HOBBIES_2,HOBBIES,TX_1,TX,1,0.06451143230395026
2016-03-27,HOBBIES_2_041,HOBBIES_2,HOBBIES,TX_2,TX,1,0.6388848376633502
2016-03-27,HOBBIES_2_041,HOBBIES_2,HOBBIES,TX_3,TX,0,0.06208545862944405
2016-03-27,HOBBIES_2_041,HOBBIES_2,HOBBIES,WI_1,WI,0,0.3547400780578753
2016-03-27,HOBBIES_2_041,HOBBIES_2,HOBBIES,WI_2,WI,0,0.44357696607778535
2016-03-27,HOBBIES_2_041,HOBBIES_2,HOBBIES,WI_3,WI,1,0.14131373597391494
2016-03-27,HOBBIES_2_113,HOBBIES_2,HOBBIES,CA_1,CA,0,0.2061885663608515
2016-03-27,HOBBIES_2_113,HOBBIES_2,HOBBIES,CA_2,CA,0,0.026211123188787065
2016-03-27,HOBBIES_2_113,HOBBIES_2,HOBBIES,CA_3,CA,0,0.2814278331156724
2016-03-27,HOBBIES_2_113,HOBBIES_2,HOBBIES,CA_4,CA,1,0.059181597270646924
2016-03-27,HOBBIES_2_113,HOBBIES_2,HOBBIES,TX_1,TX,0,0.1083937631685839
2016-03-27,HOBBIES_2_113,HOBBIES_2,HOBBIES,TX_2,TX,0,0.131906471926369
2016-03-27,HOBBIES_2_113,HOBBIES_2,HOBBIES,TX_3,TX,0,0.11770374933562386
2016-03-27,HOBBIES_2_113,HOBBIES_2,HOBBIES,WI_1,WI,0,0.015579420276784328
2016-03-27,HOBBIES_2_113,HOBBIES_2,HOBBIES,WI_2,WI,0,0.11793280458248805
2016-03-27,HOBBIES_2_113,HOBBIES_2,HOBBIES,WI_3,WI,0,0.017822799805688423
2016-03-27,HOUSEHOLD_1_100,HOUSEHOLD_1,HOUSEHOLD,CA_1,CA,2,1.6310157884180079
2016-03-27,HOUSEHOLD_1_100,HOUSEHOLD_1,HOUSEHOLD,CA_2,CA,0,0.7538317809011938
2016-03-27,HOUSEHOLD_1_100,HOUSEHOLD_1,HOUSEHOLD,CA_3,CA,5,2.0900590576836136
2016-03-27,HOUSEHOLD_1_100,HOUSEHOLD_1,HOUSEHOLD,CA_4,CA,0,0.5217162581745571
2016-03-27,HOUSEHOLD_1_100,HOUSEHOLD_1,HOUSEHOLD,TX_1,TX,1,0.6658981274843072
2016-03-27,HOUSEHOLD_1_100,HOUSEHOLD_1,HOUSEHOLD,TX_2,TX,1,1.1076425752290953
2016-03-27,HOUSEHOLD_1_100,HOUSEHOLD_1,HOUSEHOLD,TX_3,TX,1,1.2756510088305872
2016-03-27,HOUSEHOLD_1_100,HOUSEHOLD_1,HOUSEHOLD,WI_1,WI,0,0.7680697136146993
2016-03-27,HOUSEHOLD_1_100,HOUSEHOLD_1,HOUSEHOLD,WI_2,WI,1,0.31264069569384917
2016-03-27,HOUSEHOLD_1_100,HOUSEHOLD_1,HOUSEHOLD,WI_3,WI,0,0.5258345713983772
2016-03-27,HOUSEHOLD_1_290,HOUSEHOLD_1,HOUSEHOLD,CA_1,CA,4,1.619257025985862
2016-03-27,HOUSEHOLD_1_290,HOUSEHOLD_1,HOUSEHOLD,CA_2,CA,1,1.2700415330204822
2016-03-27,HOUSEHOLD_1_290,HOUSEHOLD_1,HOUSEHOLD,CA_3,CA,0,1.9214520115201459
2016-03-27,HOUSEHOLD_1_290,HOUSEHOLD_1,HOUSEHOLD,CA_4,CA,1,0.32957597425379886
2016-03-27,HOUSEHOLD_1_290,HOUSEHOLD_1,HOUSEHOLD,TX_1,TX,3,1.8392243634624863
2016-03-27,HOUSEHOLD_1_290,HOUSEHOLD_1,HOUSEHOLD,TX_2,TX,3,1.3683451008124528
2016-03-27,HOUSEHOLD_1_290,HOUSEHOLD_1,HOUSEHOLD,TX_3,TX,1,2.3845415047079217
2016-03-27,HOUSEHOLD_1_290,HOUSEHOLD_1,HOUSEHOLD,WI_1,WI,0,0.5019101220202143
2016-03-27,HOUSEHOLD_1_290,HOUSEHOLD_1,HOUSEHOLD,WI_2,WI,1,2.5182173378378994
2016-03-27,HOUSEHOLD_1_290,HOUSEHOLD_1,HOUSEHOLD,WI_3,WI,2,1.4970186929057505
2016-03-27,HOUSEHOLD_1_370,HOUSEHOLD_1,HOUSEHOLD,CA_1,CA,0,1.339440862415326
2016-03-27,HOUSEHOLD_1_370,HOUSEHOLD_1,HOUSEHOLD,CA_2,CA,2,4.02187805098026
2016-03-27,HOUSEHOLD_1_370,HOUSEHOLD_1,HOUSEHOLD,CA_3,CA,3,3.5311395972308475
2016-03-27,HOUSEHOLD_1_370,HOUSEHOLD_1,HOUSEHOLD,CA_4,CA,2,0.8207826832766248
2016-03-27,HOUSEHOLD_1_370,HOUSEHOLD_1,HOUSEHOLD,TX_1,TX,1,0.7866234668310735
2016-03-27,HOUSEHOLD_1_370,HOUSEHOLD_1,HOUSEHOLD,TX_2,TX,2,0.8816000787747432
2016-03-27,HOUSEHOLD_1_370,HOUSEHOLD_1,HOUSEHOLD,TX_3,TX,2,1.0742400644111985
2016-03-27,HOUSEHOLD_1_370,HOUSEHOLD_1,HOUSEHOLD,WI_1,WI,2,1.3928491444609028
2016-03-27,HOUSEHOLD_1_370,HOUSEHOLD_1,HOUSEHOLD,WI_2,WI,6,3.164365340809342
2016-03-27,HOUSEHOLD_1_370,HOUSEHOLD_1,HOUSEHOLD,WI_3,WI,1,1.1583039853777002
2016-03-27,HOUSEHOLD_1_489,HOUSEHOLD_1,HOUSEHOLD,CA_1,CA,0,1.2734929098107164
2016-03-27,HOUSEHOLD_1_489,HOUSEHOLD_1,HOUSEHOLD,CA_2,CA,3,1.2972788124244412
2016-03-27,HOUSEHOLD_1_489,HOUSEHOLD_1,HOUSEHOLD,CA_3,CA,3,3.059959475243356
2016-03-27,HOUSEHOLD_1_489,HOUSEHOLD_1,HOUSEHOLD,CA_4,CA,0,0.7979084951367742
2016-03-27,HOUSEHOLD_1_489,HOUSEHOLD_1,HOUSEHOLD,TX_1,TX,0,3.240402538147935
2016-03-27,HOUSEHOLD_1_489,HOUSEHOLD_1,HOUSEHOLD,TX_2,TX,1,1.9669263164144932
2016-03-27,HOUSEHOLD_1_489,HOUSEHOLD_1,HOUSEHOLD,TX_3,TX,4,1.7852922913851783
2016-03-27,HOUSEHOLD_1_489,HOUSEHOLD_1,HOUSEHOLD,WI_1,WI,1,0.8377919933939947
2016-03-27,HOUSEHOLD_1_489,HOUSEHOLD_1,HOUSEHOLD,WI_2,WI,0,1.1138659782016946
2016-03-27,HOUSEHOLD_1_489,HOUSEHOLD_1,HOUSEHOLD,WI_3,WI,0,0.9111867519641939
2016-03-27,HOUSEHOLD_2_442,HOUSEHOLD_2,HOUSEHOLD,CA_1,CA,1,1.4536407946282945
2016-03-27,HOUSEHOLD_2_442,HOUSEHOLD_2,HOUSEHOLD,CA_2,CA,5,2.1665716663461643
2016-03-27,HOUSEHOLD_2_442,HOUSEHOLD_2,HOUSEHOLD,CA_3,CA,3,1.337105604423714
2016-03-27,HOUSEHOLD_2_442,HOUSEHOLD_2,HOUSEHOLD,CA_4,CA,1,0.847175728990978
2016-03-27,HOUSEHOLD_2_442,HOUSEHOLD_2,HOUSEHOLD,TX_1,TX,0,0.44901126152087917
2016-03-27,HOUSEHOLD_2_442,HOUSEHOLD_2,HOUSEHOLD,TX_2,TX,1,1.179945975183427
2016-03-27,HOUSEHOLD_2_442,HOUSEHOLD_2,HOUSEHOLD,TX_3,TX,1,0.867437511102164
2016-03-27,HOUSEHOLD_2_442,HOUSEHOLD_2,HOUSEHOLD,WI_1,WI,2,1.717279921959264
2016-03-27,HOUSEHOLD_2_442,HOUSEHOLD_2,HOUSEHOLD,WI_2,WI,2,1.5316064120173172
2016-03-27,HOUSEHOLD_2_442,HOUSEHOLD_2,HOUSEHOLD,WI_3,WI,1,1.0168534221517909
2016-03-28,FOODS_1_021,FOODS_1,FOODS,CA_1,CA,3,1.7164654696937134
2016-03-28,FOODS_1_021,FOODS_1,FOODS,CA_2,CA,2,2.236627075001312
2016-03-28,FOODS_1_021,FOODS_1,FOODS,CA_3,CA,0,1.758886517013208
2016-03-28,FOODS_1_021,FOODS_1,FOODS,CA_4,CA,0,2.052265827524607
2016-03-28,FOODS_1_021,FOODS_1,FOODS,TX_1,TX,2,0.3708604847181546
2016-03-28,FOODS_1_021,FOODS_1,FOODS,TX_2,TX,0,0.2713889888197904
2016-03-28,FOODS_1_021,FOODS_1,FOODS,TX_3,TX,0,0.07209547257447711
2016-03-28,FOODS_1_021,FOODS_1,FOODS,WI_1,WI,2,1.4527557271487035
2016-03-28,FOODS_1_021,FOODS_1,FOODS,WI_2,WI,0,0.878481925915026
2016-03-28,FOODS_1_021,FOODS_1,FOODS,WI_3,WI,1,0.7325942580070811
2016-03-28,FOODS_2_035,FOODS_2,FOODS,CA_1,CA,4,1.0631183422476433
2016-03-28,FOODS_2_035,FOODS_2,FOODS,CA_2,CA,3,2.5858224555238647
2016-03-28,FOODS_2_035,FOODS_2,FOODS,CA_3,CA,3,3.5463396231963884
2016-03-28,FOODS_2_035,FOODS_2,FOODS,CA_4,CA,1,1.242314566665187
2016-03-28,FOODS_2_035,FOODS_2,FOODS,TX_1,TX,2,1.2287980171518942
2016-03-28,FOODS_2_035,FOODS_2,FOODS,TX_2,TX,1,2.5968411579913995
2016-03-28,FOODS_2_035,FOODS_2,FOODS,TX_3,TX,3,2.1375756462857667
2016-03-28,FOODS_2_035,FOODS_2,FOODS,WI_1,WI,2,1.1314414087144316
2016-03-28,FOODS_2_035,FOODS_2,FOODS,WI_2,WI,2,2.1467682276788507
2016-03-28,FOODS_2_035,FOODS_2,FOODS,WI_3,WI,0,1.9776359874645433
2016-03-28,FOODS_3_180,FOODS_3,FOODS,CA_1,CA,0,0.5469470685138437
2016-03-28,FOODS_3_180,FOODS_3,FOODS,CA_2,CA,0,0.409762589613972
2016-03-28,FOODS_3_180,FOODS_3,FOODS,CA_3,CA,2,0.7067774490200404
2016-03-28,FOODS_3_180,FOODS_3,FOODS,CA_4,CA,2,0.4211854721659059
2016-03-28,FOODS_3_180,FOODS_3,FOODS,TX_1,TX,0,0.36486334495311185
2016-03-28,FOODS_3_180,FOODS_3,FOODS,TX_2,TX,0,0.4519880146038996
2016-03-28,FOODS_3_180,FOODS_3,FOODS,TX_3,TX,0,0.33092200636030045
2016-03-28,FOODS_3_180,FOODS_3,FOODS,WI_1,WI,1,1.0373899984595265
2016-03-28,FOODS_3_180,FOODS_3,FOODS,WI_2,WI,1,0.6391607692846702
2016-03-28,FOODS_3_180,FOODS_3,FOODS,WI_3,WI,1,0.6261812944653479
2016-03-28,FOODS_3_260,FOODS_3,FOODS,CA_1,CA,0,1.0120299474876342
2016-03-28,FOODS_3_260,FOODS_3,FOODS,CA_2,CA,0,0.46908304027770426
2016-03-28,FOODS_3_260,FOODS_3,FOODS,CA_3,CA,1,0.5763800479860488
2016-03-28,FOODS_3_260,FOODS_3,FOODS,CA_4,CA,1,0.2560911302418651
2016-03-28,FOODS_3_260,FOODS_3,FOODS,TX_1,TX,0,0.22732936344220134
2016-03-28,FOODS_3_260,FOODS_3,FOODS,TX_2,TX,0,0.3947984507570533
2016-03-28,FOODS_3_260,FOODS_3,FOODS,TX_3,TX,0,0.13711686431465972
2016-03-28,FOODS_3_260,FOODS_3,FOODS,WI_1,WI,0,0.4898996341556258
2016-03-28,FOODS_3_260,FOODS_3,FOODS,WI_2,WI,1,0.34355948968334243
2016-03-28,FOODS_3_260,FOODS_3,FOODS,WI_3,WI,0,0.34907480932107277
2016-03-28,HOBBIES_1_022,HOBBIES_1,HOBBIES,CA_1,CA,0,0.5229678840070646
2016-03-28,HOBBIES_1_022,HOBBIES_1,HOBBIES,CA_2,CA,0,0.25680724733346033
2016-03-28,HOBBIES_1_022,HOBBIES_1,HOBBIES,CA_3,CA,0,0.7391959337067485
2016-03-28,HOBBIES_1_022,HOBBIES_1,HOBBIES,CA_4,CA,1,0.14237035037982873
2016-03-28,HOBBIES_1_022,HOBBIES_1,HOBBIES,TX_1,TX,0,0.32975444048664165
2016-03-28,HOBBIES_1_022,HOBBIES_1,HOBBIES,TX_2,TX,2,0.4410241210692167
2016-03-28,HOBBIES_1_022,HOBBIES_1,HOBBIES,TX_3,TX,0,0.5341375940493854
2016-03-28,HOBBIES_1_022,HOBBIES_1,HOBBIES,WI_1,WI,1,0.5007727101774654
2016-03-28,HOBBIES_1_022,HOBBIES_1,HOBBIES,WI_2,WI,0,0.14634828928756455
2016-03-28,HOBBIES_1_022,HOBBIES_1,HOBBIES,WI_3,WI,0,0.5786766578167852
2016-03-28,HOBBIES_1_209,HOBBIES_1,HOBBIES,CA_1,CA,3,3.838521853208204
2016-03-28,HOBBIES_1_209,HOBBIES_1,HOBBIES,CA_2,CA,6,5.5198799108393315
2016-03-28,HOBBIES_1_209,HOBBIES_1,HOBBIES,CA_3,CA,10,9.7996139537025
2016-03-28,HOBBIES_1_209,HOBBIES_1,HOBBIES,CA_4,CA,0,0.037305017036547525
2016-03-28,HOBBIES_1_209,HOBBIES_1,HOBBIES,TX_1,TX,3,2.8931894824369264
2016-03-28,HOBBIES_1_209,HOBBIES_1,HOBBIES,TX_2,TX,2,2.1397631615608574
2016-03-28,HOBBIES_1_209,HOBBIES_1,HOBBIES,TX_3,TX,0,1.2808973345945371
2016-03-28,HOBBIES_1_209,HOBBIES_1,HOBBIES,WI_1,WI,0,1.9819461403133727
2016-03-28,HOBBIES_1_209,HOBBIES_1,HOBBIES,WI_2,WI,0,2.345086766154865
2016-03-28,HOBBIES_1_209,HOBBIES_1,HOBBIES,WI_3,WI,0,1.7844877092957876
2016-03-28,HOBBIES_2_041,HOBBIES_2,HOBBIES,CA_1,CA,0,0.434798213469635
2016-03-28,HOBBIES_2_041,HOBBIES_2,HOBBIES,CA_2,CA,2,1.57541819985004
2016-03-28,HOBBIES_2_041,HOBBIES_2,HOBBIES,CA_3,CA,0,0.6636014685757338
2016-03-28,HOBBIES_2_041,HOBBIES_2,HOBBIES,CA_4,CA,0,0.27609112884625014
2016-03-28,HOBBIES_2_041,HOBBIES_2,HOBBIES,TX_1,TX,0,0.21676101631021655
2016-03-28,HOBBIES_2_041,HOBBIES_2,HOBBIES,TX_2,TX,1,0.5885727678069582
2016-03-28,HOBBIES_2_041,HOBBIES_2,HOBBIES,TX_3,TX,0,0.058038067081890805
2016-03-28,HOBBIES_2_041,HOBBIES_2,HOBBIES,WI_1,WI,1,0.27488796495414725
2016-03-28,HOBBIES_2_041,HOBBIES_2,HOBBIES,WI_2,WI,0,0.3499122955964932
2016-03-28,HOBBIES_2_041,HOBBIES_2,HOBBIES,WI_3,WI,0,0.28311777984824443
2016-03-28,HOBBIES_2_113,HOBBIES_2,HOBBIES,CA_1,CA,0,0.20602299359220105
2016-03-28,HOBBIES_2_113,HOBBIES_2,HOBBIES,CA_2,CA,0,0.014943012430498743
2016-03-28,HOBBIES_2_113,HOBBIES_2,HOBBIES,CA_3,CA,0,0.25171665575877633
2016-03-28,HOBBIES_2_113,HOBBIES_2,HOBBIES,CA_4,CA,0,0.2018822399074034
2016-03-28,HOBBIES_2_113,HOBBIES_2,HOBBIES,TX_1,TX,0,0.04891142237205176
2016-03-28,HOBBIES_2_113,HOBBIES_2,HOBBIES,TX_2,TX,0,0.12166027982307462
2016-03-28,HOBBIES_2_113,HOBBIES_2,HOBBIES,TX_3,TX,0,0.11043343323765523
2016-03-28,HOBBIES_2_113,HOBBIES_2,HOBBIES,WI_1,WI,0,0.00457560704033368
2016-03-28,HOBBIES_2_113,HOBBIES_2,HOBBIES,WI_2,WI,0,0.005998763653312848
2016-03-28,HOBBIES_2_113,HOBBIES_2,HOBBIES,WI_3,WI,0,0.005161610779364695
2016-03-28,HOUSEHOLD_1_100,HOUSEHOLD_1,HOUSEHOLD,CA_1,CA,3,1.6040210833095876
2016-03-28,HOUSEHOLD_1_100,HOUSEHOLD_1,HOUSEHOLD,CA_2,CA,0,0.6647614049804019
2016-03-28,HOUSEHOLD_1_100,HOUSEHOLD_1,HOUSEHOLD,CA_3,CA,3,2.5914053408197537
2016-03-28,HOUSEHOLD_1_100,HOUSEHOLD_1,HOUSEHOLD,CA_4,CA,1,0.4709312716729766
2016-03-28,HOUSEHOLD_1_100,HOUSEHOLD_1,HOUSEHOLD,TX_1,TX,4,0.8702321685896155
2016-03-28,HOUSEHOLD_1_100,HOUSEHOLD_1,HOUSEHOLD,TX_2,TX,3,1.0632855140688027
2016-03-28,HOUSEHOLD_1_100,HOUSEHOLD_1,HOUSEHOLD,TX_3,TX,6,1.273721388134775
2016-03-28,HOUSEHOLD_1_100,HOUSEHOLD_1,HOUSEHOLD,WI_1,WI,1,0.7156751245096942
2016-03-28,HOUSEHOLD_1_100,HOUSEHOLD_1,HOUSEHOLD,WI_2,WI,0,0.40282723907913653
2016-03-28,HOUSEHOLD_1_100,HOUSEHOLD_1,HOUSEHOLD,WI_3,WI,2,0.5409163611129404
2016-03-28,HOUSEHOLD_1_290,HOUSEHOLD_1,HOUSEHOLD,CA_1,CA,1,1.7288649623851453
2016-03-28,HOUSEHOLD_1_290,HOUSEHOLD_1,HOUSEHOLD,CA_2,CA,2,1.1042328098996164
2016-03-28,HOUSEHOLD_1_290,HOUSEHOLD_1,HOUSEHOLD,CA_3,CA,0,1.7273323512684418
2016-03-28,HOUSEHOLD_1_290,HOUSEHOLD_1,HOUSEHOLD,CA_4,CA,3,0.46266833925920803
2016-03-28,HOUSEHOLD_1_290,HOUSEHOLD_1,HOUSEHOLD,TX_1,TX,0,1.8359268089818943
2016-03-28,HOUSEHOLD_1_290,HOUSEHOLD_1,HOUSEHOLD,TX_2,TX,1,1.5441516187805904
2016-03-28,HOUSEHOLD_1_290,HOUSEHOLD_1,HOUSEHOLD,TX_3,TX,7,2.0253712993742834
2016-03-28,HOUSEHOLD_1_290,HOUSEHOLD_1,HOUSEHOLD,WI_1,WI,1,0.39200711559258217
2016-03-28,HOUSEHOLD_1_290,HOUSEHOLD_1,HOUSEHOLD,WI_2,WI,4,1.9036200872480735
2016-03-28,HOUSEHOLD_1_290,HOUSEHOLD_1,HOUSEHOLD,WI_3,WI,0,1.1469267526957614
2016-03-28,HOUSEHOLD_1_370,HOUSEHOLD_1,HOUSEHOLD,CA_1,CA,3,1.1276268914468217
2016-03-28,HOUSEHOLD_1_370,HOUSEHOLD_1,HOUSEHOLD,CA_2,CA,5,3.7417000714348467
2016-03-28,HOUSEHOLD_1_370,HOUSEHOLD_1,HOUSEHOLD,CA_3,CA,5,3.7069786302406027
2016-03-28,HOUSEHOLD_1_370,HOUSEHOLD_1,HOUSEHOLD,CA_4,CA,4,1.0954535832824743
2016-03-28,HOUSEHOLD_1_370,HOUSEHOLD_1,HOUSEHOLD,TX_1,TX,0,0.9614218711788073
2016-03-28,HOUSEHOLD_1_370,HOUSEHOLD_1,HOUSEHOLD,TX_2,TX,5,1.0241305806719763
2016-03-28,HOUSEHOLD_1_370,HOUSEHOLD_1,HOUSEHOLD,TX_3,TX,0,1.3687853973620203
2016-03-28,HOUSEHOLD_1_370,HOUSEHOLD_1,HOUSEHOLD,WI_1,WI,0,1.3447337776031023
2016-03-28,HOUSEHOLD_1_370,HOUSEHOLD_1,HOUSEHOLD,WI_2,WI,1,3.4057484902192807
2016-03-28,HOUSEHOLD_1_370,HOUSEHOLD_1,HOUSEHOLD,WI_3,WI,1,1.301767512204534
2016-03-28,HOUSEHOLD_1_489,HOUSEHOLD_1,HOUSEHOLD,CA_1,CA,2,1.114693036117209
2016-03-28,HOUSEHOLD_1_489,HOUSEHOLD_1,HOUSEHOLD,CA_2,CA,4,1.4923004517535357
2016-03-28,HOUSEHOLD_1_489,HOUSEHOLD_1,HOUSEHOLD,CA_3,CA,0,2.922747805100782
2016-03-28,HOUSEHOLD_1_489,HOUSEHOLD_1,HOUSEHOLD,CA_4,CA,1,0.6371936604010432
2016-03-28,HOUSEHOLD_1_489,HOUSEHOLD_1,HOUSEHOLD,TX_1,TX,0,1.3026164991383495
2016-03-28,HOUSEHOLD_1_489,HOUSEHOLD_1,HOUSEHOLD,TX_2,TX,0,1.6983381265838537
2016-03-28,HOUSEHOLD_1_489,HOUSEHOLD_1,HOUSEHOLD,TX_3,TX,0,1.7984965083193352
2016-03-28,HOUSEHOLD_1_489,HOUSEHOLD_1,HOUSEHOLD,WI_1,WI,0,0.8231458791027293
2016-03-28,HOUSEHOLD_1_489,HOUSEHOLD_1,HOUSEHOLD,WI_2,WI,0,0.94093490257215
2016-03-28,HOUSEHOLD_1_489,HOUSEHOLD_1,HOUSEHOLD,WI_3,WI,1,0.8368721661715637
2016-03-28,HOUSEHOLD_2_442,HOUSEHOLD_2,HOUSEHOLD,CA_1,CA,2,1.3629889592828255
2016-03-28,HOUSEHOLD_2_442,HOUSEHOLD_2,HOUSEHOLD,CA_2,CA,1,2.320869429969219
2016-03-28,HOUSEHOLD_2_442,HOUSEHOLD_2,HOUSEHOLD,CA_3,CA,0,1.349027580031026
2016-03-28,HOUSEHOLD_2_442,HOUSEHOLD_2,HOUSEHOLD,CA_4,CA,0,0.8000855443327461
2016-03-28,HOUSEHOLD_2_442,HOUSEHOLD_2,HOUSEHOLD,TX_1,TX,0,0.2727712211627146
2016-03-28,HOUSEHOLD_2_442,HOUSEHOLD_2,HOUSEHOLD,TX_2,TX,2,1.1360127517616572
2016-03-28,HOUSEHOLD_2_442,HOUSEHOLD_2,HOUSEHOLD,TX_3,TX,0,0.8307781119918488
2016-03-28,HOUSEHOLD_2_442,HOUSEHOLD_2,HOUSEHOLD,WI_1,WI,3,1.443099286054092
2016-03-28,HOUSEHOLD_2_442,HOUSEHOLD_2,HOUSEHOLD,WI_2,WI,2,1.3846206065778406
2016-03-28,HOUSEHOLD_2_442,HOUSEHOLD_2,HOUSEHOLD,WI_3,WI,0,1.0278917425261795
