id,item_id,store_id,date,demand,prediction
FOODS_1_021_CA_1_evaluation,FOODS_1_021,CA_1,2016-03-01,0,2.2079703696144652
FOODS_1_021_CA_2_evaluation,FOODS_1_021,CA_2,2016-03-01,0,2.4771914388282132
FOODS_1_021_CA_3_evaluation,FOODS_1_021,CA_3,2016-03-01,2,1.5821336558797867
FOODS_1_021_CA_4_evaluation,FOODS_1_021,CA_4,2016-03-01,0,1.3858286970575515
FOODS_1_021_TX_1_evaluation,FOODS_1_021,TX_1,2016-03-01,1,0.5175765777422672
FOODS_1_021_TX_2_evaluation,FOODS_1_021,TX_2,2016-03-01,0,0.11229016239661488
FOODS_1_021_TX_3_evaluation,FOODS_1_021,TX_3,2016-03-01,0,0.5077631926464834
FOODS_1_021_WI_1_evaluation,FOODS_1_021,WI_1,2016-03-01,0,0.8262213603637258
FOODS_1_021_WI_2_evaluation,FOODS_1_021,WI_2,2016-03-01,1,0.7509209444268045
FOODS_1_021_WI_3_evaluation,FOODS_1_021,WI_3,2016-03-01,0,0.7235439784619845
FOODS_2_035_CA_1_evaluation,FOODS_2_035,CA_1,2016-03-01,2,2.1749693313083527
FOODS_2_035_CA_2_evaluation,FOODS_2_035,CA_2,2016-03-01,3,3.170155087393757
FOODS_2_035_CA_3_evaluation,FOODS_2_035,CA_3,2016-03-01,4,4.228256222324312
FOODS_2_035_CA_4_evaluation,FOODS_2_035,CA_4,2016-03-01,1,1.6518864703098648
FOODS_2_035_TX_1_evaluation,FOODS_2_035,TX_1,2016-03-01,2,1.1083478107973495
FOODS_2_035_TX_2_evaluation,FOODS_2_035,TX_2,2016-03-01,3,2.288775009926527
FOODS_2_035_TX_3_evaluation,FOODS_2_035,TX_3,2016-03-01,3,2.345903387375427
FOODS_2_035_WI_1_evaluation,FOODS_2_035,WI_1,2016-03-01,0,0.8953262463676256
FOODS_2_035_WI_2_evaluation,FOODS_2_035,WI_2,2016-03-01,3,2.702237931958231
FOODS_2_035_WI_3_evaluation,FOODS_2_035,WI_3,2016-03-01,1,2.3111642395409437
FOODS_3_180_CA_1_evaluation,FOODS_3_180,CA_1,2016-03-01,2,0.3572501215546684
FOODS_3_180_CA_2_evaluation,FOODS_3_180,CA_2,2016-03-01,0,0.4423100137774136
FOODS_3_180_CA_3_evaluation,FOODS_3_180,CA_3,2016-03-01,0,0.45522574929364434
FOODS_3_180_CA_4_evaluation,FOODS_3_180,CA_4,2016-03-01,0,0.22006299916180322
FOODS_3_180_TX_1_evaluation,FOODS_3_180,TX_1,2016-03-01,0,0.07664075051836754
FOODS_3_180_TX_2_evaluation,FOODS_3_180,TX_2,2016-03-01,2,0.35177660970163477
FOODS_3_180_TX_3_evaluation,FOODS_3_180,TX_3,2016-03-01,0,0.17969551140643913
FOODS_3_180_WI_1_evaluation,FOODS_3_180,WI_1,2016-03-01,0,0.7067035934726921
FOODS_3_180_WI_2_evaluation,FOODS_3_180,WI_2,2016-03-01,0,0.6483068207916284
FOODS_3_180_WI_3_evaluation,FOODS_3_180,WI_3,2016-03-01,1,0.18079872589144982
FOODS_3_260_CA_1_evaluation,FOODS_3_260,CA_1,2016-03-01,0,1.074929465606826
FOODS_3_260_CA_2_evaluation,FOODS_3_260,CA_2,2016-03-01,0,0.3291952110567965
FOODS_3_260_CA_3_evaluation,FOODS_3_260,CA_3,2016-03-01,0,0.33188071359350835
FOODS_3_260_CA_4_evaluation,FOODS_3_260,CA_4,2016-03-01,1,0.450082155113003
FOODS_3_260_TX_1_evaluation,FOODS_3_260,TX_1,2016-03-01,0,0.18172004430178634
FOODS_3_260_TX_2_evaluation,FOODS_3_260,TX_2,2016-03-01,1,0.4397673728183653
FOODS_3_260_TX_3_evaluation,FOODS_3_260,TX_3,2016-03-01,0,0.0811646668324719
FOODS_3_260_WI_1_evaluation,FOODS_3_260,WI_1,2016-03-01,0,0.5433401496699459
FOODS_3_260_WI_2_evaluation,FOODS_3_260,WI_2,2016-03-01,0,0.3244799913449481
FOODS_3_260_WI_3_evaluation,FOODS_3_260,WI_3,2016-03-01,0,0.12156845551919038
HOBBIES_1_022_CA_1_evaluation,HOBBIES_1_022,CA_1,2016-03-01,1,0.26953742995694824
HOBBIES_1_022_CA_2_evaluation,HOBBIES_1_022,CA_2,2016-03-01,0,0.2721499191990303
HOBBIES_1_022_CA_3_evaluation,HOBBIES_1_022,CA_3,2016-03-01,0,0.6951443131393685
HOBBIES_1_022_CA_4_evaluation,HOBBIES_1_022,CA_4,2016-03-01,0,0.057147169633218635
HOBBIES_1_022_TX_1_evaluation,HOBBIES_1_022,TX_1,2016-03-01,0,0.14818416570153348
HOBBIES_1_022_TX_2_evaluation,HOBBIES_1_022,TX_2,2016-03-01,0,0.6191066798694654
HOBBIES_1_022_TX_3_evaluation,HOBBIES_1_022,TX_3,2016-03-01,0,0.37800503011295095
HOBBIES_1_022_WI_1_evaluation,HOBBIES_1_022,WI_1,2016-03-01,2,0.22487682188405386
HOBBIES_1_022_WI_2_evaluation,HOBBIES_1_022,WI_2,2016-03-01,0,0.2555582780984832
HOBBIES_1_022_WI_3_evaluation,HOBBIES_1_022,WI_3,2016-03-01,1,0.4058593445618401
HOBBIES_1_209_CA_1_evaluation,HOBBIES_1_209,CA_1,2016-03-01,3,4.205999444341577
HOBBIES_1_209_CA_2_evaluation,HOBBIES_1_209,CA_2,2016-03-01,8,2.1883540595289785
HOBBIES_1_209_CA_3_evaluation,HOBBIES_1_209,CA_3,2016-03-01,10,4.944156235219279
HOBBIES_1_209_CA_4_evaluation,HOBBIES_1_209,CA_4,2016-03-01,0,0.5274246336926853
HOBBIES_1_209_TX_1_evaluation,HOBBIES_1_209,TX_1,2016-03-01,3,2.546803928928716
HOBBIES_1_209_TX_2_evaluation,HOBBIES_1_209,TX_2,2016-03-01,5,1.5663700222865562
HOBBIES_1_209_TX_3_evaluation,HOBBIES_1_209,TX_3,2016-03-01,0,1.028911858640236
HOBBIES_1_209_WI_1_evaluation,HOBBIES_1_209,WI_1,2016-03-01,1,2.0390766094519135
HOBBIES_1_209_WI_2_evaluation,HOBBIES_1_209,WI_2,2016-03-01,1,1.497138348657337
HOBBIES_1_209_WI_3_evaluation,HOBBIES_1_209,WI_3,2016-03-01,3,2.8816254902046037
HOBBIES_2_041_CA_1_evaluation,HOBBIES_2_041,CA_1,2016-03-01,0,0.35708119458512916
HOBBIES_2_041_CA_2_evaluation,HOBBIES_2_041,CA_2,2016-03-01,0,1.1570628090311814
HOBBIES_2_041_CA_3_evaluation,HOBBIES_2_041,CA_3,2016-03-01,0,0.24650861793353024
HOBBIES_2_041_CA_4_evaluation,HOBBIES_2_041,CA_4,2016-03-01,0,0.3298431927234248
HOBBIES_2_041_TX_1_evaluation,HOBBIES_2_041,TX_1,2016-03-01,0,0.12320054616953838
HOBBIES_2_041_TX_2_evaluation,HOBBIES_2_041,TX_2,2016-03-01,0,0.7499465060840722
HOBBIES_2_041_TX_3_evaluation,HOBBIES_2_041,TX_3,2016-03-01,0,0.2009468101925195
HOBBIES_2_041_WI_1_evaluation,HOBBIES_2_041,WI_1,2016-03-01,1,0.2713813463393535
HOBBIES_2_041_WI_2_evaluation,HOBBIES_2_041,WI_2,2016-03-01,1,0.2601464871898014
HOBBIES_2_041_WI_3_evaluation,HOBBIES_2_041,WI_3,2016-03-01,0,0.17331656008805868
HOBBIES_2_113_CA_1_evaluation,HOBBIES_2_113,CA_1,2016-03-01,0,0.2626133303941266
HOBBIES_2_113_CA_2_evaluation,HOBBIES_2_113,CA_2,2016-03-01,0,0.023311018576548187
HOBBIES_2_113_CA_3_evaluation,HOBBIES_2_113,CA_3,2016-03-01,0,0.0176859427295412
HOBBIES_2_113_CA_4_evaluation,HOBBIES_2_113,CA_4,2016-03-01,0,0.07534057977791328
HOBBIES_2_113_TX_1_evaluation,HOBBIES_2_113,TX_1,2016-03-01,0,0.17700141587406867
HOBBIES_2_113_TX_2_evaluation,HOBBIES_2_113,TX_2,2016-03-01,0,0.1682156396734483
HOBBIES_2_113_TX_3_evaluation,HOBBIES_2_113,TX_3,2016-03-01,0,0.04619975660455617
HOBBIES_2_113_WI_1_evaluation,HOBBIES_2_113,WI_1,2016-03-01,0,0.2998116877449213
HOBBIES_2_113_WI_2_evaluation,HOBBIES_2_113,WI_2,2016-03-01,0,0.18264907084447551
HOBBIES_2_113_WI_3_evaluation,HOBBIES_2_113,WI_3,2016-03-01,0,0.06308738803633082
HOUSEHOLD_1_100_CA_1_evaluation,HOUSEHOLD_1_100,CA_1,2016-03-01,0,0.537111644591673
HOUSEHOLD_1_100_CA_2_evaluation,HOUSEHOLD_1_100,CA_2,2016-03-01,0,0.21350611280542403
HOUSEHOLD_1_100_CA_3_evaluation,HOUSEHOLD_1_100,CA_3,2016-03-01,0,0.6325717382608711
HOUSEHOLD_1_100_CA_4_evaluation,HOUSEHOLD_1_100,CA_4,2016-03-01,0,0.41769253364096837
HOUSEHOLD_1_100_TX_1_evaluation,HOUSEHOLD_1_100,TX_1,2016-03-01,0,0.4519980065776726
HOUSEHOLD_1_100_TX_2_evaluation,HOUSEHOLD_1_100,TX_2,2016-03-01,0,0.8701722414001501
HOUSEHOLD_1_100_TX_3_evaluation,HOUSEHOLD_1_100,TX_3,2016-03-01,0,0.5256249126058625
HOUSEHOLD_1_100_WI_1_evaluation,HOUSEHOLD_1_100,WI_1,2016-03-01,0,0.029182716733980874
HOUSEHOLD_1_100_WI_2_evaluation,HOUSEHOLD_1_100,WI_2,2016-03-01,0,0.14839411273239253
HOUSEHOLD_1_100_WI_3_evaluation,HOUSEHOLD_1_100,WI_3,2016-03-01,0,0.32154741810120535
HOUSEHOLD_1_290_CA_1_evaluation,HOUSEHOLD_1_290,CA_1,2016-03-01,0,0.443678089320756
HOUSEHOLD_1_290_CA_2_evaluation,HOUSEHOLD_1_290,CA_2,2016-03-01,0,0.786018452088151
HOUSEHOLD_1_290_CA_3_evaluation,HOUSEHOLD_1_290,CA_3,2016-03-01,0,2.011649102585225
HOUSEHOLD_1_290_CA_4_evaluation,HOUSEHOLD_1_290,CA_4,2016-03-01,0,0.1409568284545648
HOUSEHOLD_1_290_TX_1_evaluation,HOUSEHOLD_1_290,TX_1,2016-03-01,3,1.7840466739879093
HOUSEHOLD_1_290_TX_2_evaluation,HOUSEHOLD_1_290,TX_2,2016-03-01,0,1.2653854593495881
HOUSEHOLD_1_290_TX_3_evaluation,HOUSEHOLD_1_290,TX_3,2016-03-01,3,1.8232184631792805
HOUSEHOLD_1_290_WI_1_evaluation,HOUSEHOLD_1_290,WI_1,2016-03-01,0,0.27559221711849924
HOUSEHOLD_1_290_WI_2_evaluation,HOUSEHOLD_1_290,WI_2,2016-03-01,0,2.191315089364568
HOUSEHOLD_1_290_WI_3_evaluation,HOUSEHOLD_1_290,WI_3,2016-03-01,3,0.6405405807628632
HOUSEHOLD_1_370_CA_1_evaluation,HOUSEHOLD_1_370,CA_1,2016-03-01,2,1.0154030047715927
HOUSEHOLD_1_370_CA_2_evaluation,HOUSEHOLD_1_370,CA_2,2016-03-01,3,3.2443419476958044
HOUSEHOLD_1_370_CA_3_evaluation,HOUSEHOLD_1_370,CA_3,2016-03-01,3,3.8155655755436855
HOUSEHOLD_1_370_CA_4_evaluation,HOUSEHOLD_1_370,CA_4,2016-03-01,1,0.7246316193201474
HOUSEHOLD_1_370_TX_1_evaluation,HOUSEHOLD_1_370,TX_1,2016-03-01,0,1.2147113029541874
HOUSEHOLD_1_370_TX_2_evaluation,HOUSEHOLD_1_370,TX_2,2016-03-01,1,1.199564917698428
HOUSEHOLD_1_370_TX_3_evaluation,HOUSEHOLD_1_370,TX_3,2016-03-01,5,1.4191026221107756
HOUSEHOLD_1_370_WI_1_evaluation,HOUSEHOLD_1_370,WI_1,2016-03-01,1,1.5654128105419967
HOUSEHOLD_1_370_WI_2_evaluation,HOUSEHOLD_1_370,WI_2,2016-03-01,4,3.849823217576418
HOUSEHOLD_1_370_WI_3_evaluation,HOUSEHOLD_1_370,WI_3,2016-03-01,0,1.2648587447179018
HOUSEHOLD_1_489_CA_1_evaluation,HOUSEHOLD_1_489,CA_1,2016-03-01,0,1.3107059378243124
HOUSEHOLD_1_489_CA_2_evaluation,HOUSEHOLD_1_489,CA_2,2016-03-01,2,1.5614247092017737
HOUSEHOLD_1_489_CA_3_evaluation,HOUSEHOLD_1_489,CA_3,2016-03-01,0,2.350810585826909
HOUSEHOLD_1_489_CA_4_evaluation,HOUSEHOLD_1_489,CA_4,2016-03-01,0,0.9202701491175244
HOUSEHOLD_1_489_TX_1_evaluation,HOUSEHOLD_1_489,TX_1,2016-03-01,0,2.2693039639856782
HOUSEHOLD_1_489_TX_2_evaluation,HOUSEHOLD_1_489,TX_2,2016-03-01,1,2.039539708338215
HOUSEHOLD_1_489_TX_3_evaluation,HOUSEHOLD_1_489,TX_3,2016-03-01,1,1.1778936030312623
HOUSEHOLD_1_489_WI_1_evaluation,HOUSEHOLD_1_489,WI_1,2016-03-01,1,0.6921124604051617
HOUSEHOLD_1_489_WI_2_evaluation,HOUSEHOLD_1_489,WI_2,2016-03-01,2,1.0934274135301918
HOUSEHOLD_1_489_WI_3_evaluation,HOUSEHOLD_1_489,WI_3,2016-03-01,1,0.9335099811339213
HOUSEHOLD_2_442_CA_1_evaluation,HOUSEHOLD_2_442,CA_1,2016-03-01,2,1.5371949348081884
HOUSEHOLD_2_442_CA_2_evaluation,HOUSEHOLD_2_442,CA_2,2016-03-01,1,1.7967075726206052
HOUSEHOLD_2_442_CA_3_evaluation,HOUSEHOLD_2_442,CA_3,2016-03-01,1,0.8645815430472672
HOUSEHOLD_2_442_CA_4_evaluation,HOUSEHOLD_2_442,CA_4,2016-03-01,0,0.6853030623164038
HOUSEHOLD_2_442_TX_1_evaluation,HOUSEHOLD_2_442,TX_1,2016-03-01,0,0.498017036203492
HOUSEHOLD_2_442_TX_2_evaluation,HOUSEHOLD_2_442,TX_2,2016-03-01,0,0.9465974776510288
HOUSEHOLD_2_442_TX_3_evaluation,HOUSEHOLD_2_442,TX_3,2016-03-01,1,0.7736471031465957
HOUSEHOLD_2_442_WI_1_evaluation,HOUSEHOLD_2_442,WI_1,2016-03-01,1,1.0893355785419216
HOUSEHOLD_2_442_WI_2_evaluation,HOUSEHOLD_2_442,WI_2,2016-03-01,1,1.0302916071211776
HOUSEHOLD_2_442_WI_3_evaluation,HOUSEHOLD_2_442,WI_3,2016-03-01,2,0.35245309323379587
FOODS_1_021_CA_1_evaluation,FOODS_1_021,CA_1,2016-03-02,3,2.007300168008933
FOODS_1_021_CA_2_evaluation,FOODS_1_021,CA_2,2016-03-02,1,2.7554790505164566
FOODS_1_021_CA_3_evaluation,FOODS_1_021,CA_3,2016-03-02,1,1.721607070998411
FOODS_1_021_CA_4_evaluation,FOODS_1_021,CA_4,2016-03-02,0,1.4368999050862452
FOODS_1_021_TX_1_evaluation,FOODS_1_021,TX_1,2016-03-02,0,0.5877421517006841
FOODS_1_021_TX_2_evaluation,FOODS_1_021,TX_2,2016-03-02,0,0.0
FOODS_1_021_TX_3_evaluation,FOODS_1_021,TX_3,2016-03-02,0,0.6635559480213675
FOODS_1_021_WI_1_evaluation,FOODS_1_021,WI_1,2016-03-02,4,1.1456763222808202
FOODS_1_021_WI_2_evaluation,FOODS_1_021,WI_2,2016-03-02,0,0.6710419520255151
FOODS_1_021_WI_3_evaluation,FOODS_1_021,WI_3,2016-03-02,3,0.7687243404677006
FOODS_2_035_CA_1_evaluation,FOODS_2_035,CA_1,2016-03-02,0,2.0103494622115066
FOODS_2_035_CA_2_evaluation,FOODS_2_035,CA_2,2016-03-02,1,3.050210478583146
FOODS_2_035_CA_3_evaluation,FOODS_2_035,CA_3,2016-03-02,4,4.037931694525298
FOODS_2_035_CA_4_evaluation,FOODS_2_035,CA_4,2016-03-02,0,1.515867684773998
FOODS_2_035_TX_1_evaluation,FOODS_2_035,TX_1,2016-03-02,1,1.0764267403239947
FOODS_2_035_TX_2_evaluation,FOODS_2_035,TX_2,2016-03-02,2,2.2014265949897007
FOODS_2_035_TX_3_evaluation,FOODS_2_035,TX_3,2016-03-02,2,2.2449875503905274
FOODS_2_035_WI_1_evaluation,FOODS_2_035,WI_1,2016-03-02,1,0.9166387645087447
FOODS_2_035_WI_2_evaluation,FOODS_2_035,WI_2,2016-03-02,1,2.6067153015600253
FOODS_2_035_WI_3_evaluation,FOODS_2_035,WI_3,2016-03-02,0,2.240840461129483
FOODS_3_180_CA_1_evaluation,FOODS_3_180,CA_1,2016-03-02,0,0.32876398248224625
FOODS_3_180_CA_2_evaluation,FOODS_3_180,CA_2,2016-03-02,0,0.426609252729654
FOODS_3_180_CA_3_evaluation,FOODS_3_180,CA_3,2016-03-02,1,0.4193389580445192
FOODS_3_180_CA_4_evaluation,FOODS_3_180,CA_4,2016-03-02,1,0.18996670303773483
FOODS_3_180_TX_1_evaluation,FOODS_3_180,TX_1,2016-03-02,0,0.09650663633117308
FOODS_3_180_TX_2_evaluation,FOODS_3_180,TX_2,2016-03-02,1,0.3320500604123703
FOODS_3_180_TX_3_evaluation,FOODS_3_180,TX_3,2016-03-02,0,0.13205479233470704
FOODS_3_180_WI_1_evaluation,FOODS_3_180,WI_1,2016-03-02,2,0.6496063086659637
FOODS_3_180_WI_2_evaluation,FOODS_3_180,WI_2,2016-03-02,1,0.5826309224105178
FOODS_3_180_WI_3_evaluation,FOODS_3_180,WI_3,2016-03-02,0,0.16484677562072314
FOODS_3_260_CA_1_evaluation,FOODS_3_260,CA_1,2016-03-02,1,1.0242202923757522
FOODS_3_260_CA_2_evaluation,FOODS_3_260,CA_2,2016-03-02,0,0.31464319403506097
FOODS_3_260_CA_3_evaluation,FOODS_3_260,CA_3,2016-03-02,0,0.31502598048855496
FOODS_3_260_CA_4_evaluation,FOODS_3_260,CA_4,2016-03-02,1,0.42915983740075353
FOODS_3_260_TX_1_evaluation,FOODS_3_260,TX_1,2016-03-02,0,0.16750852951465023
FOODS_3_260_TX_2_evaluation,FOODS_3_260,TX_2,2016-03-02,0,0.3377398693794348
FOODS_3_260_TX_3_evaluation,FOODS_3_260,TX_3,2016-03-02,0,0.08896852473247682
FOODS_3_260_WI_1_evaluation,FOODS_3_260,WI_1,2016-03-02,0,0.5559583356254197
FOODS_3_260_WI_2_evaluation,FOODS_3_260,WI_2,2016-03-02,0,0.36716538321334663
FOODS_3_260_WI_3_evaluation,FOODS_3_260,WI_3,2016-03-02,0,0.13426181082982436
HOBBIES_1_022_CA_1_evaluation,HOBBIES_1_022,CA_1,2016-03-02,0,0.1497295768539842
HOBBIES_1_022_CA_2_evaluation,HOBBIES_1_022,CA_2,2016-03-02,0,0.26019553056908323
HOBBIES_1_022_CA_3_evaluation,HOBBIES_1_022,CA_3,2016-03-02,0,0.5274389247116807
HOBBIES_1_022_CA_4_evaluation,HOBBIES_1_022,CA_4,2016-03-02,0,0.09510100156245732
HOBBIES_1_022_TX_1_evaluation,HOBBIES_1_022,TX_1,2016-03-02,0,0.18270754666400343
HOBBIES_1_022_TX_2_evaluation,HOBBIES_1_022,TX_2,2016-03-02,1,0.42966952497860045
HOBBIES_1_022_TX_3_evaluation,HOBBIES_1_022,TX_3,2016-03-02,0,0.38380659775915593
HOBBIES_1_022_WI_1_evaluation,HOBBIES_1_022,WI_1,2016-03-02,0,0.1930505937183389
HOBBIES_1_022_WI_2_evaluation,HOBBIES_1_022,WI_2,2016-03-02,0,0.08497931081004553
HOBBIES_1_022_WI_3_evaluation,HOBBIES_1_022,WI_3,2016-03-02,1,0.5067225532540462
HOBBIES_1_209_CA_1_evaluation,HOBBIES_1_209,CA_1,2016-03-02,1,4.08984697101596
HOBBIES_1_209_CA_2_evaluation,HOBBIES_1_209,CA_2,2016-03-02,7,1.5819947170684587
HOBBIES_1_209_CA_3_evaluation,HOBBIES_1_209,CA_3,2016-03-02,5,4.753785606620936
HOBBIES_1_209_CA_4_evaluation,HOBBIES_1_209,CA_4,2016-03-02,0,0.6416828507505069
HOBBIES_1_209_TX_1_evaluation,HOBBIES_1_209,TX_1,2016-03-02,0,2.944894842526579
HOBBIES_1_209_TX_2_evaluation,HOBBIES_1_209,TX_2,2016-03-02,0,1.586584067751459
HOBBIES_1_209_TX_3_evaluation,HOBBIES_1_209,TX_3,2016-03-02,0,0.4729740119918231
HOBBIES_1_209_WI_1_evaluation,HOBBIES_1_209,WI_1,2016-03-02,1,1.7342997520401429
HOBBIES_1_209_WI_2_evaluation,HOBBIES_1_209,WI_2,2016-03-02,1,0.9424897476092939
HOBBIES_1_209_WI_3_evaluation,HOBBIES_1_209,WI_3,2016-03-02,0,2.92826545041562
HOBBIES_2_041_CA_1_evaluation,HOBBIES_2_041,CA_1,2016-03-02,0,0.3364317921941928
HOBBIES_2_041_CA_2_evaluation,HOBBIES_2_041,CA_2,2016-03-02,4,1.1853362792165227
HOBBIES_2_041_CA_3_evaluation,HOBBIES_2_041,CA_3,2016-03-02,1,0.36381740827596487
HOBBIES_2_041_CA_4_evaluation,HOBBIES_2_041,CA_4,2016-03-02,0,0.28984150685694204
HOBBIES_2_041_TX_1_evaluation,HOBBIES_2_041,TX_1,2016-03-02,0,0.16459412396096937
HOBBIES_2_041_TX_2_evaluation,HOBBIES_2_041,TX_2,2016-03-02,0,0.751696816298235
HOBBIES_2_041_TX_3_evaluation,HOBBIES_2_041,TX_3,2016-03-02,0,0.24357593534435362
HOBBIES_2_041_WI_1_evaluation,HOBBIES_2_041,WI_1,2016-03-02,0,0.2574803115048056
HOBBIES_2_041_WI_2_evaluation,HOBBIES_2_041,WI_2,2016-03-02,0,0.2850042790019537
HOBBIES_2_041_WI_3_evaluation,HOBBIES_2_041,WI_3,2016-03-02,0,0.2178037004416226
HOBBIES_2_113_CA_1_evaluation,HOBBIES_2_113,CA_1,2016-03-02,0,0.24337531779920152
HOBBIES_2_113_CA_2_evaluation,HOBBIES_2_113,CA_2,2016-03-02,0,0.08895762296072586
HOBBIES_2_113_CA_3_evaluation,HOBBIES_2_113,CA_3,2016-03-02,0,0.07564788839461048
HOBBIES_2_113_CA_4_evaluation,HOBBIES_2_113,CA_4,2016-03-02,0,0.0770471135206202
HOBBIES_2_113_TX_1_evaluation,HOBBIES_2_113,TX_1,2016-03-02,0,0.16618113596033893
HOBBIES_2_113_TX_2_evaluation,HOBBIES_2_113,TX_2,2016-03-02,0,0.18322858434698736
HOBBIES_2_113_TX_3_evaluation,HOBBIES_2_113,TX_3,2016-03-02,0,0.0018952717099135763
HOBBIES_2_113_WI_1_evaluation,HOBBIES_2_113,WI_1,2016-03-02,0,0.35180849950492493
HOBBIES_2_113_WI_2_evaluation,HOBBIES_2_113,WI_2,2016-03-02,0,0.2173013220359427
HOBBIES_2_113_WI_3_evaluation,HOBBIES_2_113,WI_3,2016-03-02,0,0.06254446657551511
HOUSEHOLD_1_100_CA_1_evaluation,HOUSEHOLD_1_100,CA_1,2016-03-02,0,0.1644519504885651
HOUSEHOLD_1_100_CA_2_evaluation,HOUSEHOLD_1_100,CA_2,2016-03-02,0,0.009595779371333157
HOUSEHOLD_1_100_CA_3_evaluation,HOUSEHOLD_1_100,CA_3,2016-03-02,0,0.10569590108873994
HOUSEHOLD_1_100_CA_4_evaluation,HOUSEHOLD_1_100,CA_4,2016-03-02,0,0.37026218204477307
HOUSEHOLD_1_100_TX_1_evaluation,HOUSEHOLD_1_100,TX_1,2016-03-02,0,0.4369861093605898
HOUSEHOLD_1_100_TX_2_evaluation,HOUSEHOLD_1_100,TX_2,2016-03-02,0,0.675269060036457
HOUSEHOLD_1_100_TX_3_evaluation,HOUSEHOLD_1_100,TX_3,2016-03-02,0,0.3434254279712577
HOUSEHOLD_1_100_WI_1_evaluation,HOUSEHOLD_1_100,WI_1,2016-03-02,0,0.0
HOUSEHOLD_1_100_WI_2_evaluation,HOUSEHOLD_1_100,WI_2,2016-03-02,0,0.24810959687856315
HOUSEHOLD_1_100_WI_3_evaluation,HOUSEHOLD_1_100,WI_3,2016-03-02,0,0.05463549191504985
HOUSEHOLD_1_290_CA_1_evaluation,HOUSEHOLD_1_290,CA_1,2016-03-02,0,0.39935433494532935
HOUSEHOLD_1_290_CA_2_evaluation,HOUSEHOLD_1_290,CA_2,2016-03-02,2,0.7365959725286386
HOUSEHOLD_1_290_CA_3_evaluation,HOUSEHOLD_1_290,CA_3,2016-03-02,1,2.0541071509473343
HOUSEHOLD_1_290_CA_4_evaluation,HOUSEHOLD_1_290,CA_4,2016-03-02,0,0.15868761475198345
HOUSEHOLD_1_290_TX_1_evaluation,HOUSEHOLD_1_290,TX_1,2016-03-02,1,1.6667802212693568
HOUSEHOLD_1_290_TX_2_evaluation,HOUSEHOLD_1_290,TX_2,2016-03-02,1,1.3005991633510636
HOUSEHOLD_1_290_TX_3_evaluation,HOUSEHOLD_1_290,TX_3,2016-03-02,1,1.8963924752781838
HOUSEHOLD_1_290_WI_1_evaluation,HOUSEHOLD_1_290,WI_1,2016-03-02,1,0.26498558414340945
HOUSEHOLD_1_290_WI_2_evaluation,HOUSEHOLD_1_290,WI_2,2016-03-02,0,2.2315787392729045
HOUSEHOLD_1_290_WI_3_evaluation,HOUSEHOLD_1_290,WI_3,2016-03-02,2,0.805885443996155
HOUSEHOLD_1_370_CA_1_evaluation,HOUSEHOLD_1_370,CA_1,2016-03-02,3,0.8950831204660435
HOUSEHOLD_1_370_CA_2_evaluation,HOUSEHOLD_1_370,CA_2,2016-03-02,3,3.2826586553381296
HOUSEHOLD_1_370_CA_3_evaluation,HOUSEHOLD_1_370,CA_3,2016-03-02,2,3.541446651252342
HOUSEHOLD_1_370_CA_4_evaluation,HOUSEHOLD_1_370,CA_4,2016-03-02,0,0.8551978569848075
HOUSEHOLD_1_370_TX_1_evaluation,HOUSEHOLD_1_370,TX_1,2016-03-02,2,1.130927591450657
HOUSEHOLD_1_370_TX_2_evaluation,HOUSEHOLD_1_370,TX_2,2016-03-02,2,1.1895203285301121
HOUSEHOLD_1_370_TX_3_evaluation,HOUSEHOLD_1_370,TX_3,2016-03-02,0,1.2474793113518656
HOUSEHOLD_1_370_WI_1_evaluation,HOUSEHOLD_1_370,WI_1,2016-03-02,0,1.490299598024486
HOUSEHOLD_1_370_WI_2_evaluation,HOUSEHOLD_1_370,WI_2,2016-03-02,2,3.49968247894864
HOUSEHOLD_1_370_WI_3_evaluation,HOUSEHOLD_1_370,WI_3,2016-03-02,2,1.0793211913639276
HOUSEHOLD_1_489_CA_1_evaluation,HOUSEHOLD_1_489,CA_1,2016-03-02,1,1.367202469312771
HOUSEHOLD_1_489_CA_2_evaluation,HOUSEHOLD_1_489,CA_2,2016-03-02,0,1.6980112338482158
HOUSEHOLD_1_489_CA_3_evaluation,HOUSEHOLD_1_489,CA_3,2016-03-02,3,2.426437567065707
HOUSEHOLD_1_489_CA_4_evaluation,HOUSEHOLD_1_489,CA_4,2016-03-02,0,0.9057382893991532
HOUSEHOLD_1_489_TX_1_evaluation,HOUSEHOLD_1_489,TX_1,2016-03-02,0,2.301889091094555
HOUSEHOLD_1_489_TX_2_evaluation,HOUSEHOLD_1_489,TX_2,2016-03-02,0,2.038798398042301
HOUSEHOLD_1_489_TX_3_evaluation,HOUSEHOLD_1_489,TX_3,2016-03-02,2,1.3545545970478454
HOUSEHOLD_1_489_WI_1_evaluation,HOUSEHOLD_1_489,WI_1,2016-03-02,0,0.6518449224265267
HOUSEHOLD_1_489_WI_2_evaluation,HOUSEHOLD_1_489,WI_2,2016-03-02,1,1.1409762858414982
HOUSEHOLD_1_489_WI_3_evaluation,HOUSEHOLD_1_489,WI_3,2016-03-02,0,0.9683796686809468
HOUSEHOLD_2_442_CA_1_evaluation,HOUSEHOLD_2_442,CA_1,2016-03-02,3,1.3609801004009983
HOUSEHOLD_2_442_CA_2_evaluation,HOUSEHOLD_2_442,CA_2,2016-03-02,0,1.7790937234106676
HOUSEHOLD_2_442_CA_3_evaluation,HOUSEHOLD_2_442,CA_3,2016-03-02,0,0.9493778433874823
HOUSEHOLD_2_442_CA_4_evaluation,HOUSEHOLD_2_442,CA_4,2016-03-02,0,0.6288039299114638
HOUSEHOLD_2_442_TX_1_evaluation,HOUSEHOLD_2_442,TX_1,2016-03-02,1,0.4530636385217314
HOUSEHOLD_2_442_TX_2_evaluation,HOUSEHOLD_2_442,TX_2,2016-03-02,0,0.8274344368114429
HOUSEHOLD_2_442_TX_3_evaluation,HOUSEHOLD_2_442,TX_3,2016-03-02,0,0.7946454425732374
HOUSEHOLD_2_442_WI_1_evaluation,HOUSEHOLD_2_442,WI_1,2016-03-02,0,1.1620051688364668
HOUSEHOLD_2_442_WI_2_evaluation,HOUSEHOLD_2_442,WI_2,2016-03-02,0,1.0395605435127941
HOUSEHOLD_2_442_WI_3_evaluation,HOUSEHOLD_2_442,WI_3,2016-03-02,1,0.31958806705122866
FOODS_1_021_CA_1_evaluation,FOODS_1_021,CA_1,2016-03-03,0,2.1430604746509045
FOODS_1_021_CA_2_evaluation,FOODS_1_021,CA_2,2016-03-03,2,3.008727872266054
FOODS_1_021_CA_3_evaluation,FOODS_1_021,CA_3,2016-03-03,1,1.7021829399332864
FOODS_1_021_CA_4_evaluation,FOODS_1_021,CA_4,2016-03-03,0,1.4230210227169628
FOODS_1_021_TX_1_evaluation,FOODS_1_021,TX_1,2016-03-03,0,0.5754467575128425
FOODS_1_021_TX_2_evaluation,FOODS_1_021,TX_2,2016-03-03,0,0.12134338715639742
FOODS_1_021_TX_3_evaluation,FOODS_1_021,TX_3,2016-03-03,0,0.7428037967815763
FOODS_1_021_WI_1_evaluation,FOODS_1_021,WI_1,2016-03-03,0,0.8873409935790564
FOODS_1_021_WI_2_evaluation,FOODS_1_021,WI_2,2016-03-03,1,0.8999416709593959
FOODS_1_021_WI_3_evaluation,FOODS_1_021,WI_3,2016-03-03,0,0.5445583107946421
FOODS_2_035_CA_1_evaluation,FOODS_2_035,CA_1,2016-03-03,1,2.014696775973563
FOODS_2_035_CA_2_evaluation,FOODS_2_035,CA_2,2016-03-03,1,3.096096023570837
FOODS_2_035_CA_3_evaluation,FOODS_2_035,CA_3,2016-03-03,2,3.872767570299109
FOODS_2_035_CA_4_evaluation,FOODS_2_035,CA_4,2016-03-03,1,1.5074930617028028
FOODS_2_035_TX_1_evaluation,FOODS_2_035,TX_1,2016-03-03,2,1.0172513440217894
FOODS_2_035_TX_2_evaluation,FOODS_2_035,TX_2,2016-03-03,0,2.1943806878641583
FOODS_2_035_TX_3_evaluation,FOODS_2_035,TX_3,2016-03-03,1,2.1406689105698917
FOODS_2_035_WI_1_evaluation,FOODS_2_035,WI_1,2016-03-03,1,0.8924732762917247
FOODS_2_035_WI_2_evaluation,FOODS_2_035,WI_2,2016-03-03,0,2.597170523313316
FOODS_2_035_WI_3_evaluation,FOODS_2_035,WI_3,2016-03-03,0,2.223708872910763
FOODS_3_180_CA_1_evaluation,FOODS_3_180,CA_1,2016-03-03,0,0.32319277848767625
FOODS_3_180_CA_2_evaluation,FOODS_3_180,CA_2,2016-03-03,0,0.44453471249996807
FOODS_3_180_CA_3_evaluation,FOODS_3_180,CA_3,2016-03-03,0,0.38012811683954784
FOODS_3_180_CA_4_evaluation,FOODS_3_180,CA_4,2016-03-03,0,0.2013200505902795
FOODS_3_180_TX_1_evaluation,FOODS_3_180,TX_1,2016-03-03,1,0.06743741827833769
FOODS_3_180_TX_2_evaluation,FOODS_3_180,TX_2,2016-03-03,0,0.327938099625635
FOODS_3_180_TX_3_evaluation,FOODS_3_180,TX_3,2016-03-03,0,0.13386098664073182
FOODS_3_180_WI_1_evaluation,FOODS_3_180,WI_1,2016-03-03,0,0.6900623503317117
FOODS_3_180_WI_2_evaluation,FOODS_3_180,WI_2,2016-03-03,0,0.5273040903612636
FOODS_3_180_WI_3_evaluation,FOODS_3_180,WI_3,2016-03-03,1,0.14935700512616845
FOODS_3_260_CA_1_evaluation,FOODS_3_260,CA_1,2016-03-03,2,0.9993953623166223
FOODS_3_260_CA_2_evaluation,FOODS_3_260,CA_2,2016-03-03,0,0.28887122925054687
FOODS_3_260_CA_3_evaluation,FOODS_3_260,CA_3,2016-03-03,0,0.3027907068991065
FOODS_3_260_CA_4_evaluation,FOODS_3_260,CA_4,2016-03-03,0,0.4639647805943714
FOODS_3_260_TX_1_evaluation,FOODS_3_260,TX_1,2016-03-03,1,0.1826532396668225
FOODS_3_260_TX_2_evaluation,FOODS_3_260,TX_2,2016-03-03,0,0.3344867482614668
FOODS_3_260_TX_3_evaluation,FOODS_3_260,TX_3,2016-03-03,0,0.11563581400990196
FOODS_3_260_WI_1_evaluation,FOODS_3_260,WI_1,2016-03-03,0,0.6633182244733421
FOODS_3_260_WI_2_evaluation,FOODS_3_260,WI_2,2016-03-03,0,0.36110495008017707
FOODS_3_260_WI_3_evaluation,FOODS_3_260,WI_3,2016-03-03,0,0.1503544385322113
HOBBIES_1_022_CA_1_evaluation,HOBBIES_1_022,CA_1,2016-03-03,3,0.16176502090565104
HOBBIES_1_022_CA_2_evaluation,HOBBIES_1_022,CA_2,2016-03-03,1,0.13868531437907147
HOBBIES_1_022_CA_3_evaluation,HOBBIES_1_022,CA_3,2016-03-03,0,0.47613361528086284
HOBBIES_1_022_CA_4_evaluation,HOBBIES_1_022,CA_4,2016-03-03,1,0.03863176445524041
HOBBIES_1_022_TX_1_evaluation,HOBBIES_1_022,TX_1,2016-03-03,0,0.14937143151151508
HOBBIES_1_022_TX_2_evaluation,HOBBIES_1_022,TX_2,2016-03-03,1,0.3962337553114601
HOBBIES_1_022_TX_3_evaluation,HOBBIES_1_022,TX_3,2016-03-03,2,0.42813491031105977
HOBBIES_1_022_WI_1_evaluation,HOBBIES_1_022,WI_1,2016-03-03,0,0.2945248814858952
HOBBIES_1_022_WI_2_evaluation,HOBBIES_1_022,WI_2,2016-03-03,0,0.18257169455410227
HOBBIES_1_022_WI_3_evaluation,HOBBIES_1_022,WI_3,2016-03-03,0,0.5231067126312928
HOBBIES_1_209_CA_1_evaluation,HOBBIES_1_209,CA_1,2016-03-03,5,4.592343351027078
HOBBIES_1_209_CA_2_evaluation,HOBBIES_1_209,CA_2,2016-03-03,6,0.9909832393603586
HOBBIES_1_209_CA_3_evaluation,HOBBIES_1_209,CA_3,2016-03-03,0,4.523056118156614
HOBBIES_1_209_CA_4_evaluation,HOBBIES_1_209,CA_4,2016-03-03,0,0.5694144032506265
HOBBIES_1_209_TX_1_evaluation,HOBBIES_1_209,TX_1,2016-03-03,0,2.5776200584348707
HOBBIES_1_209_TX_2_evaluation,HOBBIES_1_209,TX_2,2016-03-03,0,1.8830693838176427
HOBBIES_1_209_TX_3_evaluation,HOBBIES_1_209,TX_3,2016-03-03,0,0.7838041351398208
HOBBIES_1_209_WI_1_evaluation,HOBBIES_1_209,WI_1,2016-03-03,4,1.917455921719265
HOBBIES_1_209_WI_2_evaluation,HOBBIES_1_209,WI_2,2016-03-03,5,1.3013872509291926
HOBBIES_1_209_WI_3_evaluation,HOBBIES_1_209,WI_3,2016-03-03,0,2.5919778496673636
HOBBIES_2_041_CA_1_evaluation,HOBBIES_2_041,CA_1,2016-03-03,0,0.33036620437005026
HOBBIES_2_041_CA_2_evaluation,HOBBIES_2_041,CA_2,2016-03-03,3,1.1538311214795265
HOBBIES_2_041_CA_3_evaluation,HOBBIES_2_041,CA_3,2016-03-03,0,0.25796407167367963
HOBBIES_2_041_CA_4_evaluation,HOBBIES_2_041,CA_4,2016-03-03,0,0.33306807591708776
HOBBIES_2_041_TX_1_evaluation,HOBBIES_2_041,TX_1,2016-03-03,0,0.15305033113698044
HOBBIES_2_041_TX_2_evaluation,HOBBIES_2_041,TX_2,2016-03-03,1,0.8358120645973932
HOBBIES_2_041_TX_3_evaluation,HOBBIES_2_041,TX_3,2016-03-03,0,0.191641245308761
HOBBIES_2_041_WI_1_evaluation,HOBBIES_2_041,WI_1,2016-03-03,0,0.2816055575856359
HOBBIES_2_041_WI_2_evaluation,HOBBIES_2_041,WI_2,2016-03-03,0,0.2901226434632033
HOBBIES_2_041_WI_3_evaluation,HOBBIES_2_041,WI_3,2016-03-03,0,0.19060939980924504
HOBBIES_2_113_CA_1_evaluation,HOBBIES_2_113,CA_1,2016-03-03,0,0.29132219216541727
HOBBIES_2_113_CA_2_evaluation,HOBBIES_2_113,CA_2,2016-03-03,0,0.07178155367854129
HOBBIES_2_113_CA_3_evaluation,HOBBIES_2_113,CA_3,2016-03-03,0,0.04265518010320894
HOBBIES_2_113_CA_4_evaluation,HOBBIES_2_113,CA_4,2016-03-03,0,0.052320116185672796
HOBBIES_2_113_TX_1_evaluation,HOBBIES_2_113,TX_1,2016-03-03,1,0.15041474637295862
HOBBIES_2_113_TX_2_evaluation,HOBBIES_2_113,TX_2,2016-03-03,0,0.16036894901164409
HOBBIES_2_113_TX_3_evaluation,HOBBIES_2_113,TX_3,2016-03-03,0,0.013922142363087295
HOBBIES_2_113_WI_1_evaluation,HOBBIES_2_113,WI_1,2016-03-03,0,0.339468069308148
HOBBIES_2_113_WI_2_evaluation,HOBBIES_2_113,WI_2,2016-03-03,0,0.19176700045676837
HOBBIES_2_113_WI_3_evaluation,HOBBIES_2_113,WI_3,2016-03-03,0,0.09269284895369725
HOUSEHOLD_1_100_CA_1_evaluation,HOUSEHOLD_1_100,CA_1,2016-03-03,0,0.204122145251311
HOUSEHOLD_1_100_CA_2_evaluation,HOUSEHOLD_1_100,CA_2,2016-03-03,1,0.010040542926726875
HOUSEHOLD_1_100_CA_3_evaluation,HOUSEHOLD_1_100,CA_3,2016-03-03,0,0.0
HOUSEHOLD_1_100_CA_4_evaluation,HOUSEHOLD_1_100,CA_4,2016-03-03,0,0.37709741128994323
HOUSEHOLD_1_100_TX_1_evaluation,HOUSEHOLD_1_100,TX_1,2016-03-03,0,0.33854767411173675
HOUSEHOLD_1_100_TX_2_evaluation,HOUSEHOLD_1_100,TX_2,2016-03-03,0,0.6372234936390325
HOUSEHOLD_1_100_TX_3_evaluation,HOUSEHOLD_1_100,TX_3,2016-03-03,0,0.26462936596006426
HOUSEHOLD_1_100_WI_1_evaluation,HOUSEHOLD_1_100,WI_1,2016-03-03,0,0.0
HOUSEHOLD_1_100_WI_2_evaluation,HOUSEHOLD_1_100,WI_2,2016-03-03,0,0.2511705330545958
HOUSEHOLD_1_100_WI_3_evaluation,HOUSEHOLD_1_100,WI_3,2016-03-03,0,0.11378255022574152
HOUSEHOLD_1_290_CA_1_evaluation,HOUSEHOLD_1_290,CA_1,2016-03-03,2,0.3929036425812693
HOUSEHOLD_1_290_CA_2_evaluation,HOUSEHOLD_1_290,CA_2,2016-03-03,0,0.777099055740957
HOUSEHOLD_1_290_CA_3_evaluation,HOUSEHOLD_1_290,CA_3,2016-03-03,0,2.0063126779016227
HOUSEHOLD_1_290_CA_4_evaluation,HOUSEHOLD_1_290,CA_4,2016-03-03,0,0.19965591121055024
HOUSEHOLD_1_290_TX_1_evaluation,HOUSEHOLD_1_290,TX_1,2016-03-03,1,1.4924768764921386
HOUSEHOLD_1_290_TX_2_evaluation,HOUSEHOLD_1_290,TX_2,2016-03-03,0,1.342608999121688
HOUSEHOLD_1_290_TX_3_evaluation,HOUSEHOLD_1_290,TX_3,2016-03-03,0,1.7276581508880213
HOUSEHOLD_1_290_WI_1_evaluation,HOUSEHOLD_1_290,WI_1,2016-03-03,0,0.2505124900738621
HOUSEHOLD_1_290_WI_2_evaluation,HOUSEHOLD_1_290,WI_2,2016-03-03,1,2.057962705107486
HOUSEHOLD_1_290_WI_3_evaluation,HOUSEHOLD_1_290,WI_3,2016-03-03,0,0.7244866934120298
HOUSEHOLD_1_370_CA_1_evaluation,HOUSEHOLD_1_370,CA_1,2016-03-03,0,0.8462712911860226
HOUSEHOLD_1_370_CA_2_evaluation,HOUSEHOLD_1_370,CA_2,2016-03-03,4,3.20399093372737
HOUSEHOLD_1_370_CA_3_evaluation,HOUSEHOLD_1_370,CA_3,2016-03-03,4,3.521307062860936
HOUSEHOLD_1_370_CA_4_evaluation,HOUSEHOLD_1_370,CA_4,2016-03-03,1,0.7157105598976381
HOUSEHOLD_1_370_TX_1_evaluation,HOUSEHOLD_1_370,TX_1,2016-03-03,1,1.0825535249311926
HOUSEHOLD_1_370_TX_2_evaluation,HOUSEHOLD_1_370,TX_2,2016-03-03,2,1.097987708612914
HOUSEHOLD_1_370_TX_3_evaluation,HOUSEHOLD_1_370,TX_3,2016-03-03,1,1.2445755779122858
HOUSEHOLD_1_370_WI_1_evaluation,HOUSEHOLD_1_370,WI_1,2016-03-03,0,1.5846856329068377
HOUSEHOLD_1_370_WI_2_evaluation,HOUSEHOLD_1_370,WI_2,2016-03-03,2,3.6338254187102703
HOUSEHOLD_1_370_WI_3_evaluation,HOUSEHOLD_1_370,WI_3,2016-03-03,1,1.0955716251738423
HOUSEHOLD_1_489_CA_1_evaluation,HOUSEHOLD_1_489,CA_1,2016-03-03,2,1.3684672474250081
HOUSEHOLD_1_489_CA_2_evaluation,HOUSEHOLD_1_489,CA_2,2016-03-03,4,1.7107737524112503
HOUSEHOLD_1_489_CA_3_evaluation,HOUSEHOLD_1_489,CA_3,2016-03-03,2,2.4055868356003542
HOUSEHOLD_1_489_CA_4_evaluation,HOUSEHOLD_1_489,CA_4,2016-03-03,0,0.8870529288112632
HOUSEHOLD_1_489_TX_1_evaluation,HOUSEHOLD_1_489,TX_1,2016-03-03,0,2.348198367457663
HOUSEHOLD_1_489_TX_2_evaluation,HOUSEHOLD_1_489,TX_2,2016-03-03,1,2.106930489941033
HOUSEHOLD_1_489_TX_3_evaluation,HOUSEHOLD_1_489,TX_3,2016-03-03,2,1.3138934907691653
HOUSEHOLD_1_489_WI_1_evaluation,HOUSEHOLD_1_489,WI_1,2016-03-03,1,0.6840469395599951
HOUSEHOLD_1_489_WI_2_evaluation,HOUSEHOLD_1_489,WI_2,2016-03-03,2,1.116808697067843
HOUSEHOLD_1_489_WI_3_evaluation,HOUSEHOLD_1_489,WI_3,2016-03-03,0,0.95866016191211
HOUSEHOLD_2_442_CA_1_evaluation,HOUSEHOLD_2_442,CA_1,2016-03-03,2,1.2731340885484626
HOUSEHOLD_2_442_CA_2_evaluation,HOUSEHOLD_2_442,CA_2,2016-03-03,1,1.6996538730543493
HOUSEHOLD_2_442_CA_3_evaluation,HOUSEHOLD_2_442,CA_3,2016-03-03,2,0.8426415369825666
HOUSEHOLD_2_442_CA_4_evaluation,HOUSEHOLD_2_442,CA_4,2016-03-03,0,0.5945925790805405
HOUSEHOLD_2_442_TX_1_evaluation,HOUSEHOLD_2_442,TX_1,2016-03-03,0,0.44536499081385406
HOUSEHOLD_2_442_TX_2_evaluation,HOUSEHOLD_2_442,TX_2,2016-03-03,0,0.8564025625578854
HOUSEHOLD_2_442_TX_3_evaluation,HOUSEHOLD_2_442,TX_3,2016-03-03,0,0.7247086458689999
HOUSEHOLD_2_442_WI_1_evaluation,HOUSEHOLD_2_442,WI_1,2016-03-03,0,1.0682662674185646
HOUSEHOLD_2_442_WI_2_evaluation,HOUSEHOLD_2_442,WI_2,2016-03-03,0,1.0833693156892052
HOUSEHOLD_2_442_WI_3_evaluation,HOUSEHOLD_2_442,WI_3,2016-03-03,2,0.2929930337650146
FOODS_1_021_CA_1_evaluation,FOODS_1_021,CA_1,2016-03-04,1,2.31739727138385
FOODS_1_021_CA_2_evaluation,FOODS_1_021,CA_2,2016-03-04,3,2.9269614496785006
FOODS_1_021_CA_3_evaluation,FOODS_1_021,CA_3,2016-03-04,2,1.8895673067547711
FOODS_1_021_CA_4_evaluation,FOODS_1_021,CA_4,2016-03-04,0,1.5814117332246642
FOODS_1_021_TX_1_evaluation,FOODS_1_021,TX_1,2016-03-04,2,0.6313544376700796
FOODS_1_021_TX_2_evaluation,FOODS_1_021,TX_2,2016-03-04,0,0.17999609662936744
FOODS_1_021_TX_3_evaluation,FOODS_1_021,TX_3,2016-03-04,0,0.688409080728801
FOODS_1_021_WI_1_evaluation,FOODS_1_021,WI_1,2016-03-04,1,1.279059236037267
FOODS_1_021_WI_2_evaluation,FOODS_1_021,WI_2,2016-03-04,0,0.9504707037624458
FOODS_1_021_WI_3_evaluation,FOODS_1_021,WI_3,2016-03-04,1,0.7832232871590052
FOODS_2_035_CA_1_evaluation,FOODS_2_035,CA_1,2016-03-04,2,1.9579692080517994
FOODS_2_035_CA_2_evaluation,FOODS_2_035,CA_2,2016-03-04,2,3.0548275736282138
FOODS_2_035_CA_3_evaluation,FOODS_2_035,CA_3,2016-03-04,3,3.959384504842493
FOODS_2_035_CA_4_evaluation,FOODS_2_035,CA_4,2016-03-04,2,1.4418719214294686
FOODS_2_035_TX_1_evaluation,FOODS_2_035,TX_1,2016-03-04,1,0.9762400499721025
FOODS_2_035_TX_2_evaluation,FOODS_2_035,TX_2,2016-03-04,1,2.2561571369118414
FOODS_2_035_TX_3_evaluation,FOODS_2_035,TX_3,2016-03-04,1,2.0408764521838556
FOODS_2_035_WI_1_evaluation,FOODS_2_035,WI_1,2016-03-04,1,0.9021122381298011
FOODS_2_035_WI_2_evaluation,FOODS_2_035,WI_2,2016-03-04,0,2.5796033648894268
FOODS_2_035_WI_3_evaluation,FOODS_2_035,WI_3,2016-03-04,2,2.229471960011227
FOODS_3_180_CA_1_evaluation,FOODS_3_180,CA_1,2016-03-04,0,0.25385720734453204
FOODS_3_180_CA_2_evaluation,FOODS_3_180,CA_2,2016-03-04,0,0.42434119588857944
FOODS_3_180_CA_3_evaluation,FOODS_3_180,CA_3,2016-03-04,1,0.42075552714020426
FOODS_3_180_CA_4_evaluation,FOODS_3_180,CA_4,2016-03-04,0,0.17117588468945766
FOODS_3_180_TX_1_evaluation,FOODS_3_180,TX_1,2016-03-04,0,0.06494917132642755
FOODS_3_180_TX_2_evaluation,FOODS_3_180,TX_2,2016-03-04,0,0.30555432059288357
FOODS_3_180_TX_3_evaluation,FOODS_3_180,TX_3,2016-03-04,0,0.12098468656598362
FOODS_3_180_WI_1_evaluation,FOODS_3_180,WI_1,2016-03-04,1,0.6280825606526166
FOODS_3_180_WI_2_evaluation,FOODS_3_180,WI_2,2016-03-04,1,0.5842034097687553
FOODS_3_180_WI_3_evaluation,FOODS_3_180,WI_3,2016-03-04,0,0.175901367328966
FOODS_3_260_CA_1_evaluation,FOODS_3_260,CA_1,2016-03-04,1,0.9929204426284796
FOODS_3_260_CA_2_evaluation,FOODS_3_260,CA_2,2016-03-04,0,0.3274104238822483
FOODS_3_260_CA_3_evaluation,FOODS_3_260,CA_3,2016-03-04,0,0.3254784929504014
FOODS_3_260_CA_4_evaluation,FOODS_3_260,CA_4,2016-03-04,0,0.47532447956027835
FOODS_3_260_TX_1_evaluation,FOODS_3_260,TX_1,2016-03-04,0,0.15547385281048987
FOODS_3_260_TX_2_evaluation,FOODS_3_260,TX_2,2016-03-04,2,0.3468544640524252
FOODS_3_260_TX_3_evaluation,FOODS_3_260,TX_3,2016-03-04,0,0.10081284047370134
FOODS_3_260_WI_1_evaluation,FOODS_3_260,WI_1,2016-03-04,0,0.5409172786194938
FOODS_3_260_WI_2_evaluation,FOODS_3_260,WI_2,2016-03-04,0,0.3250885631887819
FOODS_3_260_WI_3_evaluation,FOODS_3_260,WI_3,2016-03-04,0,0.13968100680504883
HOBBIES_1_022_CA_1_evaluation,HOBBIES_1_022,CA_1,2016-03-04,0,0.17728255113817712
HOBBIES_1_022_CA_2_evaluation,HOBBIES_1_022,CA_2,2016-03-04,0,0.19094594338958815
HOBBIES_1_022_CA_3_evaluation,HOBBIES_1_022,CA_3,2016-03-04,0,0.48129630731340356
HOBBIES_1_022_CA_4_evaluation,HOBBIES_1_022,CA_4,2016-03-04,0,0.08399093700625668
HOBBIES_1_022_TX_1_evaluation,HOBBIES_1_022,TX_1,2016-03-04,0,0.11990454236628109
HOBBIES_1_022_TX_2_evaluation,HOBBIES_1_022,TX_2,2016-03-04,1,0.5037507161966441
HOBBIES_1_022_TX_3_evaluation,HOBBIES_1_022,TX_3,2016-03-04,0,0.3823940411617592
HOBBIES_1_022_WI_1_evaluation,HOBBIES_1_022,WI_1,2016-03-04,1,0.204809091424067
HOBBIES_1_022_WI_2_evaluation,HOBBIES_1_022,WI_2,2016-03-04,1,0.14555679406313227
HOBBIES_1_022_WI_3_evaluation,HOBBIES_1_022,WI_3,2016-03-04,0,0.4626791069747731
HOBBIES_1_209_CA_1_evaluation,HOBBIES_1_209,CA_1,2016-03-04,3,4.309276066079997
HOBBIES_1_209_CA_2_evaluation,HOBBIES_1_209,CA_2,2016-03-04,0,1.3673463611628638
HOBBIES_1_209_CA_3_evaluation,HOBBIES_1_209,CA_3,2016-03-04,3,5.025851866399536
HOBBIES_1_209_CA_4_evaluation,HOBBIES_1_209,CA_4,2016-03-04,0,0.45342968885658963
HOBBIES_1_209_TX_1_evaluation,HOBBIES_1_209,TX_1,2016-03-04,0,2.4281434838681504
HOBBIES_1_209_TX_2_evaluation,HOBBIES_1_209,TX_2,2016-03-04,2,1.7716705725299402
HOBBIES_1_209_TX_3_evaluation,HOBBIES_1_209,TX_3,2016-03-04,0,0.7759592254838841
HOBBIES_1_209_WI_1_evaluation,HOBBIES_1_209,WI_1,2016-03-04,1,1.8931335249769456
HOBBIES_1_209_WI_2_evaluation,HOBBIES_1_209,WI_2,2016-03-04,8,1.398442212374261
HOBBIES_1_209_WI_3_evaluation,HOBBIES_1_209,WI_3,2016-03-04,3,3.008370993832623
HOBBIES_2_041_CA_1_evaluation,HOBBIES_2_041,CA_1,2016-03-04,0,0.3200266410342227
HOBBIES_2_041_CA_2_evaluation,HOBBIES_2_041,CA_2,2016-03-04,0,1.1306210627437194
HOBBIES_2_041_CA_3_evaluation,HOBBIES_2_041,CA_3,2016-03-04,0,0.25712669025675017
HOBBIES_2_041_CA_4_evaluation,HOBBIES_2_041,CA_4,2016-03-04,0,0.3839948684513806
HOBBIES_2_041_TX_1_evaluation,HOBBIES_2_041,TX_1,2016-03-04,1,0.19474004184924346
HOBBIES_2_041_TX_2_evaluation,HOBBIES_2_041,TX_2,2016-03-04,0,0.8024679489942296
HOBBIES_2_041_TX_3_evaluation,HOBBIES_2_041,TX_3,2016-03-04,0,0.22634356506193287
HOBBIES_2_041_WI_1_evaluation,HOBBIES_2_041,WI_1,2016-03-04,0,0.27962140523562407
HOBBIES_2_041_WI_2_evaluation,HOBBIES_2_041,WI_2,2016-03-04,0,0.23022052602312748
HOBBIES_2_041_WI_3_evaluation,HOBBIES_2_041,WI_3,2016-03-04,3,0.2161551354432495
HOBBIES_2_113_CA_1_evaluation,HOBBIES_2_113,CA_1,2016-03-04,0,0.2742334326054836
HOBBIES_2_113_CA_2_evaluation,HOBBIES_2_113,CA_2,2016-03-04,0,0.054637347784983276
HOBBIES_2_113_CA_3_evaluation,HOBBIES_2_113,CA_3,2016-03-04,0,0.06588121285475629
HOBBIES_2_113_CA_4_evaluation,HOBBIES_2_113,CA_4,2016-03-04,0,0.12187209735823674
HOBBIES_2_113_TX_1_evaluation,HOBBIES_2_113,TX_1,2016-03-04,0,0.07311203272966216
HOBBIES_2_113_TX_2_evaluation,HOBBIES_2_113,TX_2,2016-03-04,0,0.20532201290722796
HOBBIES_2_113_TX_3_evaluation,HOBBIES_2_113,TX_3,2016-03-04,0,0.01430702850710927
HOBBIES_2_113_WI_1_evaluation,HOBBIES_2_113,WI_1,2016-03-04,0,0.40602395485424625
HOBBIES_2_113_WI_2_evaluation,HOBBIES_2_113,WI_2,2016-03-04,0,0.24923837789633185
HOBBIES_2_113_WI_3_evaluation,HOBBIES_2_113,WI_3,2016-03-04,0,0.09683728900803731
HOUSEHOLD_1_100_CA_1_evaluation,HOUSEHOLD_1_100,CA_1,2016-03-04,0,0.03760177248148988
HOUSEHOLD_1_100_CA_2_evaluation,HOUSEHOLD_1_100,CA_2,2016-03-04,0,0.2639008724250871
HOUSEHOLD_1_100_CA_3_evaluation,HOUSEHOLD_1_100,CA_3,2016-03-04,0,0.0
HOUSEHOLD_1_100_CA_4_evaluation,HOUSEHOLD_1_100,CA_4,2016-03-04,0,0.4003396173467605
HOUSEHOLD_1_100_TX_1_evaluation,HOUSEHOLD_1_100,TX_1,2016-03-04,0,0.2774156084614924
HOUSEHOLD_1_100_TX_2_evaluation,HOUSEHOLD_1_100,TX_2,2016-03-04,0,0.6575644347608642
HOUSEHOLD_1_100_TX_3_evaluation,HOUSEHOLD_1_100,TX_3,2016-03-04,0,0.26305062891587644
HOUSEHOLD_1_100_WI_1_evaluation,HOUSEHOLD_1_100,WI_1,2016-03-04,0,0.0
HOUSEHOLD_1_100_WI_2_evaluation,HOUSEHOLD_1_100,WI_2,2016-03-04,0,0.19521166840275878
HOUSEHOLD_1_100_WI_3_evaluation,HOUSEHOLD_1_100,WI_3,2016-03-04,0,0.05746664247994149
HOUSEHOLD_1_290_CA_1_evaluation,HOUSEHOLD_1_290,CA_1,2016-03-04,0,0.5678633038976242
HOUSEHOLD_1_290_CA_2_evaluation,HOUSEHOLD_1_290,CA_2,2016-03-04,1,0.7755945167259767
HOUSEHOLD_1_290_CA_3_evaluation,HOUSEHOLD_1_290,CA_3,2016-03-04,0,2.030383120681945
HOUSEHOLD_1_290_CA_4_evaluation,HOUSEHOLD_1_290,CA_4,2016-03-04,0,0.1694818778649424
HOUSEHOLD_1_290_TX_1_evaluation,HOUSEHOLD_1_290,TX_1,2016-03-04,2,1.804417900020339
HOUSEHOLD_1_290_TX_2_evaluation,HOUSEHOLD_1_290,TX_2,2016-03-04,1,1.3648304590502276
HOUSEHOLD_1_290_TX_3_evaluation,HOUSEHOLD_1_290,TX_3,2016-03-04,1,1.8756821184175008
HOUSEHOLD_1_290_WI_1_evaluation,HOUSEHOLD_1_290,WI_1,2016-03-04,0,0.2020172496601898
HOUSEHOLD_1_290_WI_2_evaluation,HOUSEHOLD_1_290,WI_2,2016-03-04,1,2.2103507408862133
HOUSEHOLD_1_290_WI_3_evaluation,HOUSEHOLD_1_290,WI_3,2016-03-04,1,0.7813554800237784
HOUSEHOLD_1_370_CA_1_evaluation,HOUSEHOLD_1_370,CA_1,2016-03-04,1,0.9901852208726222
HOUSEHOLD_1_370_CA_2_evaluation,HOUSEHOLD_1_370,CA_2,2016-03-04,4,3.110235155790622
HOUSEHOLD_1_370_CA_3_evaluation,HOUSEHOLD_1_370,CA_3,2016-03-04,5,3.4010870343228334
HOUSEHOLD_1_370_CA_4_evaluation,HOUSEHOLD_1_370,CA_4,2016-03-04,1,0.8001663659033771
HOUSEHOLD_1_370_TX_1_evaluation,HOUSEHOLD_1_370,TX_1,2016-03-04,0,1.1637662637253083
HOUSEHOLD_1_370_TX_2_evaluation,HOUSEHOLD_1_370,TX_2,2016-03-04,1,1.1738575427648674
HOUSEHOLD_1_370_TX_3_evaluation,HOUSEHOLD_1_370,TX_3,2016-03-04,0,1.2180086494813405
HOUSEHOLD_1_370_WI_1_evaluation,HOUSEHOLD_1_370,WI_1,2016-03-04,0,1.554413664914241
HOUSEHOLD_1_370_WI_2_evaluation,HOUSEHOLD_1_370,WI_2,2016-03-04,3,3.558226611954341
HOUSEHOLD_1_370_WI_3_evaluation,HOUSEHOLD_1_370,WI_3,2016-03-04,0,1.069284826837682
HOUSEHOLD_1_489_CA_1_evaluation,HOUSEHOLD_1_489,CA_1,2016-03-04,0,1.435009143528153
HOUSEHOLD_1_489_CA_2_evaluation,HOUSEHOLD_1_489,CA_2,2016-03-04,1,1.697566714226962
HOUSEHOLD_1_489_CA_3_evaluation,HOUSEHOLD_1_489,CA_3,2016-03-04,1,2.502876597577538
HOUSEHOLD_1_489_CA_4_evaluation,HOUSEHOLD_1_489,CA_4,2016-03-04,1,0.966177371839803
HOUSEHOLD_1_489_TX_1_evaluation,HOUSEHOLD_1_489,TX_1,2016-03-04,0,2.4754592959715036
HOUSEHOLD_1_489_TX_2_evaluation,HOUSEHOLD_1_489,TX_2,2016-03-04,3,2.1074278045633332
HOUSEHOLD_1_489_TX_3_evaluation,HOUSEHOLD_1_489,TX_3,2016-03-04,3,1.3081664158201618
HOUSEHOLD_1_489_WI_1_evaluation,HOUSEHOLD_1_489,WI_1,2016-03-04,0,0.7019381237999589
HOUSEHOLD_1_489_WI_2_evaluation,HOUSEHOLD_1_489,WI_2,2016-03-04,0,1.156659895416999
HOUSEHOLD_1_489_WI_3_evaluation,HOUSEHOLD_1_489,WI_3,2016-03-04,0,1.0173945254724335
HOUSEHOLD_2_442_CA_1_evaluation,HOUSEHOLD_2_442,CA_1,2016-03-04,1,1.416801075368621
HOUSEHOLD_2_442_CA_2_evaluation,HOUSEHOLD_2_442,CA_2,2016-03-04,0,1.6297246211806669
HOUSEHOLD_2_442_CA_3_evaluation,HOUSEHOLD_2_442,CA_3,2016-03-04,1,0.9590230405273927
HOUSEHOLD_2_442_CA_4_evaluation,HOUSEHOLD_2_442,CA_4,2016-03-04,2,0.6281725618236709
HOUSEHOLD_2_442_TX_1_evaluation,HOUSEHOLD_2_442,TX_1,2016-03-04,0,0.4184798262073717
HOUSEHOLD_2_442_TX_2_evaluation,HOUSEHOLD_2_442,TX_2,2016-03-04,2,0.9694153463692982
HOUSEHOLD_2_442_TX_3_evaluation,HOUSEHOLD_2_442,TX_3,2016-03-04,0,0.82086359438504
HOUSEHOLD_2_442_WI_1_evaluation,HOUSEHOLD_2_442,WI_1,2016-03-04,1,1.083766325015902
HOUSEHOLD_2_442_WI_2_evaluation,HOUSEHOLD_2_442,WI_2,2016-03-04,0,1.0676495606650052
HOUSEHOLD_2_442_WI_3_evaluation,HOUSEHOLD_2_442,WI_3,2016-03-04,1,0.3487247952249526
FOODS_1_021_CA_1_evaluation,FOODS_1_021,CA_1,2016-03-05,6,2.7153498333181227
FOODS_1_021_CA_2_evaluation,FOODS_1_021,CA_2,2016-03-05,9,3.4453837031521206
FOODS_1_021_CA_3_evaluation,FOODS_1_021,CA_3,2016-03-05,0,2.053133939953765
FOODS_1_021_CA_4_evaluation,FOODS_1_021,CA_4,2016-03-05,1,1.9265031810258286
FOODS_1_021_TX_1_evaluation,FOODS_1_021,TX_1,2016-03-05,5,0.7967082069689453
FOODS_1_021_TX_2_evaluation,FOODS_1_021,TX_2,2016-03-05,0,0.34208726829122305
FOODS_1_021_TX_3_evaluation,FOODS_1_021,TX_3,2016-03-05,0,0.7640981725773228
FOODS_1_021_WI_1_evaluation,FOODS_1_021,WI_1,2016-03-05,0,2.016443917740867
FOODS_1_021_WI_2_evaluation,FOODS_1_021,WI_2,2016-03-05,2,1.124105064601531
FOODS_1_021_WI_3_evaluation,FOODS_1_021,WI_3,2016-03-05,3,1.0281861129072094
FOODS_2_035_CA_1_evaluation,FOODS_2_035,CA_1,2016-03-05,1,2.127144232519022
FOODS_2_035_CA_2_evaluation,FOODS_2_035,CA_2,2016-03-05,3,3.130066434428992
FOODS_2_035_CA_3_evaluation,FOODS_2_035,CA_3,2016-03-05,5,3.8489206817815442
FOODS_2_035_CA_4_evaluation,FOODS_2_035,CA_4,2016-03-05,2,1.4888474524463848
FOODS_2_035_TX_1_evaluation,FOODS_2_035,TX_1,2016-03-05,0,0.983714975493336
FOODS_2_035_TX_2_evaluation,FOODS_2_035,TX_2,2016-03-05,2,2.1865885285604993
FOODS_2_035_TX_3_evaluation,FOODS_2_035,TX_3,2016-03-05,3,1.9837063412425109
FOODS_2_035_WI_1_evaluation,FOODS_2_035,WI_1,2016-03-05,2,0.9681702361886627
FOODS_2_035_WI_2_evaluation,FOODS_2_035,WI_2,2016-03-05,1,2.626084808991364
FOODS_2_035_WI_3_evaluation,FOODS_2_035,WI_3,2016-03-05,2,2.3032934145278503
FOODS_3_180_CA_1_evaluation,FOODS_3_180,CA_1,2016-03-05,0,0.33599713646164875
FOODS_3_180_CA_2_evaluation,FOODS_3_180,CA_2,2016-03-05,0,0.43762945878718257
FOODS_3_180_CA_3_evaluation,FOODS_3_180,CA_3,2016-03-05,1,0.4243466548865935
FOODS_3_180_CA_4_evaluation,FOODS_3_180,CA_4,2016-03-05,1,0.18255171051439065
FOODS_3_180_TX_1_evaluation,FOODS_3_180,TX_1,2016-03-05,0,0.0702080741152647
FOODS_3_180_TX_2_evaluation,FOODS_3_180,TX_2,2016-03-05,0,0.31401800979872757
FOODS_3_180_TX_3_evaluation,FOODS_3_180,TX_3,2016-03-05,0,0.11983444120867565
FOODS_3_180_WI_1_evaluation,FOODS_3_180,WI_1,2016-03-05,1,0.6674263738998905
FOODS_3_180_WI_2_evaluation,FOODS_3_180,WI_2,2016-03-05,1,0.6023992496093679
FOODS_3_180_WI_3_evaluation,FOODS_3_180,WI_3,2016-03-05,0,0.15018387697233904
FOODS_3_260_CA_1_evaluation,FOODS_3_260,CA_1,2016-03-05,0,1.1104862110944567
FOODS_3_260_CA_2_evaluation,FOODS_3_260,CA_2,2016-03-05,0,0.28314481688276505
FOODS_3_260_CA_3_evaluation,FOODS_3_260,CA_3,2016-03-05,0,0.2850784036227405
FOODS_3_260_CA_4_evaluation,FOODS_3_260,CA_4,2016-03-05,0,0.436917927309233
FOODS_3_260_TX_1_evaluation,FOODS_3_260,TX_1,2016-03-05,1,0.15393020410236213
FOODS_3_260_TX_2_evaluation,FOODS_3_260,TX_2,2016-03-05,1,0.3633714787091286
FOODS_3_260_TX_3_evaluation,FOODS_3_260,TX_3,2016-03-05,0,0.07848702308342256
FOODS_3_260_WI_1_evaluation,FOODS_3_260,WI_1,2016-03-05,0,0.5472628866324262
FOODS_3_260_WI_2_evaluation,FOODS_3_260,WI_2,2016-03-05,0,0.3571554194291125
FOODS_3_260_WI_3_evaluation,FOODS_3_260,WI_3,2016-03-05,0,0.15129480080668586
HOBBIES_1_022_CA_1_evaluation,HOBBIES_1_022,CA_1,2016-03-05,0,0.32447388117510506
HOBBIES_1_022_CA_2_evaluation,HOBBIES_1_022,CA_2,2016-03-05,1,0.30786238873646865
HOBBIES_1_022_CA_3_evaluation,HOBBIES_1_022,CA_3,2016-03-05,0,0.44150139118711285
HOBBIES_1_022_CA_4_evaluation,HOBBIES_1_022,CA_4,2016-03-05,0,0.06519488731966089
HOBBIES_1_022_TX_1_evaluation,HOBBIES_1_022,TX_1,2016-03-05,0,0.2075384063621561
HOBBIES_1_022_TX_2_evaluation,HOBBIES_1_022,TX_2,2016-03-05,0,0.5825049702246113
HOBBIES_1_022_TX_3_evaluation,HOBBIES_1_022,TX_3,2016-03-05,1,0.4842462767956159
HOBBIES_1_022_WI_1_evaluation,HOBBIES_1_022,WI_1,2016-03-05,0,0.3578772035147005
HOBBIES_1_022_WI_2_evaluation,HOBBIES_1_022,WI_2,2016-03-05,1,0.19267456393226107
HOBBIES_1_022_WI_3_evaluation,HOBBIES_1_022,WI_3,2016-03-05,0,0.6954333891059122
HOBBIES_1_209_CA_1_evaluation,HOBBIES_1_209,CA_1,2016-03-05,10,4.719458973101907
HOBBIES_1_209_CA_2_evaluation,HOBBIES_1_209,CA_2,2016-03-05,5,2.1386464351242673
HOBBIES_1_209_CA_3_evaluation,HOBBIES_1_209,CA_3,2016-03-05,8,5.3566132158174815
HOBBIES_1_209_CA_4_evaluation,HOBBIES_1_209,CA_4,2016-03-05,0,0.6027117729139082
HOBBIES_1_209_TX_1_evaluation,HOBBIES_1_209,TX_1,2016-03-05,0,3.6195771867050546
HOBBIES_1_209_TX_2_evaluation,HOBBIES_1_209,TX_2,2016-03-05,7,2.428357910769822
HOBBIES_1_209_TX_3_evaluation,HOBBIES_1_209,TX_3,2016-03-05,0,1.0451745742295568
HOBBIES_1_209_WI_1_evaluation,HOBBIES_1_209,WI_1,2016-03-05,0,2.483094384561072
HOBBIES_1_209_WI_2_evaluation,HOBBIES_1_209,WI_2,2016-03-05,0,1.4822811249744525
HOBBIES_1_209_WI_3_evaluation,HOBBIES_1_209,WI_3,2016-03-05,1,3.2039361697660325
HOBBIES_2_041_CA_1_evaluation,HOBBIES_2_041,CA_1,2016-03-05,0,0.3620424164739385
HOBBIES_2_041_CA_2_evaluation,HOBBIES_2_041,CA_2,2016-03-05,0,1.3120614658449807
HOBBIES_2_041_CA_3_evaluation,HOBBIES_2_041,CA_3,2016-03-05,0,0.34233911032363
HOBBIES_2_041_CA_4_evaluation,HOBBIES_2_041,CA_4,2016-03-05,0,0.3406742796104302
HOBBIES_2_041_TX_1_evaluation,HOBBIES_2_041,TX_1,2016-03-05,0,0.2024011525089494
HOBBIES_2_041_TX_2_evaluation,HOBBIES_2_041,TX_2,2016-03-05,2,0.7990348167753698
HOBBIES_2_041_TX_3_evaluation,HOBBIES_2_041,TX_3,2016-03-05,0,0.20058326878767466
HOBBIES_2_041_WI_1_evaluation,HOBBIES_2_041,WI_1,2016-03-05,0,0.304370383399289
HOBBIES_2_041_WI_2_evaluation,HOBBIES_2_041,WI_2,2016-03-05,1,0.29032499177033505
HOBBIES_2_041_WI_3_evaluation,HOBBIES_2_041,WI_3,2016-03-05,0,0.25288575307627276
HOBBIES_2_113_CA_1_evaluation,HOBBIES_2_113,CA_1,2016-03-05,0,0.26368508332298624
HOBBIES_2_113_CA_2_evaluation,HOBBIES_2_113,CA_2,2016-03-05,0,0.12792361009671005
HOBBIES_2_113_CA_3_evaluation,HOBBIES_2_113,CA_3,2016-03-05,0,0.0
HOBBIES_2_113_CA_4_evaluation,HOBBIES_2_113,CA_4,2016-03-05,0,0.1045291195555979
HOBBIES_2_113_TX_1_evaluation,HOBBIES_2_113,TX_1,2016-03-05,0,0.06261761985171238
HOBBIES_2_113_TX_2_evaluation,HOBBIES_2_113,TX_2,2016-03-05,0,0.16340148111696567
HOBBIES_2_113_TX_3_evaluation,HOBBIES_2_113,TX_3,2016-03-05,1,0.0030104810473541715
HOBBIES_2_113_WI_1_evaluation,HOBBIES_2_113,WI_1,2016-03-05,0,0.4532018280473312
HOBBIES_2_113_WI_2_evaluation,HOBBIES_2_113,WI_2,2016-03-05,0,0.24603613462259075
HOBBIES_2_113_WI_3_evaluation,HOBBIES_2_113,WI_3,2016-03-05,0,0.07865540470051169
HOUSEHOLD_1_100_CA_1_evaluation,HOUSEHOLD_1_100,CA_1,2016-03-05,0,0.5483067419097749
HOUSEHOLD_1_100_CA_2_evaluation,HOUSEHOLD_1_100,CA_2,2016-03-05,0,0.5486187057736202
HOUSEHOLD_1_100_CA_3_evaluation,HOUSEHOLD_1_100,CA_3,2016-03-05,0,0.0853549800523637
HOUSEHOLD_1_100_CA_4_evaluation,HOUSEHOLD_1_100,CA_4,2016-03-05,0,0.4587920677837302
HOUSEHOLD_1_100_TX_1_evaluation,HOUSEHOLD_1_100,TX_1,2016-03-05,0,0.30263417396447745
HOUSEHOLD_1_100_TX_2_evaluation,HOUSEHOLD_1_100,TX_2,2016-03-05,0,0.879351090359921
HOUSEHOLD_1_100_TX_3_evaluation,HOUSEHOLD_1_100,TX_3,2016-03-05,0,0.4521039618186538
HOUSEHOLD_1_100_WI_1_evaluation,HOUSEHOLD_1_100,WI_1,2016-03-05,0,0.1523075970742462
HOUSEHOLD_1_100_WI_2_evaluation,HOUSEHOLD_1_100,WI_2,2016-03-05,0,0.37065145275496625
HOUSEHOLD_1_100_WI_3_evaluation,HOUSEHOLD_1_100,WI_3,2016-03-05,0,0.3724249744114195
HOUSEHOLD_1_290_CA_1_evaluation,HOUSEHOLD_1_290,CA_1,2016-03-05,0,0.4417093854409891
HOUSEHOLD_1_290_CA_2_evaluation,HOUSEHOLD_1_290,CA_2,2016-03-05,1,0.8378919857445764
HOUSEHOLD_1_290_CA_3_evaluation,HOUSEHOLD_1_290,CA_3,2016-03-05,2,1.9375040721487056
HOUSEHOLD_1_290_CA_4_evaluation,HOUSEHOLD_1_290,CA_4,2016-03-05,0,0.18510977765617767
HOUSEHOLD_1_290_TX_1_evaluation,HOUSEHOLD_1_290,TX_1,2016-03-05,5,1.7685298921159847
HOUSEHOLD_1_290_TX_2_evaluation,HOUSEHOLD_1_290,TX_2,2016-03-05,4,1.5180509360975474
HOUSEHOLD_1_290_TX_3_evaluation,HOUSEHOLD_1_290,TX_3,2016-03-05,7,2.049953914717005
HOUSEHOLD_1_290_WI_1_evaluation,HOUSEHOLD_1_290,WI_1,2016-03-05,0,0.3157491363526814
HOUSEHOLD_1_290_WI_2_evaluation,HOUSEHOLD_1_290,WI_2,2016-03-05,4,2.319079888163681
HOUSEHOLD_1_290_WI_3_evaluation,HOUSEHOLD_1_290,WI_3,2016-03-05,0,1.142673161212155
HOUSEHOLD_1_370_CA_1_evaluation,HOUSEHOLD_1_370,CA_1,2016-03-05,2,0.9046621201962699
HOUSEHOLD_1_370_CA_2_evaluation,HOUSEHOLD_1_370,CA_2,2016-03-05,7,3.4129823428152015
HOUSEHOLD_1_370_CA_3_evaluation,HOUSEHOLD_1_370,CA_3,2016-03-05,3,3.3211987883568423
HOUSEHOLD_1_370_CA_4_evaluation,HOUSEHOLD_1_370,CA_4,2016-03-05,2,0.7536395062159338
HOUSEHOLD_1_370_TX_1_evaluation,HOUSEHOLD_1_370,TX_1,2016-03-05,0,1.1819766286414866
HOUSEHOLD_1_370_TX_2_evaluation,HOUSEHOLD_1_370,TX_2,2016-03-05,0,1.2622782397453531
HOUSEHOLD_1_370_TX_3_evaluation,HOUSEHOLD_1_370,TX_3,2016-03-05,1,1.2660928561044071
HOUSEHOLD_1_370_WI_1_evaluation,HOUSEHOLD_1_370,WI_1,2016-03-05,1,1.7243422674293576
HOUSEHOLD_1_370_WI_2_evaluation,HOUSEHOLD_1_370,WI_2,2016-03-05,0,3.6921709422282256
HOUSEHOLD_1_370_WI_3_evaluation,HOUSEHOLD_1_370,WI_3,2016-03-05,1,1.185516915831195
HOUSEHOLD_1_489_CA_1_evaluation,HOUSEHOLD_1_489,CA_1,2016-03-05,4,1.37410406936471
HOUSEHOLD_1_489_CA_2_evaluation,HOUSEHOLD_1_489,CA_2,2016-03-05,1,1.7147308383319704
HOUSEHOLD_1_489_CA_3_evaluation,HOUSEHOLD_1_489,CA_3,2016-03-05,2,2.5215857480746853
HOUSEHOLD_1_489_CA_4_evaluation,HOUSEHOLD_1_489,CA_4,2016-03-05,1,0.9243484648837551
HOUSEHOLD_1_489_TX_1_evaluation,HOUSEHOLD_1_489,TX_1,2016-03-05,4,2.475472969006697
HOUSEHOLD_1_489_TX_2_evaluation,HOUSEHOLD_1_489,TX_2,2016-03-05,2,2.1529002627712295
HOUSEHOLD_1_489_TX_3_evaluation,HOUSEHOLD_1_489,TX_3,2016-03-05,1,1.3782945339671955
HOUSEHOLD_1_489_WI_1_evaluation,HOUSEHOLD_1_489,WI_1,2016-03-05,1,0.7243854899501804
HOUSEHOLD_1_489_WI_2_evaluation,HOUSEHOLD_1_489,WI_2,2016-03-05,1,1.1471667714298783
HOUSEHOLD_1_489_WI_3_evaluation,HOUSEHOLD_1_489,WI_3,2016-03-05,1,1.0085195862395808
HOUSEHOLD_2_442_CA_1_evaluation,HOUSEHOLD_2_442,CA_1,2016-03-05,1,1.5389288571639241
HOUSEHOLD_2_442_CA_2_evaluation,HOUSEHOLD_2_442,CA_2,2016-03-05,2,2.0934656811674786
HOUSEHOLD_2_442_CA_3_evaluation,HOUSEHOLD_2_442,CA_3,2016-03-05,1,1.0603416139677517
HOUSEHOLD_2_442_CA_4_evaluation,HOUSEHOLD_2_442,CA_4,2016-03-05,0,0.624122051790695
HOUSEHOLD_2_442_TX_1_evaluation,HOUSEHOLD_2_442,TX_1,2016-03-05,0,0.5273038138694799
HOUSEHOLD_2_442_TX_2_evaluation,HOUSEHOLD_2_442,TX_2,2016-03-05,0,1.2080215220149544
HOUSEHOLD_2_442_TX_3_evaluation,HOUSEHOLD_2_442,TX_3,2016-03-05,2,0.8231226290346441
HOUSEHOLD_2_442_WI_1_evaluation,HOUSEHOLD_2_442,WI_1,2016-03-05,0,1.2841594181617955
HOUSEHOLD_2_442_WI_2_evaluation,HOUSEHOLD_2_442,WI_2,2016-03-05,2,1.1473020953851425
HOUSEHOLD_2_442_WI_3_evaluation,HOUSEHOLD_2_442,WI_3,2016-03-05,1,0.6420278789501794
FOODS_1_021_CA_1_evaluation,FOODS_1_021,CA_1,2016-03-06,4,3.408887247493575
FOODS_1_021_CA_2_evaluation,FOODS_1_021,CA_2,2016-03-06,6,3.9956536366174555
FOODS_1_021_CA_3_evaluation,FOODS_1_021,CA_3,2016-03-06,2,2.2892527895090407
FOODS_1_021_CA_4_evaluation,FOODS_1_021,CA_4,2016-03-06,5,2.5535615381375933
FOODS_1_021_TX_1_evaluation,FOODS_1_021,TX_1,2016-03-06,0,0.7841049155328698
FOODS_1_021_TX_2_evaluation,FOODS_1_021,TX_2,2016-03-06,0,0.49399989974140657
FOODS_1_021_TX_3_evaluation,FOODS_1_021,TX_3,2016-03-06,0,0.8457003927860401
FOODS_1_021_WI_1_evaluation,FOODS_1_021,WI_1,2016-03-06,0,2.5043351607906534
FOODS_1_021_WI_2_evaluation,FOODS_1_021,WI_2,2016-03-06,0,1.4048624611933869
FOODS_1_021_WI_3_evaluation,FOODS_1_021,WI_3,2016-03-06,0,1.1339444342310647
FOODS_2_035_CA_1_evaluation,FOODS_2_035,CA_1,2016-03-06,2,2.1856729008216784
FOODS_2_035_CA_2_evaluation,FOODS_2_035,CA_2,2016-03-06,3,3.1598917457377236
FOODS_2_035_CA_3_evaluation,FOODS_2_035,CA_3,2016-03-06,5,4.008598188038332
FOODS_2_035_CA_4_evaluation,FOODS_2_035,CA_4,2016-03-06,2,1.5805439752660635
FOODS_2_035_TX_1_evaluation,FOODS_2_035,TX_1,2016-03-06,0,1.0620185439891532
FOODS_2_035_TX_2_evaluation,FOODS_2_035,TX_2,2016-03-06,5,2.3204854015038627
FOODS_2_035_TX_3_evaluation,FOODS_2_035,TX_3,2016-03-06,1,2.082280820971574
FOODS_2_035_WI_1_evaluation,FOODS_2_035,WI_1,2016-03-06,0,1.0217384317139098
FOODS_2_035_WI_2_evaluation,FOODS_2_035,WI_2,2016-03-06,1,2.5965829597411267
FOODS_2_035_WI_3_evaluation,FOODS_2_035,WI_3,2016-03-06,3,2.3314731282192422
FOODS_3_180_CA_1_evaluation,FOODS_3_180,CA_1,2016-03-06,0,0.32792751787312024
FOODS_3_180_CA_2_evaluation,FOODS_3_180,CA_2,2016-03-06,0,0.5142269438042697
FOODS_3_180_CA_3_evaluation,FOODS_3_180,CA_3,2016-03-06,0,0.45888275043050547
FOODS_3_180_CA_4_evaluation,FOODS_3_180,CA_4,2016-03-06,1,0.17510983207262393
FOODS_3_180_TX_1_evaluation,FOODS_3_180,TX_1,2016-03-06,0,0.071916662569106
FOODS_3_180_TX_2_evaluation,FOODS_3_180,TX_2,2016-03-06,0,0.3232306762174466
FOODS_3_180_TX_3_evaluation,FOODS_3_180,TX_3,2016-03-06,0,0.15288234750393245
FOODS_3_180_WI_1_evaluation,FOODS_3_180,WI_1,2016-03-06,1,0.7252117777273488
FOODS_3_180_WI_2_evaluation,FOODS_3_180,WI_2,2016-03-06,1,0.6576741848745953
FOODS_3_180_WI_3_evaluation,FOODS_3_180,WI_3,2016-03-06,1,0.1324605181559567
FOODS_3_260_CA_1_evaluation,FOODS_3_260,CA_1,2016-03-06,0,1.1142099083786294
FOODS_3_260_CA_2_evaluation,FOODS_3_260,CA_2,2016-03-06,0,0.3335232205947974
FOODS_3_260_CA_3_evaluation,FOODS_3_260,CA_3,2016-03-06,0,0.3136416747626363
FOODS_3_260_CA_4_evaluation,FOODS_3_260,CA_4,2016-03-06,0,0.4017906388683926
FOODS_3_260_TX_1_evaluation,FOODS_3_260,TX_1,2016-03-06,0,0.1742816154227243
FOODS_3_260_TX_2_evaluation,FOODS_3_260,TX_2,2016-03-06,0,0.40272394318847743
FOODS_3_260_TX_3_evaluation,FOODS_3_260,TX_3,2016-03-06,0,0.07525861718806723
FOODS_3_260_WI_1_evaluation,FOODS_3_260,WI_1,2016-03-06,3,0.682174946420051
FOODS_3_260_WI_2_evaluation,FOODS_3_260,WI_2,2016-03-06,0,0.3963822128791936
FOODS_3_260_WI_3_evaluation,FOODS_3_260,WI_3,2016-03-06,0,0.1322961306607844
HOBBIES_1_022_CA_1_evaluation,HOBBIES_1_022,CA_1,2016-03-06,0,0.4338272683783441
HOBBIES_1_022_CA_2_evaluation,HOBBIES_1_022,CA_2,2016-03-06,0,0.36865562639826555
HOBBIES_1_022_CA_3_evaluation,HOBBIES_1_022,CA_3,2016-03-06,1,0.7530593286120676
HOBBIES_1_022_CA_4_evaluation,HOBBIES_1_022,CA_4,2016-03-06,0,0.1025164607010002
HOBBIES_1_022_TX_1_evaluation,HOBBIES_1_022,TX_1,2016-03-06,0,0.3350001661984954
HOBBIES_1_022_TX_2_evaluation,HOBBIES_1_022,TX_2,2016-03-06,0,0.6546602207451162
HOBBIES_1_022_TX_3_evaluation,HOBBIES_1_022,TX_3,2016-03-06,1,0.5312667591307316
HOBBIES_1_022_WI_1_evaluation,HOBBIES_1_022,WI_1,2016-03-06,0,0.388230209725676
HOBBIES_1_022_WI_2_evaluation,HOBBIES_1_022,WI_2,2016-03-06,2,0.275913860152857
HOBBIES_1_022_WI_3_evaluation,HOBBIES_1_022,WI_3,2016-03-06,3,0.6847374221814371
HOBBIES_1_209_CA_1_evaluation,HOBBIES_1_209,CA_1,2016-03-06,4,6.380511368826536
HOBBIES_1_209_CA_2_evaluation,HOBBIES_1_209,CA_2,2016-03-06,2,3.9513056813096297
HOBBIES_1_209_CA_3_evaluation,HOBBIES_1_209,CA_3,2016-03-06,7,6.66520045303393
HOBBIES_1_209_CA_4_evaluation,HOBBIES_1_209,CA_4,2016-03-06,0,0.8578560047937583
HOBBIES_1_209_TX_1_evaluation,HOBBIES_1_209,TX_1,2016-03-06,1,4.04312864916515
HOBBIES_1_209_TX_2_evaluation,HOBBIES_1_209,TX_2,2016-03-06,2,2.728583219463589
HOBBIES_1_209_TX_3_evaluation,HOBBIES_1_209,TX_3,2016-03-06,0,1.1798890435207503
HOBBIES_1_209_WI_1_evaluation,HOBBIES_1_209,WI_1,2016-03-06,4,3.0753701499422017
HOBBIES_1_209_WI_2_evaluation,HOBBIES_1_209,WI_2,2016-03-06,0,2.2059472489614587
HOBBIES_1_209_WI_3_evaluation,HOBBIES_1_209,WI_3,2016-03-06,2,3.145354349309872
HOBBIES_2_041_CA_1_evaluation,HOBBIES_2_041,CA_1,2016-03-06,1,0.40743035510827474
HOBBIES_2_041_CA_2_evaluation,HOBBIES_2_041,CA_2,2016-03-06,0,1.2045902491130729
HOBBIES_2_041_CA_3_evaluation,HOBBIES_2_041,CA_3,2016-03-06,0,0.28419183697284384
HOBBIES_2_041_CA_4_evaluation,HOBBIES_2_041,CA_4,2016-03-06,0,0.3917510701149847
HOBBIES_2_041_TX_1_evaluation,HOBBIES_2_041,TX_1,2016-03-06,0,0.16463847072423793
HOBBIES_2_041_TX_2_evaluation,HOBBIES_2_041,TX_2,2016-03-06,1,0.8749427253865909
HOBBIES_2_041_TX_3_evaluation,HOBBIES_2_041,TX_3,2016-03-06,0,0.2127992600659153
HOBBIES_2_041_WI_1_evaluation,HOBBIES_2_041,WI_1,2016-03-06,3,0.28439136579720653
HOBBIES_2_041_WI_2_evaluation,HOBBIES_2_041,WI_2,2016-03-06,1,0.28181461167062805
HOBBIES_2_041_WI_3_evaluation,HOBBIES_2_041,WI_3,2016-03-06,0,0.23279567349216557
HOBBIES_2_113_CA_1_evaluation,HOBBIES_2_113,CA_1,2016-03-06,0,0.3873331247447948
HOBBIES_2_113_CA_2_evaluation,HOBBIES_2_113,CA_2,2016-03-06,0,0.18530952358918013
HOBBIES_2_113_CA_3_evaluation,HOBBIES_2_113,CA_3,2016-03-06,0,0.11434823193193855
HOBBIES_2_113_CA_4_evaluation,HOBBIES_2_113,CA_4,2016-03-06,0,0.11730419611162887
HOBBIES_2_113_TX_1_evaluation,HOBBIES_2_113,TX_1,2016-03-06,0,0.14491740227057603
HOBBIES_2_113_TX_2_evaluation,HOBBIES_2_113,TX_2,2016-03-06,0,0.19627800036685433
HOBBIES_2_113_TX_3_evaluation,HOBBIES_2_113,TX_3,2016-03-06,0,0.039789167131112566
HOBBIES_2_113_WI_1_evaluation,HOBBIES_2_113,WI_1,2016-03-06,0,0.4838730852017913
HOBBIES_2_113_WI_2_evaluation,HOBBIES_2_113,WI_2,2016-03-06,0,0.2797642883823611
HOBBIES_2_113_WI_3_evaluation,HOBBIES_2_113,WI_3,2016-03-06,0,0.14636140932874858
HOUSEHOLD_1_100_CA_1_evaluation,HOUSEHOLD_1_100,CA_1,2016-03-06,0,1.3563809242239824
HOUSEHOLD_1_100_CA_2_evaluation,HOUSEHOLD_1_100,CA_2,2016-03-06,0,0.7199195953631933
HOUSEHOLD_1_100_CA_3_evaluation,HOUSEHOLD_1_100,CA_3,2016-03-06,0,0.8936471457316018
HOUSEHOLD_1_100_CA_4_evaluation,HOUSEHOLD_1_100,CA_4,2016-03-06,0,0.5234811931783848
HOUSEHOLD_1_100_TX_1_evaluation,HOUSEHOLD_1_100,TX_1,2016-03-06,0,0.5810754757356376
HOUSEHOLD_1_100_TX_2_evaluation,HOUSEHOLD_1_100,TX_2,2016-03-06,0,1.234601422853827
HOUSEHOLD_1_100_TX_3_evaluation,HOUSEHOLD_1_100,TX_3,2016-03-06,0,0.6574779957004557
HOUSEHOLD_1_100_WI_1_evaluation,HOUSEHOLD_1_100,WI_1,2016-03-06,0,0.3631736200467264
HOUSEHOLD_1_100_WI_2_evaluation,HOUSEHOLD_1_100,WI_2,2016-03-06,0,0.5215245743996321
HOUSEHOLD_1_100_WI_3_evaluation,HOUSEHOLD_1_100,WI_3,2016-03-06,0,0.690606283585663
HOUSEHOLD_1_290_CA_1_evaluation,HOUSEHOLD_1_290,CA_1,2016-03-06,2,0.6321679646278645
HOUSEHOLD_1_290_CA_2_evaluation,HOUSEHOLD_1_290,CA_2,2016-03-06,0,0.9941585075466661
HOUSEHOLD_1_290_CA_3_evaluation,HOUSEHOLD_1_290,CA_3,2016-03-06,0,2.17254779229187
HOUSEHOLD_1_290_CA_4_evaluation,HOUSEHOLD_1_290,CA_4,2016-03-06,0,0.2274976113153101
HOUSEHOLD_1_290_TX_1_evaluation,HOUSEHOLD_1_290,TX_1,2016-03-06,1,2.1514399137683027
HOUSEHOLD_1_290_TX_2_evaluation,HOUSEHOLD_1_290,TX_2,2016-03-06,4,1.5195362500995606
HOUSEHOLD_1_290_TX_3_evaluation,HOUSEHOLD_1_290,TX_3,2016-03-06,0,2.1841359072183257
HOUSEHOLD_1_290_WI_1_evaluation,HOUSEHOLD_1_290,WI_1,2016-03-06,0,0.3277370603752828
HOUSEHOLD_1_290_WI_2_evaluation,HOUSEHOLD_1_290,WI_2,2016-03-06,5,2.087744705229772
HOUSEHOLD_1_290_WI_3_evaluation,HOUSEHOLD_1_290,WI_3,2016-03-06,0,1.01096130762464
HOUSEHOLD_1_370_CA_1_evaluation,HOUSEHOLD_1_370,CA_1,2016-03-06,2,1.7448275516434348
HOUSEHOLD_1_370_CA_2_evaluation,HOUSEHOLD_1_370,CA_2,2016-03-06,2,4.370186114270761
HOUSEHOLD_1_370_CA_3_evaluation,HOUSEHOLD_1_370,CA_3,2016-03-06,4,4.292582985658575
HOUSEHOLD_1_370_CA_4_evaluation,HOUSEHOLD_1_370,CA_4,2016-03-06,1,1.0360041900070258
HOUSEHOLD_1_370_TX_1_evaluation,HOUSEHOLD_1_370,TX_1,2016-03-06,1,1.2298728235509762
HOUSEHOLD_1_370_TX_2_evaluation,HOUSEHOLD_1_370,TX_2,2016-03-06,2,1.4820067329469655
HOUSEHOLD_1_370_TX_3_evaluation,HOUSEHOLD_1_370,TX_3,2016-03-06,0,1.4126223189554334
HOUSEHOLD_1_370_WI_1_evaluation,HOUSEHOLD_1_370,WI_1,2016-03-06,3,3.0315093700134472
HOUSEHOLD_1_370_WI_2_evaluation,HOUSEHOLD_1_370,WI_2,2016-03-06,3,4.096997811291657
HOUSEHOLD_1_370_WI_3_evaluation,HOUSEHOLD_1_370,WI_3,2016-03-06,2,1.4301346311996879
HOUSEHOLD_1_489_CA_1_evaluation,HOUSEHOLD_1_489,CA_1,2016-03-06,0,1.5404106465319307
HOUSEHOLD_1_489_CA_2_evaluation,HOUSEHOLD_1_489,CA_2,2016-03-06,0,1.830169213279836
HOUSEHOLD_1_489_CA_3_evaluation,HOUSEHOLD_1_489,CA_3,2016-03-06,3,2.615502843909028
HOUSEHOLD_1_489_CA_4_evaluation,HOUSEHOLD_1_489,CA_4,2016-03-06,0,0.935353709202438
HOUSEHOLD_1_489_TX_1_evaluation,HOUSEHOLD_1_489,TX_1,2016-03-06,2,2.6236264780378558
HOUSEHOLD_1_489_TX_2_evaluation,HOUSEHOLD_1_489,TX_2,2016-03-06,4,2.257452889264032
HOUSEHOLD_1_489_TX_3_evaluation,HOUSEHOLD_1_489,TX_3,2016-03-06,0,1.497302938724359
HOUSEHOLD_1_489_WI_1_evaluation,HOUSEHOLD_1_489,WI_1,2016-03-06,0,0.8230663060673546
HOUSEHOLD_1_489_WI_2_evaluation,HOUSEHOLD_1_489,WI_2,2016-03-06,3,1.2164961905769638
HOUSEHOLD_1_489_WI_3_evaluation,HOUSEHOLD_1_489,WI_3,2016-03-06,2,1.1207642839491045
HOUSEHOLD_2_442_CA_1_evaluation,HOUSEHOLD_2_442,CA_1,2016-03-06,2,2.0652918282646224
HOUSEHOLD_2_442_CA_2_evaluation,HOUSEHOLD_2_442,CA_2,2016-03-06,5,2.687503520510175
HOUSEHOLD_2_442_CA_3_evaluation,HOUSEHOLD_2_442,CA_3,2016-03-06,4,1.4223359194402603
HOUSEHOLD_2_442_CA_4_evaluation,HOUSEHOLD_2_442,CA_4,2016-03-06,1,0.6697280705254018
HOUSEHOLD_2_442_TX_1_evaluation,HOUSEHOLD_2_442,TX_1,2016-03-06,1,0.7965807224258633
HOUSEHOLD_2_442_TX_2_evaluation,HOUSEHOLD_2_442,TX_2,2016-03-06,2,1.371689151048494
HOUSEHOLD_2_442_TX_3_evaluation,HOUSEHOLD_2_442,TX_3,2016-03-06,1,1.0711945335114808
HOUSEHOLD_2_442_WI_1_evaluation,HOUSEHOLD_2_442,WI_1,2016-03-06,0,1.5716485604961656
HOUSEHOLD_2_442_WI_2_evaluation,HOUSEHOLD_2_442,WI_2,2016-03-06,2,1.2810404640953388
HOUSEHOLD_2_442_WI_3_evaluation,HOUSEHOLD_2_442,WI_3,2016-03-06,1,0.7434011260359629
FOODS_1_021_CA_1_evaluation,FOODS_1_021,CA_1,2016-03-07,2,2.4770231256369284
FOODS_1_021_CA_2_evaluation,FOODS_1_021,CA_2,2016-03-07,0,3.7243573892305255
FOODS_1_021_CA_3_evaluation,FOODS_1_021,CA_3,2016-03-07,1,2.215082731571823
FOODS_1_021_CA_4_evaluation,FOODS_1_021,CA_4,2016-03-07,0,1.9587256623136127
FOODS_1_021_TX_1_evaluation,FOODS_1_021,TX_1,2016-03-07,0,0.82795590684547
FOODS_1_021_TX_2_evaluation,FOODS_1_021,TX_2,2016-03-07,0,0.5853154907800107
FOODS_1_021_TX_3_evaluation,FOODS_1_021,TX_3,2016-03-07,0,0.8822353426762264
FOODS_1_021_WI_1_evaluation,FOODS_1_021,WI_1,2016-03-07,2,1.5390010348128746
FOODS_1_021_WI_2_evaluation,FOODS_1_021,WI_2,2016-03-07,0,1.167793879728005
FOODS_1_021_WI_3_evaluation,FOODS_1_021,WI_3,2016-03-07,5,0.8530788883122283
FOODS_2_035_CA_1_evaluation,FOODS_2_035,CA_1,2016-03-07,0,2.2335949509695667
FOODS_2_035_CA_2_evaluation,FOODS_2_035,CA_2,2016-03-07,5,3.3351231445578566
FOODS_2_035_CA_3_evaluation,FOODS_2_035,CA_3,2016-03-07,10,4.409064266728549
FOODS_2_035_CA_4_evaluation,FOODS_2_035,CA_4,2016-03-07,0,1.6488536556407245
FOODS_2_035_TX_1_evaluation,FOODS_2_035,TX_1,2016-03-07,2,1.0838339590520747
FOODS_2_035_TX_2_evaluation,FOODS_2_035,TX_2,2016-03-07,3,2.477727414660795
FOODS_2_035_TX_3_evaluation,FOODS_2_035,TX_3,2016-03-07,2,2.2577613311107743
FOODS_2_035_WI_1_evaluation,FOODS_2_035,WI_1,2016-03-07,2,1.0191913481987709
FOODS_2_035_WI_2_evaluation,FOODS_2_035,WI_2,2016-03-07,5,2.722806392995494
FOODS_2_035_WI_3_evaluation,FOODS_2_035,WI_3,2016-03-07,1,2.5440200209214705
FOODS_3_180_CA_1_evaluation,FOODS_3_180,CA_1,2016-03-07,0,0.3584362313782125
FOODS_3_180_CA_2_evaluation,FOODS_3_180,CA_2,2016-03-07,0,0.5301710086352776
FOODS_3_180_CA_3_evaluation,FOODS_3_180,CA_3,2016-03-07,0,0.5017280896595936
FOODS_3_180_CA_4_evaluation,FOODS_3_180,CA_4,2016-03-07,1,0.2504807817285304
FOODS_3_180_TX_1_evaluation,FOODS_3_180,TX_1,2016-03-07,0,0.05881650341227309
FOODS_3_180_TX_2_evaluation,FOODS_3_180,TX_2,2016-03-07,1,0.32559078377668516
FOODS_3_180_TX_3_evaluation,FOODS_3_180,TX_3,2016-03-07,1,0.14873984099032145
FOODS_3_180_WI_1_evaluation,FOODS_3_180,WI_1,2016-03-07,2,0.8234694514449405
FOODS_3_180_WI_2_evaluation,FOODS_3_180,WI_2,2016-03-07,0,0.7680432199120015
FOODS_3_180_WI_3_evaluation,FOODS_3_180,WI_3,2016-03-07,1,0.16448457218567722
FOODS_3_260_CA_1_evaluation,FOODS_3_260,CA_1,2016-03-07,1,1.09139782057771
FOODS_3_260_CA_2_evaluation,FOODS_3_260,CA_2,2016-03-07,0,0.36513174321727915
FOODS_3_260_CA_3_evaluation,FOODS_3_260,CA_3,2016-03-07,0,0.32836232180579755
FOODS_3_260_CA_4_evaluation,FOODS_3_260,CA_4,2016-03-07,0,0.41884422734441484
FOODS_3_260_TX_1_evaluation,FOODS_3_260,TX_1,2016-03-07,0,0.18640275691609942
FOODS_3_260_TX_2_evaluation,FOODS_3_260,TX_2,2016-03-07,0,0.381854571093286
FOODS_3_260_TX_3_evaluation,FOODS_3_260,TX_3,2016-03-07,0,0.09829842052527901
FOODS_3_260_WI_1_evaluation,FOODS_3_260,WI_1,2016-03-07,0,0.5803506821426729
FOODS_3_260_WI_2_evaluation,FOODS_3_260,WI_2,2016-03-07,0,0.42847641783797785
FOODS_3_260_WI_3_evaluation,FOODS_3_260,WI_3,2016-03-07,0,0.16585646389249595
HOBBIES_1_022_CA_1_evaluation,HOBBIES_1_022,CA_1,2016-03-07,0,0.40293079519071395
HOBBIES_1_022_CA_2_evaluation,HOBBIES_1_022,CA_2,2016-03-07,2,0.5208787717861905
HOBBIES_1_022_CA_3_evaluation,HOBBIES_1_022,CA_3,2016-03-07,2,0.7079217661375404
HOBBIES_1_022_CA_4_evaluation,HOBBIES_1_022,CA_4,2016-03-07,0,0.0538435091529267
HOBBIES_1_022_TX_1_evaluation,HOBBIES_1_022,TX_1,2016-03-07,1,0.245921031568116
HOBBIES_1_022_TX_2_evaluation,HOBBIES_1_022,TX_2,2016-03-07,3,0.5071439178932653
HOBBIES_1_022_TX_3_evaluation,HOBBIES_1_022,TX_3,2016-03-07,0,0.5763424190079383
HOBBIES_1_022_WI_1_evaluation,HOBBIES_1_022,WI_1,2016-03-07,0,0.41159482417151194
HOBBIES_1_022_WI_2_evaluation,HOBBIES_1_022,WI_2,2016-03-07,0,0.17966877840591666
HOBBIES_1_022_WI_3_evaluation,HOBBIES_1_022,WI_3,2016-03-07,1,0.5727111539421316
HOBBIES_1_209_CA_1_evaluation,HOBBIES_1_209,CA_1,2016-03-07,1,5.256307075798305
HOBBIES_1_209_CA_2_evaluation,HOBBIES_1_209,CA_2,2016-03-07,2,2.736197472080822
HOBBIES_1_209_CA_3_evaluation,HOBBIES_1_209,CA_3,2016-03-07,7,6.009263832353271
HOBBIES_1_209_CA_4_evaluation,HOBBIES_1_209,CA_4,2016-03-07,0,0.6203211649860936
HOBBIES_1_209_TX_1_evaluation,HOBBIES_1_209,TX_1,2016-03-07,0,3.6184390962640904
HOBBIES_1_209_TX_2_evaluation,HOBBIES_1_209,TX_2,2016-03-07,3,2.365721747961022
HOBBIES_1_209_TX_3_evaluation,HOBBIES_1_209,TX_3,2016-03-07,0,1.1192352404512533
HOBBIES_1_209_WI_1_evaluation,HOBBIES_1_209,WI_1,2016-03-07,2,2.292854609344962
HOBBIES_1_209_WI_2_evaluation,HOBBIES_1_209,WI_2,2016-03-07,2,1.1478496875367314
HOBBIES_1_209_WI_3_evaluation,HOBBIES_1_209,WI_3,2016-03-07,4,3.0950921249248315
HOBBIES_2_041_CA_1_evaluation,HOBBIES_2_041,CA_1,2016-03-07,0,0.3807848432159066
HOBBIES_2_041_CA_2_evaluation,HOBBIES_2_041,CA_2,2016-03-07,2,1.2031444448094097
HOBBIES_2_041_CA_3_evaluation,HOBBIES_2_041,CA_3,2016-03-07,0,0.4238088867885586
HOBBIES_2_041_CA_4_evaluation,HOBBIES_2_041,CA_4,2016-03-07,0,0.3373268568890915
HOBBIES_2_041_TX_1_evaluation,HOBBIES_2_041,TX_1,2016-03-07,0,0.17616916264288307
HOBBIES_2_041_TX_2_evaluation,HOBBIES_2_041,TX_2,2016-03-07,1,0.7362239994235198
HOBBIES_2_041_TX_3_evaluation,HOBBIES_2_041,TX_3,2016-03-07,0,0.21724875906692567
HOBBIES_2_041_WI_1_evaluation,HOBBIES_2_041,WI_1,2016-03-07,0,0.3097064424804287
HOBBIES_2_041_WI_2_evaluation,HOBBIES_2_041,WI_2,2016-03-07,0,0.24253975187992233
HOBBIES_2_041_WI_3_evaluation,HOBBIES_2_041,WI_3,2016-03-07,0,0.20882285551704952
HOBBIES_2_113_CA_1_evaluation,HOBBIES_2_113,CA_1,2016-03-07,1,0.4309858387112369
HOBBIES_2_113_CA_2_evaluation,HOBBIES_2_113,CA_2,2016-03-07,0,0.15984687127746477
HOBBIES_2_113_CA_3_evaluation,HOBBIES_2_113,CA_3,2016-03-07,0,0.15494020359913752
HOBBIES_2_113_CA_4_evaluation,HOBBIES_2_113,CA_4,2016-03-07,0,0.12602169787848472
HOBBIES_2_113_TX_1_evaluation,HOBBIES_2_113,TX_1,2016-03-07,0,0.19267528458988076
HOBBIES_2_113_TX_2_evaluation,HOBBIES_2_113,TX_2,2016-03-07,0,0.2334161250766315
HOBBIES_2_113_TX_3_evaluation,HOBBIES_2_113,TX_3,2016-03-07,0,0.02776638048595619
HOBBIES_2_113_WI_1_evaluation,HOBBIES_2_113,WI_1,2016-03-07,0,0.4091734420487657
HOBBIES_2_113_WI_2_evaluation,HOBBIES_2_113,WI_2,2016-03-07,0,0.2603077399730723
HOBBIES_2_113_WI_3_evaluation,HOBBIES_2_113,WI_3,2016-03-07,0,0.11733344477099285
HOUSEHOLD_1_100_CA_1_evaluation,HOUSEHOLD_1_100,CA_1,2016-03-07,0,1.385232275733125
HOUSEHOLD_1_100_CA_2_evaluation,HOUSEHOLD_1_100,CA_2,2016-03-07,0,0.6106830113179216
HOUSEHOLD_1_100_CA_3_evaluation,HOUSEHOLD_1_100,CA_3,2016-03-07,0,1.1879068043602623
HOUSEHOLD_1_100_CA_4_evaluation,HOUSEHOLD_1_100,CA_4,2016-03-07,0,0.5542325412213797
HOUSEHOLD_1_100_TX_1_evaluation,HOUSEHOLD_1_100,TX_1,2016-03-07,0,0.7105714546218853
HOUSEHOLD_1_100_TX_2_evaluation,HOUSEHOLD_1_100,TX_2,2016-03-07,0,1.3636971159182147
HOUSEHOLD_1_100_TX_3_evaluation,HOUSEHOLD_1_100,TX_3,2016-03-07,0,0.9404980917570889
HOUSEHOLD_1_100_WI_1_evaluation,HOUSEHOLD_1_100,WI_1,2016-03-07,0,0.3607740583953076
HOUSEHOLD_1_100_WI_2_evaluation,HOUSEHOLD_1_100,WI_2,2016-03-07,0,0.24703938598645317
HOUSEHOLD_1_100_WI_3_evaluation,HOUSEHOLD_1_100,WI_3,2016-03-07,0,0.5672244642074948
HOUSEHOLD_1_290_CA_1_evaluation,HOUSEHOLD_1_290,CA_1,2016-03-07,2,0.6097877640007898
HOUSEHOLD_1_290_CA_2_evaluation,HOUSEHOLD_1_290,CA_2,2016-03-07,2,0.8003737606412376
HOUSEHOLD_1_290_CA_3_evaluation,HOUSEHOLD_1_290,CA_3,2016-03-07,3,2.0910417761916946
HOUSEHOLD_1_290_CA_4_evaluation,HOUSEHOLD_1_290,CA_4,2016-03-07,0,0.19501751101323883
HOUSEHOLD_1_290_TX_1_evaluation,HOUSEHOLD_1_290,TX_1,2016-03-07,3,2.00487001996371
HOUSEHOLD_1_290_TX_2_evaluation,HOUSEHOLD_1_290,TX_2,2016-03-07,0,1.3463639326537915
HOUSEHOLD_1_290_TX_3_evaluation,HOUSEHOLD_1_290,TX_3,2016-03-07,1,1.9591693082594344
HOUSEHOLD_1_290_WI_1_evaluation,HOUSEHOLD_1_290,WI_1,2016-03-07,0,0.24185817532513962
HOUSEHOLD_1_290_WI_2_evaluation,HOUSEHOLD_1_290,WI_2,2016-03-07,7,1.850128805885626
HOUSEHOLD_1_290_WI_3_evaluation,HOUSEHOLD_1_290,WI_3,2016-03-07,2,0.6095607770509878
HOUSEHOLD_1_370_CA_1_evaluation,HOUSEHOLD_1_370,CA_1,2016-03-07,1,1.5614832062046686
HOUSEHOLD_1_370_CA_2_evaluation,HOUSEHOLD_1_370,CA_2,2016-03-07,5,4.076339498949691
HOUSEHOLD_1_370_CA_3_evaluation,HOUSEHOLD_1_370,CA_3,2016-03-07,7,4.3635708387981325
HOUSEHOLD_1_370_CA_4_evaluation,HOUSEHOLD_1_370,CA_4,2016-03-07,1,1.0025369109987774
HOUSEHOLD_1_370_TX_1_evaluation,HOUSEHOLD_1_370,TX_1,2016-03-07,0,1.5695817418203832
HOUSEHOLD_1_370_TX_2_evaluation,HOUSEHOLD_1_370,TX_2,2016-03-07,0,1.455692485787283
HOUSEHOLD_1_370_TX_3_evaluation,HOUSEHOLD_1_370,TX_3,2016-03-07,1,1.4899476544004746
HOUSEHOLD_1_370_WI_1_evaluation,HOUSEHOLD_1_370,WI_1,2016-03-07,0,2.344952255381335
HOUSEHOLD_1_370_WI_2_evaluation,HOUSEHOLD_1_370,WI_2,2016-03-07,5,4.055552661584265
HOUSEHOLD_1_370_WI_3_evaluation,HOUSEHOLD_1_370,WI_3,2016-03-07,0,1.374143613452195
HOUSEHOLD_1_489_CA_1_evaluation,HOUSEHOLD_1_489,CA_1,2016-03-07,0,1.5069054734488907
HOUSEHOLD_1_489_CA_2_evaluation,HOUSEHOLD_1_489,CA_2,2016-03-07,1,1.8054460004765414
HOUSEHOLD_1_489_CA_3_evaluation,HOUSEHOLD_1_489,CA_3,2016-03-07,5,2.7204949677978223
HOUSEHOLD_1_489_CA_4_evaluation,HOUSEHOLD_1_489,CA_4,2016-03-07,0,0.927411353912207
HOUSEHOLD_1_489_TX_1_evaluation,HOUSEHOLD_1_489,TX_1,2016-03-07,0,2.649818067040415
HOUSEHOLD_1_489_TX_2_evaluation,HOUSEHOLD_1_489,TX_2,2016-03-07,1,2.2477621893970845
HOUSEHOLD_1_489_TX_3_evaluation,HOUSEHOLD_1_489,TX_3,2016-03-07,5,1.4834897961701192
HOUSEHOLD_1_489_WI_1_evaluation,HOUSEHOLD_1_489,WI_1,2016-03-07,0,0.7266061052282811
HOUSEHOLD_1_489_WI_2_evaluation,HOUSEHOLD_1_489,WI_2,2016-03-07,0,1.1873544577017578
HOUSEHOLD_1_489_WI_3_evaluation,HOUSEHOLD_1_489,WI_3,2016-03-07,0,1.1458450635999158
HOUSEHOLD_2_442_CA_1_evaluation,HOUSEHOLD_2_442,CA_1,2016-03-07,1,2.0153157445106213
HOUSEHOLD_2_442_CA_2_evaluation,HOUSEHOLD_2_442,CA_2,2016-03-07,4,2.494167940488066
HOUSEHOLD_2_442_CA_3_evaluation,HOUSEHOLD_2_442,CA_3,2016-03-07,1,1.5559615495185763
HOUSEHOLD_2_442_CA_4_evaluation,HOUSEHOLD_2_442,CA_4,2016-03-07,0,0.6665881096544924
HOUSEHOLD_2_442_TX_1_evaluation,HOUSEHOLD_2_442,TX_1,2016-03-07,0,0.6234597609506889
HOUSEHOLD_2_442_TX_2_evaluation,HOUSEHOLD_2_442,TX_2,2016-03-07,1,1.27320122135065
HOUSEHOLD_2_442_TX_3_evaluation,HOUSEHOLD_2_442,TX_3,2016-03-07,0,0.842271833496825
HOUSEHOLD_2_442_WI_1_evaluation,HOUSEHOLD_2_442,WI_1,2016-03-07,2,1.3883751496090122
HOUSEHOLD_2_442_WI_2_evaluation,HOUSEHOLD_2_442,WI_2,2016-03-07,2,1.1752501397456279
HOUSEHOLD_2_442_WI_3_evaluation,HOUSEHOLD_2_442,WI_3,2016-03-07,1,0.5215776001712478
FOODS_1_021_CA_1_evaluation,FOODS_1_021,CA_1,2016-03-08,0,2.314192141006462
FOODS_1_021_CA_2_evaluation,FOODS_1_021,CA_2,2016-03-08,0,2.7269854477227513
FOODS_1_021_CA_3_evaluation,FOODS_1_021,CA_3,2016-03-08,3,1.7228785435195586
FOODS_1_021_CA_4_evaluation,FOODS_1_021,CA_4,2016-03-08,21,1.5791015063368063
FOODS_1_021_TX_1_evaluation,FOODS_1_021,TX_1,2016-03-08,0,0.7226401418028053
FOODS_1_021_TX_2_evaluation,FOODS_1_021,TX_2,2016-03-08,0,0.36817908081620715
FOODS_1_021_TX_3_evaluation,FOODS_1_021,TX_3,2016-03-08,0,0.7447135996150407
FOODS_1_021_WI_1_evaluation,FOODS_1_021,WI_1,2016-03-08,0,0.3558838987273652
FOODS_1_021_WI_2_evaluation,FOODS_1_021,WI_2,2016-03-08,1,1.0134634312015773
FOODS_1_021_WI_3_evaluation,FOODS_1_021,WI_3,2016-03-08,1,0.7240047787216288
FOODS_2_035_CA_1_evaluation,FOODS_2_035,CA_1,2016-03-08,0,2.1282378195593847
FOODS_2_035_CA_2_evaluation,FOODS_2_035,CA_2,2016-03-08,2,3.25838967624364
FOODS_2_035_CA_3_evaluation,FOODS_2_035,CA_3,2016-03-08,4,4.160007774302126
FOODS_2_035_CA_4_evaluation,FOODS_2_035,CA_4,2016-03-08,1,1.6440116793211017
FOODS_2_035_TX_1_evaluation,FOODS_2_035,TX_1,2016-03-08,2,1.0345158420136442
FOODS_2_035_TX_2_evaluation,FOODS_2_035,TX_2,2016-03-08,4,2.3355255677701368
FOODS_2_035_TX_3_evaluation,FOODS_2_035,TX_3,2016-03-08,2,2.169650325776503
FOODS_2_035_WI_1_evaluation,FOODS_2_035,WI_1,2016-03-08,1,0.9105268560480329
FOODS_2_035_WI_2_evaluation,FOODS_2_035,WI_2,2016-03-08,1,2.5144774159748193
FOODS_2_035_WI_3_evaluation,FOODS_2_035,WI_3,2016-03-08,2,2.3326886342461504
FOODS_3_180_CA_1_evaluation,FOODS_3_180,CA_1,2016-03-08,0,0.30088859862442974
FOODS_3_180_CA_2_evaluation,FOODS_3_180,CA_2,2016-03-08,1,0.4570258119136308
FOODS_3_180_CA_3_evaluation,FOODS_3_180,CA_3,2016-03-08,0,0.4043827529909175
FOODS_3_180_CA_4_evaluation,FOODS_3_180,CA_4,2016-03-08,2,0.19533660783841092
FOODS_3_180_TX_1_evaluation,FOODS_3_180,TX_1,2016-03-08,0,0.061311394205992714
FOODS_3_180_TX_2_evaluation,FOODS_3_180,TX_2,2016-03-08,0,0.3338109966867771
FOODS_3_180_TX_3_evaluation,FOODS_3_180,TX_3,2016-03-08,0,0.17193844987255255
FOODS_3_180_WI_1_evaluation,FOODS_3_180,WI_1,2016-03-08,2,0.6683072580145992
FOODS_3_180_WI_2_evaluation,FOODS_3_180,WI_2,2016-03-08,0,0.6733177354979412
FOODS_3_180_WI_3_evaluation,FOODS_3_180,WI_3,2016-03-08,1,0.16023871496127964
FOODS_3_260_CA_1_evaluation,FOODS_3_260,CA_1,2016-03-08,0,1.083548548846472
FOODS_3_260_CA_2_evaluation,FOODS_3_260,CA_2,2016-03-08,0,0.3118124549974002
FOODS_3_260_CA_3_evaluation,FOODS_3_260,CA_3,2016-03-08,1,0.3155147360079694
FOODS_3_260_CA_4_evaluation,FOODS_3_260,CA_4,2016-03-08,0,0.4222129942426283
FOODS_3_260_TX_1_evaluation,FOODS_3_260,TX_1,2016-03-08,0,0.1723024293588885
FOODS_3_260_TX_2_evaluation,FOODS_3_260,TX_2,2016-03-08,1,0.5015836319247885
FOODS_3_260_TX_3_evaluation,FOODS_3_260,TX_3,2016-03-08,0,0.08416313177886187
FOODS_3_260_WI_1_evaluation,FOODS_3_260,WI_1,2016-03-08,1,0.5636525268931061
FOODS_3_260_WI_2_evaluation,FOODS_3_260,WI_2,2016-03-08,0,0.3640037345845134
FOODS_3_260_WI_3_evaluation,FOODS_3_260,WI_3,2016-03-08,0,0.12450220718215155
HOBBIES_1_022_CA_1_evaluation,HOBBIES_1_022,CA_1,2016-03-08,0,0.29359553093378976
HOBBIES_1_022_CA_2_evaluation,HOBBIES_1_022,CA_2,2016-03-08,0,0.16805664049692587
HOBBIES_1_022_CA_3_evaluation,HOBBIES_1_022,CA_3,2016-03-08,1,0.5280371336187267
HOBBIES_1_022_CA_4_evaluation,HOBBIES_1_022,CA_4,2016-03-08,0,0.05813189411091357
HOBBIES_1_022_TX_1_evaluation,HOBBIES_1_022,TX_1,2016-03-08,0,0.15377135762542143
HOBBIES_1_022_TX_2_evaluation,HOBBIES_1_022,TX_2,2016-03-08,0,0.5369250426497949
HOBBIES_1_022_TX_3_evaluation,HOBBIES_1_022,TX_3,2016-03-08,1,0.479515060844086
HOBBIES_1_022_WI_1_evaluation,HOBBIES_1_022,WI_1,2016-03-08,0,0.2376740952594315
HOBBIES_1_022_WI_2_evaluation,HOBBIES_1_022,WI_2,2016-03-08,0,0.19138879387173321
HOBBIES_1_022_WI_3_evaluation,HOBBIES_1_022,WI_3,2016-03-08,0,0.345075018472211
HOBBIES_1_209_CA_1_evaluation,HOBBIES_1_209,CA_1,2016-03-08,3,4.5370095774845485
HOBBIES_1_209_CA_2_evaluation,HOBBIES_1_209,CA_2,2016-03-08,4,2.009315281979437
HOBBIES_1_209_CA_3_evaluation,HOBBIES_1_209,CA_3,2016-03-08,6,5.391307814233093
HOBBIES_1_209_CA_4_evaluation,HOBBIES_1_209,CA_4,2016-03-08,0,0.7493691405081753
HOBBIES_1_209_TX_1_evaluation,HOBBIES_1_209,TX_1,2016-03-08,0,3.003989923829698
HOBBIES_1_209_TX_2_evaluation,HOBBIES_1_209,TX_2,2016-03-08,2,1.81287414904053
HOBBIES_1_209_TX_3_evaluation,HOBBIES_1_209,TX_3,2016-03-08,0,1.2131700989695444
HOBBIES_1_209_WI_1_evaluation,HOBBIES_1_209,WI_1,2016-03-08,1,2.2130402450850175
HOBBIES_1_209_WI_2_evaluation,HOBBIES_1_209,WI_2,2016-03-08,2,1.4475785999182176
HOBBIES_1_209_WI_3_evaluation,HOBBIES_1_209,WI_3,2016-03-08,4,2.9290856016189126
HOBBIES_2_041_CA_1_evaluation,HOBBIES_2_041,CA_1,2016-03-08,0,0.3626382925961342
HOBBIES_2_041_CA_2_evaluation,HOBBIES_2_041,CA_2,2016-03-08,1,1.1657225859289704
HOBBIES_2_041_CA_3_evaluation,HOBBIES_2_041,CA_3,2016-03-08,1,0.28900959967555184
HOBBIES_2_041_CA_4_evaluation,HOBBIES_2_041,CA_4,2016-03-08,2,0.37048481648260456
HOBBIES_2_041_TX_1_evaluation,HOBBIES_2_041,TX_1,2016-03-08,0,0.12394478782990093
HOBBIES_2_041_TX_2_evaluation,HOBBIES_2_041,TX_2,2016-03-08,0,0.7059714625018754
HOBBIES_2_041_TX_3_evaluation,HOBBIES_2_041,TX_3,2016-03-08,0,0.181243541467052
HOBBIES_2_041_WI_1_evaluation,HOBBIES_2_041,WI_1,2016-03-08,2,0.2874934403093105
HOBBIES_2_041_WI_2_evaluation,HOBBIES_2_041,WI_2,2016-03-08,0,0.2600932634778785
HOBBIES_2_041_WI_3_evaluation,HOBBIES_2_041,WI_3,2016-03-08,0,0.19271460403360935
HOBBIES_2_113_CA_1_evaluation,HOBBIES_2_113,CA_1,2016-03-08,0,0.2940020372262837
HOBBIES_2_113_CA_2_evaluation,HOBBIES_2_113,CA_2,2016-03-08,0,0.05870307111868908
HOBBIES_2_113_CA_3_evaluation,HOBBIES_2_113,CA_3,2016-03-08,0,0.0446970811119964
HOBBIES_2_113_CA_4_evaluation,HOBBIES_2_113,CA_4,2016-03-08,0,0.08594720943267484
HOBBIES_2_113_TX_1_evaluation,HOBBIES_2_113,TX_1,2016-03-08,0,0.15761923227989497
HOBBIES_2_113_TX_2_evaluation,HOBBIES_2_113,TX_2,2016-03-08,0,0.16594481029701763
HOBBIES_2_113_TX_3_evaluation,HOBBIES_2_113,TX_3,2016-03-08,0,0.04558456139160398
HOBBIES_2_113_WI_1_evaluation,HOBBIES_2_113,WI_1,2016-03-08,0,0.33851116032802075
HOBBIES_2_113_WI_2_evaluation,HOBBIES_2_113,WI_2,2016-03-08,0,0.23688068885497598
HOBBIES_2_113_WI_3_evaluation,HOBBIES_2_113,WI_3,2016-03-08,0,0.09232373038526594
HOUSEHOLD_1_100_CA_1_evaluation,HOUSEHOLD_1_100,CA_1,2016-03-08,0,0.5245823403205314
HOUSEHOLD_1_100_CA_2_evaluation,HOUSEHOLD_1_100,CA_2,2016-03-08,0,0.1426406869794119
HOUSEHOLD_1_100_CA_3_evaluation,HOUSEHOLD_1_100,CA_3,2016-03-08,0,0.543257452552198
HOUSEHOLD_1_100_CA_4_evaluation,HOUSEHOLD_1_100,CA_4,2016-03-08,0,0.456365854181392
HOUSEHOLD_1_100_TX_1_evaluation,HOUSEHOLD_1_100,TX_1,2016-03-08,0,0.4428741767780363
HOUSEHOLD_1_100_TX_2_evaluation,HOUSEHOLD_1_100,TX_2,2016-03-08,0,0.9892393272694523
HOUSEHOLD_1_100_TX_3_evaluation,HOUSEHOLD_1_100,TX_3,2016-03-08,0,0.5549379190593235
HOUSEHOLD_1_100_WI_1_evaluation,HOUSEHOLD_1_100,WI_1,2016-03-08,0,0.0
HOUSEHOLD_1_100_WI_2_evaluation,HOUSEHOLD_1_100,WI_2,2016-03-08,0,0.1842342307984977
HOUSEHOLD_1_100_WI_3_evaluation,HOUSEHOLD_1_100,WI_3,2016-03-08,0,0.32587990538957057
HOUSEHOLD_1_290_CA_1_evaluation,HOUSEHOLD_1_290,CA_1,2016-03-08,0,0.3836605998605884
HOUSEHOLD_1_290_CA_2_evaluation,HOUSEHOLD_1_290,CA_2,2016-03-08,0,0.7525596682125352
HOUSEHOLD_1_290_CA_3_evaluation,HOUSEHOLD_1_290,CA_3,2016-03-08,0,2.054329979823001
HOUSEHOLD_1_290_CA_4_evaluation,HOUSEHOLD_1_290,CA_4,2016-03-08,0,0.17087730655796207
HOUSEHOLD_1_290_TX_1_evaluation,HOUSEHOLD_1_290,TX_1,2016-03-08,2,1.751291304083164
HOUSEHOLD_1_290_TX_2_evaluation,HOUSEHOLD_1_290,TX_2,2016-03-08,0,1.3118711238387974
HOUSEHOLD_1_290_TX_3_evaluation,HOUSEHOLD_1_290,TX_3,2016-03-08,2,1.8352920537805473
HOUSEHOLD_1_290_WI_1_evaluation,HOUSEHOLD_1_290,WI_1,2016-03-08,0,0.25487443381720765
HOUSEHOLD_1_290_WI_2_evaluation,HOUSEHOLD_1_290,WI_2,2016-03-08,3,2.1979710419665746
HOUSEHOLD_1_290_WI_3_evaluation,HOUSEHOLD_1_290,WI_3,2016-03-08,1,0.5595784770044037
HOUSEHOLD_1_370_CA_1_evaluation,HOUSEHOLD_1_370,CA_1,2016-03-08,1,0.8996073871308182
HOUSEHOLD_1_370_CA_2_evaluation,HOUSEHOLD_1_370,CA_2,2016-03-08,3,3.1881182565473694
HOUSEHOLD_1_370_CA_3_evaluation,HOUSEHOLD_1_370,CA_3,2016-03-08,2,3.64594176370456
HOUSEHOLD_1_370_CA_4_evaluation,HOUSEHOLD_1_370,CA_4,2016-03-08,0,0.7656585639537298
HOUSEHOLD_1_370_TX_1_evaluation,HOUSEHOLD_1_370,TX_1,2016-03-08,1,1.2381107057462337
HOUSEHOLD_1_370_TX_2_evaluation,HOUSEHOLD_1_370,TX_2,2016-03-08,1,1.2356037982133041
HOUSEHOLD_1_370_TX_3_evaluation,HOUSEHOLD_1_370,TX_3,2016-03-08,1,1.3399165501536494
HOUSEHOLD_1_370_WI_1_evaluation,HOUSEHOLD_1_370,WI_1,2016-03-08,2,1.571486644117485
HOUSEHOLD_1_370_WI_2_evaluation,HOUSEHOLD_1_370,WI_2,2016-03-08,1,3.829261595397522
HOUSEHOLD_1_370_WI_3_evaluation,HOUSEHOLD_1_370,WI_3,2016-03-08,0,1.1367122877497153
HOUSEHOLD_1_489_CA_1_evaluation,HOUSEHOLD_1_489,CA_1,2016-03-08,0,1.4669261093312278
HOUSEHOLD_1_489_CA_2_evaluation,HOUSEHOLD_1_489,CA_2,2016-03-08,1,1.6844370329331413
HOUSEHOLD_1_489_CA_3_evaluation,HOUSEHOLD_1_489,CA_3,2016-03-08,4,2.536467765566099
HOUSEHOLD_1_489_CA_4_evaluation,HOUSEHOLD_1_489,CA_4,2016-03-08,0,0.8967218671226829
HOUSEHOLD_1_489_TX_1_evaluation,HOUSEHOLD_1_489,TX_1,2016-03-08,0,2.6381293453413477
HOUSEHOLD_1_489_TX_2_evaluation,HOUSEHOLD_1_489,TX_2,2016-03-08,1,2.27749358571708
HOUSEHOLD_1_489_TX_3_evaluation,HOUSEHOLD_1_489,TX_3,2016-03-08,1,1.401302595130486
HOUSEHOLD_1_489_WI_1_evaluation,HOUSEHOLD_1_489,WI_1,2016-03-08,2,0.7198759613926001
HOUSEHOLD_1_489_WI_2_evaluation,HOUSEHOLD_1_489,WI_2,2016-03-08,1,1.1617157688268829
HOUSEHOLD_1_489_WI_3_evaluation,HOUSEHOLD_1_489,WI_3,2016-03-08,0,1.0312600136704417
HOUSEHOLD_2_442_CA_1_evaluation,HOUSEHOLD_2_442,CA_1,2016-03-08,2,1.655518991242086
HOUSEHOLD_2_442_CA_2_evaluation,HOUSEHOLD_2_442,CA_2,2016-03-08,1,1.9025931129682196
HOUSEHOLD_2_442_CA_3_evaluation,HOUSEHOLD_2_442,CA_3,2016-03-08,1,1.0187577932336251
HOUSEHOLD_2_442_CA_4_evaluation,HOUSEHOLD_2_442,CA_4,2016-03-08,2,0.6367424003807725
HOUSEHOLD_2_442_TX_1_evaluation,HOUSEHOLD_2_442,TX_1,2016-03-08,0,0.47152235277878923
HOUSEHOLD_2_442_TX_2_evaluation,HOUSEHOLD_2_442,TX_2,2016-03-08,1,0.9800804822363682
HOUSEHOLD_2_442_TX_3_evaluation,HOUSEHOLD_2_442,TX_3,2016-03-08,0,0.6402602542297424
HOUSEHOLD_2_442_WI_1_evaluation,HOUSEHOLD_2_442,WI_1,2016-03-08,3,1.0706325865519237
HOUSEHOLD_2_442_WI_2_evaluation,HOUSEHOLD_2_442,WI_2,2016-03-08,4,0.9848092433045663
HOUSEHOLD_2_442_WI_3_evaluation,HOUSEHOLD_2_442,WI_3,2016-03-08,0,0.24571594046307121
FOODS_1_021_CA_1_evaluation,FOODS_1_021,CA_1,2016-03-09,0,2.121071465147965
FOODS_1_021_CA_2_evaluation,FOODS_1_021,CA_2,2016-03-09,5,3.0263505135138598
FOODS_1_021_CA_3_evaluation,FOODS_1_021,CA_3,2016-03-09,1,1.8757886085928648
FOODS_1_021_CA_4_evaluation,FOODS_1_021,CA_4,2016-03-09,0,1.6366333249678289
FOODS_1_021_TX_1_evaluation,FOODS_1_021,TX_1,2016-03-09,0,0.7913785612884164
FOODS_1_021_TX_2_evaluation,FOODS_1_021,TX_2,2016-03-09,0,0.2764323784222626
FOODS_1_021_TX_3_evaluation,FOODS_1_021,TX_3,2016-03-09,0,0.884553034436522
FOODS_1_021_WI_1_evaluation,FOODS_1_021,WI_1,2016-03-09,3,0.7208617082373807
FOODS_1_021_WI_2_evaluation,FOODS_1_021,WI_2,2016-03-09,1,0.9467256864214848
FOODS_1_021_WI_3_evaluation,FOODS_1_021,WI_3,2016-03-09,1,0.7865071450780237
FOODS_2_035_CA_1_evaluation,FOODS_2_035,CA_1,2016-03-09,0,1.9619087149928096
FOODS_2_035_CA_2_evaluation,FOODS_2_035,CA_2,2016-03-09,1,3.134693680832887
FOODS_2_035_CA_3_evaluation,FOODS_2_035,CA_3,2016-03-09,4,3.9660513335797787
FOODS_2_035_CA_4_evaluation,FOODS_2_035,CA_4,2016-03-09,0,1.5043103848720938
FOODS_2_035_TX_1_evaluation,FOODS_2_035,TX_1,2016-03-09,3,0.999749133997012
FOODS_2_035_TX_2_evaluation,FOODS_2_035,TX_2,2016-03-09,1,2.252111465862163
FOODS_2_035_TX_3_evaluation,FOODS_2_035,TX_3,2016-03-09,2,2.0783650398606928
FOODS_2_035_WI_1_evaluation,FOODS_2_035,WI_1,2016-03-09,0,0.9299699588338582
FOODS_2_035_WI_2_evaluation,FOODS_2_035,WI_2,2016-03-09,3,2.4212815458723216
FOODS_2_035_WI_3_evaluation,FOODS_2_035,WI_3,2016-03-09,2,2.2624416073687774
FOODS_3_180_CA_1_evaluation,FOODS_3_180,CA_1,2016-03-09,0,0.27664933813219217
FOODS_3_180_CA_2_evaluation,FOODS_3_180,CA_2,2016-03-09,0,0.43796225782167064
FOODS_3_180_CA_3_evaluation,FOODS_3_180,CA_3,2016-03-09,2,0.37389465344141015
FOODS_3_180_CA_4_evaluation,FOODS_3_180,CA_4,2016-03-09,0,0.16575216951017127
FOODS_3_180_TX_1_evaluation,FOODS_3_180,TX_1,2016-03-09,0,0.08266513162964474
FOODS_3_180_TX_2_evaluation,FOODS_3_180,TX_2,2016-03-09,0,0.31887005829701326
FOODS_3_180_TX_3_evaluation,FOODS_3_180,TX_3,2016-03-09,0,0.1269516122725829
FOODS_3_180_WI_1_evaluation,FOODS_3_180,WI_1,2016-03-09,0,0.6076216900534496
FOODS_3_180_WI_2_evaluation,FOODS_3_180,WI_2,2016-03-09,2,0.6015773800160104
FOODS_3_180_WI_3_evaluation,FOODS_3_180,WI_3,2016-03-09,1,0.14837052670389916
FOODS_3_260_CA_1_evaluation,FOODS_3_260,CA_1,2016-03-09,0,1.0298158103503419
FOODS_3_260_CA_2_evaluation,FOODS_3_260,CA_2,2016-03-09,0,0.29886386921240427
FOODS_3_260_CA_3_evaluation,FOODS_3_260,CA_3,2016-03-09,0,0.3063989955338012
FOODS_3_260_CA_4_evaluation,FOODS_3_260,CA_4,2016-03-09,1,0.39730678172399636
FOODS_3_260_TX_1_evaluation,FOODS_3_260,TX_1,2016-03-09,1,0.15320414279331185
FOODS_3_260_TX_2_evaluation,FOODS_3_260,TX_2,2016-03-09,0,0.4008968697091754
FOODS_3_260_TX_3_evaluation,FOODS_3_260,TX_3,2016-03-09,0,0.09244151456168188
FOODS_3_260_WI_1_evaluation,FOODS_3_260,WI_1,2016-03-09,0,0.5791204195647266
FOODS_3_260_WI_2_evaluation,FOODS_3_260,WI_2,2016-03-09,0,0.4073956111760734
FOODS_3_260_WI_3_evaluation,FOODS_3_260,WI_3,2016-03-09,0,0.13517836021102836
HOBBIES_1_022_CA_1_evaluation,HOBBIES_1_022,CA_1,2016-03-09,0,0.1710027959390996
HOBBIES_1_022_CA_2_evaluation,HOBBIES_1_022,CA_2,2016-03-09,0,0.16176105673242241
HOBBIES_1_022_CA_3_evaluation,HOBBIES_1_022,CA_3,2016-03-09,1,0.36587120295157993
HOBBIES_1_022_CA_4_evaluation,HOBBIES_1_022,CA_4,2016-03-09,0,0.0963396027169572
HOBBIES_1_022_TX_1_evaluation,HOBBIES_1_022,TX_1,2016-03-09,0,0.18913431960119684
HOBBIES_1_022_TX_2_evaluation,HOBBIES_1_022,TX_2,2016-03-09,0,0.33290097719912426
HOBBIES_1_022_TX_3_evaluation,HOBBIES_1_022,TX_3,2016-03-09,0,0.48599569570461165
HOBBIES_1_022_WI_1_evaluation,HOBBIES_1_022,WI_1,2016-03-09,0,0.2141737535104608
HOBBIES_1_022_WI_2_evaluation,HOBBIES_1_022,WI_2,2016-03-09,0,0.030889935292796183
HOBBIES_1_022_WI_3_evaluation,HOBBIES_1_022,WI_3,2016-03-09,1,0.4392609199421463
HOBBIES_1_209_CA_1_evaluation,HOBBIES_1_209,CA_1,2016-03-09,8,4.412205720298072
HOBBIES_1_209_CA_2_evaluation,HOBBIES_1_209,CA_2,2016-03-09,4,1.4037295178644742
HOBBIES_1_209_CA_3_evaluation,HOBBIES_1_209,CA_3,2016-03-09,31,5.28761717431836
HOBBIES_1_209_CA_4_evaluation,HOBBIES_1_209,CA_4,2016-03-09,0,0.8428021424478586
HOBBIES_1_209_TX_1_evaluation,HOBBIES_1_209,TX_1,2016-03-09,0,3.279862786270504
HOBBIES_1_209_TX_2_evaluation,HOBBIES_1_209,TX_2,2016-03-09,2,1.7907445432830846
HOBBIES_1_209_TX_3_evaluation,HOBBIES_1_209,TX_3,2016-03-09,1,0.639524492053631
HOBBIES_1_209_WI_1_evaluation,HOBBIES_1_209,WI_1,2016-03-09,3,1.919670114016784
HOBBIES_1_209_WI_2_evaluation,HOBBIES_1_209,WI_2,2016-03-09,2,0.929526627924306
HOBBIES_1_209_WI_3_evaluation,HOBBIES_1_209,WI_3,2016-03-09,5,2.9864082691397407
HOBBIES_2_041_CA_1_evaluation,HOBBIES_2_041,CA_1,2016-03-09,0,0.3389944520223778
HOBBIES_2_041_CA_2_evaluation,HOBBIES_2_041,CA_2,2016-03-09,0,1.2002581266950534
HOBBIES_2_041_CA_3_evaluation,HOBBIES_2_041,CA_3,2016-03-09,1,0.4009450261324625
HOBBIES_2_041_CA_4_evaluation,HOBBIES_2_041,CA_4,2016-03-09,0,0.3306226928512971
HOBBIES_2_041_TX_1_evaluation,HOBBIES_2_041,TX_1,2016-03-09,0,0.16585680553282497
HOBBIES_2_041_TX_2_evaluation,HOBBIES_2_041,TX_2,2016-03-09,0,0.7073476237350417
HOBBIES_2_041_TX_3_evaluation,HOBBIES_2_041,TX_3,2016-03-09,0,0.22380556211580135
HOBBIES_2_041_WI_1_evaluation,HOBBIES_2_041,WI_1,2016-03-09,0,0.27579942874029967
HOBBIES_2_041_WI_2_evaluation,HOBBIES_2_041,WI_2,2016-03-09,0,0.28006033283987064
HOBBIES_2_041_WI_3_evaluation,HOBBIES_2_041,WI_3,2016-03-09,0,0.23589471298679374
HOBBIES_2_113_CA_1_evaluation,HOBBIES_2_113,CA_1,2016-03-09,0,0.2675643927960393
HOBBIES_2_113_CA_2_evaluation,HOBBIES_2_113,CA_2,2016-03-09,0,0.12241756447665264
HOBBIES_2_113_CA_3_evaluation,HOBBIES_2_113,CA_3,2016-03-09,0,0.09958550409070258
HOBBIES_2_113_CA_4_evaluation,HOBBIES_2_113,CA_4,2016-03-09,0,0.08672023334234474
HOBBIES_2_113_TX_1_evaluation,HOBBIES_2_113,TX_1,2016-03-09,0,0.14004550365391133
HOBBIES_2_113_TX_2_evaluation,HOBBIES_2_113,TX_2,2016-03-09,0,0.18067173238914858
HOBBIES_2_113_TX_3_evaluation,HOBBIES_2_113,TX_3,2016-03-09,0,0.0
HOBBIES_2_113_WI_1_evaluation,HOBBIES_2_113,WI_1,2016-03-09,0,0.3863096775347368
HOBBIES_2_113_WI_2_evaluation,HOBBIES_2_113,WI_2,2016-03-09,0,0.2682587119315528
HOBBIES_2_113_WI_3_evaluation,HOBBIES_2_113,WI_3,2016-03-09,0,0.09332039986542334
HOUSEHOLD_1_100_CA_1_evaluation,HOUSEHOLD_1_100,CA_1,2016-03-09,0,0.1416667275291552
HOUSEHOLD_1_100_CA_2_evaluation,HOUSEHOLD_1_100,CA_2,2016-03-09,0,0.0
HOUSEHOLD_1_100_CA_3_evaluation,HOUSEHOLD_1_100,CA_3,2016-03-09,0,0.005696160515048565
HOUSEHOLD_1_100_CA_4_evaluation,HOUSEHOLD_1_100,CA_4,2016-03-09,0,0.39212919584145733
HOUSEHOLD_1_100_TX_1_evaluation,HOUSEHOLD_1_100,TX_1,2016-03-09,0,0.42489708829492506
HOUSEHOLD_1_100_TX_2_evaluation,HOUSEHOLD_1_100,TX_2,2016-03-09,0,0.7766993149562337
HOUSEHOLD_1_100_TX_3_evaluation,HOUSEHOLD_1_100,TX_3,2016-03-09,0,0.38718485799124497
HOUSEHOLD_1_100_WI_1_evaluation,HOUSEHOLD_1_100,WI_1,2016-03-09,0,0.0
HOUSEHOLD_1_100_WI_2_evaluation,HOUSEHOLD_1_100,WI_2,2016-03-09,0,0.2907585827132201
HOUSEHOLD_1_100_WI_3_evaluation,HOUSEHOLD_1_100,WI_3,2016-03-09,0,0.06824698235524501
HOUSEHOLD_1_290_CA_1_evaluation,HOUSEHOLD_1_290,CA_1,2016-03-09,1,0.3449826158900854
HOUSEHOLD_1_290_CA_2_evaluation,HOUSEHOLD_1_290,CA_2,2016-03-09,2,0.7019556925199917
HOUSEHOLD_1_290_CA_3_evaluation,HOUSEHOLD_1_290,CA_3,2016-03-09,0,2.0962348250880685
HOUSEHOLD_1_290_CA_4_evaluation,HOUSEHOLD_1_290,CA_4,2016-03-09,0,0.19157646112335472
HOUSEHOLD_1_290_TX_1_evaluation,HOUSEHOLD_1_290,TX_1,2016-03-09,0,1.6286999538056783
HOUSEHOLD_1_290_TX_2_evaluation,HOUSEHOLD_1_290,TX_2,2016-03-09,1,1.3389612661936827
HOUSEHOLD_1_290_TX_3_evaluation,HOUSEHOLD_1_290,TX_3,2016-03-09,1,1.9082885913562513
HOUSEHOLD_1_290_WI_1_evaluation,HOUSEHOLD_1_290,WI_1,2016-03-09,0,0.24442813361493568
HOUSEHOLD_1_290_WI_2_evaluation,HOUSEHOLD_1_290,WI_2,2016-03-09,8,2.2502733072919687
HOUSEHOLD_1_290_WI_3_evaluation,HOUSEHOLD_1_290,WI_3,2016-03-09,2,0.7179779261019705
HOUSEHOLD_1_370_CA_1_evaluation,HOUSEHOLD_1_370,CA_1,2016-03-09,1,0.7631304289838848
HOUSEHOLD_1_370_CA_2_evaluation,HOUSEHOLD_1_370,CA_2,2016-03-09,1,3.156093147337522
HOUSEHOLD_1_370_CA_3_evaluation,HOUSEHOLD_1_370,CA_3,2016-03-09,5,3.344098094125843
HOUSEHOLD_1_370_CA_4_evaluation,HOUSEHOLD_1_370,CA_4,2016-03-09,1,0.8767212924620091
HOUSEHOLD_1_370_TX_1_evaluation,HOUSEHOLD_1_370,TX_1,2016-03-09,0,1.1358691091454736
HOUSEHOLD_1_370_TX_2_evaluation,HOUSEHOLD_1_370,TX_2,2016-03-09,0,1.207404756368644
HOUSEHOLD_1_370_TX_3_evaluation,HOUSEHOLD_1_370,TX_3,2016-03-09,1,1.139769907114747
HOUSEHOLD_1_370_WI_1_evaluation,HOUSEHOLD_1_370,WI_1,2016-03-09,0,1.4740444862416462
HOUSEHOLD_1_370_WI_2_evaluation,HOUSEHOLD_1_370,WI_2,2016-03-09,2,3.444938303658024
HOUSEHOLD_1_370_WI_3_evaluation,HOUSEHOLD_1_370,WI_3,2016-03-09,0,0.9261367299944401
HOUSEHOLD_1_489_CA_1_evaluation,HOUSEHOLD_1_489,CA_1,2016-03-09,0,1.5270250255699214
HOUSEHOLD_1_489_CA_2_evaluation,HOUSEHOLD_1_489,CA_2,2016-03-09,0,1.8203862174174832
HOUSEHOLD_1_489_CA_3_evaluation,HOUSEHOLD_1_489,CA_3,2016-03-09,1,2.6132879467801153
HOUSEHOLD_1_489_CA_4_evaluation,HOUSEHOLD_1_489,CA_4,2016-03-09,2,0.8815350027172836
HOUSEHOLD_1_489_TX_1_evaluation,HOUSEHOLD_1_489,TX_1,2016-03-09,0,2.672281615698976
HOUSEHOLD_1_489_TX_2_evaluation,HOUSEHOLD_1_489,TX_2,2016-03-09,1,2.270663044516623
HOUSEHOLD_1_489_TX_3_evaluation,HOUSEHOLD_1_489,TX_3,2016-03-09,2,1.5765944429194216
HOUSEHOLD_1_489_WI_1_evaluation,HOUSEHOLD_1_489,WI_1,2016-03-09,1,0.684668609353417
HOUSEHOLD_1_489_WI_2_evaluation,HOUSEHOLD_1_489,WI_2,2016-03-09,0,1.2066694603601154
HOUSEHOLD_1_489_WI_3_evaluation,HOUSEHOLD_1_489,WI_3,2016-03-09,1,1.0669792250022565
HOUSEHOLD_2_442_CA_1_evaluation,HOUSEHOLD_2_442,CA_1,2016-03-09,0,1.4845298817324049
HOUSEHOLD_2_442_CA_2_evaluation,HOUSEHOLD_2_442,CA_2,2016-03-09,0,1.8689188468917877
HOUSEHOLD_2_442_CA_3_evaluation,HOUSEHOLD_2_442,CA_3,2016-03-09,0,1.1012331165311156
HOUSEHOLD_2_442_CA_4_evaluation,HOUSEHOLD_2_442,CA_4,2016-03-09,0,0.5825691320819567
HOUSEHOLD_2_442_TX_1_evaluation,HOUSEHOLD_2_442,TX_1,2016-03-09,0,0.42729801438141723
HOUSEHOLD_2_442_TX_2_evaluation,HOUSEHOLD_2_442,TX_2,2016-03-09,0,0.8681685562632304
HOUSEHOLD_2_442_TX_3_evaluation,HOUSEHOLD_2_442,TX_3,2016-03-09,2,0.6664244022108001
HOUSEHOLD_2_442_WI_1_evaluation,HOUSEHOLD_2_442,WI_1,2016-03-09,2,1.1444951945524842
HOUSEHOLD_2_442_WI_2_evaluation,HOUSEHOLD_2_442,WI_2,2016-03-09,2,1.0028064462515072
HOUSEHOLD_2_442_WI_3_evaluation,HOUSEHOLD_2_442,WI_3,2016-03-09,2,0.2403186340851523
FOODS_1_021_CA_1_evaluation,FOODS_1_021,CA_1,2016-03-10,0,2.26511583214005
FOODS_1_021_CA_2_evaluation,FOODS_1_021,CA_2,2016-03-10,2,3.295102462304896
FOODS_1_021_CA_3_evaluation,FOODS_1_021,CA_3,2016-03-10,1,1.8659062578015853
FOODS_1_021_CA_4_evaluation,FOODS_1_021,CA_4,2016-03-10,0,1.6239699508912688
FOODS_1_021_TX_1_evaluation,FOODS_1_021,TX_1,2016-03-10,1,0.7759392699425176
FOODS_1_021_TX_2_evaluation,FOODS_1_021,TX_2,2016-03-10,0,0.43497303956465294
FOODS_1_021_TX_3_evaluation,FOODS_1_021,TX_3,2016-03-10,0,0.9454868318477362
FOODS_1_021_WI_1_evaluation,FOODS_1_021,WI_1,2016-03-10,0,0.5134501363830554
FOODS_1_021_WI_2_evaluation,FOODS_1_021,WI_2,2016-03-10,3,1.185641860947865
FOODS_1_021_WI_3_evaluation,FOODS_1_021,WI_3,2016-03-10,0,0.5795560722382465
FOODS_2_035_CA_1_evaluation,FOODS_2_035,CA_1,2016-03-10,0,1.9661054323847846
FOODS_2_035_CA_2_evaluation,FOODS_2_035,CA_2,2016-03-10,4,3.1762626641122065
FOODS_2_035_CA_3_evaluation,FOODS_2_035,CA_3,2016-03-10,5,3.7991151827105276
FOODS_2_035_CA_4_evaluation,FOODS_2_035,CA_4,2016-03-10,1,1.4926886845567082
FOODS_2_035_TX_1_evaluation,FOODS_2_035,TX_1,2016-03-10,1,0.9387488357813394
FOODS_2_035_TX_2_evaluation,FOODS_2_035,TX_2,2016-03-10,2,2.247844399083615
FOODS_2_035_TX_3_evaluation,FOODS_2_035,TX_3,2016-03-10,2,1.9857601618127512
FOODS_2_035_WI_1_evaluation,FOODS_2_035,WI_1,2016-03-10,0,0.9037441632095385
FOODS_2_035_WI_2_evaluation,FOODS_2_035,WI_2,2016-03-10,2,2.416887790400328
FOODS_2_035_WI_3_evaluation,FOODS_2_035,WI_3,2016-03-10,3,2.244576902611344
FOODS_3_180_CA_1_evaluation,FOODS_3_180,CA_1,2016-03-10,0,0.2760482281596494
FOODS_3_180_CA_2_evaluation,FOODS_3_180,CA_2,2016-03-10,0,0.45229672903737467
FOODS_3_180_CA_3_evaluation,FOODS_3_180,CA_3,2016-03-10,1,0.34069646545409976
FOODS_3_180_CA_4_evaluation,FOODS_3_180,CA_4,2016-03-10,0,0.1779059482626068
FOODS_3_180_TX_1_evaluation,FOODS_3_180,TX_1,2016-03-10,1,0.055238140263378664
FOODS_3_180_TX_2_evaluation,FOODS_3_180,TX_2,2016-03-10,2,0.31982185771092864
FOODS_3_180_TX_3_evaluation,FOODS_3_180,TX_3,2016-03-10,0,0.13129707158335394
FOODS_3_180_WI_1_evaluation,FOODS_3_180,WI_1,2016-03-10,0,0.644736652410533
FOODS_3_180_WI_2_evaluation,FOODS_3_180,WI_2,2016-03-10,2,0.5406324017112848
FOODS_3_180_WI_3_evaluation,FOODS_3_180,WI_3,2016-03-10,0,0.1371264273082847
FOODS_3_260_CA_1_evaluation,FOODS_3_260,CA_1,2016-03-10,1,1.0022575426588787
FOODS_3_260_CA_2_evaluation,FOODS_3_260,CA_2,2016-03-10,0,0.2749011286444604
FOODS_3_260_CA_3_evaluation,FOODS_3_260,CA_3,2016-03-10,0,0.30234461343025426
FOODS_3_260_CA_4_evaluation,FOODS_3_260,CA_4,2016-03-10,0,0.4289612541096862
FOODS_3_260_TX_1_evaluation,FOODS_3_260,TX_1,2016-03-10,0,0.16388334075548266
FOODS_3_260_TX_2_evaluation,FOODS_3_260,TX_2,2016-03-10,0,0.3978083671868853
FOODS_3_260_TX_3_evaluation,FOODS_3_260,TX_3,2016-03-10,0,0.11973625250356454
FOODS_3_260_WI_1_evaluation,FOODS_3_260,WI_1,2016-03-10,0,0.6891865895778103
FOODS_3_260_WI_2_evaluation,FOODS_3_260,WI_2,2016-03-10,0,0.4015803117959116
FOODS_3_260_WI_3_evaluation,FOODS_3_260,WI_3,2016-03-10,2,0.14951716498630716
HOBBIES_1_022_CA_1_evaluation,HOBBIES_1_022,CA_1,2016-03-10,1,0.17991676746156912
HOBBIES_1_022_CA_2_evaluation,HOBBIES_1_022,CA_2,2016-03-10,0,0.048022096436392575
HOBBIES_1_022_CA_3_evaluation,HOBBIES_1_022,CA_3,2016-03-10,0,0.3232628492021882
HOBBIES_1_022_CA_4_evaluation,HOBBIES_1_022,CA_4,2016-03-10,0,0.04040555674426237
HOBBIES_1_022_TX_1_evaluation,HOBBIES_1_022,TX_1,2016-03-10,2,0.1566622628135388
HOBBIES_1_022_TX_2_evaluation,HOBBIES_1_022,TX_2,2016-03-10,2,0.2862604517889553
HOBBIES_1_022_TX_3_evaluation,HOBBIES_1_022,TX_3,2016-03-10,0,0.5293966049432988
HOBBIES_1_022_WI_1_evaluation,HOBBIES_1_022,WI_1,2016-03-10,0,0.323636211226984
HOBBIES_1_022_WI_2_evaluation,HOBBIES_1_022,WI_2,2016-03-10,0,0.13996181933548058
HOBBIES_1_022_WI_3_evaluation,HOBBIES_1_022,WI_3,2016-03-10,0,0.4502868606397516
HOBBIES_1_209_CA_1_evaluation,HOBBIES_1_209,CA_1,2016-03-10,2,4.9041032375990055
HOBBIES_1_209_CA_2_evaluation,HOBBIES_1_209,CA_2,2016-03-10,7,0.8221409017456365
HOBBIES_1_209_CA_3_evaluation,HOBBIES_1_209,CA_3,2016-03-10,2,5.141124987378763
HOBBIES_1_209_CA_4_evaluation,HOBBIES_1_209,CA_4,2016-03-10,0,0.7472448288446735
HOBBIES_1_209_TX_1_evaluation,HOBBIES_1_209,TX_1,2016-03-10,1,2.7866909519099994
HOBBIES_1_209_TX_2_evaluation,HOBBIES_1_209,TX_2,2016-03-10,4,2.038998400102622
HOBBIES_1_209_TX_3_evaluation,HOBBIES_1_209,TX_3,2016-03-10,1,0.9298701729108322
HOBBIES_1_209_WI_1_evaluation,HOBBIES_1_209,WI_1,2016-03-10,0,2.106671557108294
HOBBIES_1_209_WI_2_evaluation,HOBBIES_1_209,WI_2,2016-03-10,2,1.323305450182464
HOBBIES_1_209_WI_3_evaluation,HOBBIES_1_209,WI_3,2016-03-10,0,2.659573388317697
HOBBIES_2_041_CA_1_evaluation,HOBBIES_2_041,CA_1,2016-03-10,0,0.3301844964429432
HOBBIES_2_041_CA_2_evaluation,HOBBIES_2_041,CA_2,2016-03-10,1,1.1753735638023861
HOBBIES_2_041_CA_3_evaluation,HOBBIES_2_041,CA_3,2016-03-10,0,0.2893696230517395
HOBBIES_2_041_CA_4_evaluation,HOBBIES_2_041,CA_4,2016-03-10,0,0.37350195191380253
HOBBIES_2_041_TX_1_evaluation,HOBBIES_2_041,TX_1,2016-03-10,0,0.15462873304141228
HOBBIES_2_041_TX_2_evaluation,HOBBIES_2_041,TX_2,2016-03-10,1,0.7925646913811599
HOBBIES_2_041_TX_3_evaluation,HOBBIES_2_041,TX_3,2016-03-10,1,0.17231257930622385
HOBBIES_2_041_WI_1_evaluation,HOBBIES_2_041,WI_1,2016-03-10,0,0.3021394617093633
HOBBIES_2_041_WI_2_evaluation,HOBBIES_2_041,WI_2,2016-03-10,0,0.28079962431010985
HOBBIES_2_041_WI_3_evaluation,HOBBIES_2_041,WI_3,2016-03-10,0,0.20700582300235848
HOBBIES_2_113_CA_1_evaluation,HOBBIES_2_113,CA_1,2016-03-10,0,0.3079135342568959
HOBBIES_2_113_CA_2_evaluation,HOBBIES_2_113,CA_2,2016-03-10,0,0.10230274755305405
HOBBIES_2_113_CA_3_evaluation,HOBBIES_2_113,CA_3,2016-03-10,0,0.0634121331578027
HOBBIES_2_113_CA_4_evaluation,HOBBIES_2_113,CA_4,2016-03-10,0,0.06083440529845589
HOBBIES_2_113_TX_1_evaluation,HOBBIES_2_113,TX_1,2016-03-10,0,0.11827170532013702
HOBBIES_2_113_TX_2_evaluation,HOBBIES_2_113,TX_2,2016-03-10,0,0.15776359265532924
HOBBIES_2_113_TX_3_evaluation,HOBBIES_2_113,TX_3,2016-03-10,0,0.008142380028070856
HOBBIES_2_113_WI_1_evaluation,HOBBIES_2_113,WI_1,2016-03-10,0,0.36899890044481054
HOBBIES_2_113_WI_2_evaluation,HOBBIES_2_113,WI_2,2016-03-10,0,0.23807400217110197
HOBBIES_2_113_WI_3_evaluation,HOBBIES_2_113,WI_3,2016-03-10,0,0.12434909437324657
HOUSEHOLD_1_100_CA_1_evaluation,HOUSEHOLD_1_100,CA_1,2016-03-10,1,0.1743038786701357
HOUSEHOLD_1_100_CA_2_evaluation,HOUSEHOLD_1_100,CA_2,2016-03-10,0,0.0
HOUSEHOLD_1_100_CA_3_evaluation,HOUSEHOLD_1_100,CA_3,2016-03-10,0,0.0
HOUSEHOLD_1_100_CA_4_evaluation,HOUSEHOLD_1_100,CA_4,2016-03-10,0,0.3824693875296869
HOUSEHOLD_1_100_TX_1_evaluation,HOUSEHOLD_1_100,TX_1,2016-03-10,0,0.32354998734322316
HOUSEHOLD_1_100_TX_2_evaluation,HOUSEHOLD_1_100,TX_2,2016-03-10,0,0.7192798141241409
HOUSEHOLD_1_100_TX_3_evaluation,HOUSEHOLD_1_100,TX_3,2016-03-10,0,0.32374923798629784
HOUSEHOLD_1_100_WI_1_evaluation,HOUSEHOLD_1_100,WI_1,2016-03-10,0,0.0
HOUSEHOLD_1_100_WI_2_evaluation,HOUSEHOLD_1_100,WI_2,2016-03-10,0,0.2992664903551816
HOUSEHOLD_1_100_WI_3_evaluation,HOUSEHOLD_1_100,WI_3,2016-03-10,0,0.13592831757594626
HOUSEHOLD_1_290_CA_1_evaluation,HOUSEHOLD_1_290,CA_1,2016-03-10,1,0.3455963808728493
HOUSEHOLD_1_290_CA_2_evaluation,HOUSEHOLD_1_290,CA_2,2016-03-10,0,0.7424201828219932
HOUSEHOLD_1_290_CA_3_evaluation,HOUSEHOLD_1_290,CA_3,2016-03-10,1,2.0470349385562745
HOUSEHOLD_1_290_CA_4_evaluation,HOUSEHOLD_1_290,CA_4,2016-03-10,0,0.23500658623616072
HOUSEHOLD_1_290_TX_1_evaluation,HOUSEHOLD_1_290,TX_1,2016-03-10,3,1.4485329581713264
HOUSEHOLD_1_290_TX_2_evaluation,HOUSEHOLD_1_290,TX_2,2016-03-10,1,1.3721135499229058
HOUSEHOLD_1_290_TX_3_evaluation,HOUSEHOLD_1_290,TX_3,2016-03-10,2,1.7403240419489352
HOUSEHOLD_1_290_WI_1_evaluation,HOUSEHOLD_1_290,WI_1,2016-03-10,0,0.2304342844842338
HOUSEHOLD_1_290_WI_2_evaluation,HOUSEHOLD_1_290,WI_2,2016-03-10,4,2.0895155428918972
HOUSEHOLD_1_290_WI_3_evaluation,HOUSEHOLD_1_290,WI_3,2016-03-10,1,0.6309902412480062
HOUSEHOLD_1_370_CA_1_evaluation,HOUSEHOLD_1_370,CA_1,2016-03-10,1,0.7023295396136539
HOUSEHOLD_1_370_CA_2_evaluation,HOUSEHOLD_1_370,CA_2,2016-03-10,1,3.0120001409933095
HOUSEHOLD_1_370_CA_3_evaluation,HOUSEHOLD_1_370,CA_3,2016-03-10,2,3.3024166950923837
HOUSEHOLD_1_370_CA_4_evaluation,HOUSEHOLD_1_370,CA_4,2016-03-10,0,0.7167198378432871
HOUSEHOLD_1_370_TX_1_evaluation,HOUSEHOLD_1_370,TX_1,2016-03-10,1,1.0687086927303941
HOUSEHOLD_1_370_TX_2_evaluation,HOUSEHOLD_1_370,TX_2,2016-03-10,0,1.0971774966483798
HOUSEHOLD_1_370_TX_3_evaluation,HOUSEHOLD_1_370,TX_3,2016-03-10,0,1.1110822494737187
HOUSEHOLD_1_370_WI_1_evaluation,HOUSEHOLD_1_370,WI_1,2016-03-10,0,1.5484828555498908
HOUSEHOLD_1_370_WI_2_evaluation,HOUSEHOLD_1_370,WI_2,2016-03-10,4,3.5487094823428644
HOUSEHOLD_1_370_WI_3_evaluation,HOUSEHOLD_1_370,WI_3,2016-03-10,2,0.9218966341797576
HOUSEHOLD_1_489_CA_1_evaluation,HOUSEHOLD_1_489,CA_1,2016-03-10,2,1.5297063547798475
HOUSEHOLD_1_489_CA_2_evaluation,HOUSEHOLD_1_489,CA_2,2016-03-10,1,1.830691603061315
HOUSEHOLD_1_489_CA_3_evaluation,HOUSEHOLD_1_489,CA_3,2016-03-10,2,2.5902702239974342
HOUSEHOLD_1_489_CA_4_evaluation,HOUSEHOLD_1_489,CA_4,2016-03-10,0,0.8629038214861562
HOUSEHOLD_1_489_TX_1_evaluation,HOUSEHOLD_1_489,TX_1,2016-03-10,1,2.714905393820378
HOUSEHOLD_1_489_TX_2_evaluation,HOUSEHOLD_1_489,TX_2,2016-03-10,0,2.3287578034110306
HOUSEHOLD_1_489_TX_3_evaluation,HOUSEHOLD_1_489,TX_3,2016-03-10,1,1.5306273973454132
HOUSEHOLD_1_489_WI_1_evaluation,HOUSEHOLD_1_489,WI_1,2016-03-10,0,0.7216716994872383
HOUSEHOLD_1_489_WI_2_evaluation,HOUSEHOLD_1_489,WI_2,2016-03-10,1,1.1791630260523862
HOUSEHOLD_1_489_WI_3_evaluation,HOUSEHOLD_1_489,WI_3,2016-03-10,1,1.056743307371686
HOUSEHOLD_2_442_CA_1_evaluation,HOUSEHOLD_2_442,CA_1,2016-03-10,0,1.399761249982118
HOUSEHOLD_2_442_CA_2_evaluation,HOUSEHOLD_2_442,CA_2,2016-03-10,0,1.7719335435885366
HOUSEHOLD_2_442_CA_3_evaluation,HOUSEHOLD_2_442,CA_3,2016-03-10,0,0.9895217329624132
HOUSEHOLD_2_442_CA_4_evaluation,HOUSEHOLD_2_442,CA_4,2016-03-10,0,0.5522412683123525
HOUSEHOLD_2_442_TX_1_evaluation,HOUSEHOLD_2_442,TX_1,2016-03-10,0,0.4217590860062348
HOUSEHOLD_2_442_TX_2_evaluation,HOUSEHOLD_2_442,TX_2,2016-03-10,0,0.9043601843289153
HOUSEHOLD_2_442_TX_3_evaluation,HOUSEHOLD_2_442,TX_3,2016-03-10,1,0.6039215521394381
HOUSEHOLD_2_442_WI_1_evaluation,HOUSEHOLD_2_442,WI_1,2016-03-10,1,1.0531476081846303
HOUSEHOLD_2_442_WI_2_evaluation,HOUSEHOLD_2_442,WI_2,2016-03-10,0,1.0566986652134391
HOUSEHOLD_2_442_WI_3_evaluation,HOUSEHOLD_2_442,WI_3,2016-03-10,0,0.24381239770537266
FOODS_1_021_CA_1_evaluation,FOODS_1_021,CA_1,2016-03-11,0,2.4481731302496423
FOODS_1_021_CA_2_evaluation,FOODS_1_021,CA_2,2016-03-11,6,3.222864521700751
FOODS_1_021_CA_3_evaluation,FOODS_1_021,CA_3,2016-03-11,2,2.0585821640788247
FOODS_1_021_CA_4_evaluation,FOODS_1_021,CA_4,2016-03-11,0,1.7780250547919358
FOODS_1_021_TX_1_evaluation,FOODS_1_021,TX_1,2016-03-11,0,0.8270779193147973
FOODS_1_021_TX_2_evaluation,FOODS_1_021,TX_2,2016-03-11,0,0.5144554634986589
FOODS_1_021_TX_3_evaluation,FOODS_1_021,TX_3,2016-03-11,0,0.8708185429106698
FOODS_1_021_WI_1_evaluation,FOODS_1_021,WI_1,2016-03-11,3,0.9598655311464859
FOODS_1_021_WI_2_evaluation,FOODS_1_021,WI_2,2016-03-11,0,1.2429415440619955
FOODS_1_021_WI_3_evaluation,FOODS_1_021,WI_3,2016-03-11,0,0.8350345014882307
FOODS_2_035_CA_1_evaluation,FOODS_2_035,CA_1,2016-03-11,0,1.9108867598994426
FOODS_2_035_CA_2_evaluation,FOODS_2_035,CA_2,2016-03-11,2,3.1302650495411783
FOODS_2_035_CA_3_evaluation,FOODS_2_035,CA_3,2016-03-11,1,3.885905908014039
FOODS_2_035_CA_4_evaluation,FOODS_2_035,CA_4,2016-03-11,0,1.4243460752312138
FOODS_2_035_TX_1_evaluation,FOODS_2_035,TX_1,2016-03-11,0,0.8969350439560011
FOODS_2_035_TX_2_evaluation,FOODS_2_035,TX_2,2016-03-11,3,2.311248670373307
FOODS_2_035_TX_3_evaluation,FOODS_2_035,TX_3,2016-03-11,0,1.8995179310579178
FOODS_2_035_WI_1_evaluation,FOODS_2_035,WI_1,2016-03-11,1,0.9112239042730484
FOODS_2_035_WI_2_evaluation,FOODS_2_035,WI_2,2016-03-11,3,2.40735140233875
FOODS_2_035_WI_3_evaluation,FOODS_2_035,WI_3,2016-03-11,1,2.248805258376649
FOODS_3_180_CA_1_evaluation,FOODS_3_180,CA_1,2016-03-11,0,0.21233866453449096
FOODS_3_180_CA_2_evaluation,FOODS_3_180,CA_2,2016-03-11,0,0.4283957944235847
FOODS_3_180_CA_3_evaluation,FOODS_3_180,CA_3,2016-03-11,1,0.38783460705828976
FOODS_3_180_CA_4_evaluation,FOODS_3_180,CA_4,2016-03-11,0,0.14886015138327013
FOODS_3_180_TX_1_evaluation,FOODS_3_180,TX_1,2016-03-11,0,0.054503875125719185
FOODS_3_180_TX_2_evaluation,FOODS_3_180,TX_2,2016-03-11,1,0.3026967020137409
FOODS_3_180_TX_3_evaluation,FOODS_3_180,TX_3,2016-03-11,0,0.12079384642584667
FOODS_3_180_WI_1_evaluation,FOODS_3_180,WI_1,2016-03-11,1,0.5797725431059199
FOODS_3_180_WI_2_evaluation,FOODS_3_180,WI_2,2016-03-11,3,0.5925116301512914
FOODS_3_180_WI_3_evaluation,FOODS_3_180,WI_3,2016-03-11,0,0.16798863846532602
FOODS_3_260_CA_1_evaluation,FOODS_3_260,CA_1,2016-03-11,0,0.9933836077274182
FOODS_3_260_CA_2_evaluation,FOODS_3_260,CA_2,2016-03-11,0,0.3153809488828615
FOODS_3_260_CA_3_evaluation,FOODS_3_260,CA_3,2016-03-11,0,0.3335175965290341
FOODS_3_260_CA_4_evaluation,FOODS_3_260,CA_4,2016-03-11,3,0.43808536862320346
FOODS_3_260_TX_1_evaluation,FOODS_3_260,TX_1,2016-03-11,0,0.13274076955967723
FOODS_3_260_TX_2_evaluation,FOODS_3_260,TX_2,2016-03-11,0,0.4091222635928638
FOODS_3_260_TX_3_evaluation,FOODS_3_260,TX_3,2016-03-11,0,0.10568068671509057
FOODS_3_260_WI_1_evaluation,FOODS_3_260,WI_1,2016-03-11,0,0.5692374713557816
FOODS_3_260_WI_2_evaluation,FOODS_3_260,WI_2,2016-03-11,0,0.3653774692663883
FOODS_3_260_WI_3_evaluation,FOODS_3_260,WI_3,2016-03-11,2,0.13740482783445743
HOBBIES_1_022_CA_1_evaluation,HOBBIES_1_022,CA_1,2016-03-11,0,0.1920777213222895
HOBBIES_1_022_CA_2_evaluation,HOBBIES_1_022,CA_2,2016-03-11,0,0.11008374470319066
HOBBIES_1_022_CA_3_evaluation,HOBBIES_1_022,CA_3,2016-03-11,1,0.340172456814952
HOBBIES_1_022_CA_4_evaluation,HOBBIES_1_022,CA_4,2016-03-11,0,0.08657002386174716
HOBBIES_1_022_TX_1_evaluation,HOBBIES_1_022,TX_1,2016-03-11,0,0.1280135327638786
HOBBIES_1_022_TX_2_evaluation,HOBBIES_1_022,TX_2,2016-03-11,0,0.3822660869201174
HOBBIES_1_022_TX_3_evaluation,HOBBIES_1_022,TX_3,2016-03-11,0,0.4811219228264263
HOBBIES_1_022_WI_1_evaluation,HOBBIES_1_022,WI_1,2016-03-11,2,0.24138187944104814
HOBBIES_1_022_WI_2_evaluation,HOBBIES_1_022,WI_2,2016-03-11,0,0.11559630430366813
HOBBIES_1_022_WI_3_evaluation,HOBBIES_1_022,WI_3,2016-03-11,0,0.3859318810782524
HOBBIES_1_209_CA_1_evaluation,HOBBIES_1_209,CA_1,2016-03-11,0,4.6088687611048105
HOBBIES_1_209_CA_2_evaluation,HOBBIES_1_209,CA_2,2016-03-11,10,1.2166498172842917
HOBBIES_1_209_CA_3_evaluation,HOBBIES_1_209,CA_3,2016-03-11,0,5.724095489599643
HOBBIES_1_209_CA_4_evaluation,HOBBIES_1_209,CA_4,2016-03-11,0,0.6060760065491744
HOBBIES_1_209_TX_1_evaluation,HOBBIES_1_209,TX_1,2016-03-11,1,2.5101407351672
HOBBIES_1_209_TX_2_evaluation,HOBBIES_1_209,TX_2,2016-03-11,3,1.8746278561746448
HOBBIES_1_209_TX_3_evaluation,HOBBIES_1_209,TX_3,2016-03-11,2,0.8991330943714286
HOBBIES_1_209_WI_1_evaluation,HOBBIES_1_209,WI_1,2016-03-11,1,2.078576578391453
HOBBIES_1_209_WI_2_evaluation,HOBBIES_1_209,WI_2,2016-03-11,4,1.4528104683115366
HOBBIES_1_209_WI_3_evaluation,HOBBIES_1_209,WI_3,2016-03-11,0,3.0839342823704152
HOBBIES_2_041_CA_1_evaluation,HOBBIES_2_041,CA_1,2016-03-11,0,0.3173972872341551
HOBBIES_2_041_CA_2_evaluation,HOBBIES_2_041,CA_2,2016-03-11,0,1.1588985223549588
HOBBIES_2_041_CA_3_evaluation,HOBBIES_2_041,CA_3,2016-03-11,0,0.28264359706101055
HOBBIES_2_041_CA_4_evaluation,HOBBIES_2_041,CA_4,2016-03-11,0,0.42357375316340184
HOBBIES_2_041_TX_1_evaluation,HOBBIES_2_041,TX_1,2016-03-11,0,0.19643145645055907
HOBBIES_2_041_TX_2_evaluation,HOBBIES_2_041,TX_2,2016-03-11,0,0.7618225938428526
HOBBIES_2_041_TX_3_evaluation,HOBBIES_2_041,TX_3,2016-03-11,0,0.207962390632929
HOBBIES_2_041_WI_1_evaluation,HOBBIES_2_041,WI_1,2016-03-11,0,0.30233852622946555
HOBBIES_2_041_WI_2_evaluation,HOBBIES_2_041,WI_2,2016-03-11,0,0.21712758363903434
HOBBIES_2_041_WI_3_evaluation,HOBBIES_2_041,WI_3,2016-03-11,0,0.2304939545104131
HOBBIES_2_113_CA_1_evaluation,HOBBIES_2_113,CA_1,2016-03-11,0,0.2830447222761814
HOBBIES_2_113_CA_2_evaluation,HOBBIES_2_113,CA_2,2016-03-11,0,0.08129093989757402
HOBBIES_2_113_CA_3_evaluation,HOBBIES_2_113,CA_3,2016-03-11,0,0.08342049209875685
HOBBIES_2_113_CA_4_evaluation,HOBBIES_2_113,CA_4,2016-03-11,0,0.12903589008185684
HOBBIES_2_113_TX_1_evaluation,HOBBIES_2_113,TX_1,2016-03-11,0,0.035897047241526064
HOBBIES_2_113_TX_2_evaluation,HOBBIES_2_113,TX_2,2016-03-11,0,0.2029155017237521
HOBBIES_2_113_TX_3_evaluation,HOBBIES_2_113,TX_3,2016-03-11,0,0.005855461754576456
HOBBIES_2_113_WI_1_evaluation,HOBBIES_2_113,WI_1,2016-03-11,0,0.4299709849875896
HOBBIES_2_113_WI_2_evaluation,HOBBIES_2_113,WI_2,2016-03-11,0,0.2896819714934725
HOBBIES_2_113_WI_3_evaluation,HOBBIES_2_113,WI_3,2016-03-11,0,0.12872524508777833
HOUSEHOLD_1_100_CA_1_evaluation,HOUSEHOLD_1_100,CA_1,2016-03-11,2,0.00411629517319001
HOUSEHOLD_1_100_CA_2_evaluation,HOUSEHOLD_1_100,CA_2,2016-03-11,1,0.13824650906625996
HOUSEHOLD_1_100_CA_3_evaluation,HOUSEHOLD_1_100,CA_3,2016-03-11,0,0.0
HOUSEHOLD_1_100_CA_4_evaluation,HOUSEHOLD_1_100,CA_4,2016-03-11,0,0.38988470621502713
HOUSEHOLD_1_100_TX_1_evaluation,HOUSEHOLD_1_100,TX_1,2016-03-11,1,0.25963021204916614
HOUSEHOLD_1_100_TX_2_evaluation,HOUSEHOLD_1_100,TX_2,2016-03-11,0,0.718811047411347
HOUSEHOLD_1_100_TX_3_evaluation,HOUSEHOLD_1_100,TX_3,2016-03-11,0,0.3381622934729043
HOUSEHOLD_1_100_WI_1_evaluation,HOUSEHOLD_1_100,WI_1,2016-03-11,2,0.0
HOUSEHOLD_1_100_WI_2_evaluation,HOUSEHOLD_1_100,WI_2,2016-03-11,0,0.24723044486537155
HOUSEHOLD_1_100_WI_3_evaluation,HOUSEHOLD_1_100,WI_3,2016-03-11,0,0.08722151246511167
HOUSEHOLD_1_290_CA_1_evaluation,HOUSEHOLD_1_290,CA_1,2016-03-11,3,0.5289496731054292
HOUSEHOLD_1_290_CA_2_evaluation,HOUSEHOLD_1_290,CA_2,2016-03-11,0,0.7420313656023866
HOUSEHOLD_1_290_CA_3_evaluation,HOUSEHOLD_1_290,CA_3,2016-03-11,4,2.0689177304500506
HOUSEHOLD_1_290_CA_4_evaluation,HOUSEHOLD_1_290,CA_4,2016-03-11,0,0.20671065002877134
HOUSEHOLD_1_290_TX_1_evaluation,HOUSEHOLD_1_290,TX_1,2016-03-11,2,1.7542149467191646
HOUSEHOLD_1_290_TX_2_evaluation,HOUSEHOLD_1_290,TX_2,2016-03-11,0,1.3849230812324707
HOUSEHOLD_1_290_TX_3_evaluation,HOUSEHOLD_1_290,TX_3,2016-03-11,2,1.8901686103281452
HOUSEHOLD_1_290_WI_1_evaluation,HOUSEHOLD_1_290,WI_1,2016-03-11,0,0.1827610046681095
HOUSEHOLD_1_290_WI_2_evaluation,HOUSEHOLD_1_290,WI_2,2016-03-11,0,2.255323225462538
HOUSEHOLD_1_290_WI_3_evaluation,HOUSEHOLD_1_290,WI_3,2016-03-11,2,0.6838001373102482
HOUSEHOLD_1_370_CA_1_evaluation,HOUSEHOLD_1_370,CA_1,2016-03-11,4,0.8385984577721161
HOUSEHOLD_1_370_CA_2_evaluation,HOUSEHOLD_1_370,CA_2,2016-03-11,4,2.859171769849004
HOUSEHOLD_1_370_CA_3_evaluation,HOUSEHOLD_1_370,CA_3,2016-03-11,6,3.1671456106436153
HOUSEHOLD_1_370_CA_4_evaluation,HOUSEHOLD_1_370,CA_4,2016-03-11,1,0.7800197430065605
HOUSEHOLD_1_370_TX_1_evaluation,HOUSEHOLD_1_370,TX_1,2016-03-11,0,1.1311154430822552
HOUSEHOLD_1_370_TX_2_evaluation,HOUSEHOLD_1_370,TX_2,2016-03-11,0,1.154049353948502
HOUSEHOLD_1_370_TX_3_evaluation,HOUSEHOLD_1_370,TX_3,2016-03-11,0,1.0621022877535324
HOUSEHOLD_1_370_WI_1_evaluation,HOUSEHOLD_1_370,WI_1,2016-03-11,1,1.500829914102204
HOUSEHOLD_1_370_WI_2_evaluation,HOUSEHOLD_1_370,WI_2,2016-03-11,6,3.4469566917843517
HOUSEHOLD_1_370_WI_3_evaluation,HOUSEHOLD_1_370,WI_3,2016-03-11,0,0.879996150408634
HOUSEHOLD_1_489_CA_1_evaluation,HOUSEHOLD_1_489,CA_1,2016-03-11,3,1.595379787717369
HOUSEHOLD_1_489_CA_2_evaluation,HOUSEHOLD_1_489,CA_2,2016-03-11,1,1.8132792070699049
HOUSEHOLD_1_489_CA_3_evaluation,HOUSEHOLD_1_489,CA_3,2016-03-11,3,2.6821234548225577
HOUSEHOLD_1_489_CA_4_evaluation,HOUSEHOLD_1_489,CA_4,2016-03-11,0,0.9428148428525518
HOUSEHOLD_1_489_TX_1_evaluation,HOUSEHOLD_1_489,TX_1,2016-03-11,4,2.833192996902067
HOUSEHOLD_1_489_TX_2_evaluation,HOUSEHOLD_1_489,TX_2,2016-03-11,2,2.3155253491027015
HOUSEHOLD_1_489_TX_3_evaluation,HOUSEHOLD_1_489,TX_3,2016-03-11,0,1.515795265182119
HOUSEHOLD_1_489_WI_1_evaluation,HOUSEHOLD_1_489,WI_1,2016-03-11,1,0.7439967880378309
HOUSEHOLD_1_489_WI_2_evaluation,HOUSEHOLD_1_489,WI_2,2016-03-11,0,1.2150290032734108
HOUSEHOLD_1_489_WI_3_evaluation,HOUSEHOLD_1_489,WI_3,2016-03-11,0,1.1136095300121953
HOUSEHOLD_2_442_CA_1_evaluation,HOUSEHOLD_2_442,CA_1,2016-03-11,2,1.544240053462513
HOUSEHOLD_2_442_CA_2_evaluation,HOUSEHOLD_2_442,CA_2,2016-03-11,3,1.6833411775000697
HOUSEHOLD_2_442_CA_3_evaluation,HOUSEHOLD_2_442,CA_3,2016-03-11,1,1.0984982263696426
HOUSEHOLD_2_442_CA_4_evaluation,HOUSEHOLD_2_442,CA_4,2016-03-11,1,0.5912132382806131
HOUSEHOLD_2_442_TX_1_evaluation,HOUSEHOLD_2_442,TX_1,2016-03-11,1,0.3985079937646551
HOUSEHOLD_2_442_TX_2_evaluation,HOUSEHOLD_2_442,TX_2,2016-03-11,4,1.024413695885997
HOUSEHOLD_2_442_TX_3_evaluation,HOUSEHOLD_2_442,TX_3,2016-03-11,1,0.7095225058964785
HOUSEHOLD_2_442_WI_1_evaluation,HOUSEHOLD_2_442,WI_1,2016-03-11,1,1.072174760726846
HOUSEHOLD_2_442_WI_2_evaluation,HOUSEHOLD_2_442,WI_2,2016-03-11,0,1.052260564896316
HOUSEHOLD_2_442_WI_3_evaluation,HOUSEHOLD_2_442,WI_3,2016-03-11,0,0.3316744966675208
FOODS_1_021_CA_1_evaluation,FOODS_1_021,CA_1,2016-03-12,0,2.8549451200470255
FOODS_1_021_CA_2_evaluation,FOODS_1_021,CA_2,2016-03-12,2,3.744591540812981
FOODS_1_021_CA_3_evaluation,FOODS_1_021,CA_3,2016-03-12,4,2.222953580566304
FOODS_1_021_CA_4_evaluation,FOODS_1_021,CA_4,2016-03-12,0,2.113067972354348
FOODS_1_021_TX_1_evaluation,FOODS_1_021,TX_1,2016-03-12,0,0.9861393914670739
FOODS_1_021_TX_2_evaluation,FOODS_1_021,TX_2,2016-03-12,0,0.6911480821853895
FOODS_1_021_TX_3_evaluation,FOODS_1_021,TX_3,2016-03-12,0,0.9247060663164925
FOODS_1_021_WI_1_evaluation,FOODS_1_021,WI_1,2016-03-12,0,1.7540097146799414
FOODS_1_021_WI_2_evaluation,FOODS_1_021,WI_2,2016-03-12,0,1.4200279596927274
FOODS_1_021_WI_3_evaluation,FOODS_1_021,WI_3,2016-03-12,0,1.0961163035341306
FOODS_2_035_CA_1_evaluation,FOODS_2_035,CA_1,2016-03-12,0,2.083278577715974
FOODS_2_035_CA_2_evaluation,FOODS_2_035,CA_2,2016-03-12,2,3.200522321709166
FOODS_2_035_CA_3_evaluation,FOODS_2_035,CA_3,2016-03-12,2,3.7775822153151175
FOODS_2_035_CA_4_evaluation,FOODS_2_035,CA_4,2016-03-12,2,1.4692006922738097
FOODS_2_035_TX_1_evaluation,FOODS_2_035,TX_1,2016-03-12,1,0.9046082545006193
FOODS_2_035_TX_2_evaluation,FOODS_2_035,TX_2,2016-03-12,4,2.242185770886644
FOODS_2_035_TX_3_evaluation,FOODS_2_035,TX_3,2016-03-12,2,1.8574494085207407
FOODS_2_035_WI_1_evaluation,FOODS_2_035,WI_1,2016-03-12,3,0.9751127973313025
FOODS_2_035_WI_2_evaluation,FOODS_2_035,WI_2,2016-03-12,2,2.464731330470919
FOODS_2_035_WI_3_evaluation,FOODS_2_035,WI_3,2016-03-12,4,2.320318922343469
FOODS_3_180_CA_1_evaluation,FOODS_3_180,CA_1,2016-03-12,0,0.3006778504650655
FOODS_3_180_CA_2_evaluation,FOODS_3_180,CA_2,2016-03-12,0,0.4379740530129901
FOODS_3_180_CA_3_evaluation,FOODS_3_180,CA_3,2016-03-12,1,0.3983126276234555
FOODS_3_180_CA_4_evaluation,FOODS_3_180,CA_4,2016-03-12,0,0.16163494747181212
FOODS_3_180_TX_1_evaluation,FOODS_3_180,TX_1,2016-03-12,0,0.061585075591354455
FOODS_3_180_TX_2_evaluation,FOODS_3_180,TX_2,2016-03-12,1,0.31653071569735186
FOODS_3_180_TX_3_evaluation,FOODS_3_180,TX_3,2016-03-12,0,0.12180362940169674
FOODS_3_180_WI_1_evaluation,FOODS_3_180,WI_1,2016-03-12,0,0.6166049213785221
FOODS_3_180_WI_2_evaluation,FOODS_3_180,WI_2,2016-03-12,2,0.6064167833174255
FOODS_3_180_WI_3_evaluation,FOODS_3_180,WI_3,2016-03-12,1,0.14656924310548433
FOODS_3_260_CA_1_evaluation,FOODS_3_260,CA_1,2016-03-12,0,1.108916801946538
FOODS_3_260_CA_2_evaluation,FOODS_3_260,CA_2,2016-03-12,2,0.27311277106452425
FOODS_3_260_CA_3_evaluation,FOODS_3_260,CA_3,2016-03-12,0,0.3017601572684966
FOODS_3_260_CA_4_evaluation,FOODS_3_260,CA_4,2016-03-12,1,0.3984166237429422
FOODS_3_260_TX_1_evaluation,FOODS_3_260,TX_1,2016-03-12,0,0.12780337572912093
FOODS_3_260_TX_2_evaluation,FOODS_3_260,TX_2,2016-03-12,0,0.42335343149553
FOODS_3_260_TX_3_evaluation,FOODS_3_260,TX_3,2016-03-12,0,0.08424357673822902
FOODS_3_260_WI_1_evaluation,FOODS_3_260,WI_1,2016-03-12,1,0.5776740633193617
FOODS_3_260_WI_2_evaluation,FOODS_3_260,WI_2,2016-03-12,0,0.39685972828553806
FOODS_3_260_WI_3_evaluation,FOODS_3_260,WI_3,2016-03-12,0,0.14793393189225376
HOBBIES_1_022_CA_1_evaluation,HOBBIES_1_022,CA_1,2016-03-12,0,0.3357782877148822
HOBBIES_1_022_CA_2_evaluation,HOBBIES_1_022,CA_2,2016-03-12,0,0.2386981888543433
HOBBIES_1_022_CA_3_evaluation,HOBBIES_1_022,CA_3,2016-03-12,1,0.31498690413392805
HOBBIES_1_022_CA_4_evaluation,HOBBIES_1_022,CA_4,2016-03-12,0,0.06882823766314725
HOBBIES_1_022_TX_1_evaluation,HOBBIES_1_022,TX_1,2016-03-12,0,0.2163456782884979
HOBBIES_1_022_TX_2_evaluation,HOBBIES_1_022,TX_2,2016-03-12,0,0.4514776300334068
HOBBIES_1_022_TX_3_evaluation,HOBBIES_1_022,TX_3,2016-03-12,0,0.578864989900154
HOBBIES_1_022_WI_1_evaluation,HOBBIES_1_022,WI_1,2016-03-12,0,0.40121056037587954
HOBBIES_1_022_WI_2_evaluation,HOBBIES_1_022,WI_2,2016-03-12,0,0.17626709017272701
HOBBIES_1_022_WI_3_evaluation,HOBBIES_1_022,WI_3,2016-03-12,1,0.6162636840655471
HOBBIES_1_209_CA_1_evaluation,HOBBIES_1_209,CA_1,2016-03-12,2,5.005661029872879
HOBBIES_1_209_CA_2_evaluation,HOBBIES_1_209,CA_2,2016-03-12,0,2.0146223383000317
HOBBIES_1_209_CA_3_evaluation,HOBBIES_1_209,CA_3,2016-03-12,2,6.129337504919277
HOBBIES_1_209_CA_4_evaluation,HOBBIES_1_209,CA_4,2016-03-12,0,0.7288771017373786
HOBBIES_1_209_TX_1_evaluation,HOBBIES_1_209,TX_1,2016-03-12,8,3.5757898126849375
HOBBIES_1_209_TX_2_evaluation,HOBBIES_1_209,TX_2,2016-03-12,2,2.4748606130656956
HOBBIES_1_209_TX_3_evaluation,HOBBIES_1_209,TX_3,2016-03-12,0,1.1434690711557367
HOBBIES_1_209_WI_1_evaluation,HOBBIES_1_209,WI_1,2016-03-12,5,2.6573069353043164
HOBBIES_1_209_WI_2_evaluation,HOBBIES_1_209,WI_2,2016-03-12,8,1.5660016244929618
HOBBIES_1_209_WI_3_evaluation,HOBBIES_1_209,WI_3,2016-03-12,1,3.2857773540379185
HOBBIES_2_041_CA_1_evaluation,HOBBIES_2_041,CA_1,2016-03-12,0,0.35730064351600277
HOBBIES_2_041_CA_2_evaluation,HOBBIES_2_041,CA_2,2016-03-12,2,1.3469432190882622
HOBBIES_2_041_CA_3_evaluation,HOBBIES_2_041,CA_3,2016-03-12,1,0.36199423843758693
HOBBIES_2_041_CA_4_evaluation,HOBBIES_2_041,CA_4,2016-03-12,0,0.37888000468484284
HOBBIES_2_041_TX_1_evaluation,HOBBIES_2_041,TX_1,2016-03-12,0,0.20400893866275496
HOBBIES_2_041_TX_2_evaluation,HOBBIES_2_041,TX_2,2016-03-12,0,0.762477725989797
HOBBIES_2_041_TX_3_evaluation,HOBBIES_2_041,TX_3,2016-03-12,0,0.18364016253427595
HOBBIES_2_041_WI_1_evaluation,HOBBIES_2_041,WI_1,2016-03-12,0,0.32919661670421907
HOBBIES_2_041_WI_2_evaluation,HOBBIES_2_041,WI_2,2016-03-12,0,0.2741496025137749
HOBBIES_2_041_WI_3_evaluation,HOBBIES_2_041,WI_3,2016-03-12,0,0.2648380760661424
HOBBIES_2_113_CA_1_evaluation,HOBBIES_2_113,CA_1,2016-03-12,0,0.264750673136238
HOBBIES_2_113_CA_2_evaluation,HOBBIES_2_113,CA_2,2016-03-12,0,0.1498845780458666
HOBBIES_2_113_CA_3_evaluation,HOBBIES_2_113,CA_3,2016-03-12,0,0.008648597126520566
HOBBIES_2_113_CA_4_evaluation,HOBBIES_2_113,CA_4,2016-03-12,1,0.11019116190233423
HOBBIES_2_113_TX_1_evaluation,HOBBIES_2_113,TX_1,2016-03-12,0,0.021429170697229716
HOBBIES_2_113_TX_2_evaluation,HOBBIES_2_113,TX_2,2016-03-12,1,0.16144295812102805
HOBBIES_2_113_TX_3_evaluation,HOBBIES_2_113,TX_3,2016-03-12,0,0.0
HOBBIES_2_113_WI_1_evaluation,HOBBIES_2_113,WI_1,2016-03-12,0,0.4711230005978443
HOBBIES_2_113_WI_2_evaluation,HOBBIES_2_113,WI_2,2016-03-12,0,0.27959999976282407
HOBBIES_2_113_WI_3_evaluation,HOBBIES_2_113,WI_3,2016-03-12,0,0.11015025503960399
HOUSEHOLD_1_100_CA_1_evaluation,HOUSEHOLD_1_100,CA_1,2016-03-12,1,0.5145569132782173
HOUSEHOLD_1_100_CA_2_evaluation,HOUSEHOLD_1_100,CA_2,2016-03-12,1,0.40841827878683445
HOUSEHOLD_1_100_CA_3_evaluation,HOUSEHOLD_1_100,CA_3,2016-03-12,7,0.0
HOUSEHOLD_1_100_CA_4_evaluation,HOUSEHOLD_1_100,CA_4,2016-03-12,0,0.43350589755772573
HOUSEHOLD_1_100_TX_1_evaluation,HOUSEHOLD_1_100,TX_1,2016-03-12,1,0.2822469040455816
HOUSEHOLD_1_100_TX_2_evaluation,HOUSEHOLD_1_100,TX_2,2016-03-12,0,0.9186802116455044
HOUSEHOLD_1_100_TX_3_evaluation,HOUSEHOLD_1_100,TX_3,2016-03-12,0,0.5435213438899046
HOUSEHOLD_1_100_WI_1_evaluation,HOUSEHOLD_1_100,WI_1,2016-03-12,0,0.10192905205403431
HOUSEHOLD_1_100_WI_2_evaluation,HOUSEHOLD_1_100,WI_2,2016-03-12,1,0.42495307443076885
HOUSEHOLD_1_100_WI_3_evaluation,HOUSEHOLD_1_100,WI_3,2016-03-12,0,0.4087091753292355
HOUSEHOLD_1_290_CA_1_evaluation,HOUSEHOLD_1_290,CA_1,2016-03-12,0,0.4123968151137074
HOUSEHOLD_1_290_CA_2_evaluation,HOUSEHOLD_1_290,CA_2,2016-03-12,1,0.8065772483077424
HOUSEHOLD_1_290_CA_3_evaluation,HOUSEHOLD_1_290,CA_3,2016-03-12,1,1.9731595963754691
HOUSEHOLD_1_290_CA_4_evaluation,HOUSEHOLD_1_290,CA_4,2016-03-12,0,0.22357029130153389
HOUSEHOLD_1_290_TX_1_evaluation,HOUSEHOLD_1_290,TX_1,2016-03-12,2,1.7118608815379475
HOUSEHOLD_1_290_TX_2_evaluation,HOUSEHOLD_1_290,TX_2,2016-03-12,4,1.5283806218186002
HOUSEHOLD_1_290_TX_3_evaluation,HOUSEHOLD_1_290,TX_3,2016-03-12,6,2.0674016883598294
HOUSEHOLD_1_290_WI_1_evaluation,HOUSEHOLD_1_290,WI_1,2016-03-12,0,0.29767222446468417
HOUSEHOLD_1_290_WI_2_evaluation,HOUSEHOLD_1_290,WI_2,2016-03-12,2,2.3777561897089394
HOUSEHOLD_1_290_WI_3_evaluation,HOUSEHOLD_1_290,WI_3,2016-03-12,0,1.0427300728509385
HOUSEHOLD_1_370_CA_1_evaluation,HOUSEHOLD_1_370,CA_1,2016-03-12,2,0.7498215047852655
HOUSEHOLD_1_370_CA_2_evaluation,HOUSEHOLD_1_370,CA_2,2016-03-12,6,3.1104844342208215
HOUSEHOLD_1_370_CA_3_evaluation,HOUSEHOLD_1_370,CA_3,2016-03-12,6,3.078845554913416
HOUSEHOLD_1_370_CA_4_evaluation,HOUSEHOLD_1_370,CA_4,2016-03-12,0,0.7120821592441583
HOUSEHOLD_1_370_TX_1_evaluation,HOUSEHOLD_1_370,TX_1,2016-03-12,1,1.1308293726643828
HOUSEHOLD_1_370_TX_2_evaluation,HOUSEHOLD_1_370,TX_2,2016-03-12,0,1.2234306800128159
HOUSEHOLD_1_370_TX_3_evaluation,HOUSEHOLD_1_370,TX_3,2016-03-12,0,1.0916928774274481
HOUSEHOLD_1_370_WI_1_evaluation,HOUSEHOLD_1_370,WI_1,2016-03-12,1,1.6560582368011247
HOUSEHOLD_1_370_WI_2_evaluation,HOUSEHOLD_1_370,WI_2,2016-03-12,1,3.559259344061883
HOUSEHOLD_1_370_WI_3_evaluation,HOUSEHOLD_1_370,WI_3,2016-03-12,0,0.9856944662012652
HOUSEHOLD_1_489_CA_1_evaluation,HOUSEHOLD_1_489,CA_1,2016-03-12,1,1.5312746118377853
HOUSEHOLD_1_489_CA_2_evaluation,HOUSEHOLD_1_489,CA_2,2016-03-12,1,1.8246055155586447
HOUSEHOLD_1_489_CA_3_evaluation,HOUSEHOLD_1_489,CA_3,2016-03-12,2,2.6922991333040804
HOUSEHOLD_1_489_CA_4_evaluation,HOUSEHOLD_1_489,CA_4,2016-03-12,0,0.9025141709742878
HOUSEHOLD_1_489_TX_1_evaluation,HOUSEHOLD_1_489,TX_1,2016-03-12,3,2.8190302567466374
HOUSEHOLD_1_489_TX_2_evaluation,HOUSEHOLD_1_489,TX_2,2016-03-12,0,2.3439195772310195
HOUSEHOLD_1_489_TX_3_evaluation,HOUSEHOLD_1_489,TX_3,2016-03-12,4,1.5732505069689098
HOUSEHOLD_1_489_WI_1_evaluation,HOUSEHOLD_1_489,WI_1,2016-03-12,1,0.7704139569245939
HOUSEHOLD_1_489_WI_2_evaluation,HOUSEHOLD_1_489,WI_2,2016-03-12,1,1.2010138760733495
HOUSEHOLD_1_489_WI_3_evaluation,HOUSEHOLD_1_489,WI_3,2016-03-12,0,1.1015654327039448
HOUSEHOLD_2_442_CA_1_evaluation,HOUSEHOLD_2_442,CA_1,2016-03-12,0,1.6648528522962018
HOUSEHOLD_2_442_CA_2_evaluation,HOUSEHOLD_2_442,CA_2,2016-03-12,5,2.12769331542852
HOUSEHOLD_2_442_CA_3_evaluation,HOUSEHOLD_2_442,CA_3,2016-03-12,1,1.1902550646502266
HOUSEHOLD_2_442_CA_4_evaluation,HOUSEHOLD_2_442,CA_4,2016-03-12,0,0.5939766481164287
HOUSEHOLD_2_442_TX_1_evaluation,HOUSEHOLD_2_442,TX_1,2016-03-12,1,0.5124420415282305
HOUSEHOLD_2_442_TX_2_evaluation,HOUSEHOLD_2_442,TX_2,2016-03-12,0,1.2697220688052464
HOUSEHOLD_2_442_TX_3_evaluation,HOUSEHOLD_2_442,TX_3,2016-03-12,0,0.7229489504332063
HOUSEHOLD_2_442_WI_1_evaluation,HOUSEHOLD_2_442,WI_1,2016-03-12,0,1.2771275332772611
HOUSEHOLD_2_442_WI_2_evaluation,HOUSEHOLD_2_442,WI_2,2016-03-12,0,1.1442046766213576
HOUSEHOLD_2_442_WI_3_evaluation,HOUSEHOLD_2_442,WI_3,2016-03-12,3,0.6585086910372981
FOODS_1_021_CA_1_evaluation,FOODS_1_021,CA_1,2016-03-13,1,3.5570305784196967
FOODS_1_021_CA_2_evaluation,FOODS_1_021,CA_2,2016-03-13,8,4.291849106455826
FOODS_1_021_CA_3_evaluation,FOODS_1_021,CA_3,2016-03-13,2,2.4552792044964082
FOODS_1_021_CA_4_evaluation,FOODS_1_021,CA_4,2016-03-13,0,2.7243528118145877
FOODS_1_021_TX_1_evaluation,FOODS_1_021,TX_1,2016-03-13,0,0.965829843878945
FOODS_1_021_TX_2_evaluation,FOODS_1_021,TX_2,2016-03-13,0,0.8509531032862978
FOODS_1_021_TX_3_evaluation,FOODS_1_021,TX_3,2016-03-13,0,0.9834298689407647
FOODS_1_021_WI_1_evaluation,FOODS_1_021,WI_1,2016-03-13,0,2.2989741325350552
FOODS_1_021_WI_2_evaluation,FOODS_1_021,WI_2,2016-03-13,2,1.7008938618814928
FOODS_1_021_WI_3_evaluation,FOODS_1_021,WI_3,2016-03-13,1,1.2170157165710302
FOODS_2_035_CA_1_evaluation,FOODS_2_035,CA_1,2016-03-13,0,2.1467258481697233
FOODS_2_035_CA_2_evaluation,FOODS_2_035,CA_2,2016-03-13,3,3.2252759029711235
FOODS_2_035_CA_3_evaluation,FOODS_2_035,CA_3,2016-03-13,2,3.9413209973877406
FOODS_2_035_CA_4_evaluation,FOODS_2_035,CA_4,2016-03-13,0,1.559434341060409
FOODS_2_035_TX_1_evaluation,FOODS_2_035,TX_1,2016-03-13,0,0.9840676487739592
FOODS_2_035_TX_2_evaluation,FOODS_2_035,TX_2,2016-03-13,0,2.375518473646058
FOODS_2_035_TX_3_evaluation,FOODS_2_035,TX_3,2016-03-13,4,1.9723600178273148
FOODS_2_035_WI_1_evaluation,FOODS_2_035,WI_1,2016-03-13,1,1.0265856238391748
FOODS_2_035_WI_2_evaluation,FOODS_2_035,WI_2,2016-03-13,8,2.4489145352887944
FOODS_2_035_WI_3_evaluation,FOODS_2_035,WI_3,2016-03-13,2,2.345465784710451
FOODS_3_180_CA_1_evaluation,FOODS_3_180,CA_1,2016-03-13,0,0.29928397081542363
FOODS_3_180_CA_2_evaluation,FOODS_3_180,CA_2,2016-03-13,1,0.5109716349722061
FOODS_3_180_CA_3_evaluation,FOODS_3_180,CA_3,2016-03-13,0,0.4399866342272867
FOODS_3_180_CA_4_evaluation,FOODS_3_180,CA_4,2016-03-13,0,0.15588842566198183
FOODS_3_180_TX_1_evaluation,FOODS_3_180,TX_1,2016-03-13,0,0.06514112090156403
FOODS_3_180_TX_2_evaluation,FOODS_3_180,TX_2,2016-03-13,1,0.3311436570397526
FOODS_3_180_TX_3_evaluation,FOODS_3_180,TX_3,2016-03-13,2,0.1567575735486682
FOODS_3_180_WI_1_evaluation,FOODS_3_180,WI_1,2016-03-13,1,0.6724708026296555
FOODS_3_180_WI_2_evaluation,FOODS_3_180,WI_2,2016-03-13,0,0.6582375495454269
FOODS_3_180_WI_3_evaluation,FOODS_3_180,WI_3,2016-03-13,2,0.1330327356882915
FOODS_3_260_CA_1_evaluation,FOODS_3_260,CA_1,2016-03-13,1,1.1109937829628092
FOODS_3_260_CA_2_evaluation,FOODS_3_260,CA_2,2016-03-13,2,0.325472822471803
FOODS_3_260_CA_3_evaluation,FOODS_3_260,CA_3,2016-03-13,2,0.3389703076762467
FOODS_3_260_CA_4_evaluation,FOODS_3_260,CA_4,2016-03-13,0,0.3630342975425427
FOODS_3_260_TX_1_evaluation,FOODS_3_260,TX_1,2016-03-13,0,0.14538229786721446
FOODS_3_260_TX_2_evaluation,FOODS_3_260,TX_2,2016-03-13,0,0.4592037978949804
FOODS_3_260_TX_3_evaluation,FOODS_3_260,TX_3,2016-03-13,2,0.08200126565122484
FOODS_3_260_WI_1_evaluation,FOODS_3_260,WI_1,2016-03-13,0,0.7142177649756207
FOODS_3_260_WI_2_evaluation,FOODS_3_260,WI_2,2016-03-13,0,0.4351397409481109
FOODS_3_260_WI_3_evaluation,FOODS_3_260,WI_3,2016-03-13,0,0.1282308563601039
HOBBIES_1_022_CA_1_evaluation,HOBBIES_1_022,CA_1,2016-03-13,1,0.44160417477663266
HOBBIES_1_022_CA_2_evaluation,HOBBIES_1_022,CA_2,2016-03-13,1,0.3129054703110828
HOBBIES_1_022_CA_3_evaluation,HOBBIES_1_022,CA_3,2016-03-13,4,0.6437525385283734
HOBBIES_1_022_CA_4_evaluation,HOBBIES_1_022,CA_4,2016-03-13,0,0.10742260784068514
HOBBIES_1_022_TX_1_evaluation,HOBBIES_1_022,TX_1,2016-03-13,0,0.3443113052457467
HOBBIES_1_022_TX_2_evaluation,HOBBIES_1_022,TX_2,2016-03-13,0,0.5162914249682236
HOBBIES_1_022_TX_3_evaluation,HOBBIES_1_022,TX_3,2016-03-13,1,0.6202628393204043
HOBBIES_1_022_WI_1_evaluation,HOBBIES_1_022,WI_1,2016-03-13,0,0.4374681379744537
HOBBIES_1_022_WI_2_evaluation,HOBBIES_1_022,WI_2,2016-03-13,0,0.2736660701319551
HOBBIES_1_022_WI_3_evaluation,HOBBIES_1_022,WI_3,2016-03-13,0,0.6046852707559159
HOBBIES_1_209_CA_1_evaluation,HOBBIES_1_209,CA_1,2016-03-13,6,6.652401274287008
HOBBIES_1_209_CA_2_evaluation,HOBBIES_1_209,CA_2,2016-03-13,1,3.862017678120117
HOBBIES_1_209_CA_3_evaluation,HOBBIES_1_209,CA_3,2016-03-13,21,7.505111745605006
HOBBIES_1_209_CA_4_evaluation,HOBBIES_1_209,CA_4,2016-03-13,0,0.9568566167724081
HOBBIES_1_209_TX_1_evaluation,HOBBIES_1_209,TX_1,2016-03-13,9,3.877217109428047
HOBBIES_1_209_TX_2_evaluation,HOBBIES_1_209,TX_2,2016-03-13,1,2.716483252837463
HOBBIES_1_209_TX_3_evaluation,HOBBIES_1_209,TX_3,2016-03-13,0,1.251779115268485
HOBBIES_1_209_WI_1_evaluation,HOBBIES_1_209,WI_1,2016-03-13,4,3.2312635507099596
HOBBIES_1_209_WI_2_evaluation,HOBBIES_1_209,WI_2,2016-03-13,0,2.315321842698686
HOBBIES_1_209_WI_3_evaluation,HOBBIES_1_209,WI_3,2016-03-13,6,3.2316356635105157
HOBBIES_2_041_CA_1_evaluation,HOBBIES_2_041,CA_1,2016-03-13,1,0.4009417994270466
HOBBIES_2_041_CA_2_evaluation,HOBBIES_2_041,CA_2,2016-03-13,4,1.245707203913293
HOBBIES_2_041_CA_3_evaluation,HOBBIES_2_041,CA_3,2016-03-13,0,0.29821142392895406
HOBBIES_2_041_CA_4_evaluation,HOBBIES_2_041,CA_4,2016-03-13,0,0.4280663151538832
HOBBIES_2_041_TX_1_evaluation,HOBBIES_2_041,TX_1,2016-03-13,0,0.16597793277949985
HOBBIES_2_041_TX_2_evaluation,HOBBIES_2_041,TX_2,2016-03-13,1,0.8439069022678642
HOBBIES_2_041_TX_3_evaluation,HOBBIES_2_041,TX_3,2016-03-13,0,0.1977573684174642
HOBBIES_2_041_WI_1_evaluation,HOBBIES_2_041,WI_1,2016-03-13,0,0.3112075538970365
HOBBIES_2_041_WI_2_evaluation,HOBBIES_2_041,WI_2,2016-03-13,1,0.26330172848808947
HOBBIES_2_041_WI_3_evaluation,HOBBIES_2_041,WI_3,2016-03-13,0,0.24207560168456324
HOBBIES_2_113_CA_1_evaluation,HOBBIES_2_113,CA_1,2016-03-13,0,0.3808985499846895
HOBBIES_2_113_CA_2_evaluation,HOBBIES_2_113,CA_2,2016-03-13,0,0.2018798504478444
HOBBIES_2_113_CA_3_evaluation,HOBBIES_2_113,CA_3,2016-03-13,0,0.12561068739353137
HOBBIES_2_113_CA_4_evaluation,HOBBIES_2_113,CA_4,2016-03-13,0,0.12135901369932808
HOBBIES_2_113_TX_1_evaluation,HOBBIES_2_113,TX_1,2016-03-13,0,0.10098571060757076
HOBBIES_2_113_TX_2_evaluation,HOBBIES_2_113,TX_2,2016-03-13,0,0.1950099003029982
HOBBIES_2_113_TX_3_evaluation,HOBBIES_2_113,TX_3,2016-03-13,2,0.026185595800567923
HOBBIES_2_113_WI_1_evaluation,HOBBIES_2_113,WI_1,2016-03-13,0,0.49550531658205554
HOBBIES_2_113_WI_2_evaluation,HOBBIES_2_113,WI_2,2016-03-13,0,0.30565606153810804
HOBBIES_2_113_WI_3_evaluation,HOBBIES_2_113,WI_3,2016-03-13,0,0.17687418318239861
HOUSEHOLD_1_100_CA_1_evaluation,HOUSEHOLD_1_100,CA_1,2016-03-13,6,1.3257012126629233
HOUSEHOLD_1_100_CA_2_evaluation,HOUSEHOLD_1_100,CA_2,2016-03-13,1,0.5675553017211443
HOUSEHOLD_1_100_CA_3_evaluation,HOUSEHOLD_1_100,CA_3,2016-03-13,3,0.7567941515702334
HOUSEHOLD_1_100_CA_4_evaluation,HOUSEHOLD_1_100,CA_4,2016-03-13,0,0.4846494370762001
HOUSEHOLD_1_100_TX_1_evaluation,HOUSEHOLD_1_100,TX_1,2016-03-13,0,0.558335658398448
HOUSEHOLD_1_100_TX_2_evaluation,HOUSEHOLD_1_100,TX_2,2016-03-13,1,1.251253862179538
HOUSEHOLD_1_100_TX_3_evaluation,HOUSEHOLD_1_100,TX_3,2016-03-13,0,0.7651703555683684
HOUSEHOLD_1_100_WI_1_evaluation,HOUSEHOLD_1_100,WI_1,2016-03-13,1,0.3235767508230821
HOUSEHOLD_1_100_WI_2_evaluation,HOUSEHOLD_1_100,WI_2,2016-03-13,1,0.5764031078490255
HOUSEHOLD_1_100_WI_3_evaluation,HOUSEHOLD_1_100,WI_3,2016-03-13,0,0.7322157630021029
HOUSEHOLD_1_290_CA_1_evaluation,HOUSEHOLD_1_290,CA_1,2016-03-13,2,0.6135128640085882
HOUSEHOLD_1_290_CA_2_evaluation,HOUSEHOLD_1_290,CA_2,2016-03-13,4,0.9661702251969968
HOUSEHOLD_1_290_CA_3_evaluation,HOUSEHOLD_1_290,CA_3,2016-03-13,5,2.2047425282766016
HOUSEHOLD_1_290_CA_4_evaluation,HOUSEHOLD_1_290,CA_4,2016-03-13,0,0.2664971438594032
HOUSEHOLD_1_290_TX_1_evaluation,HOUSEHOLD_1_290,TX_1,2016-03-13,2,2.08832459050222
HOUSEHOLD_1_290_TX_2_evaluation,HOUSEHOLD_1_290,TX_2,2016-03-13,2,1.5199746726318533
HOUSEHOLD_1_290_TX_3_evaluation,HOUSEHOLD_1_290,TX_3,2016-03-13,3,2.205756811604379
HOUSEHOLD_1_290_WI_1_evaluation,HOUSEHOLD_1_290,WI_1,2016-03-13,0,0.3112014295383468
HOUSEHOLD_1_290_WI_2_evaluation,HOUSEHOLD_1_290,WI_2,2016-03-13,2,2.160118265564587
HOUSEHOLD_1_290_WI_3_evaluation,HOUSEHOLD_1_290,WI_3,2016-03-13,1,0.9104050911260547
HOUSEHOLD_1_370_CA_1_evaluation,HOUSEHOLD_1_370,CA_1,2016-03-13,1,1.5910422006811569
HOUSEHOLD_1_370_CA_2_evaluation,HOUSEHOLD_1_370,CA_2,2016-03-13,8,4.024994064812394
HOUSEHOLD_1_370_CA_3_evaluation,HOUSEHOLD_1_370,CA_3,2016-03-13,5,4.048442969909297
HOUSEHOLD_1_370_CA_4_evaluation,HOUSEHOLD_1_370,CA_4,2016-03-13,1,0.973178353088018
HOUSEHOLD_1_370_TX_1_evaluation,HOUSEHOLD_1_370,TX_1,2016-03-13,1,1.160880520773763
HOUSEHOLD_1_370_TX_2_evaluation,HOUSEHOLD_1_370,TX_2,2016-03-13,0,1.4243610384934204
HOUSEHOLD_1_370_TX_3_evaluation,HOUSEHOLD_1_370,TX_3,2016-03-13,0,1.2240986512353935
HOUSEHOLD_1_370_WI_1_evaluation,HOUSEHOLD_1_370,WI_1,2016-03-13,3,2.9512491522217426
HOUSEHOLD_1_370_WI_2_evaluation,HOUSEHOLD_1_370,WI_2,2016-03-13,5,3.9471347122453224
HOUSEHOLD_1_370_WI_3_evaluation,HOUSEHOLD_1_370,WI_3,2016-03-13,1,1.224931661110627
HOUSEHOLD_1_489_CA_1_evaluation,HOUSEHOLD_1_489,CA_1,2016-03-13,0,1.692057963161465
HOUSEHOLD_1_489_CA_2_evaluation,HOUSEHOLD_1_489,CA_2,2016-03-13,1,1.932729950154905
HOUSEHOLD_1_489_CA_3_evaluation,HOUSEHOLD_1_489,CA_3,2016-03-13,3,2.774836214422426
HOUSEHOLD_1_489_CA_4_evaluation,HOUSEHOLD_1_489,CA_4,2016-03-13,1,0.9157842752906167
HOUSEHOLD_1_489_TX_1_evaluation,HOUSEHOLD_1_489,TX_1,2016-03-13,3,2.948007811521767
HOUSEHOLD_1_489_TX_2_evaluation,HOUSEHOLD_1_489,TX_2,2016-03-13,1,2.4284693099616455
HOUSEHOLD_1_489_TX_3_evaluation,HOUSEHOLD_1_489,TX_3,2016-03-13,5,1.6763364353308847
HOUSEHOLD_1_489_WI_1_evaluation,HOUSEHOLD_1_489,WI_1,2016-03-13,2,0.8725170774892029
HOUSEHOLD_1_489_WI_2_evaluation,HOUSEHOLD_1_489,WI_2,2016-03-13,1,1.2654033857564313
HOUSEHOLD_1_489_WI_3_evaluation,HOUSEHOLD_1_489,WI_3,2016-03-13,3,1.2094260251787714
HOUSEHOLD_2_442_CA_1_evaluation,HOUSEHOLD_2_442,CA_1,2016-03-13,1,2.1873708474518097
HOUSEHOLD_2_442_CA_2_evaluation,HOUSEHOLD_2_442,CA_2,2016-03-13,3,2.7020213246043046
HOUSEHOLD_2_442_CA_3_evaluation,HOUSEHOLD_2_442,CA_3,2016-03-13,0,1.5408438196026413
HOUSEHOLD_2_442_CA_4_evaluation,HOUSEHOLD_2_442,CA_4,2016-03-13,2,0.6476963136038919
HOUSEHOLD_2_442_TX_1_evaluation,HOUSEHOLD_2_442,TX_1,2016-03-13,0,0.7882648557743924
HOUSEHOLD_2_442_TX_2_evaluation,HOUSEHOLD_2_442,TX_2,2016-03-13,2,1.439600696406612
HOUSEHOLD_2_442_TX_3_evaluation,HOUSEHOLD_2_442,TX_3,2016-03-13,0,0.9835929710782244
HOUSEHOLD_2_442_WI_1_evaluation,HOUSEHOLD_2_442,WI_1,2016-03-13,0,1.570067422739774
HOUSEHOLD_2_442_WI_2_evaluation,HOUSEHOLD_2_442,WI_2,2016-03-13,2,1.2910288854930594
HOUSEHOLD_2_442_WI_3_evaluation,HOUSEHOLD_2_442,WI_3,2016-03-13,0,0.7941274392782067
FOODS_1_021_CA_1_evaluation,FOODS_1_021,CA_1,2016-03-14,1,2.633047517885053
FOODS_1_021_CA_2_evaluation,FOODS_1_021,CA_2,2016-03-14,1,4.0112858686574295
FOODS_1_021_CA_3_evaluation,FOODS_1_021,CA_3,2016-03-14,1,2.372734701095673
FOODS_1_021_CA_4_evaluation,FOODS_1_021,CA_4,2016-03-14,0,2.108157697120167
FOODS_1_021_TX_1_evaluation,FOODS_1_021,TX_1,2016-03-14,0,1.0006747706034562
FOODS_1_021_TX_2_evaluation,FOODS_1_021,TX_2,2016-03-14,0,0.9431238450585901
FOODS_1_021_TX_3_evaluation,FOODS_1_021,TX_3,2016-03-14,0,0.9964694083889487
FOODS_1_021_WI_1_evaluation,FOODS_1_021,WI_1,2016-03-14,0,1.389287378247007
FOODS_1_021_WI_2_evaluation,FOODS_1_021,WI_2,2016-03-14,0,1.4606119316192432
FOODS_1_021_WI_3_evaluation,FOODS_1_021,WI_3,2016-03-14,1,0.9500474554377816
FOODS_2_035_CA_1_evaluation,FOODS_2_035,CA_1,2016-03-14,0,2.201207342271254
FOODS_2_035_CA_2_evaluation,FOODS_2_035,CA_2,2016-03-14,1,3.395504345999251
FOODS_2_035_CA_3_evaluation,FOODS_2_035,CA_3,2016-03-14,9,4.347660299216034
FOODS_2_035_CA_4_evaluation,FOODS_2_035,CA_4,2016-03-14,1,1.626977500230272
FOODS_2_035_TX_1_evaluation,FOODS_2_035,TX_1,2016-03-14,3,1.0079337543493947
FOODS_2_035_TX_2_evaluation,FOODS_2_035,TX_2,2016-03-14,4,2.5312003714466287
FOODS_2_035_TX_3_evaluation,FOODS_2_035,TX_3,2016-03-14,4,2.1650701199167344
FOODS_2_035_WI_1_evaluation,FOODS_2_035,WI_1,2016-03-14,0,1.0220929137344354
FOODS_2_035_WI_2_evaluation,FOODS_2_035,WI_2,2016-03-14,2,2.5914595778069733
FOODS_2_035_WI_3_evaluation,FOODS_2_035,WI_3,2016-03-14,1,2.554320861735074
FOODS_3_180_CA_1_evaluation,FOODS_3_180,CA_1,2016-03-14,1,0.33683569592642015
FOODS_3_180_CA_2_evaluation,FOODS_3_180,CA_2,2016-03-14,1,0.5235342588662933
FOODS_3_180_CA_3_evaluation,FOODS_3_180,CA_3,2016-03-14,3,0.49009531444450427
FOODS_3_180_CA_4_evaluation,FOODS_3_180,CA_4,2016-03-14,0,0.23324004241251023
FOODS_3_180_TX_1_evaluation,FOODS_3_180,TX_1,2016-03-14,0,0.05387176834475717
FOODS_3_180_TX_2_evaluation,FOODS_3_180,TX_2,2016-03-14,0,0.3388547723069618
FOODS_3_180_TX_3_evaluation,FOODS_3_180,TX_3,2016-03-14,2,0.15423315482050745
FOODS_3_180_WI_1_evaluation,FOODS_3_180,WI_1,2016-03-14,1,0.7695187631405189
FOODS_3_180_WI_2_evaluation,FOODS_3_180,WI_2,2016-03-14,1,0.7660686778103498
FOODS_3_180_WI_3_evaluation,FOODS_3_180,WI_3,2016-03-14,1,0.16904397299181773
FOODS_3_260_CA_1_evaluation,FOODS_3_260,CA_1,2016-03-14,0,1.0869272276212127
FOODS_3_260_CA_2_evaluation,FOODS_3_260,CA_2,2016-03-14,0,0.3589787466819187
FOODS_3_260_CA_3_evaluation,FOODS_3_260,CA_3,2016-03-14,0,0.3621855497588655
FOODS_3_260_CA_4_evaluation,FOODS_3_260,CA_4,2016-03-14,0,0.380847884525372
FOODS_3_260_TX_1_evaluation,FOODS_3_260,TX_1,2016-03-14,0,0.1553878052098723
FOODS_3_260_TX_2_evaluation,FOODS_3_260,TX_2,2016-03-14,0,0.4336610946312756
FOODS_3_260_TX_3_evaluation,FOODS_3_260,TX_3,2016-03-14,0,0.10609600343591473
FOODS_3_260_WI_1_evaluation,FOODS_3_260,WI_1,2016-03-14,1,0.6134782221275896
FOODS_3_260_WI_2_evaluation,FOODS_3_260,WI_2,2016-03-14,1,0.4659623175083492
FOODS_3_260_WI_3_evaluation,FOODS_3_260,WI_3,2016-03-14,0,0.16147932528920497
HOBBIES_1_022_CA_1_evaluation,HOBBIES_1_022,CA_1,2016-03-14,2,0.40723478899698046
HOBBIES_1_022_CA_2_evaluation,HOBBIES_1_022,CA_2,2016-03-14,0,0.4800328367571647
HOBBIES_1_022_CA_3_evaluation,HOBBIES_1_022,CA_3,2016-03-14,0,0.6180857896598415
HOBBIES_1_022_CA_4_evaluation,HOBBIES_1_022,CA_4,2016-03-14,0,0.060202147611020565
HOBBIES_1_022_TX_1_evaluation,HOBBIES_1_022,TX_1,2016-03-14,0,0.25546963815219165
HOBBIES_1_022_TX_2_evaluation,HOBBIES_1_022,TX_2,2016-03-14,0,0.3638195713600331
HOBBIES_1_022_TX_3_evaluation,HOBBIES_1_022,TX_3,2016-03-14,1,0.6582942737743921
HOBBIES_1_022_WI_1_evaluation,HOBBIES_1_022,WI_1,2016-03-14,1,0.4657489364758057
HOBBIES_1_022_WI_2_evaluation,HOBBIES_1_022,WI_2,2016-03-14,1,0.19186665738355685
HOBBIES_1_022_WI_3_evaluation,HOBBIES_1_022,WI_3,2016-03-14,1,0.49331261220230493
HOBBIES_1_209_CA_1_evaluation,HOBBIES_1_209,CA_1,2016-03-14,1,5.513216191212988
HOBBIES_1_209_CA_2_evaluation,HOBBIES_1_209,CA_2,2016-03-14,18,2.6889904357759953
HOBBIES_1_209_CA_3_evaluation,HOBBIES_1_209,CA_3,2016-03-14,6,6.907545171270942
HOBBIES_1_209_CA_4_evaluation,HOBBIES_1_209,CA_4,2016-03-14,0,0.6920860412743192
HOBBIES_1_209_TX_1_evaluation,HOBBIES_1_209,TX_1,2016-03-14,3,3.3362876774689543
HOBBIES_1_209_TX_2_evaluation,HOBBIES_1_209,TX_2,2016-03-14,0,2.294248829899219
HOBBIES_1_209_TX_3_evaluation,HOBBIES_1_209,TX_3,2016-03-14,0,1.1636886104337254
HOBBIES_1_209_WI_1_evaluation,HOBBIES_1_209,WI_1,2016-03-14,2,2.4239062019657576
HOBBIES_1_209_WI_2_evaluation,HOBBIES_1_209,WI_2,2016-03-14,0,1.2786617323579723
HOBBIES_1_209_WI_3_evaluation,HOBBIES_1_209,WI_3,2016-03-14,3,3.1838901682921232
HOBBIES_2_041_CA_1_evaluation,HOBBIES_2_041,CA_1,2016-03-14,0,0.3729377032583562
HOBBIES_2_041_CA_2_evaluation,HOBBIES_2_041,CA_2,2016-03-14,0,1.249903491507826
HOBBIES_2_041_CA_3_evaluation,HOBBIES_2_041,CA_3,2016-03-14,0,0.43261874694392327
HOBBIES_2_041_CA_4_evaluation,HOBBIES_2_041,CA_4,2016-03-14,0,0.37124722491461887
HOBBIES_2_041_TX_1_evaluation,HOBBIES_2_041,TX_1,2016-03-14,0,0.17707309121249332
HOBBIES_2_041_TX_2_evaluation,HOBBIES_2_041,TX_2,2016-03-14,0,0.7120499027476027
HOBBIES_2_041_TX_3_evaluation,HOBBIES_2_041,TX_3,2016-03-14,0,0.20453186128754589
HOBBIES_2_041_WI_1_evaluation,HOBBIES_2_041,WI_1,2016-03-14,0,0.3383466891759528
HOBBIES_2_041_WI_2_evaluation,HOBBIES_2_041,WI_2,2016-03-14,0,0.22246987244487398
HOBBIES_2_041_WI_3_evaluation,HOBBIES_2_041,WI_3,2016-03-14,0,0.21519540053062297
HOBBIES_2_113_CA_1_evaluation,HOBBIES_2_113,CA_1,2016-03-14,0,0.41749618868920235
HOBBIES_2_113_CA_2_evaluation,HOBBIES_2_113,CA_2,2016-03-14,0,0.17047520159935584
HOBBIES_2_113_CA_3_evaluation,HOBBIES_2_113,CA_3,2016-03-14,0,0.1632685626040254
HOBBIES_2_113_CA_4_evaluation,HOBBIES_2_113,CA_4,2016-03-14,0,0.12841340491032263
HOBBIES_2_113_TX_1_evaluation,HOBBIES_2_113,TX_1,2016-03-14,0,0.14732707424584973
HOBBIES_2_113_TX_2_evaluation,HOBBIES_2_113,TX_2,2016-03-14,0,0.23306544764729706
HOBBIES_2_113_TX_3_evaluation,HOBBIES_2_113,TX_3,2016-03-14,0,0.011819461281106336
HOBBIES_2_113_WI_1_evaluation,HOBBIES_2_113,WI_1,2016-03-14,0,0.4144348527437436
HOBBIES_2_113_WI_2_evaluation,HOBBIES_2_113,WI_2,2016-03-14,0,0.27797923745140185
HOBBIES_2_113_WI_3_evaluation,HOBBIES_2_113,WI_3,2016-03-14,0,0.14632174744153106
HOUSEHOLD_1_100_CA_1_evaluation,HOUSEHOLD_1_100,CA_1,2016-03-14,2,1.3607867740339326
HOUSEHOLD_1_100_CA_2_evaluation,HOUSEHOLD_1_100,CA_2,2016-03-14,0,0.44876099655263335
HOUSEHOLD_1_100_CA_3_evaluation,HOUSEHOLD_1_100,CA_3,2016-03-14,3,1.0443716352524515
HOUSEHOLD_1_100_CA_4_evaluation,HOUSEHOLD_1_100,CA_4,2016-03-14,1,0.5033866714001451
HOUSEHOLD_1_100_TX_1_evaluation,HOUSEHOLD_1_100,TX_1,2016-03-14,2,0.6857886464424977
HOUSEHOLD_1_100_TX_2_evaluation,HOUSEHOLD_1_100,TX_2,2016-03-14,0,1.357276425179977
HOUSEHOLD_1_100_TX_3_evaluation,HOUSEHOLD_1_100,TX_3,2016-03-14,0,1.0640712622061652
HOUSEHOLD_1_100_WI_1_evaluation,HOUSEHOLD_1_100,WI_1,2016-03-14,2,0.33215245711507846
HOUSEHOLD_1_100_WI_2_evaluation,HOUSEHOLD_1_100,WI_2,2016-03-14,0,0.3007747374428006
HOUSEHOLD_1_100_WI_3_evaluation,HOUSEHOLD_1_100,WI_3,2016-03-14,0,0.6128647339426117
HOUSEHOLD_1_290_CA_1_evaluation,HOUSEHOLD_1_290,CA_1,2016-03-14,1,0.6026699101766351
HOUSEHOLD_1_290_CA_2_evaluation,HOUSEHOLD_1_290,CA_2,2016-03-14,0,0.7767032741578074
HOUSEHOLD_1_290_CA_3_evaluation,HOUSEHOLD_1_290,CA_3,2016-03-14,6,2.1193202208928787
HOUSEHOLD_1_290_CA_4_evaluation,HOUSEHOLD_1_290,CA_4,2016-03-14,0,0.23383447695254264
HOUSEHOLD_1_290_TX_1_evaluation,HOUSEHOLD_1_290,TX_1,2016-03-14,1,1.9355851716775994
HOUSEHOLD_1_290_TX_2_evaluation,HOUSEHOLD_1_290,TX_2,2016-03-14,4,1.337019681953431
HOUSEHOLD_1_290_TX_3_evaluation,HOUSEHOLD_1_290,TX_3,2016-03-14,3,1.9862229272290484
HOUSEHOLD_1_290_WI_1_evaluation,HOUSEHOLD_1_290,WI_1,2016-03-14,0,0.2272196775607023
HOUSEHOLD_1_290_WI_2_evaluation,HOUSEHOLD_1_290,WI_2,2016-03-14,3,1.935894613464897
HOUSEHOLD_1_290_WI_3_evaluation,HOUSEHOLD_1_290,WI_3,2016-03-14,0,0.5102277119879224
HOUSEHOLD_1_370_CA_1_evaluation,HOUSEHOLD_1_370,CA_1,2016-03-14,1,1.4128545374247614
HOUSEHOLD_1_370_CA_2_evaluation,HOUSEHOLD_1_370,CA_2,2016-03-14,5,3.698085417782559
HOUSEHOLD_1_370_CA_3_evaluation,HOUSEHOLD_1_370,CA_3,2016-03-14,2,4.124093027300003
HOUSEHOLD_1_370_CA_4_evaluation,HOUSEHOLD_1_370,CA_4,2016-03-14,0,0.9189839345239017
HOUSEHOLD_1_370_TX_1_evaluation,HOUSEHOLD_1_370,TX_1,2016-03-14,2,1.4837417863821556
HOUSEHOLD_1_370_TX_2_evaluation,HOUSEHOLD_1_370,TX_2,2016-03-14,0,1.3797878935395689
HOUSEHOLD_1_370_TX_3_evaluation,HOUSEHOLD_1_370,TX_3,2016-03-14,0,1.2920102823019253
HOUSEHOLD_1_370_WI_1_evaluation,HOUSEHOLD_1_370,WI_1,2016-03-14,3,2.2554154760473333
HOUSEHOLD_1_370_WI_2_evaluation,HOUSEHOLD_1_370,WI_2,2016-03-14,7,3.8934883776006908
HOUSEHOLD_1_370_WI_3_evaluation,HOUSEHOLD_1_370,WI_3,2016-03-14,2,1.1686570110602392
HOUSEHOLD_1_489_CA_1_evaluation,HOUSEHOLD_1_489,CA_1,2016-03-14,0,1.6507712521416091
HOUSEHOLD_1_489_CA_2_evaluation,HOUSEHOLD_1_489,CA_2,2016-03-14,2,1.899408885465955
HOUSEHOLD_1_489_CA_3_evaluation,HOUSEHOLD_1_489,CA_3,2016-03-14,7,2.865923833575955
HOUSEHOLD_1_489_CA_4_evaluation,HOUSEHOLD_1_489,CA_4,2016-03-14,0,0.910824039512097
HOUSEHOLD_1_489_TX_1_evaluation,HOUSEHOLD_1_489,TX_1,2016-03-14,1,2.950342113849917
HOUSEHOLD_1_489_TX_2_evaluation,HOUSEHOLD_1_489,TX_2,2016-03-14,0,2.3963441694500958
HOUSEHOLD_1_489_TX_3_evaluation,HOUSEHOLD_1_489,TX_3,2016-03-14,1,1.6437474176329099
HOUSEHOLD_1_489_WI_1_evaluation,HOUSEHOLD_1_489,WI_1,2016-03-14,1,0.7788638384397513
HOUSEHOLD_1_489_WI_2_evaluation,HOUSEHOLD_1_489,WI_2,2016-03-14,0,1.231028834564551
HOUSEHOLD_1_489_WI_3_evaluation,HOUSEHOLD_1_489,WI_3,2016-03-14,2,1.2290270114667452
HOUSEHOLD_2_442_CA_1_evaluation,HOUSEHOLD_2_442,CA_1,2016-03-14,1,2.1312752179051104
HOUSEHOLD_2_442_CA_2_evaluation,HOUSEHOLD_2_442,CA_2,2016-03-14,1,2.4890612757722517
HOUSEHOLD_2_442_CA_3_evaluation,HOUSEHOLD_2_442,CA_3,2016-03-14,1,1.661562542897708
HOUSEHOLD_2_442_CA_4_evaluation,HOUSEHOLD_2_442,CA_4,2016-03-14,2,0.6538145637097939
HOUSEHOLD_2_442_TX_1_evaluation,HOUSEHOLD_2_442,TX_1,2016-03-14,2,0.6230451567633501
HOUSEHOLD_2_442_TX_2_evaluation,HOUSEHOLD_2_442,TX_2,2016-03-14,0,1.3466866712528884
HOUSEHOLD_2_442_TX_3_evaluation,HOUSEHOLD_2_442,TX_3,2016-03-14,1,0.7683132172081668
HOUSEHOLD_2_442_WI_1_evaluation,HOUSEHOLD_2_442,WI_1,2016-03-14,1,1.3929596575521732
HOUSEHOLD_2_442_WI_2_evaluation,HOUSEHOLD_2_442,WI_2,2016-03-14,2,1.1988802345380238
HOUSEHOLD_2_442_WI_3_evaluation,HOUSEHOLD_2_442,WI_3,2016-03-14,4,0.6065487642071965
FOODS_1_021_CA_1_evaluation,FOODS_1_021,CA_1,2016-03-15,1,2.477017998204754
FOODS_1_021_CA_2_evaluation,FOODS_1_021,CA_2,2016-03-15,1,2.998606947971054
FOODS_1_021_CA_3_evaluation,FOODS_1_021,CA_3,2016-03-15,1,1.867718755548371
FOODS_1_021_CA_4_evaluation,FOODS_1_021,CA_4,2016-03-15,0,1.7018767526274718
FOODS_1_021_TX_1_evaluation,FOODS_1_021,TX_1,2016-03-15,0,0.8851698197739752
FOODS_1_021_TX_2_evaluation,FOODS_1_021,TX_2,2016-03-15,0,0.71963922471881
FOODS_1_021_TX_3_evaluation,FOODS_1_021,TX_3,2016-03-15,1,0.8352929826546203
FOODS_1_021_WI_1_evaluation,FOODS_1_021,WI_1,2016-03-15,0,0.2587080488055523
FOODS_1_021_WI_2_evaluation,FOODS_1_021,WI_2,2016-03-15,0,1.2998127001242699
FOODS_1_021_WI_3_evaluation,FOODS_1_021,WI_3,2016-03-15,0,0.8333859097629827
FOODS_2_035_CA_1_evaluation,FOODS_2_035,CA_1,2016-03-15,2,2.103935953165566
FOODS_2_035_CA_2_evaluation,FOODS_2_035,CA_2,2016-03-15,0,3.3139869852479635
FOODS_2_035_CA_3_evaluation,FOODS_2_035,CA_3,2016-03-15,6,4.106119442382832
FOODS_2_035_CA_4_evaluation,FOODS_2_035,CA_4,2016-03-15,2,1.6220833601454603
FOODS_2_035_TX_1_evaluation,FOODS_2_035,TX_1,2016-03-15,2,0.9614817068854007
FOODS_2_035_TX_2_evaluation,FOODS_2_035,TX_2,2016-03-15,4,2.3865359943274984
FOODS_2_035_TX_3_evaluation,FOODS_2_035,TX_3,2016-03-15,2,2.094724909023383
FOODS_2_035_WI_1_evaluation,FOODS_2_035,WI_1,2016-03-15,1,0.9116990323418059
FOODS_2_035_WI_2_evaluation,FOODS_2_035,WI_2,2016-03-15,6,2.4018719616643835
FOODS_2_035_WI_3_evaluation,FOODS_2_035,WI_3,2016-03-15,1,2.3387210938067904
FOODS_3_180_CA_1_evaluation,FOODS_3_180,CA_1,2016-03-15,0,0.2865787276572927
FOODS_3_180_CA_2_evaluation,FOODS_3_180,CA_2,2016-03-15,1,0.447327095551234
FOODS_3_180_CA_3_evaluation,FOODS_3_180,CA_3,2016-03-15,0,0.40001540253853757
FOODS_3_180_CA_4_evaluation,FOODS_3_180,CA_4,2016-03-15,0,0.18034411584627064
FOODS_3_180_TX_1_evaluation,FOODS_3_180,TX_1,2016-03-15,0,0.05814135280292827
FOODS_3_180_TX_2_evaluation,FOODS_3_180,TX_2,2016-03-15,0,0.35230099111565805
FOODS_3_180_TX_3_evaluation,FOODS_3_180,TX_3,2016-03-15,0,0.17873584325063196
FOODS_3_180_WI_1_evaluation,FOODS_3_180,WI_1,2016-03-15,0,0.6139691566715079
FOODS_3_180_WI_2_evaluation,FOODS_3_180,WI_2,2016-03-15,0,0.6697715926953861
FOODS_3_180_WI_3_evaluation,FOODS_3_180,WI_3,2016-03-15,0,0.16850279673924387
FOODS_3_260_CA_1_evaluation,FOODS_3_260,CA_1,2016-03-15,1,1.0782091868966917
FOODS_3_260_CA_2_evaluation,FOODS_3_260,CA_2,2016-03-15,0,0.3074102067369441
FOODS_3_260_CA_3_evaluation,FOODS_3_260,CA_3,2016-03-15,0,0.35752367743143715
FOODS_3_260_CA_4_evaluation,FOODS_3_260,CA_4,2016-03-15,0,0.385973232166218
FOODS_3_260_TX_1_evaluation,FOODS_3_260,TX_1,2016-03-15,0,0.13984758951693854
FOODS_3_260_TX_2_evaluation,FOODS_3_260,TX_2,2016-03-15,0,0.5476189676941629
FOODS_3_260_TX_3_evaluation,FOODS_3_260,TX_3,2016-03-15,1,0.09305208249557093
FOODS_3_260_WI_1_evaluation,FOODS_3_260,WI_1,2016-03-15,0,0.5972439237663183
FOODS_3_260_WI_2_evaluation,FOODS_3_260,WI_2,2016-03-15,0,0.3999308161953057
FOODS_3_260_WI_3_evaluation,FOODS_3_260,WI_3,2016-03-15,0,0.12020402418311397
HOBBIES_1_022_CA_1_evaluation,HOBBIES_1_022,CA_1,2016-03-15,0,0.2945640455735508
HOBBIES_1_022_CA_2_evaluation,HOBBIES_1_022,CA_2,2016-03-15,0,0.14333872886028917
HOBBIES_1_022_CA_3_evaluation,HOBBIES_1_022,CA_3,2016-03-15,1,0.4595362710005748
HOBBIES_1_022_CA_4_evaluation,HOBBIES_1_022,CA_4,2016-03-15,0,0.06607662201651683
HOBBIES_1_022_TX_1_evaluation,HOBBIES_1_022,TX_1,2016-03-15,0,0.16322466787147846
HOBBIES_1_022_TX_2_evaluation,HOBBIES_1_022,TX_2,2016-03-15,0,0.39116340088866064
HOBBIES_1_022_TX_3_evaluation,HOBBIES_1_022,TX_3,2016-03-15,0,0.5531214014879073
HOBBIES_1_022_WI_1_evaluation,HOBBIES_1_022,WI_1,2016-03-15,0,0.2956492880597328
HOBBIES_1_022_WI_2_evaluation,HOBBIES_1_022,WI_2,2016-03-15,0,0.21798168831029446
HOBBIES_1_022_WI_3_evaluation,HOBBIES_1_022,WI_3,2016-03-15,0,0.2678238424287655
HOBBIES_1_209_CA_1_evaluation,HOBBIES_1_209,CA_1,2016-03-15,6,4.77846963750137
HOBBIES_1_209_CA_2_evaluation,HOBBIES_1_209,CA_2,2016-03-15,0,2.010577991804296
HOBBIES_1_209_CA_3_evaluation,HOBBIES_1_209,CA_3,2016-03-15,4,6.3377388774968475
HOBBIES_1_209_CA_4_evaluation,HOBBIES_1_209,CA_4,2016-03-15,0,0.7944246051231911
HOBBIES_1_209_TX_1_evaluation,HOBBIES_1_209,TX_1,2016-03-15,2,2.6135109032221715
HOBBIES_1_209_TX_2_evaluation,HOBBIES_1_209,TX_2,2016-03-15,2,1.6826437383969959
HOBBIES_1_209_TX_3_evaluation,HOBBIES_1_209,TX_3,2016-03-15,3,1.2296661355309528
HOBBIES_1_209_WI_1_evaluation,HOBBIES_1_209,WI_1,2016-03-15,0,2.3134722448416136
HOBBIES_1_209_WI_2_evaluation,HOBBIES_1_209,WI_2,2016-03-15,1,1.5951888008801944
HOBBIES_1_209_WI_3_evaluation,HOBBIES_1_209,WI_3,2016-03-15,6,3.0184571520581547
HOBBIES_2_041_CA_1_evaluation,HOBBIES_2_041,CA_1,2016-03-15,1,0.3538358895615398
HOBBIES_2_041_CA_2_evaluation,HOBBIES_2_041,CA_2,2016-03-15,0,1.2173280484049365
HOBBIES_2_041_CA_3_evaluation,HOBBIES_2_041,CA_3,2016-03-15,0,0.2932294327173575
HOBBIES_2_041_CA_4_evaluation,HOBBIES_2_041,CA_4,2016-03-15,0,0.4015313421131185
HOBBIES_2_041_TX_1_evaluation,HOBBIES_2_041,TX_1,2016-03-15,0,0.12426850621354031
HOBBIES_2_041_TX_2_evaluation,HOBBIES_2_041,TX_2,2016-03-15,0,0.6898688234687196
HOBBIES_2_041_TX_3_evaluation,HOBBIES_2_041,TX_3,2016-03-15,0,0.17122473033241703
HOBBIES_2_041_WI_1_evaluation,HOBBIES_2_041,WI_1,2016-03-15,0,0.3177443965449993
HOBBIES_2_041_WI_2_evaluation,HOBBIES_2_041,WI_2,2016-03-15,0,0.23926003137106366
HOBBIES_2_041_WI_3_evaluation,HOBBIES_2_041,WI_3,2016-03-15,0,0.1960024314048545
HOBBIES_2_113_CA_1_evaluation,HOBBIES_2_113,CA_1,2016-03-15,0,0.274084610982552
HOBBIES_2_113_CA_2_evaluation,HOBBIES_2_113,CA_2,2016-03-15,0,0.06300030671814126
HOBBIES_2_113_CA_3_evaluation,HOBBIES_2_113,CA_3,2016-03-15,0,0.05030194427101016
HOBBIES_2_113_CA_4_evaluation,HOBBIES_2_113,CA_4,2016-03-15,0,0.08667164014611653
HOBBIES_2_113_TX_1_evaluation,HOBBIES_2_113,TX_1,2016-03-15,0,0.11223955774685665
HOBBIES_2_113_TX_2_evaluation,HOBBIES_2_113,TX_2,2016-03-15,1,0.16671442876548964
HOBBIES_2_113_TX_3_evaluation,HOBBIES_2_113,TX_3,2016-03-15,0,0.027529928934750786
HOBBIES_2_113_WI_1_evaluation,HOBBIES_2_113,WI_1,2016-03-15,0,0.3374980009052324
HOBBIES_2_113_WI_2_evaluation,HOBBIES_2_113,WI_2,2016-03-15,0,0.24604057946430757
HOBBIES_2_113_WI_3_evaluation,HOBBIES_2_113,WI_3,2016-03-15,0,0.11930090627724659
HOUSEHOLD_1_100_CA_1_evaluation,HOUSEHOLD_1_100,CA_1,2016-03-15,2,0.5092690006096191
HOUSEHOLD_1_100_CA_2_evaluation,HOUSEHOLD_1_100,CA_2,2016-03-15,0,0.0
HOUSEHOLD_1_100_CA_3_evaluation,HOUSEHOLD_1_100,CA_3,2016-03-15,2,0.3943862296295265
HOUSEHOLD_1_100_CA_4_evaluation,HOUSEHOLD_1_100,CA_4,2016-03-15,0,0.395233477929269
HOUSEHOLD_1_100_TX_1_evaluation,HOUSEHOLD_1_100,TX_1,2016-03-15,4,0.4164130623849775
HOUSEHOLD_1_100_TX_2_evaluation,HOUSEHOLD_1_100,TX_2,2016-03-15,0,0.9597192265278023
HOUSEHOLD_1_100_TX_3_evaluation,HOUSEHOLD_1_100,TX_3,2016-03-15,3,0.6936247472339699
HOUSEHOLD_1_100_WI_1_evaluation,HOUSEHOLD_1_100,WI_1,2016-03-15,0,0.0
HOUSEHOLD_1_100_WI_2_evaluation,HOUSEHOLD_1_100,WI_2,2016-03-15,0,0.2351443335423169
HOUSEHOLD_1_100_WI_3_evaluation,HOUSEHOLD_1_100,WI_3,2016-03-15,0,0.37420237166989706
HOUSEHOLD_1_290_CA_1_evaluation,HOUSEHOLD_1_290,CA_1,2016-03-15,0,0.3887617898432736
HOUSEHOLD_1_290_CA_2_evaluation,HOUSEHOLD_1_290,CA_2,2016-03-15,0,0.7340815018930662
HOUSEHOLD_1_290_CA_3_evaluation,HOUSEHOLD_1_290,CA_3,2016-03-15,1,2.078376328356778
HOUSEHOLD_1_290_CA_4_evaluation,HOUSEHOLD_1_290,CA_4,2016-03-15,0,0.20877953269026645
HOUSEHOLD_1_290_TX_1_evaluation,HOUSEHOLD_1_290,TX_1,2016-03-15,1,1.6763916360234583
HOUSEHOLD_1_290_TX_2_evaluation,HOUSEHOLD_1_290,TX_2,2016-03-15,2,1.293098351757938
HOUSEHOLD_1_290_TX_3_evaluation,HOUSEHOLD_1_290,TX_3,2016-03-15,1,1.8690579269155423
HOUSEHOLD_1_290_WI_1_evaluation,HOUSEHOLD_1_290,WI_1,2016-03-15,1,0.24247193342509107
HOUSEHOLD_1_290_WI_2_evaluation,HOUSEHOLD_1_290,WI_2,2016-03-15,4,2.2965239873390417
HOUSEHOLD_1_290_WI_3_evaluation,HOUSEHOLD_1_290,WI_3,2016-03-15,0,0.4633216533263279
HOUSEHOLD_1_370_CA_1_evaluation,HOUSEHOLD_1_370,CA_1,2016-03-15,4,0.7599105726263836
HOUSEHOLD_1_370_CA_2_evaluation,HOUSEHOLD_1_370,CA_2,2016-03-15,5,2.787093384952677
HOUSEHOLD_1_370_CA_3_evaluation,HOUSEHOLD_1_370,CA_3,2016-03-15,5,3.41724244223518
HOUSEHOLD_1_370_CA_4_evaluation,HOUSEHOLD_1_370,CA_4,2016-03-15,1,0.662312872493822
HOUSEHOLD_1_370_TX_1_evaluation,HOUSEHOLD_1_370,TX_1,2016-03-15,1,1.1367616774702032
HOUSEHOLD_1_370_TX_2_evaluation,HOUSEHOLD_1_370,TX_2,2016-03-15,0,1.142286809932057
HOUSEHOLD_1_370_TX_3_evaluation,HOUSEHOLD_1_370,TX_3,2016-03-15,0,1.1374955921147762
HOUSEHOLD_1_370_WI_1_evaluation,HOUSEHOLD_1_370,WI_1,2016-03-15,1,1.4752851294189773
HOUSEHOLD_1_370_WI_2_evaluation,HOUSEHOLD_1_370,WI_2,2016-03-15,1,3.6596908706300986
HOUSEHOLD_1_370_WI_3_evaluation,HOUSEHOLD_1_370,WI_3,2016-03-15,3,0.9358563224103496
HOUSEHOLD_1_489_CA_1_evaluation,HOUSEHOLD_1_489,CA_1,2016-03-15,0,1.6008728252755724
HOUSEHOLD_1_489_CA_2_evaluation,HOUSEHOLD_1_489,CA_2,2016-03-15,1,1.768740649632423
HOUSEHOLD_1_489_CA_3_evaluation,HOUSEHOLD_1_489,CA_3,2016-03-15,1,2.6658533536694433
HOUSEHOLD_1_489_CA_4_evaluation,HOUSEHOLD_1_489,CA_4,2016-03-15,2,0.8838004791984818
HOUSEHOLD_1_489_TX_1_evaluation,HOUSEHOLD_1_489,TX_1,2016-03-15,0,2.9105405722606474
HOUSEHOLD_1_489_TX_2_evaluation,HOUSEHOLD_1_489,TX_2,2016-03-15,2,2.4017597601967164
HOUSEHOLD_1_489_TX_3_evaluation,HOUSEHOLD_1_489,TX_3,2016-03-15,0,1.540394211540109
HOUSEHOLD_1_489_WI_1_evaluation,HOUSEHOLD_1_489,WI_1,2016-03-15,0,0.7742745895142022
HOUSEHOLD_1_489_WI_2_evaluation,HOUSEHOLD_1_489,WI_2,2016-03-15,1,1.1999923234767167
HOUSEHOLD_1_489_WI_3_evaluation,HOUSEHOLD_1_489,WI_3,2016-03-15,2,1.108015799167179
HOUSEHOLD_2_442_CA_1_evaluation,HOUSEHOLD_2_442,CA_1,2016-03-15,3,1.763197442593433
HOUSEHOLD_2_442_CA_2_evaluation,HOUSEHOLD_2_442,CA_2,2016-03-15,0,1.8783434130725642
HOUSEHOLD_2_442_CA_3_evaluation,HOUSEHOLD_2_442,CA_3,2016-03-15,0,1.1103118847868667
HOUSEHOLD_2_442_CA_4_evaluation,HOUSEHOLD_2_442,CA_4,2016-03-15,0,0.6341869974242424
HOUSEHOLD_2_442_TX_1_evaluation,HOUSEHOLD_2_442,TX_1,2016-03-15,0,0.480246045658725
HOUSEHOLD_2_442_TX_2_evaluation,HOUSEHOLD_2_442,TX_2,2016-03-15,1,1.0583672117092697
HOUSEHOLD_2_442_TX_3_evaluation,HOUSEHOLD_2_442,TX_3,2016-03-15,1,0.5806733179220975
HOUSEHOLD_2_442_WI_1_evaluation,HOUSEHOLD_2_442,WI_1,2016-03-15,2,1.0818917150559122
HOUSEHOLD_2_442_WI_2_evaluation,HOUSEHOLD_2_442,WI_2,2016-03-15,0,1.0223808000392665
HOUSEHOLD_2_442_WI_3_evaluation,HOUSEHOLD_2_442,WI_3,2016-03-15,0,0.3642054501350709
FOODS_1_021_CA_1_evaluation,FOODS_1_021,CA_1,2016-03-16,0,2.2891984750552967
FOODS_1_021_CA_2_evaluation,FOODS_1_021,CA_2,2016-03-16,0,3.2769840850093837
FOODS_1_021_CA_3_evaluation,FOODS_1_021,CA_3,2016-03-16,2,2.0036461857680608
FOODS_1_021_CA_4_evaluation,FOODS_1_021,CA_4,2016-03-16,0,1.7278849301953727
FOODS_1_021_TX_1_evaluation,FOODS_1_021,TX_1,2016-03-16,0,0.9426531943074936
FOODS_1_021_TX_2_evaluation,FOODS_1_021,TX_2,2016-03-16,0,0.6143423195560531
FOODS_1_021_TX_3_evaluation,FOODS_1_021,TX_3,2016-03-16,0,0.9517635381355737
FOODS_1_021_WI_1_evaluation,FOODS_1_021,WI_1,2016-03-16,0,0.6715310122475548
FOODS_1_021_WI_2_evaluation,FOODS_1_021,WI_2,2016-03-16,1,1.2234593053793081
FOODS_1_021_WI_3_evaluation,FOODS_1_021,WI_3,2016-03-16,0,0.9066071107872725
FOODS_2_035_CA_1_evaluation,FOODS_2_035,CA_1,2016-03-16,1,1.9470537226581672
FOODS_2_035_CA_2_evaluation,FOODS_2_035,CA_2,2016-03-16,2,3.1858629446557116
FOODS_2_035_CA_3_evaluation,FOODS_2_035,CA_3,2016-03-16,0,3.9210966777433076
FOODS_2_035_CA_4_evaluation,FOODS_2_035,CA_4,2016-03-16,2,1.4830414272230628
FOODS_2_035_TX_1_evaluation,FOODS_2_035,TX_1,2016-03-16,1,0.9303031236982933
FOODS_2_035_TX_2_evaluation,FOODS_2_035,TX_2,2016-03-16,2,2.2998675457983975
FOODS_2_035_TX_3_evaluation,FOODS_2_035,TX_3,2016-03-16,5,2.021376675796204
FOODS_2_035_WI_1_evaluation,FOODS_2_035,WI_1,2016-03-16,3,0.9296844182620199
FOODS_2_035_WI_2_evaluation,FOODS_2_035,WI_2,2016-03-16,3,2.3295575018816814
FOODS_2_035_WI_3_evaluation,FOODS_2_035,WI_3,2016-03-16,3,2.2637256210834757
FOODS_3_180_CA_1_evaluation,FOODS_3_180,CA_1,2016-03-16,0,0.2697501162912514
FOODS_3_180_CA_2_evaluation,FOODS_3_180,CA_2,2016-03-16,0,0.42561192280102056
FOODS_3_180_CA_3_evaluation,FOODS_3_180,CA_3,2016-03-16,1,0.3766762350131727
FOODS_3_180_CA_4_evaluation,FOODS_3_180,CA_4,2016-03-16,1,0.15325150605863236
FOODS_3_180_TX_1_evaluation,FOODS_3_180,TX_1,2016-03-16,1,0.08117746381544663
FOODS_3_180_TX_2_evaluation,FOODS_3_180,TX_2,2016-03-16,0,0.3423895844698886
FOODS_3_180_TX_3_evaluation,FOODS_3_180,TX_3,2016-03-16,1,0.13472165488091548
FOODS_3_180_WI_1_evaluation,FOODS_3_180,WI_1,2016-03-16,2,0.5538211806210246
FOODS_3_180_WI_2_evaluation,FOODS_3_180,WI_2,2016-03-16,0,0.5974448250003659
FOODS_3_180_WI_3_evaluation,FOODS_3_180,WI_3,2016-03-16,0,0.1599818960623985
FOODS_3_260_CA_1_evaluation,FOODS_3_260,CA_1,2016-03-16,4,1.0239743783989528
FOODS_3_260_CA_2_evaluation,FOODS_3_260,CA_2,2016-03-16,0,0.29601107877509236
FOODS_3_260_CA_3_evaluation,FOODS_3_260,CA_3,2016-03-16,0,0.35613134385941253
FOODS_3_260_CA_4_evaluation,FOODS_3_260,CA_4,2016-03-16,0,0.36377564526044537
FOODS_3_260_TX_1_evaluation,FOODS_3_260,TX_1,2016-03-16,0,0.11998729177962289
FOODS_3_260_TX_2_evaluation,FOODS_3_260,TX_2,2016-03-16,1,0.4401632737020969
FOODS_3_260_TX_3_evaluation,FOODS_3_260,TX_3,2016-03-16,0,0.10242291712553717
FOODS_3_260_WI_1_evaluation,FOODS_3_260,WI_1,2016-03-16,0,0.6124968200839979
FOODS_3_260_WI_2_evaluation,FOODS_3_260,WI_2,2016-03-16,0,0.44151371407226353
FOODS_3_260_WI_3_evaluation,FOODS_3_260,WI_3,2016-03-16,0,0.13133450854682277
HOBBIES_1_022_CA_1_evaluation,HOBBIES_1_022,CA_1,2016-03-16,0,0.16884565392435813
HOBBIES_1_022_CA_2_evaluation,HOBBIES_1_022,CA_2,2016-03-16,1,0.15409362611360228
HOBBIES_1_022_CA_3_evaluation,HOBBIES_1_022,CA_3,2016-03-16,0,0.3201166633435187
HOBBIES_1_022_CA_4_evaluation,HOBBIES_1_022,CA_4,2016-03-16,0,0.10595202264074537
HOBBIES_1_022_TX_1_evaluation,HOBBIES_1_022,TX_1,2016-03-16,0,0.19810174728981653
HOBBIES_1_022_TX_2_evaluation,HOBBIES_1_022,TX_2,2016-03-16,0,0.1872972817028715
HOBBIES_1_022_TX_3_evaluation,HOBBIES_1_022,TX_3,2016-03-16,0,0.5501017542827937
HOBBIES_1_022_WI_1_evaluation,HOBBIES_1_022,WI_1,2016-03-16,0,0.27479607594981253
HOBBIES_1_022_WI_2_evaluation,HOBBIES_1_022,WI_2,2016-03-16,0,0.07148293744572695
HOBBIES_1_022_WI_3_evaluation,HOBBIES_1_022,WI_3,2016-03-16,1,0.3655719930403897
HOBBIES_1_209_CA_1_evaluation,HOBBIES_1_209,CA_1,2016-03-16,1,4.637895558862604
HOBBIES_1_209_CA_2_evaluation,HOBBIES_1_209,CA_2,2016-03-16,0,1.458682774451568
HOBBIES_1_209_CA_3_evaluation,HOBBIES_1_209,CA_3,2016-03-16,8,6.270735858615642
HOBBIES_1_209_CA_4_evaluation,HOBBIES_1_209,CA_4,2016-03-16,0,0.8622422633308786
HOBBIES_1_209_TX_1_evaluation,HOBBIES_1_209,TX_1,2016-03-16,0,2.790758742696603
HOBBIES_1_209_TX_2_evaluation,HOBBIES_1_209,TX_2,2016-03-16,0,1.603730794418306
HOBBIES_1_209_TX_3_evaluation,HOBBIES_1_209,TX_3,2016-03-16,2,0.6280608789646162
HOBBIES_1_209_WI_1_evaluation,HOBBIES_1_209,WI_1,2016-03-16,0,1.9846060082329036
HOBBIES_1_209_WI_2_evaluation,HOBBIES_1_209,WI_2,2016-03-16,0,1.08898083853387
HOBBIES_1_209_WI_3_evaluation,HOBBIES_1_209,WI_3,2016-03-16,1,3.0744577162316378
HOBBIES_2_041_CA_1_evaluation,HOBBIES_2_041,CA_1,2016-03-16,0,0.3296483219272709
HOBBIES_2_041_CA_2_evaluation,HOBBIES_2_041,CA_2,2016-03-16,0,1.2557396311751028
HOBBIES_2_041_CA_3_evaluation,HOBBIES_2_041,CA_3,2016-03-16,0,0.4013768190540473
HOBBIES_2_041_CA_4_evaluation,HOBBIES_2_041,CA_4,2016-03-16,0,0.3583544484090149
HOBBIES_2_041_TX_1_evaluation,HOBBIES_2_041,TX_1,2016-03-16,0,0.16548257673200506
HOBBIES_2_041_TX_2_evaluation,HOBBIES_2_041,TX_2,2016-03-16,0,0.7003595103238796
HOBBIES_2_041_TX_3_evaluation,HOBBIES_2_041,TX_3,2016-03-16,0,0.21679686980214172
HOBBIES_2_041_WI_1_evaluation,HOBBIES_2_041,WI_1,2016-03-16,0,0.3074006718069775
HOBBIES_2_041_WI_2_evaluation,HOBBIES_2_041,WI_2,2016-03-16,0,0.2592482900127819
HOBBIES_2_041_WI_3_evaluation,HOBBIES_2_041,WI_3,2016-03-16,0,0.23598352210683515
HOBBIES_2_113_CA_1_evaluation,HOBBIES_2_113,CA_1,2016-03-16,0,0.24200623187647083
HOBBIES_2_113_CA_2_evaluation,HOBBIES_2_113,CA_2,2016-03-16,0,0.12016797228015125
HOBBIES_2_113_CA_3_evaluation,HOBBIES_2_113,CA_3,2016-03-16,0,0.10272496536077833
HOBBIES_2_113_CA_4_evaluation,HOBBIES_2_113,CA_4,2016-03-16,0,0.08582533238258465
HOBBIES_2_113_TX_1_evaluation,HOBBIES_2_113,TX_1,2016-03-16,0,0.09603776173888956
HOBBIES_2_113_TX_2_evaluation,HOBBIES_2_113,TX_2,2016-03-16,0,0.18273201214669985
HOBBIES_2_113_TX_3_evaluation,HOBBIES_2_113,TX_3,2016-03-16,0,0.0
HOBBIES_2_113_WI_1_evaluation,HOBBIES_2_113,WI_1,2016-03-16,0,0.3792881455284312
HOBBIES_2_113_WI_2_evaluation,HOBBIES_2_113,WI_2,2016-03-16,0,0.2688773520598393
HOBBIES_2_113_WI_3_evaluation,HOBBIES_2_113,WI_3,2016-03-16,0,0.11786294303264655
HOUSEHOLD_1_100_CA_1_evaluation,HOUSEHOLD_1_100,CA_1,2016-03-16,0,0.13803039525858823
HOUSEHOLD_1_100_CA_2_evaluation,HOUSEHOLD_1_100,CA_2,2016-03-16,0,0.0
HOUSEHOLD_1_100_CA_3_evaluation,HOUSEHOLD_1_100,CA_3,2016-03-16,2,0.0
HOUSEHOLD_1_100_CA_4_evaluation,HOUSEHOLD_1_100,CA_4,2016-03-16,1,0.3225805041059467
HOUSEHOLD_1_100_TX_1_evaluation,HOUSEHOLD_1_100,TX_1,2016-03-16,1,0.3971706179435547
HOUSEHOLD_1_100_TX_2_evaluation,HOUSEHOLD_1_100,TX_2,2016-03-16,1,0.7244242557342219
HOUSEHOLD_1_100_TX_3_evaluation,HOUSEHOLD_1_100,TX_3,2016-03-16,1,0.5398453276549485
HOUSEHOLD_1_100_WI_1_evaluation,HOUSEHOLD_1_100,WI_1,2016-03-16,2,0.0
HOUSEHOLD_1_100_WI_2_evaluation,HOUSEHOLD_1_100,WI_2,2016-03-16,0,0.3372504120289472
HOUSEHOLD_1_100_WI_3_evaluation,HOUSEHOLD_1_100,WI_3,2016-03-16,0,0.11788664567581786
HOUSEHOLD_1_290_CA_1_evaluation,HOUSEHOLD_1_290,CA_1,2016-03-16,2,0.36277005773804594
HOUSEHOLD_1_290_CA_2_evaluation,HOUSEHOLD_1_290,CA_2,2016-03-16,0,0.6894002868451241
HOUSEHOLD_1_290_CA_3_evaluation,HOUSEHOLD_1_290,CA_3,2016-03-16,0,2.115883061359875
HOUSEHOLD_1_290_CA_4_evaluation,HOUSEHOLD_1_290,CA_4,2016-03-16,3,0.22783973783475026
HOUSEHOLD_1_290_TX_1_evaluation,HOUSEHOLD_1_290,TX_1,2016-03-16,1,1.5490285992130342
HOUSEHOLD_1_290_TX_2_evaluation,HOUSEHOLD_1_290,TX_2,2016-03-16,3,1.3113623638074163
HOUSEHOLD_1_290_TX_3_evaluation,HOUSEHOLD_1_290,TX_3,2016-03-16,0,1.9500346648731746
HOUSEHOLD_1_290_WI_1_evaluation,HOUSEHOLD_1_290,WI_1,2016-03-16,3,0.23457277656210979
HOUSEHOLD_1_290_WI_2_evaluation,HOUSEHOLD_1_290,WI_2,2016-03-16,2,2.3607127894053948
HOUSEHOLD_1_290_WI_3_evaluation,HOUSEHOLD_1_290,WI_3,2016-03-16,2,0.626620616174604
HOUSEHOLD_1_370_CA_1_evaluation,HOUSEHOLD_1_370,CA_1,2016-03-16,2,0.6357063561508496
HOUSEHOLD_1_370_CA_2_evaluation,HOUSEHOLD_1_370,CA_2,2016-03-16,2,2.742999338071307
HOUSEHOLD_1_370_CA_3_evaluation,HOUSEHOLD_1_370,CA_3,2016-03-16,5,3.1318135107875147
HOUSEHOLD_1_370_CA_4_evaluation,HOUSEHOLD_1_370,CA_4,2016-03-16,1,0.7548963952031728
HOUSEHOLD_1_370_TX_1_evaluation,HOUSEHOLD_1_370,TX_1,2016-03-16,0,1.0206767051435344
HOUSEHOLD_1_370_TX_2_evaluation,HOUSEHOLD_1_370,TX_2,2016-03-16,0,1.0978316568867388
HOUSEHOLD_1_370_TX_3_evaluation,HOUSEHOLD_1_370,TX_3,2016-03-16,0,0.9378894715445455
HOUSEHOLD_1_370_WI_1_evaluation,HOUSEHOLD_1_370,WI_1,2016-03-16,3,1.3736450799633428
HOUSEHOLD_1_370_WI_2_evaluation,HOUSEHOLD_1_370,WI_2,2016-03-16,2,3.2723896057797015
HOUSEHOLD_1_370_WI_3_evaluation,HOUSEHOLD_1_370,WI_3,2016-03-16,0,0.7345235634117557
HOUSEHOLD_1_489_CA_1_evaluation,HOUSEHOLD_1_489,CA_1,2016-03-16,0,1.6490900955525993
HOUSEHOLD_1_489_CA_2_evaluation,HOUSEHOLD_1_489,CA_2,2016-03-16,2,1.8942155803579928
HOUSEHOLD_1_489_CA_3_evaluation,HOUSEHOLD_1_489,CA_3,2016-03-16,1,2.7249312293697763
HOUSEHOLD_1_489_CA_4_evaluation,HOUSEHOLD_1_489,CA_4,2016-03-16,1,0.8729163413645288
HOUSEHOLD_1_489_TX_1_evaluation,HOUSEHOLD_1_489,TX_1,2016-03-16,0,2.912848061626939
HOUSEHOLD_1_489_TX_2_evaluation,HOUSEHOLD_1_489,TX_2,2016-03-16,4,2.3693256030054166
HOUSEHOLD_1_489_TX_3_evaluation,HOUSEHOLD_1_489,TX_3,2016-03-16,0,1.6926476798816381
HOUSEHOLD_1_489_WI_1_evaluation,HOUSEHOLD_1_489,WI_1,2016-03-16,1,0.7405095424036742
HOUSEHOLD_1_489_WI_2_evaluation,HOUSEHOLD_1_489,WI_2,2016-03-16,0,1.2395108184154204
HOUSEHOLD_1_489_WI_3_evaluation,HOUSEHOLD_1_489,WI_3,2016-03-16,0,1.136537852409785
HOUSEHOLD_2_442_CA_1_evaluation,HOUSEHOLD_2_442,CA_1,2016-03-16,2,1.5819341402207037
HOUSEHOLD_2_442_CA_2_evaluation,HOUSEHOLD_2_442,CA_2,2016-03-16,0,1.8263823114234028
HOUSEHOLD_2_442_CA_3_evaluation,HOUSEHOLD_2_442,CA_3,2016-03-16,0,1.1779697595451464
HOUSEHOLD_2_442_CA_4_evaluation,HOUSEHOLD_2_442,CA_4,2016-03-16,0,0.5909819070676204
HOUSEHOLD_2_442_TX_1_evaluation,HOUSEHOLD_2_442,TX_1,2016-03-16,1,0.44624438482852535
HOUSEHOLD_2_442_TX_2_evaluation,HOUSEHOLD_2_442,TX_2,2016-03-16,2,0.9503621750067401
HOUSEHOLD_2_442_TX_3_evaluation,HOUSEHOLD_2_442,TX_3,2016-03-16,0,0.6215963728024608
HOUSEHOLD_2_442_WI_1_evaluation,HOUSEHOLD_2_442,WI_1,2016-03-16,2,1.1627082426628346
HOUSEHOLD_2_442_WI_2_evaluation,HOUSEHOLD_2_442,WI_2,2016-03-16,2,1.0543511812831308
HOUSEHOLD_2_442_WI_3_evaluation,HOUSEHOLD_2_442,WI_3,2016-03-16,0,0.3908815674385495
FOODS_1_021_CA_1_evaluation,FOODS_1_021,CA_1,2016-03-17,4,2.4366242651487413
FOODS_1_021_CA_2_evaluation,FOODS_1_021,CA_2,2016-03-17,1,3.5195592413813204
FOODS_1_021_CA_3_evaluation,FOODS_1_021,CA_3,2016-03-17,0,1.972991164430911
FOODS_1_021_CA_4_evaluation,FOODS_1_021,CA_4,2016-03-17,0,1.6793941108700983
FOODS_1_021_TX_1_evaluation,FOODS_1_021,TX_1,2016-03-17,0,0.9150092566299486
FOODS_1_021_TX_2_evaluation,FOODS_1_021,TX_2,2016-03-17,0,0.752300906510402
FOODS_1_021_TX_3_evaluation,FOODS_1_021,TX_3,2016-03-17,0,0.9900367725133412
FOODS_1_021_WI_1_evaluation,FOODS_1_021,WI_1,2016-03-17,0,0.5058317421750139
FOODS_1_021_WI_2_evaluation,FOODS_1_021,WI_2,2016-03-17,0,1.449760532821648
FOODS_1_021_WI_3_evaluation,FOODS_1_021,WI_3,2016-03-17,0,0.7085101026682791
FOODS_2_035_CA_1_evaluation,FOODS_2_035,CA_1,2016-03-17,1,1.9618471794411891
FOODS_2_035_CA_2_evaluation,FOODS_2_035,CA_2,2016-03-17,1,3.2234786673707525
FOODS_2_035_CA_3_evaluation,FOODS_2_035,CA_3,2016-03-17,1,3.76424019038713
FOODS_2_035_CA_4_evaluation,FOODS_2_035,CA_4,2016-03-17,1,1.4727670402432622
FOODS_2_035_TX_1_evaluation,FOODS_2_035,TX_1,2016-03-17,0,0.8735090644375009
FOODS_2_035_TX_2_evaluation,FOODS_2_035,TX_2,2016-03-17,1,2.2916790878584594
FOODS_2_035_TX_3_evaluation,FOODS_2_035,TX_3,2016-03-17,1,1.9465161791836372
FOODS_2_035_WI_1_evaluation,FOODS_2_035,WI_1,2016-03-17,0,0.9023157855428486
FOODS_2_035_WI_2_evaluation,FOODS_2_035,WI_2,2016-03-17,2,2.3478482166913923
FOODS_2_035_WI_3_evaluation,FOODS_2_035,WI_3,2016-03-17,1,2.2407404610232655
FOODS_3_180_CA_1_evaluation,FOODS_3_180,CA_1,2016-03-17,0,0.276546563474985
FOODS_3_180_CA_2_evaluation,FOODS_3_180,CA_2,2016-03-17,1,0.4377833760515915
FOODS_3_180_CA_3_evaluation,FOODS_3_180,CA_3,2016-03-17,1,0.35039898811931114
FOODS_3_180_CA_4_evaluation,FOODS_3_180,CA_4,2016-03-17,0,0.16811097558008067
FOODS_3_180_TX_1_evaluation,FOODS_3_180,TX_1,2016-03-17,0,0.05530836988614208
FOODS_3_180_TX_2_evaluation,FOODS_3_180,TX_2,2016-03-17,1,0.3481078470651473
FOODS_3_180_TX_3_evaluation,FOODS_3_180,TX_3,2016-03-17,1,0.13970007545948737
FOODS_3_180_WI_1_evaluation,FOODS_3_180,WI_1,2016-03-17,1,0.5924873194898321
FOODS_3_180_WI_2_evaluation,FOODS_3_180,WI_2,2016-03-17,1,0.5368858002102298
FOODS_3_180_WI_3_evaluation,FOODS_3_180,WI_3,2016-03-17,1,0.15166285361168025
FOODS_3_260_CA_1_evaluation,FOODS_3_260,CA_1,2016-03-17,0,0.996250172239825
FOODS_3_260_CA_2_evaluation,FOODS_3_260,CA_2,2016-03-17,2,0.2733510804987382
FOODS_3_260_CA_3_evaluation,FOODS_3_260,CA_3,2016-03-17,1,0.3591910407977795
FOODS_3_260_CA_4_evaluation,FOODS_3_260,CA_4,2016-03-17,0,0.39902112628670744
FOODS_3_260_TX_1_evaluation,FOODS_3_260,TX_1,2016-03-17,0,0.13056810735095176
FOODS_3_260_TX_2_evaluation,FOODS_3_260,TX_2,2016-03-17,0,0.4294326261087129
FOODS_3_260_TX_3_evaluation,FOODS_3_260,TX_3,2016-03-17,0,0.1307739269702057
FOODS_3_260_WI_1_evaluation,FOODS_3_260,WI_1,2016-03-17,0,0.7216289680452028
FOODS_3_260_WI_2_evaluation,FOODS_3_260,WI_2,2016-03-17,3,0.43367485343217393
FOODS_3_260_WI_3_evaluation,FOODS_3_260,WI_3,2016-03-17,1,0.1464745170795308
HOBBIES_1_022_CA_1_evaluation,HOBBIES_1_022,CA_1,2016-03-17,1,0.17490416781164794
HOBBIES_1_022_CA_2_evaluation,HOBBIES_1_022,CA_2,2016-03-17,2,0.05799781100617407
HOBBIES_1_022_CA_3_evaluation,HOBBIES_1_022,CA_3,2016-03-17,0,0.3011693887375041
HOBBIES_1_022_CA_4_evaluation,HOBBIES_1_022,CA_4,2016-03-17,0,0.05171090734469583
HOBBIES_1_022_TX_1_evaluation,HOBBIES_1_022,TX_1,2016-03-17,0,0.1647066113902678
HOBBIES_1_022_TX_2_evaluation,HOBBIES_1_022,TX_2,2016-03-17,0,0.14342981338833777
HOBBIES_1_022_TX_3_evaluation,HOBBIES_1_022,TX_3,2016-03-17,1,0.5830175123242618
HOBBIES_1_022_WI_1_evaluation,HOBBIES_1_022,WI_1,2016-03-17,0,0.3856821250826228
HOBBIES_1_022_WI_2_evaluation,HOBBIES_1_022,WI_2,2016-03-17,0,0.19381685452404876
HOBBIES_1_022_WI_3_evaluation,HOBBIES_1_022,WI_3,2016-03-17,0,0.3814622728880473
HOBBIES_1_209_CA_1_evaluation,HOBBIES_1_209,CA_1,2016-03-17,2,5.11379731061413
HOBBIES_1_209_CA_2_evaluation,HOBBIES_1_209,CA_2,2016-03-17,2,0.9346573702700167
HOBBIES_1_209_CA_3_evaluation,HOBBIES_1_209,CA_3,2016-03-17,5,6.148427354799349
HOBBIES_1_209_CA_4_evaluation,HOBBIES_1_209,CA_4,2016-03-17,0,0.7426886283277772
HOBBIES_1_209_TX_1_evaluation,HOBBIES_1_209,TX_1,2016-03-17,3,2.21018253178781
HOBBIES_1_209_TX_2_evaluation,HOBBIES_1_209,TX_2,2016-03-17,3,1.7984731914441654
HOBBIES_1_209_TX_3_evaluation,HOBBIES_1_209,TX_3,2016-03-17,1,0.8909572737299947
HOBBIES_1_209_WI_1_evaluation,HOBBIES_1_209,WI_1,2016-03-17,5,2.132266038762875
HOBBIES_1_209_WI_2_evaluation,HOBBIES_1_209,WI_2,2016-03-17,0,1.489452019764209
HOBBIES_1_209_WI_3_evaluation,HOBBIES_1_209,WI_3,2016-03-17,5,2.7445197710360207
HOBBIES_2_041_CA_1_evaluation,HOBBIES_2_041,CA_1,2016-03-17,3,0.32070809663825856
HOBBIES_2_041_CA_2_evaluation,HOBBIES_2_041,CA_2,2016-03-17,4,1.2336194532959317
HOBBIES_2_041_CA_3_evaluation,HOBBIES_2_041,CA_3,2016-03-17,0,0.2869803033335184
HOBBIES_2_041_CA_4_evaluation,HOBBIES_2_041,CA_4,2016-03-17,0,0.3975283988056249
HOBBIES_2_041_TX_1_evaluation,HOBBIES_2_041,TX_1,2016-03-17,0,0.1534693976542351
HOBBIES_2_041_TX_2_evaluation,HOBBIES_2_041,TX_2,2016-03-17,0,0.7955349148239949
HOBBIES_2_041_TX_3_evaluation,HOBBIES_2_041,TX_3,2016-03-17,0,0.16855586174831969
HOBBIES_2_041_WI_1_evaluation,HOBBIES_2_041,WI_1,2016-03-17,0,0.33478506711779626
HOBBIES_2_041_WI_2_evaluation,HOBBIES_2_041,WI_2,2016-03-17,0,0.2607627194059392
HOBBIES_2_041_WI_3_evaluation,HOBBIES_2_041,WI_3,2016-03-17,0,0.2038482088587379
HOBBIES_2_113_CA_1_evaluation,HOBBIES_2_113,CA_1,2016-03-17,0,0.2776345748919089
HOBBIES_2_113_CA_2_evaluation,HOBBIES_2_113,CA_2,2016-03-17,0,0.09347027824946524
HOBBIES_2_113_CA_3_evaluation,HOBBIES_2_113,CA_3,2016-03-17,0,0.06438416598373722
HOBBIES_2_113_CA_4_evaluation,HOBBIES_2_113,CA_4,2016-03-17,0,0.05841887009371609
HOBBIES_2_113_TX_1_evaluation,HOBBIES_2_113,TX_1,2016-03-17,0,0.07701700588251234
HOBBIES_2_113_TX_2_evaluation,HOBBIES_2_113,TX_2,2016-03-17,0,0.16124460008281216
HOBBIES_2_113_TX_3_evaluation,HOBBIES_2_113,TX_3,2016-03-17,0,0.0
HOBBIES_2_113_WI_1_evaluation,HOBBIES_2_113,WI_1,2016-03-17,0,0.35639219283292695
HOBBIES_2_113_WI_2_evaluation,HOBBIES_2_113,WI_2,2016-03-17,0,0.2303803812777433
HOBBIES_2_113_WI_3_evaluation,HOBBIES_2_113,WI_3,2016-03-17,0,0.14610217770633227
HOUSEHOLD_1_100_CA_1_evaluation,HOUSEHOLD_1_100,CA_1,2016-03-17,2,0.18446042996347328
HOUSEHOLD_1_100_CA_2_evaluation,HOUSEHOLD_1_100,CA_2,2016-03-17,2,0.0
HOUSEHOLD_1_100_CA_3_evaluation,HOUSEHOLD_1_100,CA_3,2016-03-17,0,0.0
HOUSEHOLD_1_100_CA_4_evaluation,HOUSEHOLD_1_100,CA_4,2016-03-17,1,0.30646133483802346
HOUSEHOLD_1_100_TX_1_evaluation,HOUSEHOLD_1_100,TX_1,2016-03-17,0,0.2950108929985794
HOUSEHOLD_1_100_TX_2_evaluation,HOUSEHOLD_1_100,TX_2,2016-03-17,3,0.6449586765017045
HOUSEHOLD_1_100_TX_3_evaluation,HOUSEHOLD_1_100,TX_3,2016-03-17,0,0.4888804795918086
HOUSEHOLD_1_100_WI_1_evaluation,HOUSEHOLD_1_100,WI_1,2016-03-17,0,0.0
HOUSEHOLD_1_100_WI_2_evaluation,HOUSEHOLD_1_100,WI_2,2016-03-17,0,0.33988438012279126
HOUSEHOLD_1_100_WI_3_evaluation,HOUSEHOLD_1_100,WI_3,2016-03-17,0,0.1855416894756572
HOUSEHOLD_1_290_CA_1_evaluation,HOUSEHOLD_1_290,CA_1,2016-03-17,0,0.37631116471599363
HOUSEHOLD_1_290_CA_2_evaluation,HOUSEHOLD_1_290,CA_2,2016-03-17,5,0.7363503200940191
HOUSEHOLD_1_290_CA_3_evaluation,HOUSEHOLD_1_290,CA_3,2016-03-17,3,2.0622751625854012
HOUSEHOLD_1_290_CA_4_evaluation,HOUSEHOLD_1_290,CA_4,2016-03-17,0,0.2689329939584334
HOUSEHOLD_1_290_TX_1_evaluation,HOUSEHOLD_1_290,TX_1,2016-03-17,0,1.365221005047962
HOUSEHOLD_1_290_TX_2_evaluation,HOUSEHOLD_1_290,TX_2,2016-03-17,1,1.3365356272321256
HOUSEHOLD_1_290_TX_3_evaluation,HOUSEHOLD_1_290,TX_3,2016-03-17,0,1.7912720882345021
HOUSEHOLD_1_290_WI_1_evaluation,HOUSEHOLD_1_290,WI_1,2016-03-17,0,0.2233993095401361
HOUSEHOLD_1_290_WI_2_evaluation,HOUSEHOLD_1_290,WI_2,2016-03-17,3,2.210656375774926
HOUSEHOLD_1_290_WI_3_evaluation,HOUSEHOLD_1_290,WI_3,2016-03-17,0,0.5462788470508231
HOUSEHOLD_1_370_CA_1_evaluation,HOUSEHOLD_1_370,CA_1,2016-03-17,0,0.5899903642432964
HOUSEHOLD_1_370_CA_2_evaluation,HOUSEHOLD_1_370,CA_2,2016-03-17,3,2.597691911530902
HOUSEHOLD_1_370_CA_3_evaluation,HOUSEHOLD_1_370,CA_3,2016-03-17,3,3.111568976514707
HOUSEHOLD_1_370_CA_4_evaluation,HOUSEHOLD_1_370,CA_4,2016-03-17,1,0.5780867152401516
HOUSEHOLD_1_370_TX_1_evaluation,HOUSEHOLD_1_370,TX_1,2016-03-17,1,0.9416424253026456
HOUSEHOLD_1_370_TX_2_evaluation,HOUSEHOLD_1_370,TX_2,2016-03-17,1,0.9728096612058034
HOUSEHOLD_1_370_TX_3_evaluation,HOUSEHOLD_1_370,TX_3,2016-03-17,0,0.9147315013500052
HOUSEHOLD_1_370_WI_1_evaluation,HOUSEHOLD_1_370,WI_1,2016-03-17,0,1.4461577757981088
HOUSEHOLD_1_370_WI_2_evaluation,HOUSEHOLD_1_370,WI_2,2016-03-17,2,3.3774420941292584
HOUSEHOLD_1_370_WI_3_evaluation,HOUSEHOLD_1_370,WI_3,2016-03-17,0,0.7437267070263188
HOUSEHOLD_1_489_CA_1_evaluation,HOUSEHOLD_1_489,CA_1,2016-03-17,0,1.638152996193823
HOUSEHOLD_1_489_CA_2_evaluation,HOUSEHOLD_1_489,CA_2,2016-03-17,2,1.8934951831303217
HOUSEHOLD_1_489_CA_3_evaluation,HOUSEHOLD_1_489,CA_3,2016-03-17,0,2.682954906076576
HOUSEHOLD_1_489_CA_4_evaluation,HOUSEHOLD_1_489,CA_4,2016-03-17,0,0.8591649347543766
HOUSEHOLD_1_489_TX_1_evaluation,HOUSEHOLD_1_489,TX_1,2016-03-17,4,2.9205041322823977
HOUSEHOLD_1_489_TX_2_evaluation,HOUSEHOLD_1_489,TX_2,2016-03-17,1,2.401151081565995
HOUSEHOLD_1_489_TX_3_evaluation,HOUSEHOLD_1_489,TX_3,2016-03-17,0,1.6223282285699299
HOUSEHOLD_1_489_WI_1_evaluation,HOUSEHOLD_1_489,WI_1,2016-03-17,0,0.7782425949710227
HOUSEHOLD_1_489_WI_2_evaluation,HOUSEHOLD_1_489,WI_2,2016-03-17,0,1.2066560960064399
HOUSEHOLD_1_489_WI_3_evaluation,HOUSEHOLD_1_489,WI_3,2016-03-17,0,1.1185304351053524
HOUSEHOLD_2_442_CA_1_evaluation,HOUSEHOLD_2_442,CA_1,2016-03-17,0,1.4851177385390464
HOUSEHOLD_2_442_CA_2_evaluation,HOUSEHOLD_2_442,CA_2,2016-03-17,4,1.7123095123618943
HOUSEHOLD_2_442_CA_3_evaluation,HOUSEHOLD_2_442,CA_3,2016-03-17,0,1.051037260039895
HOUSEHOLD_2_442_CA_4_evaluation,HOUSEHOLD_2_442,CA_4,2016-03-17,0,0.5721419103413793
HOUSEHOLD_2_442_TX_1_evaluation,HOUSEHOLD_2_442,TX_1,2016-03-17,0,0.45182989703507653
HOUSEHOLD_2_442_TX_2_evaluation,HOUSEHOLD_2_442,TX_2,2016-03-17,1,0.9894614207176912
HOUSEHOLD_2_442_TX_3_evaluation,HOUSEHOLD_2_442,TX_3,2016-03-17,0,0.5739071687981512
HOUSEHOLD_2_442_WI_1_evaluation,HOUSEHOLD_2_442,WI_1,2016-03-17,1,1.0783473915526283
HOUSEHOLD_2_442_WI_2_evaluation,HOUSEHOLD_2_442,WI_2,2016-03-17,2,1.121974082231695
HOUSEHOLD_2_442_WI_3_evaluation,HOUSEHOLD_2_442,WI_3,2016-03-17,1,0.42431102106844104
FOODS_1_021_CA_1_evaluation,FOODS_1_021,CA_1,2016-03-18,3,2.620734864001951
FOODS_1_021_CA_2_evaluation,FOODS_1_021,CA_2,2016-03-18,2,3.416566145353502
FOODS_1_021_CA_3_evaluation,FOODS_1_021,CA_3,2016-03-18,1,2.1415882091403837
FOODS_1_021_CA_4_evaluation,FOODS_1_021,CA_4,2016-03-18,0,1.7939996594065828
FOODS_1_021_TX_1_evaluation,FOODS_1_021,TX_1,2016-03-18,3,0.9531077367918611
FOODS_1_021_TX_2_evaluation,FOODS_1_021,TX_2,2016-03-18,0,0.8045053066475282
FOODS_1_021_TX_3_evaluation,FOODS_1_021,TX_3,2016-03-18,0,0.8938070956410658
FOODS_1_021_WI_1_evaluation,FOODS_1_021,WI_1,2016-03-18,3,0.9865676263504577
FOODS_1_021_WI_2_evaluation,FOODS_1_021,WI_2,2016-03-18,1,1.4916289311475155
FOODS_1_021_WI_3_evaluation,FOODS_1_021,WI_3,2016-03-18,0,0.9708497953020406
FOODS_2_035_CA_1_evaluation,FOODS_2_035,CA_1,2016-03-18,0,1.9181237096115877
FOODS_2_035_CA_2_evaluation,FOODS_2_035,CA_2,2016-03-18,2,3.174100001276532
FOODS_2_035_CA_3_evaluation,FOODS_2_035,CA_3,2016-03-18,3,3.86194542077788
FOODS_2_035_CA_4_evaluation,FOODS_2_035,CA_4,2016-03-18,2,1.406416098152122
FOODS_2_035_TX_1_evaluation,FOODS_2_035,TX_1,2016-03-18,0,0.8364084349379595
FOODS_2_035_TX_2_evaluation,FOODS_2_035,TX_2,2016-03-18,2,2.3506306752121917
FOODS_2_035_TX_3_evaluation,FOODS_2_035,TX_3,2016-03-18,3,1.8774714228278009
FOODS_2_035_WI_1_evaluation,FOODS_2_035,WI_1,2016-03-18,2,0.9089977815340443
FOODS_2_035_WI_2_evaluation,FOODS_2_035,WI_2,2016-03-18,4,2.362412280058524
FOODS_2_035_WI_3_evaluation,FOODS_2_035,WI_3,2016-03-18,0,2.239593131040265
FOODS_3_180_CA_1_evaluation,FOODS_3_180,CA_1,2016-03-18,1,0.22008583746855676
FOODS_3_180_CA_2_evaluation,FOODS_3_180,CA_2,2016-03-18,0,0.4122715484219477
FOODS_3_180_CA_3_evaluation,FOODS_3_180,CA_3,2016-03-18,0,0.4041276984749305
FOODS_3_180_CA_4_evaluation,FOODS_3_180,CA_4,2016-03-18,0,0.14194998486312393
FOODS_3_180_TX_1_evaluation,FOODS_3_180,TX_1,2016-03-18,0,0.05598008438225184
FOODS_3_180_TX_2_evaluation,FOODS_3_180,TX_2,2016-03-18,0,0.3354248347079562
FOODS_3_180_TX_3_evaluation,FOODS_3_180,TX_3,2016-03-18,0,0.12949133317925418
FOODS_3_180_WI_1_evaluation,FOODS_3_180,WI_1,2016-03-18,0,0.5301582759125816
FOODS_3_180_WI_2_evaluation,FOODS_3_180,WI_2,2016-03-18,0,0.5900792114503683
FOODS_3_180_WI_3_evaluation,FOODS_3_180,WI_3,2016-03-18,0,0.18497491436568392
FOODS_3_260_CA_1_evaluation,FOODS_3_260,CA_1,2016-03-18,1,0.9875055379364697
FOODS_3_260_CA_2_evaluation,FOODS_3_260,CA_2,2016-03-18,0,0.31485184802162586
FOODS_3_260_CA_3_evaluation,FOODS_3_260,CA_3,2016-03-18,0,0.3967312884434514
FOODS_3_260_CA_4_evaluation,FOODS_3_260,CA_4,2016-03-18,0,0.41252549290240204
FOODS_3_260_TX_1_evaluation,FOODS_3_260,TX_1,2016-03-18,0,0.09996095177246139
FOODS_3_260_TX_2_evaluation,FOODS_3_260,TX_2,2016-03-18,1,0.4323771602057144
FOODS_3_260_TX_3_evaluation,FOODS_3_260,TX_3,2016-03-18,2,0.11770038623753334
FOODS_3_260_WI_1_evaluation,FOODS_3_260,WI_1,2016-03-18,1,0.6000057929040262
FOODS_3_260_WI_2_evaluation,FOODS_3_260,WI_2,2016-03-18,2,0.39526732001616566
FOODS_3_260_WI_3_evaluation,FOODS_3_260,WI_3,2016-03-18,0,0.13546974432942746
HOBBIES_1_022_CA_1_evaluation,HOBBIES_1_022,CA_1,2016-03-18,1,0.1845271294218916
HOBBIES_1_022_CA_2_evaluation,HOBBIES_1_022,CA_2,2016-03-18,0,0.137944375506326
HOBBIES_1_022_CA_3_evaluation,HOBBIES_1_022,CA_3,2016-03-18,0,0.3421272378366618
HOBBIES_1_022_CA_4_evaluation,HOBBIES_1_022,CA_4,2016-03-18,0,0.0995344696593235
HOBBIES_1_022_TX_1_evaluation,HOBBIES_1_022,TX_1,2016-03-18,0,0.13466453126387784
HOBBIES_1_022_TX_2_evaluation,HOBBIES_1_022,TX_2,2016-03-18,0,0.2447859708003653
HOBBIES_1_022_TX_3_evaluation,HOBBIES_1_022,TX_3,2016-03-18,0,0.5234626824456875
HOBBIES_1_022_WI_1_evaluation,HOBBIES_1_022,WI_1,2016-03-18,0,0.30360808589173166
HOBBIES_1_022_WI_2_evaluation,HOBBIES_1_022,WI_2,2016-03-18,0,0.181642054254801
HOBBIES_1_022_WI_3_evaluation,HOBBIES_1_022,WI_3,2016-03-18,0,0.32313047934755457
HOBBIES_1_209_CA_1_evaluation,HOBBIES_1_209,CA_1,2016-03-18,6,4.802389845481244
HOBBIES_1_209_CA_2_evaluation,HOBBIES_1_209,CA_2,2016-03-18,3,1.3891110070704507
HOBBIES_1_209_CA_3_evaluation,HOBBIES_1_209,CA_3,2016-03-18,3,6.742269571873665
HOBBIES_1_209_CA_4_evaluation,HOBBIES_1_209,CA_4,2016-03-18,0,0.5796128429240666
HOBBIES_1_209_TX_1_evaluation,HOBBIES_1_209,TX_1,2016-03-18,3,1.8586678980345035
HOBBIES_1_209_TX_2_evaluation,HOBBIES_1_209,TX_2,2016-03-18,5,1.5850678463361494
HOBBIES_1_209_TX_3_evaluation,HOBBIES_1_209,TX_3,2016-03-18,2,0.8337762355588949
HOBBIES_1_209_WI_1_evaluation,HOBBIES_1_209,WI_1,2016-03-18,0,2.062115811547519
HOBBIES_1_209_WI_2_evaluation,HOBBIES_1_209,WI_2,2016-03-18,3,1.6204244096962492
HOBBIES_1_209_WI_3_evaluation,HOBBIES_1_209,WI_3,2016-03-18,1,3.164175876977475
HOBBIES_2_041_CA_1_evaluation,HOBBIES_2_041,CA_1,2016-03-18,2,0.3082003609046646
HOBBIES_2_041_CA_2_evaluation,HOBBIES_2_041,CA_2,2016-03-18,1,1.2186937809247804
HOBBIES_2_041_CA_3_evaluation,HOBBIES_2_041,CA_3,2016-03-18,0,0.27854226100584506
HOBBIES_2_041_CA_4_evaluation,HOBBIES_2_041,CA_4,2016-03-18,0,0.4435664779509564
HOBBIES_2_041_TX_1_evaluation,HOBBIES_2_041,TX_1,2016-03-18,0,0.19443319104733192
HOBBIES_2_041_TX_2_evaluation,HOBBIES_2_041,TX_2,2016-03-18,0,0.7753674843542082
HOBBIES_2_041_TX_3_evaluation,HOBBIES_2_041,TX_3,2016-03-18,0,0.20762175979858197
HOBBIES_2_041_WI_1_evaluation,HOBBIES_2_041,WI_1,2016-03-18,0,0.33567990396173886
HOBBIES_2_041_WI_2_evaluation,HOBBIES_2_041,WI_2,2016-03-18,0,0.19856901064898821
HOBBIES_2_041_WI_3_evaluation,HOBBIES_2_041,WI_3,2016-03-18,1,0.22411163670501158
HOBBIES_2_113_CA_1_evaluation,HOBBIES_2_113,CA_1,2016-03-18,0,0.24906743519563768
HOBBIES_2_113_CA_2_evaluation,HOBBIES_2_113,CA_2,2016-03-18,0,0.06602059060051066
HOBBIES_2_113_CA_3_evaluation,HOBBIES_2_113,CA_3,2016-03-18,0,0.08255477340755063
HOBBIES_2_113_CA_4_evaluation,HOBBIES_2_113,CA_4,2016-03-18,0,0.12524611468814237
HOBBIES_2_113_TX_1_evaluation,HOBBIES_2_113,TX_1,2016-03-18,0,0.0
HOBBIES_2_113_TX_2_evaluation,HOBBIES_2_113,TX_2,2016-03-18,0,0.2079000803727721
HOBBIES_2_113_TX_3_evaluation,HOBBIES_2_113,TX_3,2016-03-18,0,0.0
HOBBIES_2_113_WI_1_evaluation,HOBBIES_2_113,WI_1,2016-03-18,0,0.41234206754088254
HOBBIES_2_113_WI_2_evaluation,HOBBIES_2_113,WI_2,2016-03-18,0,0.2741529505510947
HOBBIES_2_113_WI_3_evaluation,HOBBIES_2_113,WI_3,2016-03-18,0,0.1474062981531737
HOUSEHOLD_1_100_CA_1_evaluation,HOUSEHOLD_1_100,CA_1,2016-03-18,0,0.02968984700932531
HOUSEHOLD_1_100_CA_2_evaluation,HOUSEHOLD_1_100,CA_2,2016-03-18,2,0.0
HOUSEHOLD_1_100_CA_3_evaluation,HOUSEHOLD_1_100,CA_3,2016-03-18,2,0.0
HOUSEHOLD_1_100_CA_4_evaluation,HOUSEHOLD_1_100,CA_4,2016-03-18,0,0.3094045815520844
HOUSEHOLD_1_100_TX_1_evaluation,HOUSEHOLD_1_100,TX_1,2016-03-18,2,0.23076109315000962
HOUSEHOLD_1_100_TX_2_evaluation,HOUSEHOLD_1_100,TX_2,2016-03-18,1,0.6235041018959484
HOUSEHOLD_1_100_TX_3_evaluation,HOUSEHOLD_1_100,TX_3,2016-03-18,3,0.5139184130222493
HOUSEHOLD_1_100_WI_1_evaluation,HOUSEHOLD_1_100,WI_1,2016-03-18,1,0.0
HOUSEHOLD_1_100_WI_2_evaluation,HOUSEHOLD_1_100,WI_2,2016-03-18,0,0.28070026007188664
HOUSEHOLD_1_100_WI_3_evaluation,HOUSEHOLD_1_100,WI_3,2016-03-18,0,0.13552359517257334
HOUSEHOLD_1_290_CA_1_evaluation,HOUSEHOLD_1_290,CA_1,2016-03-18,0,0.5726005228498943
HOUSEHOLD_1_290_CA_2_evaluation,HOUSEHOLD_1_290,CA_2,2016-03-18,1,0.7428230376578785
HOUSEHOLD_1_290_CA_3_evaluation,HOUSEHOLD_1_290,CA_3,2016-03-18,0,2.0798984621850956
HOUSEHOLD_1_290_CA_4_evaluation,HOUSEHOLD_1_290,CA_4,2016-03-18,0,0.23764616820429196
HOUSEHOLD_1_290_TX_1_evaluation,HOUSEHOLD_1_290,TX_1,2016-03-18,1,1.6686697257787029
HOUSEHOLD_1_290_TX_2_evaluation,HOUSEHOLD_1_290,TX_2,2016-03-18,1,1.342448175300616
HOUSEHOLD_1_290_TX_3_evaluation,HOUSEHOLD_1_290,TX_3,2016-03-18,3,1.9514574997589489
HOUSEHOLD_1_290_WI_1_evaluation,HOUSEHOLD_1_290,WI_1,2016-03-18,0,0.17877246264997954
HOUSEHOLD_1_290_WI_2_evaluation,HOUSEHOLD_1_290,WI_2,2016-03-18,0,2.3857127687518735
HOUSEHOLD_1_290_WI_3_evaluation,HOUSEHOLD_1_290,WI_3,2016-03-18,2,0.6073581100199801
HOUSEHOLD_1_370_CA_1_evaluation,HOUSEHOLD_1_370,CA_1,2016-03-18,0,0.7435494328063683
HOUSEHOLD_1_370_CA_2_evaluation,HOUSEHOLD_1_370,CA_2,2016-03-18,2,2.4543956633493798
HOUSEHOLD_1_370_CA_3_evaluation,HOUSEHOLD_1_370,CA_3,2016-03-18,1,3.002025519657498
HOUSEHOLD_1_370_CA_4_evaluation,HOUSEHOLD_1_370,CA_4,2016-03-18,0,0.6265780937245226
HOUSEHOLD_1_370_TX_1_evaluation,HOUSEHOLD_1_370,TX_1,2016-03-18,0,0.9944163985576355
HOUSEHOLD_1_370_TX_2_evaluation,HOUSEHOLD_1_370,TX_2,2016-03-18,0,1.0166410735045677
HOUSEHOLD_1_370_TX_3_evaluation,HOUSEHOLD_1_370,TX_3,2016-03-18,0,0.8761072445177034
HOUSEHOLD_1_370_WI_1_evaluation,HOUSEHOLD_1_370,WI_1,2016-03-18,0,1.3986157774138015
HOUSEHOLD_1_370_WI_2_evaluation,HOUSEHOLD_1_370,WI_2,2016-03-18,2,3.2808681216699678
HOUSEHOLD_1_370_WI_3_evaluation,HOUSEHOLD_1_370,WI_3,2016-03-18,1,0.7189612656482113
HOUSEHOLD_1_489_CA_1_evaluation,HOUSEHOLD_1_489,CA_1,2016-03-18,3,1.6887431733430824
HOUSEHOLD_1_489_CA_2_evaluation,HOUSEHOLD_1_489,CA_2,2016-03-18,0,1.8647786798523345
HOUSEHOLD_1_489_CA_3_evaluation,HOUSEHOLD_1_489,CA_3,2016-03-18,2,2.755146797036785
HOUSEHOLD_1_489_CA_4_evaluation,HOUSEHOLD_1_489,CA_4,2016-03-18,1,0.9444613511522034
HOUSEHOLD_1_489_TX_1_evaluation,HOUSEHOLD_1_489,TX_1,2016-03-18,1,3.001381115592287
HOUSEHOLD_1_489_TX_2_evaluation,HOUSEHOLD_1_489,TX_2,2016-03-18,3,2.3616189292781575
HOUSEHOLD_1_489_TX_3_evaluation,HOUSEHOLD_1_489,TX_3,2016-03-18,1,1.5824137835750285
HOUSEHOLD_1_489_WI_1_evaluation,HOUSEHOLD_1_489,WI_1,2016-03-18,1,0.8005903691932412
HOUSEHOLD_1_489_WI_2_evaluation,HOUSEHOLD_1_489,WI_2,2016-03-18,0,1.2373787456949832
HOUSEHOLD_1_489_WI_3_evaluation,HOUSEHOLD_1_489,WI_3,2016-03-18,2,1.1672633429285781
HOUSEHOLD_2_442_CA_1_evaluation,HOUSEHOLD_2_442,CA_1,2016-03-18,2,1.6160407762549869
HOUSEHOLD_2_442_CA_2_evaluation,HOUSEHOLD_2_442,CA_2,2016-03-18,3,1.6081312805670065
HOUSEHOLD_2_442_CA_3_evaluation,HOUSEHOLD_2_442,CA_3,2016-03-18,0,1.1447430991925538
HOUSEHOLD_2_442_CA_4_evaluation,HOUSEHOLD_2_442,CA_4,2016-03-18,0,0.6228759486346822
HOUSEHOLD_2_442_TX_1_evaluation,HOUSEHOLD_2_442,TX_1,2016-03-18,1,0.4403975203406354
HOUSEHOLD_2_442_TX_2_evaluation,HOUSEHOLD_2_442,TX_2,2016-03-18,0,1.1113380301539524
HOUSEHOLD_2_442_TX_3_evaluation,HOUSEHOLD_2_442,TX_3,2016-03-18,1,0.6940608767111405
HOUSEHOLD_2_442_WI_1_evaluation,HOUSEHOLD_2_442,WI_1,2016-03-18,1,1.1041384943087924
HOUSEHOLD_2_442_WI_2_evaluation,HOUSEHOLD_2_442,WI_2,2016-03-18,0,1.1307498636681985
HOUSEHOLD_2_442_WI_3_evaluation,HOUSEHOLD_2_442,WI_3,2016-03-18,0,0.5393214606615083
FOODS_1_021_CA_1_evaluation,FOODS_1_021,CA_1,2016-03-19,2,3.0258445379795798
FOODS_1_021_CA_2_evaluation,FOODS_1_021,CA_2,2016-03-19,1,3.9036711083043505
FOODS_1_021_CA_3_evaluation,FOODS_1_021,CA_3,2016-03-19,1,2.2791470724207423
FOODS_1_021_CA_4_evaluation,FOODS_1_021,CA_4,2016-03-19,6,2.086754372660724
FOODS_1_021_TX_1_evaluation,FOODS_1_021,TX_1,2016-03-19,0,1.0984046489788857
FOODS_1_021_TX_2_evaluation,FOODS_1_021,TX_2,2016-03-19,0,0.947718577182777
FOODS_1_021_TX_3_evaluation,FOODS_1_021,TX_3,2016-03-19,0,0.9275835517625426
FOODS_1_021_WI_1_evaluation,FOODS_1_021,WI_1,2016-03-19,0,1.8065962423699855
FOODS_1_021_WI_2_evaluation,FOODS_1_021,WI_2,2016-03-19,0,1.6506820922077714
FOODS_1_021_WI_3_evaluation,FOODS_1_021,WI_3,2016-03-19,0,1.2367189025548728
FOODS_2_035_CA_1_evaluation,FOODS_2_035,CA_1,2016-03-19,0,2.102624887883869
FOODS_2_035_CA_2_evaluation,FOODS_2_035,CA_2,2016-03-19,1,3.241621465705666
FOODS_2_035_CA_3_evaluation,FOODS_2_035,CA_3,2016-03-19,1,3.7650305915474775
FOODS_2_035_CA_4_evaluation,FOODS_2_035,CA_4,2016-03-19,1,1.4538444315089014
FOODS_2_035_TX_1_evaluation,FOODS_2_035,TX_1,2016-03-19,0,0.8491867016066863
FOODS_2_035_TX_2_evaluation,FOODS_2_035,TX_2,2016-03-19,1,2.2767271143642986
FOODS_2_035_TX_3_evaluation,FOODS_2_035,TX_3,2016-03-19,2,1.8517173615988198
FOODS_2_035_WI_1_evaluation,FOODS_2_035,WI_1,2016-03-19,1,0.9724508791440994
FOODS_2_035_WI_2_evaluation,FOODS_2_035,WI_2,2016-03-19,2,2.4448800785343057
FOODS_2_035_WI_3_evaluation,FOODS_2_035,WI_3,2016-03-19,3,2.305598342248681
FOODS_3_180_CA_1_evaluation,FOODS_3_180,CA_1,2016-03-19,0,0.31538996921199014
FOODS_3_180_CA_2_evaluation,FOODS_3_180,CA_2,2016-03-19,0,0.4208381574737903
FOODS_3_180_CA_3_evaluation,FOODS_3_180,CA_3,2016-03-19,0,0.4207743765730937
FOODS_3_180_CA_4_evaluation,FOODS_3_180,CA_4,2016-03-19,0,0.15774973975111178
FOODS_3_180_TX_1_evaluation,FOODS_3_180,TX_1,2016-03-19,0,0.06429313585339083
FOODS_3_180_TX_2_evaluation,FOODS_3_180,TX_2,2016-03-19,0,0.3533210960010341
FOODS_3_180_TX_3_evaluation,FOODS_3_180,TX_3,2016-03-19,0,0.13046786078144668
FOODS_3_180_WI_1_evaluation,FOODS_3_180,WI_1,2016-03-19,1,0.5707578250156999
FOODS_3_180_WI_2_evaluation,FOODS_3_180,WI_2,2016-03-19,0,0.6061526444846506
FOODS_3_180_WI_3_evaluation,FOODS_3_180,WI_3,2016-03-19,0,0.16549049484239875
FOODS_3_260_CA_1_evaluation,FOODS_3_260,CA_1,2016-03-19,1,1.103413619033548
FOODS_3_260_CA_2_evaluation,FOODS_3_260,CA_2,2016-03-19,0,0.2732988854776183
FOODS_3_260_CA_3_evaluation,FOODS_3_260,CA_3,2016-03-19,5,0.3704693040981993
FOODS_3_260_CA_4_evaluation,FOODS_3_260,CA_4,2016-03-19,0,0.37791192263016055
FOODS_3_260_TX_1_evaluation,FOODS_3_260,TX_1,2016-03-19,0,0.09614854231578535
FOODS_3_260_TX_2_evaluation,FOODS_3_260,TX_2,2016-03-19,0,0.4376757004127326
FOODS_3_260_TX_3_evaluation,FOODS_3_260,TX_3,2016-03-19,0,0.09713334727495479
FOODS_3_260_WI_1_evaluation,FOODS_3_260,WI_1,2016-03-19,1,0.6060272421457049
FOODS_3_260_WI_2_evaluation,FOODS_3_260,WI_2,2016-03-19,1,0.4243945725153166
FOODS_3_260_WI_3_evaluation,FOODS_3_260,WI_3,2016-03-19,0,0.14736165726314923
HOBBIES_1_022_CA_1_evaluation,HOBBIES_1_022,CA_1,2016-03-19,0,0.32604070572762944
HOBBIES_1_022_CA_2_evaluation,HOBBIES_1_022,CA_2,2016-03-19,0,0.28432151187040117
HOBBIES_1_022_CA_3_evaluation,HOBBIES_1_022,CA_3,2016-03-19,0,0.34083156569453815
HOBBIES_1_022_CA_4_evaluation,HOBBIES_1_022,CA_4,2016-03-19,0,0.0833578960300937
HOBBIES_1_022_TX_1_evaluation,HOBBIES_1_022,TX_1,2016-03-19,0,0.221115410642989
HOBBIES_1_022_TX_2_evaluation,HOBBIES_1_022,TX_2,2016-03-19,0,0.3218313018233502
HOBBIES_1_022_TX_3_evaluation,HOBBIES_1_022,TX_3,2016-03-19,0,0.6093365549423264
HOBBIES_1_022_WI_1_evaluation,HOBBIES_1_022,WI_1,2016-03-19,0,0.46238357376046446
HOBBIES_1_022_WI_2_evaluation,HOBBIES_1_022,WI_2,2016-03-19,0,0.25311765088631555
HOBBIES_1_022_WI_3_evaluation,HOBBIES_1_022,WI_3,2016-03-19,0,0.56047481169904
HOBBIES_1_209_CA_1_evaluation,HOBBIES_1_209,CA_1,2016-03-19,4,5.182839205300238
HOBBIES_1_209_CA_2_evaluation,HOBBIES_1_209,CA_2,2016-03-19,2,2.2478170849513677
HOBBIES_1_209_CA_3_evaluation,HOBBIES_1_209,CA_3,2016-03-19,4,7.144525362124461
HOBBIES_1_209_CA_4_evaluation,HOBBIES_1_209,CA_4,2016-03-19,0,0.6830018625289934
HOBBIES_1_209_TX_1_evaluation,HOBBIES_1_209,TX_1,2016-03-19,4,2.8626950602658665
HOBBIES_1_209_TX_2_evaluation,HOBBIES_1_209,TX_2,2016-03-19,0,2.1418251148602545
HOBBIES_1_209_TX_3_evaluation,HOBBIES_1_209,TX_3,2016-03-19,1,1.0531392946758822
HOBBIES_1_209_WI_1_evaluation,HOBBIES_1_209,WI_1,2016-03-19,3,2.597276803159987
HOBBIES_1_209_WI_2_evaluation,HOBBIES_1_209,WI_2,2016-03-19,0,1.7299126243283127
HOBBIES_1_209_WI_3_evaluation,HOBBIES_1_209,WI_3,2016-03-19,3,3.3599517777520425
HOBBIES_2_041_CA_1_evaluation,HOBBIES_2_041,CA_1,2016-03-19,0,0.34878424790916984
HOBBIES_2_041_CA_2_evaluation,HOBBIES_2_041,CA_2,2016-03-19,0,1.4070107367813431
HOBBIES_2_041_CA_3_evaluation,HOBBIES_2_041,CA_3,2016-03-19,0,0.357404438770094
HOBBIES_2_041_CA_4_evaluation,HOBBIES_2_041,CA_4,2016-03-19,0,0.3945834818208069
HOBBIES_2_041_TX_1_evaluation,HOBBIES_2_041,TX_1,2016-03-19,0,0.20115304707680953
HOBBIES_2_041_TX_2_evaluation,HOBBIES_2_041,TX_2,2016-03-19,1,0.7869632053046325
HOBBIES_2_041_TX_3_evaluation,HOBBIES_2_041,TX_3,2016-03-19,0,0.1867962231354382
HOBBIES_2_041_WI_1_evaluation,HOBBIES_2_041,WI_1,2016-03-19,0,0.3628466514936481
HOBBIES_2_041_WI_2_evaluation,HOBBIES_2_041,WI_2,2016-03-19,0,0.25770349870922504
HOBBIES_2_041_WI_3_evaluation,HOBBIES_2_041,WI_3,2016-03-19,0,0.25532242395069626
HOBBIES_2_113_CA_1_evaluation,HOBBIES_2_113,CA_1,2016-03-19,0,0.22816715770596008
HOBBIES_2_113_CA_2_evaluation,HOBBIES_2_113,CA_2,2016-03-19,0,0.12849877087298467
HOBBIES_2_113_CA_3_evaluation,HOBBIES_2_113,CA_3,2016-03-19,0,0.006297990480696777
HOBBIES_2_113_CA_4_evaluation,HOBBIES_2_113,CA_4,2016-03-19,0,0.10521658620411484
HOBBIES_2_113_TX_1_evaluation,HOBBIES_2_113,TX_1,2016-03-19,0,0.0
HOBBIES_2_113_TX_2_evaluation,HOBBIES_2_113,TX_2,2016-03-19,1,0.1679609365902528
HOBBIES_2_113_TX_3_evaluation,HOBBIES_2_113,TX_3,2016-03-19,0,0.0
HOBBIES_2_113_WI_1_evaluation,HOBBIES_2_113,WI_1,2016-03-19,0,0.44915369576715813
HOBBIES_2_113_WI_2_evaluation,HOBBIES_2_113,WI_2,2016-03-19,0,0.25694225212092797
HOBBIES_2_113_WI_3_evaluation,HOBBIES_2_113,WI_3,2016-03-19,0,0.12555058011911369
HOUSEHOLD_1_100_CA_1_evaluation,HOUSEHOLD_1_100,CA_1,2016-03-19,1,0.5566316912906121
HOUSEHOLD_1_100_CA_2_evaluation,HOUSEHOLD_1_100,CA_2,2016-03-19,0,0.24082113602683436
HOUSEHOLD_1_100_CA_3_evaluation,HOUSEHOLD_1_100,CA_3,2016-03-19,3,0.0
HOUSEHOLD_1_100_CA_4_evaluation,HOUSEHOLD_1_100,CA_4,2016-03-19,0,0.35051593705866774
HOUSEHOLD_1_100_TX_1_evaluation,HOUSEHOLD_1_100,TX_1,2016-03-19,1,0.2535491222847401
HOUSEHOLD_1_100_TX_2_evaluation,HOUSEHOLD_1_100,TX_2,2016-03-19,0,0.8037796089907556
HOUSEHOLD_1_100_TX_3_evaluation,HOUSEHOLD_1_100,TX_3,2016-03-19,2,0.7277427249029176
HOUSEHOLD_1_100_WI_1_evaluation,HOUSEHOLD_1_100,WI_1,2016-03-19,0,0.12226398641538609
HOUSEHOLD_1_100_WI_2_evaluation,HOUSEHOLD_1_100,WI_2,2016-03-19,0,0.45022091724787155
HOUSEHOLD_1_100_WI_3_evaluation,HOUSEHOLD_1_100,WI_3,2016-03-19,1,0.45450838483185796
HOUSEHOLD_1_290_CA_1_evaluation,HOUSEHOLD_1_290,CA_1,2016-03-19,0,0.46875917988650984
HOUSEHOLD_1_290_CA_2_evaluation,HOUSEHOLD_1_290,CA_2,2016-03-19,0,0.8144055970047905
HOUSEHOLD_1_290_CA_3_evaluation,HOUSEHOLD_1_290,CA_3,2016-03-19,0,1.9801859006136604
HOUSEHOLD_1_290_CA_4_evaluation,HOUSEHOLD_1_290,CA_4,2016-03-19,1,0.2509212191037567
HOUSEHOLD_1_290_TX_1_evaluation,HOUSEHOLD_1_290,TX_1,2016-03-19,4,1.625743134863482
HOUSEHOLD_1_290_TX_2_evaluation,HOUSEHOLD_1_290,TX_2,2016-03-19,2,1.4803097191109647
HOUSEHOLD_1_290_TX_3_evaluation,HOUSEHOLD_1_290,TX_3,2016-03-19,4,2.1400495189467685
HOUSEHOLD_1_290_WI_1_evaluation,HOUSEHOLD_1_290,WI_1,2016-03-19,3,0.2969009449762923
HOUSEHOLD_1_290_WI_2_evaluation,HOUSEHOLD_1_290,WI_2,2016-03-19,2,2.5156974975848447
HOUSEHOLD_1_290_WI_3_evaluation,HOUSEHOLD_1_290,WI_3,2016-03-19,0,0.9760142048365175
HOUSEHOLD_1_370_CA_1_evaluation,HOUSEHOLD_1_370,CA_1,2016-03-19,1,0.6736012908894845
HOUSEHOLD_1_370_CA_2_evaluation,HOUSEHOLD_1_370,CA_2,2016-03-19,3,2.7256224716982054
HOUSEHOLD_1_370_CA_3_evaluation,HOUSEHOLD_1_370,CA_3,2016-03-19,1,2.942915233896205
HOUSEHOLD_1_370_CA_4_evaluation,HOUSEHOLD_1_370,CA_4,2016-03-19,2,0.5461251385736431
HOUSEHOLD_1_370_TX_1_evaluation,HOUSEHOLD_1_370,TX_1,2016-03-19,0,0.9869696038277698
HOUSEHOLD_1_370_TX_2_evaluation,HOUSEHOLD_1_370,TX_2,2016-03-19,1,1.0750094412413649
HOUSEHOLD_1_370_TX_3_evaluation,HOUSEHOLD_1_370,TX_3,2016-03-19,0,0.9205924418101761
HOUSEHOLD_1_370_WI_1_evaluation,HOUSEHOLD_1_370,WI_1,2016-03-19,0,1.555724586397669
HOUSEHOLD_1_370_WI_2_evaluation,HOUSEHOLD_1_370,WI_2,2016-03-19,4,3.4018052453298386
HOUSEHOLD_1_370_WI_3_evaluation,HOUSEHOLD_1_370,WI_3,2016-03-19,1,0.8448960251814364
HOUSEHOLD_1_489_CA_1_evaluation,HOUSEHOLD_1_489,CA_1,2016-03-19,2,1.6084020168874973
HOUSEHOLD_1_489_CA_2_evaluation,HOUSEHOLD_1_489,CA_2,2016-03-19,2,1.8647980716866734
HOUSEHOLD_1_489_CA_3_evaluation,HOUSEHOLD_1_489,CA_3,2016-03-19,2,2.745489794029657
HOUSEHOLD_1_489_CA_4_evaluation,HOUSEHOLD_1_489,CA_4,2016-03-19,1,0.9099699002042301
HOUSEHOLD_1_489_TX_1_evaluation,HOUSEHOLD_1_489,TX_1,2016-03-19,0,2.948099559694085
HOUSEHOLD_1_489_TX_2_evaluation,HOUSEHOLD_1_489,TX_2,2016-03-19,0,2.364315585140823
HOUSEHOLD_1_489_TX_3_evaluation,HOUSEHOLD_1_489,TX_3,2016-03-19,0,1.61465135445956
HOUSEHOLD_1_489_WI_1_evaluation,HOUSEHOLD_1_489,WI_1,2016-03-19,0,0.8263463610595733
HOUSEHOLD_1_489_WI_2_evaluation,HOUSEHOLD_1_489,WI_2,2016-03-19,2,1.2185344435191259
HOUSEHOLD_1_489_WI_3_evaluation,HOUSEHOLD_1_489,WI_3,2016-03-19,1,1.1469466217289173
HOUSEHOLD_2_442_CA_1_evaluation,HOUSEHOLD_2_442,CA_1,2016-03-19,1,1.7218948296660288
HOUSEHOLD_2_442_CA_2_evaluation,HOUSEHOLD_2_442,CA_2,2016-03-19,4,2.0386527644134684
HOUSEHOLD_2_442_CA_3_evaluation,HOUSEHOLD_2_442,CA_3,2016-03-19,2,1.2215117133915514
HOUSEHOLD_2_442_CA_4_evaluation,HOUSEHOLD_2_442,CA_4,2016-03-19,1,0.6374206639993132
HOUSEHOLD_2_442_TX_1_evaluation,HOUSEHOLD_2_442,TX_1,2016-03-19,0,0.5666178569958813
HOUSEHOLD_2_442_TX_2_evaluation,HOUSEHOLD_2_442,TX_2,2016-03-19,1,1.357321668623222
HOUSEHOLD_2_442_TX_3_evaluation,HOUSEHOLD_2_442,TX_3,2016-03-19,0,0.7214874631388561
HOUSEHOLD_2_442_WI_1_evaluation,HOUSEHOLD_2_442,WI_1,2016-03-19,4,1.3153759253397628
HOUSEHOLD_2_442_WI_2_evaluation,HOUSEHOLD_2_442,WI_2,2016-03-19,2,1.2351227326439917
HOUSEHOLD_2_442_WI_3_evaluation,HOUSEHOLD_2_442,WI_3,2016-03-19,1,0.8899267648415231
FOODS_1_021_CA_1_evaluation,FOODS_1_021,CA_1,2016-03-20,0,3.723195301270337
FOODS_1_021_CA_2_evaluation,FOODS_1_021,CA_2,2016-03-20,3,4.413232389365606
FOODS_1_021_CA_3_evaluation,FOODS_1_021,CA_3,2016-03-20,1,2.482570738827543
FOODS_1_021_CA_4_evaluation,FOODS_1_021,CA_4,2016-03-20,5,2.6537779791741922
FOODS_1_021_TX_1_evaluation,FOODS_1_021,TX_1,2016-03-20,0,1.0637139643893692
FOODS_1_021_TX_2_evaluation,FOODS_1_021,TX_2,2016-03-20,0,1.0684851855565052
FOODS_1_021_TX_3_evaluation,FOODS_1_021,TX_3,2016-03-20,0,0.967951187950425
FOODS_1_021_WI_1_evaluation,FOODS_1_021,WI_1,2016-03-20,5,2.36820722946296
FOODS_1_021_WI_2_evaluation,FOODS_1_021,WI_2,2016-03-20,1,1.9111542998659439
FOODS_1_021_WI_3_evaluation,FOODS_1_021,WI_3,2016-03-20,1,1.3602999473887611
FOODS_2_035_CA_1_evaluation,FOODS_2_035,CA_1,2016-03-20,0,2.1784867566355617
FOODS_2_035_CA_2_evaluation,FOODS_2_035,CA_2,2016-03-20,1,3.264331129289759
FOODS_2_035_CA_3_evaluation,FOODS_2_035,CA_3,2016-03-20,2,3.9403133994618074
FOODS_2_035_CA_4_evaluation,FOODS_2_035,CA_4,2016-03-20,0,1.547154713403502
FOODS_2_035_TX_1_evaluation,FOODS_2_035,TX_1,2016-03-20,0,0.9340275292739686
FOODS_2_035_TX_2_evaluation,FOODS_2_035,TX_2,2016-03-20,1,2.404978499975221
FOODS_2_035_TX_3_evaluation,FOODS_2_035,TX_3,2016-03-20,1,1.9817494186570772
FOODS_2_035_WI_1_evaluation,FOODS_2_035,WI_1,2016-03-20,2,1.0238534073507815
FOODS_2_035_WI_2_evaluation,FOODS_2_035,WI_2,2016-03-20,1,2.4546783227454307
FOODS_2_035_WI_3_evaluation,FOODS_2_035,WI_3,2016-03-20,2,2.3252289627528824
FOODS_3_180_CA_1_evaluation,FOODS_3_180,CA_1,2016-03-20,0,0.3205455073299934
FOODS_3_180_CA_2_evaluation,FOODS_3_180,CA_2,2016-03-20,0,0.4934528429958858
FOODS_3_180_CA_3_evaluation,FOODS_3_180,CA_3,2016-03-20,1,0.4681158136424363
FOODS_3_180_CA_4_evaluation,FOODS_3_180,CA_4,2016-03-20,1,0.155126056162389
FOODS_3_180_TX_1_evaluation,FOODS_3_180,TX_1,2016-03-20,0,0.06889028264185401
FOODS_3_180_TX_2_evaluation,FOODS_3_180,TX_2,2016-03-20,0,0.3715667089966018
FOODS_3_180_TX_3_evaluation,FOODS_3_180,TX_3,2016-03-20,0,0.16508089796843922
FOODS_3_180_WI_1_evaluation,FOODS_3_180,WI_1,2016-03-20,0,0.6315457727441988
FOODS_3_180_WI_2_evaluation,FOODS_3_180,WI_2,2016-03-20,0,0.6608938679256992
FOODS_3_180_WI_3_evaluation,FOODS_3_180,WI_3,2016-03-20,1,0.15334878419528972
FOODS_3_260_CA_1_evaluation,FOODS_3_260,CA_1,2016-03-20,2,1.1060544962560785
FOODS_3_260_CA_2_evaluation,FOODS_3_260,CA_2,2016-03-20,0,0.3260560678476902
FOODS_3_260_CA_3_evaluation,FOODS_3_260,CA_3,2016-03-20,0,0.412193308876335
FOODS_3_260_CA_4_evaluation,FOODS_3_260,CA_4,2016-03-20,0,0.3481270802358679
FOODS_3_260_TX_1_evaluation,FOODS_3_260,TX_1,2016-03-20,0,0.115384923468772
FOODS_3_260_TX_2_evaluation,FOODS_3_260,TX_2,2016-03-20,0,0.46420810786155187
FOODS_3_260_TX_3_evaluation,FOODS_3_260,TX_3,2016-03-20,0,0.09561298461799143
FOODS_3_260_WI_1_evaluation,FOODS_3_260,WI_1,2016-03-20,0,0.7394338434358769
FOODS_3_260_WI_2_evaluation,FOODS_3_260,WI_2,2016-03-20,1,0.46019709181846136
FOODS_3_260_WI_3_evaluation,FOODS_3_260,WI_3,2016-03-20,1,0.12921662864950478
HOBBIES_1_022_CA_1_evaluation,HOBBIES_1_022,CA_1,2016-03-20,0,0.4300502747902447
HOBBIES_1_022_CA_2_evaluation,HOBBIES_1_022,CA_2,2016-03-20,1,0.3758006124123721
HOBBIES_1_022_CA_3_evaluation,HOBBIES_1_022,CA_3,2016-03-20,2,0.6927791201431646
HOBBIES_1_022_CA_4_evaluation,HOBBIES_1_022,CA_4,2016-03-20,0,0.12336434227834622
HOBBIES_1_022_TX_1_evaluation,HOBBIES_1_022,TX_1,2016-03-20,2,0.34671103160063843
HOBBIES_1_022_TX_2_evaluation,HOBBIES_1_022,TX_2,2016-03-20,0,0.39681368951946383
HOBBIES_1_022_TX_3_evaluation,HOBBIES_1_022,TX_3,2016-03-20,1,0.6384938872379926
HOBBIES_1_022_WI_1_evaluation,HOBBIES_1_022,WI_1,2016-03-20,0,0.49639281471892427
HOBBIES_1_022_WI_2_evaluation,HOBBIES_1_022,WI_2,2016-03-20,0,0.35964800776020295
HOBBIES_1_022_WI_3_evaluation,HOBBIES_1_022,WI_3,2016-03-20,0,0.5567072960412048
HOBBIES_1_209_CA_1_evaluation,HOBBIES_1_209,CA_1,2016-03-20,2,6.81304094916924
HOBBIES_1_209_CA_2_evaluation,HOBBIES_1_209,CA_2,2016-03-20,8,4.15508532144661
HOBBIES_1_209_CA_3_evaluation,HOBBIES_1_209,CA_3,2016-03-20,12,8.503193231329934
HOBBIES_1_209_CA_4_evaluation,HOBBIES_1_209,CA_4,2016-03-20,0,0.8943965956884031
HOBBIES_1_209_TX_1_evaluation,HOBBIES_1_209,TX_1,2016-03-20,1,3.1164194354763137
HOBBIES_1_209_TX_2_evaluation,HOBBIES_1_209,TX_2,2016-03-20,1,2.3464664708868175
HOBBIES_1_209_TX_3_evaluation,HOBBIES_1_209,TX_3,2016-03-20,2,1.1383732607182273
HOBBIES_1_209_WI_1_evaluation,HOBBIES_1_209,WI_1,2016-03-20,2,3.127384444429834
HOBBIES_1_209_WI_2_evaluation,HOBBIES_1_209,WI_2,2016-03-20,1,2.4705429589841237
HOBBIES_1_209_WI_3_evaluation,HOBBIES_1_209,WI_3,2016-03-20,27,3.29867354054767
HOBBIES_2_041_CA_1_evaluation,HOBBIES_2_041,CA_1,2016-03-20,2,0.3934939691449746
HOBBIES_2_041_CA_2_evaluation,HOBBIES_2_041,CA_2,2016-03-20,0,1.3047511140099808
HOBBIES_2_041_CA_3_evaluation,HOBBIES_2_041,CA_3,2016-03-20,0,0.2944391503844271
HOBBIES_2_041_CA_4_evaluation,HOBBIES_2_041,CA_4,2016-03-20,1,0.4393073515919351
HOBBIES_2_041_TX_1_evaluation,HOBBIES_2_041,TX_1,2016-03-20,0,0.16228160855184381
HOBBIES_2_041_TX_2_evaluation,HOBBIES_2_041,TX_2,2016-03-20,2,0.879431651291228
HOBBIES_2_041_TX_3_evaluation,HOBBIES_2_041,TX_3,2016-03-20,0,0.20440347418731902
HOBBIES_2_041_WI_1_evaluation,HOBBIES_2_041,WI_1,2016-03-20,0,0.3447460534666024
HOBBIES_2_041_WI_2_evaluation,HOBBIES_2_041,WI_2,2016-03-20,0,0.2495172010433949
HOBBIES_2_041_WI_3_evaluation,HOBBIES_2_041,WI_3,2016-03-20,0,0.2295864299649475
HOBBIES_2_113_CA_1_evaluation,HOBBIES_2_113,CA_1,2016-03-20,0,0.34283611752331994
HOBBIES_2_113_CA_2_evaluation,HOBBIES_2_113,CA_2,2016-03-20,0,0.17486993791447175
HOBBIES_2_113_CA_3_evaluation,HOBBIES_2_113,CA_3,2016-03-20,0,0.12214260555501641
HOBBIES_2_113_CA_4_evaluation,HOBBIES_2_113,CA_4,2016-03-20,0,0.11542603260711512
HOBBIES_2_113_TX_1_evaluation,HOBBIES_2_113,TX_1,2016-03-20,0,0.07546443277271886
HOBBIES_2_113_TX_2_evaluation,HOBBIES_2_113,TX_2,2016-03-20,0,0.20303367417483617
HOBBIES_2_113_TX_3_evaluation,HOBBIES_2_113,TX_3,2016-03-20,0,0.0025155626090207495
HOBBIES_2_113_WI_1_evaluation,HOBBIES_2_113,WI_1,2016-03-20,0,0.46997241237066867
HOBBIES_2_113_WI_2_evaluation,HOBBIES_2_113,WI_2,2016-03-20,0,0.2767813383694896
HOBBIES_2_113_WI_3_evaluation,HOBBIES_2_113,WI_3,2016-03-20,0,0.18885865740827085
HOUSEHOLD_1_100_CA_1_evaluation,HOUSEHOLD_1_100,CA_1,2016-03-20,2,1.3847892380994815
HOUSEHOLD_1_100_CA_2_evaluation,HOUSEHOLD_1_100,CA_2,2016-03-20,2,0.40687870405282034
HOUSEHOLD_1_100_CA_3_evaluation,HOUSEHOLD_1_100,CA_3,2016-03-20,6,0.6043579498138223
HOUSEHOLD_1_100_CA_4_evaluation,HOUSEHOLD_1_100,CA_4,2016-03-20,0,0.4010340721453312
HOUSEHOLD_1_100_TX_1_evaluation,HOUSEHOLD_1_100,TX_1,2016-03-20,0,0.5303173229692937
HOUSEHOLD_1_100_TX_2_evaluation,HOUSEHOLD_1_100,TX_2,2016-03-20,3,1.118458041307267
HOUSEHOLD_1_100_TX_3_evaluation,HOUSEHOLD_1_100,TX_3,2016-03-20,3,0.955421819622513
HOUSEHOLD_1_100_WI_1_evaluation,HOUSEHOLD_1_100,WI_1,2016-03-20,1,0.3509794440559453
HOUSEHOLD_1_100_WI_2_evaluation,HOUSEHOLD_1_100,WI_2,2016-03-20,0,0.592667397777708
HOUSEHOLD_1_100_WI_3_evaluation,HOUSEHOLD_1_100,WI_3,2016-03-20,0,0.7744457453441278
HOUSEHOLD_1_290_CA_1_evaluation,HOUSEHOLD_1_290,CA_1,2016-03-20,1,0.6821332690966323
HOUSEHOLD_1_290_CA_2_evaluation,HOUSEHOLD_1_290,CA_2,2016-03-20,0,0.981001048139114
HOUSEHOLD_1_290_CA_3_evaluation,HOUSEHOLD_1_290,CA_3,2016-03-20,4,2.208269916815368
HOUSEHOLD_1_290_CA_4_evaluation,HOUSEHOLD_1_290,CA_4,2016-03-20,0,0.2897448968537578
HOUSEHOLD_1_290_TX_1_evaluation,HOUSEHOLD_1_290,TX_1,2016-03-20,0,2.003515013636908
HOUSEHOLD_1_290_TX_2_evaluation,HOUSEHOLD_1_290,TX_2,2016-03-20,0,1.4678057908125122
HOUSEHOLD_1_290_TX_3_evaluation,HOUSEHOLD_1_290,TX_3,2016-03-20,1,2.290622996241738
HOUSEHOLD_1_290_WI_1_evaluation,HOUSEHOLD_1_290,WI_1,2016-03-20,0,0.313756535665141
HOUSEHOLD_1_290_WI_2_evaluation,HOUSEHOLD_1_290,WI_2,2016-03-20,3,2.3036989193649937
HOUSEHOLD_1_290_WI_3_evaluation,HOUSEHOLD_1_290,WI_3,2016-03-20,3,0.854665539429341
HOUSEHOLD_1_370_CA_1_evaluation,HOUSEHOLD_1_370,CA_1,2016-03-20,1,1.5344833250055117
HOUSEHOLD_1_370_CA_2_evaluation,HOUSEHOLD_1_370,CA_2,2016-03-20,3,3.669817936182576
HOUSEHOLD_1_370_CA_3_evaluation,HOUSEHOLD_1_370,CA_3,2016-03-20,4,3.944261279195627
HOUSEHOLD_1_370_CA_4_evaluation,HOUSEHOLD_1_370,CA_4,2016-03-20,0,0.7972515647230806
HOUSEHOLD_1_370_TX_1_evaluation,HOUSEHOLD_1_370,TX_1,2016-03-20,1,1.012514913031309
HOUSEHOLD_1_370_TX_2_evaluation,HOUSEHOLD_1_370,TX_2,2016-03-20,1,1.2672004108333161
HOUSEHOLD_1_370_TX_3_evaluation,HOUSEHOLD_1_370,TX_3,2016-03-20,1,1.072028278559987
HOUSEHOLD_1_370_WI_1_evaluation,HOUSEHOLD_1_370,WI_1,2016-03-20,1,2.8542770168203404
HOUSEHOLD_1_370_WI_2_evaluation,HOUSEHOLD_1_370,WI_2,2016-03-20,8,3.801263112504923
HOUSEHOLD_1_370_WI_3_evaluation,HOUSEHOLD_1_370,WI_3,2016-03-20,1,1.106816077440152
HOUSEHOLD_1_489_CA_1_evaluation,HOUSEHOLD_1_489,CA_1,2016-03-20,1,1.7521417438904507
HOUSEHOLD_1_489_CA_2_evaluation,HOUSEHOLD_1_489,CA_2,2016-03-20,1,1.961883214863174
HOUSEHOLD_1_489_CA_3_evaluation,HOUSEHOLD_1_489,CA_3,2016-03-20,4,2.808558625900926
HOUSEHOLD_1_489_CA_4_evaluation,HOUSEHOLD_1_489,CA_4,2016-03-20,1,0.9293824115253986
HOUSEHOLD_1_489_TX_1_evaluation,HOUSEHOLD_1_489,TX_1,2016-03-20,0,3.0370218752399984
HOUSEHOLD_1_489_TX_2_evaluation,HOUSEHOLD_1_489,TX_2,2016-03-20,2,2.424383999309711
HOUSEHOLD_1_489_TX_3_evaluation,HOUSEHOLD_1_489,TX_3,2016-03-20,3,1.6929737897111936
HOUSEHOLD_1_489_WI_1_evaluation,HOUSEHOLD_1_489,WI_1,2016-03-20,3,0.9271452353879135
HOUSEHOLD_1_489_WI_2_evaluation,HOUSEHOLD_1_489,WI_2,2016-03-20,0,1.2785069470713044
HOUSEHOLD_1_489_WI_3_evaluation,HOUSEHOLD_1_489,WI_3,2016-03-20,0,1.2466215558209297
HOUSEHOLD_2_442_CA_1_evaluation,HOUSEHOLD_2_442,CA_1,2016-03-20,0,2.228787907387262
HOUSEHOLD_2_442_CA_2_evaluation,HOUSEHOLD_2_442,CA_2,2016-03-20,1,2.6011039377789693
HOUSEHOLD_2_442_CA_3_evaluation,HOUSEHOLD_2_442,CA_3,2016-03-20,3,1.5576961100851343
HOUSEHOLD_2_442_CA_4_evaluation,HOUSEHOLD_2_442,CA_4,2016-03-20,0,0.7026823166662013
HOUSEHOLD_2_442_TX_1_evaluation,HOUSEHOLD_2_442,TX_1,2016-03-20,1,0.8549546671924282
HOUSEHOLD_2_442_TX_2_evaluation,HOUSEHOLD_2_442,TX_2,2016-03-20,1,1.526688141463246
HOUSEHOLD_2_442_TX_3_evaluation,HOUSEHOLD_2_442,TX_3,2016-03-20,2,0.9953173104994449
HOUSEHOLD_2_442_WI_1_evaluation,HOUSEHOLD_2_442,WI_1,2016-03-20,3,1.6138722545606674
HOUSEHOLD_2_442_WI_2_evaluation,HOUSEHOLD_2_442,WI_2,2016-03-20,0,1.3933341822663634
HOUSEHOLD_2_442_WI_3_evaluation,HOUSEHOLD_2_442,WI_3,2016-03-20,1,1.045424282131306
FOODS_1_021_CA_1_evaluation,FOODS_1_021,CA_1,2016-03-21,0,2.791088730064031
FOODS_1_021_CA_2_evaluation,FOODS_1_021,CA_2,2016-03-21,3,4.092751048397758
FOODS_1_021_CA_3_evaluation,FOODS_1_021,CA_3,2016-03-21,2,2.3697320628381138
FOODS_1_021_CA_4_evaluation,FOODS_1_021,CA_4,2016-03-21,4,1.9922745621829439
FOODS_1_021_TX_1_evaluation,FOODS_1_021,TX_1,2016-03-21,0,1.0836656666083742
FOODS_1_021_TX_2_evaluation,FOODS_1_021,TX_2,2016-03-21,0,1.116833581304538
FOODS_1_021_TX_3_evaluation,FOODS_1_021,TX_3,2016-03-21,0,0.964641969783164
FOODS_1_021_WI_1_evaluation,FOODS_1_021,WI_1,2016-03-21,5,1.465391057635964
FOODS_1_021_WI_2_evaluation,FOODS_1_021,WI_2,2016-03-21,1,1.6483825153560336
FOODS_1_021_WI_3_evaluation,FOODS_1_021,WI_3,2016-03-21,0,1.0939265557943472
FOODS_2_035_CA_1_evaluation,FOODS_2_035,CA_1,2016-03-21,0,2.2453636540795583
FOODS_2_035_CA_2_evaluation,FOODS_2_035,CA_2,2016-03-21,5,3.4332267408470507
FOODS_2_035_CA_3_evaluation,FOODS_2_035,CA_3,2016-03-21,6,4.357965152200531
FOODS_2_035_CA_4_evaluation,FOODS_2_035,CA_4,2016-03-21,1,1.6181838487348106
FOODS_2_035_TX_1_evaluation,FOODS_2_035,TX_1,2016-03-21,0,0.9634386376179601
FOODS_2_035_TX_2_evaluation,FOODS_2_035,TX_2,2016-03-21,5,2.555486140599754
FOODS_2_035_TX_3_evaluation,FOODS_2_035,TX_3,2016-03-21,3,2.1881113700760175
FOODS_2_035_WI_1_evaluation,FOODS_2_035,WI_1,2016-03-21,2,1.0196465670016148
FOODS_2_035_WI_2_evaluation,FOODS_2_035,WI_2,2016-03-21,2,2.6228843703748126
FOODS_2_035_WI_3_evaluation,FOODS_2_035,WI_3,2016-03-21,2,2.528684282956375
FOODS_3_180_CA_1_evaluation,FOODS_3_180,CA_1,2016-03-21,1,0.3641060988551999
FOODS_3_180_CA_2_evaluation,FOODS_3_180,CA_2,2016-03-21,1,0.5062725252996065
FOODS_3_180_CA_3_evaluation,FOODS_3_180,CA_3,2016-03-21,0,0.5233246177146633
FOODS_3_180_CA_4_evaluation,FOODS_3_180,CA_4,2016-03-21,0,0.23565377776882251
FOODS_3_180_TX_1_evaluation,FOODS_3_180,TX_1,2016-03-21,0,0.05846044719005779
FOODS_3_180_TX_2_evaluation,FOODS_3_180,TX_2,2016-03-21,0,0.38243726673704215
FOODS_3_180_TX_3_evaluation,FOODS_3_180,TX_3,2016-03-21,1,0.16193692081012345
FOODS_3_180_WI_1_evaluation,FOODS_3_180,WI_1,2016-03-21,2,0.7346653310495893
FOODS_3_180_WI_2_evaluation,FOODS_3_180,WI_2,2016-03-21,1,0.7722709598918838
FOODS_3_180_WI_3_evaluation,FOODS_3_180,WI_3,2016-03-21,1,0.19020431686058503
FOODS_3_260_CA_1_evaluation,FOODS_3_260,CA_1,2016-03-21,0,1.082679395059491
FOODS_3_260_CA_2_evaluation,FOODS_3_260,CA_2,2016-03-21,0,0.35964035142628004
FOODS_3_260_CA_3_evaluation,FOODS_3_260,CA_3,2016-03-21,0,0.43884862217062526
FOODS_3_260_CA_4_evaluation,FOODS_3_260,CA_4,2016-03-21,0,0.3719329622963225
FOODS_3_260_TX_1_evaluation,FOODS_3_260,TX_1,2016-03-21,0,0.12751224169606978
FOODS_3_260_TX_2_evaluation,FOODS_3_260,TX_2,2016-03-21,2,0.42914969839205785
FOODS_3_260_TX_3_evaluation,FOODS_3_260,TX_3,2016-03-21,0,0.12024807803732747
FOODS_3_260_WI_1_evaluation,FOODS_3_260,WI_1,2016-03-21,0,0.6348741914926815
FOODS_3_260_WI_2_evaluation,FOODS_3_260,WI_2,2016-03-21,1,0.48844435378103324
FOODS_3_260_WI_3_evaluation,FOODS_3_260,WI_3,2016-03-21,0,0.1641514579332113
HOBBIES_1_022_CA_1_evaluation,HOBBIES_1_022,CA_1,2016-03-21,1,0.39424137942692067
HOBBIES_1_022_CA_2_evaluation,HOBBIES_1_022,CA_2,2016-03-21,0,0.559344307217615
HOBBIES_1_022_CA_3_evaluation,HOBBIES_1_022,CA_3,2016-03-21,1,0.6890467817178433
HOBBIES_1_022_CA_4_evaluation,HOBBIES_1_022,CA_4,2016-03-21,0,0.0773461060524099
HOBBIES_1_022_TX_1_evaluation,HOBBIES_1_022,TX_1,2016-03-21,0,0.25502745187783304
HOBBIES_1_022_TX_2_evaluation,HOBBIES_1_022,TX_2,2016-03-21,1,0.2566460751523185
HOBBIES_1_022_TX_3_evaluation,HOBBIES_1_022,TX_3,2016-03-21,0,0.664138369234802
HOBBIES_1_022_WI_1_evaluation,HOBBIES_1_022,WI_1,2016-03-21,0,0.5212952177164162
HOBBIES_1_022_WI_2_evaluation,HOBBIES_1_022,WI_2,2016-03-21,0,0.28505389702613554
HOBBIES_1_022_WI_3_evaluation,HOBBIES_1_022,WI_3,2016-03-21,0,0.45373671267807475
HOBBIES_1_209_CA_1_evaluation,HOBBIES_1_209,CA_1,2016-03-21,4,5.657072531565756
HOBBIES_1_209_CA_2_evaluation,HOBBIES_1_209,CA_2,2016-03-21,6,3.0394106175412396
HOBBIES_1_209_CA_3_evaluation,HOBBIES_1_209,CA_3,2016-03-21,14,7.874436094505852
HOBBIES_1_209_CA_4_evaluation,HOBBIES_1_209,CA_4,2016-03-21,0,0.6161215492264807
HOBBIES_1_209_TX_1_evaluation,HOBBIES_1_209,TX_1,2016-03-21,2,2.5419559613251264
HOBBIES_1_209_TX_2_evaluation,HOBBIES_1_209,TX_2,2016-03-21,0,1.894510660519487
HOBBIES_1_209_TX_3_evaluation,HOBBIES_1_209,TX_3,2016-03-21,6,1.0294798707865878
HOBBIES_1_209_WI_1_evaluation,HOBBIES_1_209,WI_1,2016-03-21,0,2.277133843303241
HOBBIES_1_209_WI_2_evaluation,HOBBIES_1_209,WI_2,2016-03-21,0,1.420515526484897
HOBBIES_1_209_WI_3_evaluation,HOBBIES_1_209,WI_3,2016-03-21,2,3.243060545886244
HOBBIES_2_041_CA_1_evaluation,HOBBIES_2_041,CA_1,2016-03-21,0,0.36692969027180317
HOBBIES_2_041_CA_2_evaluation,HOBBIES_2_041,CA_2,2016-03-21,0,1.3066532495542986
HOBBIES_2_041_CA_3_evaluation,HOBBIES_2_041,CA_3,2016-03-21,10,0.4310168682670612
HOBBIES_2_041_CA_4_evaluation,HOBBIES_2_041,CA_4,2016-03-21,1,0.3779427656413821
HOBBIES_2_041_TX_1_evaluation,HOBBIES_2_041,TX_1,2016-03-21,0,0.17258911752516573
HOBBIES_2_041_TX_2_evaluation,HOBBIES_2_041,TX_2,2016-03-21,3,0.7584352669996703
HOBBIES_2_041_TX_3_evaluation,HOBBIES_2_041,TX_3,2016-03-21,0,0.21457255703582567
HOBBIES_2_041_WI_1_evaluation,HOBBIES_2_041,WI_1,2016-03-21,0,0.3713271059121776
HOBBIES_2_041_WI_2_evaluation,HOBBIES_2_041,WI_2,2016-03-21,0,0.21179775144381435
HOBBIES_2_041_WI_3_evaluation,HOBBIES_2_041,WI_3,2016-03-21,0,0.19995805605110914
HOBBIES_2_113_CA_1_evaluation,HOBBIES_2_113,CA_1,2016-03-21,0,0.3790825058081802
HOBBIES_2_113_CA_2_evaluation,HOBBIES_2_113,CA_2,2016-03-21,0,0.13848834506111604
HOBBIES_2_113_CA_3_evaluation,HOBBIES_2_113,CA_3,2016-03-21,0,0.1590564224346454
HOBBIES_2_113_CA_4_evaluation,HOBBIES_2_113,CA_4,2016-03-21,0,0.12177803773880996
HOBBIES_2_113_TX_1_evaluation,HOBBIES_2_113,TX_1,2016-03-21,0,0.1290918270681407
HOBBIES_2_113_TX_2_evaluation,HOBBIES_2_113,TX_2,2016-03-21,0,0.2425071467954158
HOBBIES_2_113_TX_3_evaluation,HOBBIES_2_113,TX_3,2016-03-21,0,0.0
HOBBIES_2_113_WI_1_evaluation,HOBBIES_2_113,WI_1,2016-03-21,0,0.38618401335991104
HOBBIES_2_113_WI_2_evaluation,HOBBIES_2_113,WI_2,2016-03-21,0,0.2439737722289826
HOBBIES_2_113_WI_3_evaluation,HOBBIES_2_113,WI_3,2016-03-21,0,0.15482671429052883
HOUSEHOLD_1_100_CA_1_evaluation,HOUSEHOLD_1_100,CA_1,2016-03-21,1,1.436812081631224
HOUSEHOLD_1_100_CA_2_evaluation,HOUSEHOLD_1_100,CA_2,2016-03-21,1,0.29726606666211736
HOUSEHOLD_1_100_CA_3_evaluation,HOUSEHOLD_1_100,CA_3,2016-03-21,2,0.8959990647060331
HOUSEHOLD_1_100_CA_4_evaluation,HOUSEHOLD_1_100,CA_4,2016-03-21,1,0.420903902161564
HOUSEHOLD_1_100_TX_1_evaluation,HOUSEHOLD_1_100,TX_1,2016-03-21,1,0.658952005836134
HOUSEHOLD_1_100_TX_2_evaluation,HOUSEHOLD_1_100,TX_2,2016-03-21,0,1.2085589485272914
HOUSEHOLD_1_100_TX_3_evaluation,HOUSEHOLD_1_100,TX_3,2016-03-21,4,1.2576882201030162
HOUSEHOLD_1_100_WI_1_evaluation,HOUSEHOLD_1_100,WI_1,2016-03-21,1,0.3653247470990375
HOUSEHOLD_1_100_WI_2_evaluation,HOUSEHOLD_1_100,WI_2,2016-03-21,0,0.3075107035138788
HOUSEHOLD_1_100_WI_3_evaluation,HOUSEHOLD_1_100,WI_3,2016-03-21,3,0.6506121261028147
HOUSEHOLD_1_290_CA_1_evaluation,HOUSEHOLD_1_290,CA_1,2016-03-21,5,0.6828753542622099
HOUSEHOLD_1_290_CA_2_evaluation,HOUSEHOLD_1_290,CA_2,2016-03-21,0,0.7982904338857957
HOUSEHOLD_1_290_CA_3_evaluation,HOUSEHOLD_1_290,CA_3,2016-03-21,2,2.119944403255727
HOUSEHOLD_1_290_CA_4_evaluation,HOUSEHOLD_1_290,CA_4,2016-03-21,0,0.2525483708045004
HOUSEHOLD_1_290_TX_1_evaluation,HOUSEHOLD_1_290,TX_1,2016-03-21,0,1.8541411819979117
HOUSEHOLD_1_290_TX_2_evaluation,HOUSEHOLD_1_290,TX_2,2016-03-21,1,1.2824204114593938
HOUSEHOLD_1_290_TX_3_evaluation,HOUSEHOLD_1_290,TX_3,2016-03-21,2,2.0839714011109236
HOUSEHOLD_1_290_WI_1_evaluation,HOUSEHOLD_1_290,WI_1,2016-03-21,0,0.23314389932902985
HOUSEHOLD_1_290_WI_2_evaluation,HOUSEHOLD_1_290,WI_2,2016-03-21,0,2.083020776315387
HOUSEHOLD_1_290_WI_3_evaluation,HOUSEHOLD_1_290,WI_3,2016-03-21,2,0.4664730281383733
HOUSEHOLD_1_370_CA_1_evaluation,HOUSEHOLD_1_370,CA_1,2016-03-21,1,1.3760650804722285
HOUSEHOLD_1_370_CA_2_evaluation,HOUSEHOLD_1_370,CA_2,2016-03-21,3,3.381527742563384
HOUSEHOLD_1_370_CA_3_evaluation,HOUSEHOLD_1_370,CA_3,2016-03-21,7,4.053265477158396
HOUSEHOLD_1_370_CA_4_evaluation,HOUSEHOLD_1_370,CA_4,2016-03-21,1,0.7358395492797771
HOUSEHOLD_1_370_TX_1_evaluation,HOUSEHOLD_1_370,TX_1,2016-03-21,1,1.3336534862721379
HOUSEHOLD_1_370_TX_2_evaluation,HOUSEHOLD_1_370,TX_2,2016-03-21,1,1.2163733927817724
HOUSEHOLD_1_370_TX_3_evaluation,HOUSEHOLD_1_370,TX_3,2016-03-21,2,1.1625964738080639
HOUSEHOLD_1_370_WI_1_evaluation,HOUSEHOLD_1_370,WI_1,2016-03-21,2,2.1629861656849036
HOUSEHOLD_1_370_WI_2_evaluation,HOUSEHOLD_1_370,WI_2,2016-03-21,4,3.7615895890726234
HOUSEHOLD_1_370_WI_3_evaluation,HOUSEHOLD_1_370,WI_3,2016-03-21,2,1.0749698425339138
HOUSEHOLD_1_489_CA_1_evaluation,HOUSEHOLD_1_489,CA_1,2016-03-21,0,1.6933736720038575
HOUSEHOLD_1_489_CA_2_evaluation,HOUSEHOLD_1_489,CA_2,2016-03-21,3,1.9180486990620564
HOUSEHOLD_1_489_CA_3_evaluation,HOUSEHOLD_1_489,CA_3,2016-03-21,3,2.881068970393636
HOUSEHOLD_1_489_CA_4_evaluation,HOUSEHOLD_1_489,CA_4,2016-03-21,0,0.9307999873860667
HOUSEHOLD_1_489_TX_1_evaluation,HOUSEHOLD_1_489,TX_1,2016-03-21,3,2.999154790594082
HOUSEHOLD_1_489_TX_2_evaluation,HOUSEHOLD_1_489,TX_2,2016-03-21,4,2.369574288784225
HOUSEHOLD_1_489_TX_3_evaluation,HOUSEHOLD_1_489,TX_3,2016-03-21,1,1.6366448514657397
HOUSEHOLD_1_489_WI_1_evaluation,HOUSEHOLD_1_489,WI_1,2016-03-21,1,0.8316014180756687
HOUSEHOLD_1_489_WI_2_evaluation,HOUSEHOLD_1_489,WI_2,2016-03-21,0,1.2402124457271078
HOUSEHOLD_1_489_WI_3_evaluation,HOUSEHOLD_1_489,WI_3,2016-03-21,0,1.2583475383965608
HOUSEHOLD_2_442_CA_1_evaluation,HOUSEHOLD_2_442,CA_1,2016-03-21,2,2.156561245223294
HOUSEHOLD_2_442_CA_2_evaluation,HOUSEHOLD_2_442,CA_2,2016-03-21,0,2.3783600061392427
HOUSEHOLD_2_442_CA_3_evaluation,HOUSEHOLD_2_442,CA_3,2016-03-21,0,1.6648581401741516
HOUSEHOLD_2_442_CA_4_evaluation,HOUSEHOLD_2_442,CA_4,2016-03-21,0,0.7198470483463939
HOUSEHOLD_2_442_TX_1_evaluation,HOUSEHOLD_2_442,TX_1,2016-03-21,0,0.7022299019657194
HOUSEHOLD_2_442_TX_2_evaluation,HOUSEHOLD_2_442,TX_2,2016-03-21,3,1.4320598997324723
HOUSEHOLD_2_442_TX_3_evaluation,HOUSEHOLD_2_442,TX_3,2016-03-21,0,0.7921824093417258
HOUSEHOLD_2_442_WI_1_evaluation,HOUSEHOLD_2_442,WI_1,2016-03-21,0,1.4413598618570218
HOUSEHOLD_2_442_WI_2_evaluation,HOUSEHOLD_2_442,WI_2,2016-03-21,2,1.311292493920934
HOUSEHOLD_2_442_WI_3_evaluation,HOUSEHOLD_2_442,WI_3,2016-03-21,0,0.8734048254247151
FOODS_1_021_CA_1_evaluation,FOODS_1_021,CA_1,2016-03-22,0,2.623279928685061
FOODS_1_021_CA_2_evaluation,FOODS_1_021,CA_2,2016-03-22,1,3.0388217749188584
FOODS_1_021_CA_3_evaluation,FOODS_1_021,CA_3,2016-03-22,2,1.8337594736156904
FOODS_1_021_CA_4_evaluation,FOODS_1_021,CA_4,2016-03-22,0,1.54060108865386
FOODS_1_021_TX_1_evaluation,FOODS_1_021,TX_1,2016-03-22,0,0.952856886370219
FOODS_1_021_TX_2_evaluation,FOODS_1_021,TX_2,2016-03-22,0,0.8456326003273119
FOODS_1_021_TX_3_evaluation,FOODS_1_021,TX_3,2016-03-22,0,0.7893205688973056
FOODS_1_021_WI_1_evaluation,FOODS_1_021,WI_1,2016-03-22,1,0.33164609989503446
FOODS_1_021_WI_2_evaluation,FOODS_1_021,WI_2,2016-03-22,0,1.4632798206637907
FOODS_1_021_WI_3_evaluation,FOODS_1_021,WI_3,2016-03-22,0,0.975842413573885
FOODS_2_035_CA_1_evaluation,FOODS_2_035,CA_1,2016-03-22,2,2.1601381728814126
FOODS_2_035_CA_2_evaluation,FOODS_2_035,CA_2,2016-03-22,2,3.351079284596489
FOODS_2_035_CA_3_evaluation,FOODS_2_035,CA_3,2016-03-22,4,4.12714227487069
FOODS_2_035_CA_4_evaluation,FOODS_2_035,CA_4,2016-03-22,1,1.6170798348691904
FOODS_2_035_TX_1_evaluation,FOODS_2_035,TX_1,2016-03-22,2,0.9225880125528034
FOODS_2_035_TX_2_evaluation,FOODS_2_035,TX_2,2016-03-22,4,2.4056990972788883
FOODS_2_035_TX_3_evaluation,FOODS_2_035,TX_3,2016-03-22,4,2.1297116963218987
FOODS_2_035_WI_1_evaluation,FOODS_2_035,WI_1,2016-03-22,0,0.9098733144164481
FOODS_2_035_WI_2_evaluation,FOODS_2_035,WI_2,2016-03-22,2,2.458512962902934
FOODS_2_035_WI_3_evaluation,FOODS_2_035,WI_3,2016-03-22,1,2.3079216308622588
FOODS_3_180_CA_1_evaluation,FOODS_3_180,CA_1,2016-03-22,2,0.3192020282500754
FOODS_3_180_CA_2_evaluation,FOODS_3_180,CA_2,2016-03-22,0,0.4309550903368687
FOODS_3_180_CA_3_evaluation,FOODS_3_180,CA_3,2016-03-22,0,0.4377253149062418
FOODS_3_180_CA_4_evaluation,FOODS_3_180,CA_4,2016-03-22,3,0.1859412776331452
FOODS_3_180_TX_1_evaluation,FOODS_3_180,TX_1,2016-03-22,0,0.06336294781961077
FOODS_3_180_TX_2_evaluation,FOODS_3_180,TX_2,2016-03-22,1,0.39853213886891903
FOODS_3_180_TX_3_evaluation,FOODS_3_180,TX_3,2016-03-22,0,0.18557863572302516
FOODS_3_180_WI_1_evaluation,FOODS_3_180,WI_1,2016-03-22,2,0.5863013268634749
FOODS_3_180_WI_2_evaluation,FOODS_3_180,WI_2,2016-03-22,0,0.6799977007312566
FOODS_3_180_WI_3_evaluation,FOODS_3_180,WI_3,2016-03-22,0,0.18996177103558376
FOODS_3_260_CA_1_evaluation,FOODS_3_260,CA_1,2016-03-22,0,1.0747162381872846
FOODS_3_260_CA_2_evaluation,FOODS_3_260,CA_2,2016-03-22,0,0.30784209889209524
FOODS_3_260_CA_3_evaluation,FOODS_3_260,CA_3,2016-03-22,0,0.43648050157199914
FOODS_3_260_CA_4_evaluation,FOODS_3_260,CA_4,2016-03-22,0,0.3832868709489863
FOODS_3_260_TX_1_evaluation,FOODS_3_260,TX_1,2016-03-22,0,0.11448112175309876
FOODS_3_260_TX_2_evaluation,FOODS_3_260,TX_2,2016-03-22,0,0.5335867749500594
FOODS_3_260_TX_3_evaluation,FOODS_3_260,TX_3,2016-03-22,0,0.10753325293015828
FOODS_3_260_WI_1_evaluation,FOODS_3_260,WI_1,2016-03-22,0,0.6141946192806172
FOODS_3_260_WI_2_evaluation,FOODS_3_260,WI_2,2016-03-22,1,0.41976120421694235
FOODS_3_260_WI_3_evaluation,FOODS_3_260,WI_3,2016-03-22,0,0.12461915858915869
HOBBIES_1_022_CA_1_evaluation,HOBBIES_1_022,CA_1,2016-03-22,0,0.28050131465305905
HOBBIES_1_022_CA_2_evaluation,HOBBIES_1_022,CA_2,2016-03-22,0,0.23785915322441706
HOBBIES_1_022_CA_3_evaluation,HOBBIES_1_022,CA_3,2016-03-22,1,0.5506686862765446
HOBBIES_1_022_CA_4_evaluation,HOBBIES_1_022,CA_4,2016-03-22,0,0.08416044966474998
HOBBIES_1_022_TX_1_evaluation,HOBBIES_1_022,TX_1,2016-03-22,0,0.15950339475548178
HOBBIES_1_022_TX_2_evaluation,HOBBIES_1_022,TX_2,2016-03-22,0,0.29818467704970597
HOBBIES_1_022_TX_3_evaluation,HOBBIES_1_022,TX_3,2016-03-22,0,0.5466593447374403
HOBBIES_1_022_WI_1_evaluation,HOBBIES_1_022,WI_1,2016-03-22,1,0.34677648529177313
HOBBIES_1_022_WI_2_evaluation,HOBBIES_1_022,WI_2,2016-03-22,0,0.31623745476324505
HOBBIES_1_022_WI_3_evaluation,HOBBIES_1_022,WI_3,2016-03-22,1,0.23702336916666406
HOBBIES_1_209_CA_1_evaluation,HOBBIES_1_209,CA_1,2016-03-22,0,4.9052353125165125
HOBBIES_1_209_CA_2_evaluation,HOBBIES_1_209,CA_2,2016-03-22,5,2.414207667882431
HOBBIES_1_209_CA_3_evaluation,HOBBIES_1_209,CA_3,2016-03-22,4,7.259695698171994
HOBBIES_1_209_CA_4_evaluation,HOBBIES_1_209,CA_4,2016-03-22,0,0.7082054872531456
HOBBIES_1_209_TX_1_evaluation,HOBBIES_1_209,TX_1,2016-03-22,0,1.7997452142482073
HOBBIES_1_209_TX_2_evaluation,HOBBIES_1_209,TX_2,2016-03-22,0,1.2610238637990692
HOBBIES_1_209_TX_3_evaluation,HOBBIES_1_209,TX_3,2016-03-22,1,1.0772464813610436
HOBBIES_1_209_WI_1_evaluation,HOBBIES_1_209,WI_1,2016-03-22,1,2.125964971579267
HOBBIES_1_209_WI_2_evaluation,HOBBIES_1_209,WI_2,2016-03-22,0,1.7194276389721208
HOBBIES_1_209_WI_3_evaluation,HOBBIES_1_209,WI_3,2016-03-22,4,3.0694030524737275
HOBBIES_2_041_CA_1_evaluation,HOBBIES_2_041,CA_1,2016-03-22,0,0.34961889782193933
HOBBIES_2_041_CA_2_evaluation,HOBBIES_2_041,CA_2,2016-03-22,0,1.270581899124492
HOBBIES_2_041_CA_3_evaluation,HOBBIES_2_041,CA_3,2016-03-22,0,0.29515948441255097
HOBBIES_2_041_CA_4_evaluation,HOBBIES_2_041,CA_4,2016-03-22,0,0.40369434964590123
HOBBIES_2_041_TX_1_evaluation,HOBBIES_2_041,TX_1,2016-03-22,0,0.1190838893098147
HOBBIES_2_041_TX_2_evaluation,HOBBIES_2_041,TX_2,2016-03-22,0,0.7466559211161475
HOBBIES_2_041_TX_3_evaluation,HOBBIES_2_041,TX_3,2016-03-22,0,0.18447649073333963
HOBBIES_2_041_WI_1_evaluation,HOBBIES_2_041,WI_1,2016-03-22,0,0.3497017479906813
HOBBIES_2_041_WI_2_evaluation,HOBBIES_2_041,WI_2,2016-03-22,0,0.23204266512481247
HOBBIES_2_041_WI_3_evaluation,HOBBIES_2_041,WI_3,2016-03-22,0,0.17830323774977963
HOBBIES_2_113_CA_1_evaluation,HOBBIES_2_113,CA_1,2016-03-22,0,0.23641347667067653
HOBBIES_2_113_CA_2_evaluation,HOBBIES_2_113,CA_2,2016-03-22,0,0.02682210200936143
HOBBIES_2_113_CA_3_evaluation,HOBBIES_2_113,CA_3,2016-03-22,1,0.04571691371801319
HOBBIES_2_113_CA_4_evaluation,HOBBIES_2_113,CA_4,2016-03-22,0,0.07961119930051712
HOBBIES_2_113_TX_1_evaluation,HOBBIES_2_113,TX_1,2016-03-22,0,0.10201028425230008
HOBBIES_2_113_TX_2_evaluation,HOBBIES_2_113,TX_2,2016-03-22,0,0.1774248418646025
HOBBIES_2_113_TX_3_evaluation,HOBBIES_2_113,TX_3,2016-03-22,0,0.004194026713663188
HOBBIES_2_113_WI_1_evaluation,HOBBIES_2_113,WI_1,2016-03-22,0,0.30741631379787937
HOBBIES_2_113_WI_2_evaluation,HOBBIES_2_113,WI_2,2016-03-22,0,0.20812961228259924
HOBBIES_2_113_WI_3_evaluation,HOBBIES_2_113,WI_3,2016-03-22,0,0.12433041038031739
HOUSEHOLD_1_100_CA_1_evaluation,HOUSEHOLD_1_100,CA_1,2016-03-22,1,0.6015686355843275
HOUSEHOLD_1_100_CA_2_evaluation,HOUSEHOLD_1_100,CA_2,2016-03-22,1,0.0
HOUSEHOLD_1_100_CA_3_evaluation,HOUSEHOLD_1_100,CA_3,2016-03-22,3,0.251587923795994
HOUSEHOLD_1_100_CA_4_evaluation,HOUSEHOLD_1_100,CA_4,2016-03-22,1,0.31547171521355916
HOUSEHOLD_1_100_TX_1_evaluation,HOUSEHOLD_1_100,TX_1,2016-03-22,1,0.3912416447954531
HOUSEHOLD_1_100_TX_2_evaluation,HOUSEHOLD_1_100,TX_2,2016-03-22,1,0.7972926611233531
HOUSEHOLD_1_100_TX_3_evaluation,HOUSEHOLD_1_100,TX_3,2016-03-22,0,0.8877662422640354
HOUSEHOLD_1_100_WI_1_evaluation,HOUSEHOLD_1_100,WI_1,2016-03-22,0,0.0
HOUSEHOLD_1_100_WI_2_evaluation,HOUSEHOLD_1_100,WI_2,2016-03-22,0,0.23212018284628536
HOUSEHOLD_1_100_WI_3_evaluation,HOUSEHOLD_1_100,WI_3,2016-03-22,0,0.4067296889207042
HOUSEHOLD_1_290_CA_1_evaluation,HOUSEHOLD_1_290,CA_1,2016-03-22,2,0.47967385229190557
HOUSEHOLD_1_290_CA_2_evaluation,HOUSEHOLD_1_290,CA_2,2016-03-22,0,0.761970410855929
HOUSEHOLD_1_290_CA_3_evaluation,HOUSEHOLD_1_290,CA_3,2016-03-22,4,2.0768189980716785
HOUSEHOLD_1_290_CA_4_evaluation,HOUSEHOLD_1_290,CA_4,2016-03-22,1,0.2226272225637779
HOUSEHOLD_1_290_TX_1_evaluation,HOUSEHOLD_1_290,TX_1,2016-03-22,4,1.6004955559480036
HOUSEHOLD_1_290_TX_2_evaluation,HOUSEHOLD_1_290,TX_2,2016-03-22,0,1.2378734040771182
HOUSEHOLD_1_290_TX_3_evaluation,HOUSEHOLD_1_290,TX_3,2016-03-22,3,1.9801226661617584
HOUSEHOLD_1_290_WI_1_evaluation,HOUSEHOLD_1_290,WI_1,2016-03-22,1,0.25173891205486854
HOUSEHOLD_1_290_WI_2_evaluation,HOUSEHOLD_1_290,WI_2,2016-03-22,0,2.4449590973654
HOUSEHOLD_1_290_WI_3_evaluation,HOUSEHOLD_1_290,WI_3,2016-03-22,3,0.4322899688836662
HOUSEHOLD_1_370_CA_1_evaluation,HOUSEHOLD_1_370,CA_1,2016-03-22,0,0.7422775469178187
HOUSEHOLD_1_370_CA_2_evaluation,HOUSEHOLD_1_370,CA_2,2016-03-22,1,2.517041885059883
HOUSEHOLD_1_370_CA_3_evaluation,HOUSEHOLD_1_370,CA_3,2016-03-22,2,3.380397046619304
HOUSEHOLD_1_370_CA_4_evaluation,HOUSEHOLD_1_370,CA_4,2016-03-22,1,0.474859838057895
HOUSEHOLD_1_370_TX_1_evaluation,HOUSEHOLD_1_370,TX_1,2016-03-22,1,0.9878023935533169
HOUSEHOLD_1_370_TX_2_evaluation,HOUSEHOLD_1_370,TX_2,2016-03-22,1,0.9752753198761905
HOUSEHOLD_1_370_TX_3_evaluation,HOUSEHOLD_1_370,TX_3,2016-03-22,2,1.033764109587152
HOUSEHOLD_1_370_WI_1_evaluation,HOUSEHOLD_1_370,WI_1,2016-03-22,2,1.3882791549255802
HOUSEHOLD_1_370_WI_2_evaluation,HOUSEHOLD_1_370,WI_2,2016-03-22,4,3.5435639903540928
HOUSEHOLD_1_370_WI_3_evaluation,HOUSEHOLD_1_370,WI_3,2016-03-22,1,0.8676161364724466
HOUSEHOLD_1_489_CA_1_evaluation,HOUSEHOLD_1_489,CA_1,2016-03-22,0,1.6259419505216408
HOUSEHOLD_1_489_CA_2_evaluation,HOUSEHOLD_1_489,CA_2,2016-03-22,0,1.7776321557592516
HOUSEHOLD_1_489_CA_3_evaluation,HOUSEHOLD_1_489,CA_3,2016-03-22,5,2.663816099505135
HOUSEHOLD_1_489_CA_4_evaluation,HOUSEHOLD_1_489,CA_4,2016-03-22,0,0.9102865716606412
HOUSEHOLD_1_489_TX_1_evaluation,HOUSEHOLD_1_489,TX_1,2016-03-22,0,2.9197955186313154
HOUSEHOLD_1_489_TX_2_evaluation,HOUSEHOLD_1_489,TX_2,2016-03-22,0,2.3546345853437947
HOUSEHOLD_1_489_TX_3_evaluation,HOUSEHOLD_1_489,TX_3,2016-03-22,4,1.5111101422159443
HOUSEHOLD_1_489_WI_1_evaluation,HOUSEHOLD_1_489,WI_1,2016-03-22,1,0.8246060822472795
HOUSEHOLD_1_489_WI_2_evaluation,HOUSEHOLD_1_489,WI_2,2016-03-22,1,1.2058232443144674
HOUSEHOLD_1_489_WI_3_evaluation,HOUSEHOLD_1_489,WI_3,2016-03-22,2,1.1299867645567925
HOUSEHOLD_2_442_CA_1_evaluation,HOUSEHOLD_2_442,CA_1,2016-03-22,4,1.7722204056203539
HOUSEHOLD_2_442_CA_2_evaluation,HOUSEHOLD_2_442,CA_2,2016-03-22,0,1.7600282704387487
HOUSEHOLD_2_442_CA_3_evaluation,HOUSEHOLD_2_442,CA_3,2016-03-22,0,1.1011189691384327
HOUSEHOLD_2_442_CA_4_evaluation,HOUSEHOLD_2_442,CA_4,2016-03-22,0,0.710522529136457
HOUSEHOLD_2_442_TX_1_evaluation,HOUSEHOLD_2_442,TX_1,2016-03-22,0,0.5716592843403842
HOUSEHOLD_2_442_TX_2_evaluation,HOUSEHOLD_2_442,TX_2,2016-03-22,1,1.1408350823747981
HOUSEHOLD_2_442_TX_3_evaluation,HOUSEHOLD_2_442,TX_3,2016-03-22,0,0.6154586219816496
HOUSEHOLD_2_442_WI_1_evaluation,HOUSEHOLD_2_442,WI_1,2016-03-22,0,1.1337176980678416
HOUSEHOLD_2_442_WI_2_evaluation,HOUSEHOLD_2_442,WI_2,2016-03-22,1,1.1434039268134382
HOUSEHOLD_2_442_WI_3_evaluation,HOUSEHOLD_2_442,WI_3,2016-03-22,0,0.6419727333445373
FOODS_1_021_CA_1_evaluation,FOODS_1_021,CA_1,2016-03-23,0,2.4198163887950055
FOODS_1_021_CA_2_evaluation,FOODS_1_021,CA_2,2016-03-23,2,3.275519988122198
FOODS_1_021_CA_3_evaluation,FOODS_1_021,CA_3,2016-03-23,1,1.9388088798184726
FOODS_1_021_CA_4_evaluation,FOODS_1_021,CA_4,2016-03-23,2,1.522107765736028
FOODS_1_021_TX_1_evaluation,FOODS_1_021,TX_1,2016-03-23,0,0.9947248868630415
FOODS_1_021_TX_2_evaluation,FOODS_1_021,TX_2,2016-03-23,0,0.6897090795676522
FOODS_1_021_TX_3_evaluation,FOODS_1_021,TX_3,2016-03-23,0,0.8939876127304093
FOODS_1_021_WI_1_evaluation,FOODS_1_021,WI_1,2016-03-23,4,0.7312917271800915
FOODS_1_021_WI_2_evaluation,FOODS_1_021,WI_2,2016-03-23,0,1.3611057165705733
FOODS_1_021_WI_3_evaluation,FOODS_1_021,WI_3,2016-03-23,1,1.045741563262237
FOODS_2_035_CA_1_evaluation,FOODS_2_035,CA_1,2016-03-23,2,2.014626088634438
FOODS_2_035_CA_2_evaluation,FOODS_2_035,CA_2,2016-03-23,3,3.2229928536563683
FOODS_2_035_CA_3_evaluation,FOODS_2_035,CA_3,2016-03-23,1,3.951895214827777
FOODS_2_035_CA_4_evaluation,FOODS_2_035,CA_4,2016-03-23,2,1.4820185410331959
FOODS_2_035_TX_1_evaluation,FOODS_2_035,TX_1,2016-03-23,2,0.8969684035302923
FOODS_2_035_TX_2_evaluation,FOODS_2_035,TX_2,2016-03-23,2,2.3140974622623403
FOODS_2_035_TX_3_evaluation,FOODS_2_035,TX_3,2016-03-23,1,2.0664112798802687
FOODS_2_035_WI_1_evaluation,FOODS_2_035,WI_1,2016-03-23,1,0.9287817240810816
FOODS_2_035_WI_2_evaluation,FOODS_2_035,WI_2,2016-03-23,0,2.4104813527788598
FOODS_2_035_WI_3_evaluation,FOODS_2_035,WI_3,2016-03-23,1,2.2281135834703036
FOODS_3_180_CA_1_evaluation,FOODS_3_180,CA_1,2016-03-23,0,0.3069673636528086
FOODS_3_180_CA_2_evaluation,FOODS_3_180,CA_2,2016-03-23,2,0.4107368872023957
FOODS_3_180_CA_3_evaluation,FOODS_3_180,CA_3,2016-03-23,1,0.4182091619289338
FOODS_3_180_CA_4_evaluation,FOODS_3_180,CA_4,2016-03-23,0,0.16199315323464508
FOODS_3_180_TX_1_evaluation,FOODS_3_180,TX_1,2016-03-23,1,0.08682604789289276
FOODS_3_180_TX_2_evaluation,FOODS_3_180,TX_2,2016-03-23,1,0.3907271542062707
FOODS_3_180_TX_3_evaluation,FOODS_3_180,TX_3,2016-03-23,0,0.1405066216638715
FOODS_3_180_WI_1_evaluation,FOODS_3_180,WI_1,2016-03-23,1,0.534386078159815
FOODS_3_180_WI_2_evaluation,FOODS_3_180,WI_2,2016-03-23,2,0.6120084140853295
FOODS_3_180_WI_3_evaluation,FOODS_3_180,WI_3,2016-03-23,1,0.18121355736583536
FOODS_3_260_CA_1_evaluation,FOODS_3_260,CA_1,2016-03-23,2,1.0212352137620895
FOODS_3_260_CA_2_evaluation,FOODS_3_260,CA_2,2016-03-23,0,0.29592665049939226
FOODS_3_260_CA_3_evaluation,FOODS_3_260,CA_3,2016-03-23,0,0.4361843332560462
FOODS_3_260_CA_4_evaluation,FOODS_3_260,CA_4,2016-03-23,0,0.3673886828873432
FOODS_3_260_TX_1_evaluation,FOODS_3_260,TX_1,2016-03-23,0,0.09743346575709377
FOODS_3_260_TX_2_evaluation,FOODS_3_260,TX_2,2016-03-23,1,0.4167982232612601
FOODS_3_260_TX_3_evaluation,FOODS_3_260,TX_3,2016-03-23,0,0.11699707544412509
FOODS_3_260_WI_1_evaluation,FOODS_3_260,WI_1,2016-03-23,1,0.6244523513310759
FOODS_3_260_WI_2_evaluation,FOODS_3_260,WI_2,2016-03-23,0,0.4586345673848756
FOODS_3_260_WI_3_evaluation,FOODS_3_260,WI_3,2016-03-23,0,0.13747517131854733
HOBBIES_1_022_CA_1_evaluation,HOBBIES_1_022,CA_1,2016-03-23,0,0.1540655934430719
HOBBIES_1_022_CA_2_evaluation,HOBBIES_1_022,CA_2,2016-03-23,0,0.2622849759017261
HOBBIES_1_022_CA_3_evaluation,HOBBIES_1_022,CA_3,2016-03-23,0,0.4291796452249299
HOBBIES_1_022_CA_4_evaluation,HOBBIES_1_022,CA_4,2016-03-23,0,0.12466663213080165
HOBBIES_1_022_TX_1_evaluation,HOBBIES_1_022,TX_1,2016-03-23,0,0.1907164752709098
HOBBIES_1_022_TX_2_evaluation,HOBBIES_1_022,TX_2,2016-03-23,0,0.11011859584171452
HOBBIES_1_022_TX_3_evaluation,HOBBIES_1_022,TX_3,2016-03-23,1,0.5316390239422181
HOBBIES_1_022_WI_1_evaluation,HOBBIES_1_022,WI_1,2016-03-23,2,0.32057411771133437
HOBBIES_1_022_WI_2_evaluation,HOBBIES_1_022,WI_2,2016-03-23,0,0.17250776982421687
HOBBIES_1_022_WI_3_evaluation,HOBBIES_1_022,WI_3,2016-03-23,0,0.343697589712937
HOBBIES_1_209_CA_1_evaluation,HOBBIES_1_209,CA_1,2016-03-23,6,4.74719824600516
HOBBIES_1_209_CA_2_evaluation,HOBBIES_1_209,CA_2,2016-03-23,0,1.909839684715306
HOBBIES_1_209_CA_3_evaluation,HOBBIES_1_209,CA_3,2016-03-23,11,7.1346587279354505
HOBBIES_1_209_CA_4_evaluation,HOBBIES_1_209,CA_4,2016-03-23,0,0.7691025562142805
HOBBIES_1_209_TX_1_evaluation,HOBBIES_1_209,TX_1,2016-03-23,1,1.9712875376387877
HOBBIES_1_209_TX_2_evaluation,HOBBIES_1_209,TX_2,2016-03-23,0,1.1684512026987475
HOBBIES_1_209_TX_3_evaluation,HOBBIES_1_209,TX_3,2016-03-23,0,0.46027695645558986
HOBBIES_1_209_WI_1_evaluation,HOBBIES_1_209,WI_1,2016-03-23,4,1.759659862476561
HOBBIES_1_209_WI_2_evaluation,HOBBIES_1_209,WI_2,2016-03-23,0,1.191898171760811
HOBBIES_1_209_WI_3_evaluation,HOBBIES_1_209,WI_3,2016-03-23,1,3.1172204621221398
HOBBIES_2_041_CA_1_evaluation,HOBBIES_2_041,CA_1,2016-03-23,0,0.32755063743437424
HOBBIES_2_041_CA_2_evaluation,HOBBIES_2_041,CA_2,2016-03-23,0,1.3044061253953303
HOBBIES_2_041_CA_3_evaluation,HOBBIES_2_041,CA_3,2016-03-23,0,0.40816911488463936
HOBBIES_2_041_CA_4_evaluation,HOBBIES_2_041,CA_4,2016-03-23,2,0.35609761275788454
HOBBIES_2_041_TX_1_evaluation,HOBBIES_2_041,TX_1,2016-03-23,0,0.15971613922832378
HOBBIES_2_041_TX_2_evaluation,HOBBIES_2_041,TX_2,2016-03-23,1,0.7668138122725956
HOBBIES_2_041_TX_3_evaluation,HOBBIES_2_041,TX_3,2016-03-23,0,0.23299118568670202
HOBBIES_2_041_WI_1_evaluation,HOBBIES_2_041,WI_1,2016-03-23,0,0.3378605448005494
HOBBIES_2_041_WI_2_evaluation,HOBBIES_2_041,WI_2,2016-03-23,3,0.25571260917011784
HOBBIES_2_041_WI_3_evaluation,HOBBIES_2_041,WI_3,2016-03-23,0,0.21616369283538178
HOBBIES_2_113_CA_1_evaluation,HOBBIES_2_113,CA_1,2016-03-23,0,0.20610503196703162
HOBBIES_2_113_CA_2_evaluation,HOBBIES_2_113,CA_2,2016-03-23,0,0.08070131358046231
HOBBIES_2_113_CA_3_evaluation,HOBBIES_2_113,CA_3,2016-03-23,1,0.09812818390629956
HOBBIES_2_113_CA_4_evaluation,HOBBIES_2_113,CA_4,2016-03-23,0,0.07862936167376458
HOBBIES_2_113_TX_1_evaluation,HOBBIES_2_113,TX_1,2016-03-23,0,0.09431910612639274
HOBBIES_2_113_TX_2_evaluation,HOBBIES_2_113,TX_2,2016-03-23,0,0.19450139328229876
HOBBIES_2_113_TX_3_evaluation,HOBBIES_2_113,TX_3,2016-03-23,0,0.0
HOBBIES_2_113_WI_1_evaluation,HOBBIES_2_113,WI_1,2016-03-23,0,0.3482761672926811
HOBBIES_2_113_WI_2_evaluation,HOBBIES_2_113,WI_2,2016-03-23,0,0.22838589036154963
HOBBIES_2_113_WI_3_evaluation,HOBBIES_2_113,WI_3,2016-03-23,0,0.1194835067840159
HOUSEHOLD_1_100_CA_1_evaluation,HOUSEHOLD_1_100,CA_1,2016-03-23,1,0.2453719732235537
HOUSEHOLD_1_100_CA_2_evaluation,HOUSEHOLD_1_100,CA_2,2016-03-23,0,0.0
HOUSEHOLD_1_100_CA_3_evaluation,HOUSEHOLD_1_100,CA_3,2016-03-23,3,0.0
HOUSEHOLD_1_100_CA_4_evaluation,HOUSEHOLD_1_100,CA_4,2016-03-23,1,0.24692203818637656
HOUSEHOLD_1_100_TX_1_evaluation,HOUSEHOLD_1_100,TX_1,2016-03-23,1,0.3741164787391434
HOUSEHOLD_1_100_TX_2_evaluation,HOUSEHOLD_1_100,TX_2,2016-03-23,3,0.5506998149066564
HOUSEHOLD_1_100_TX_3_evaluation,HOUSEHOLD_1_100,TX_3,2016-03-23,5,0.7315526713500764
HOUSEHOLD_1_100_WI_1_evaluation,HOUSEHOLD_1_100,WI_1,2016-03-23,1,0.0
HOUSEHOLD_1_100_WI_2_evaluation,HOUSEHOLD_1_100,WI_2,2016-03-23,0,0.32453468711885675
HOUSEHOLD_1_100_WI_3_evaluation,HOUSEHOLD_1_100,WI_3,2016-03-23,0,0.14464963262623742
HOUSEHOLD_1_290_CA_1_evaluation,HOUSEHOLD_1_290,CA_1,2016-03-23,1,0.4633232698421118
HOUSEHOLD_1_290_CA_2_evaluation,HOUSEHOLD_1_290,CA_2,2016-03-23,0,0.7229374675463681
HOUSEHOLD_1_290_CA_3_evaluation,HOUSEHOLD_1_290,CA_3,2016-03-23,0,2.1129740176101532
HOUSEHOLD_1_290_CA_4_evaluation,HOUSEHOLD_1_290,CA_4,2016-03-23,0,0.23659504859932526
HOUSEHOLD_1_290_TX_1_evaluation,HOUSEHOLD_1_290,TX_1,2016-03-23,1,1.4809287436203715
HOUSEHOLD_1_290_TX_2_evaluation,HOUSEHOLD_1_290,TX_2,2016-03-23,0,1.257416807607218
HOUSEHOLD_1_290_TX_3_evaluation,HOUSEHOLD_1_290,TX_3,2016-03-23,3,2.074588699645688
HOUSEHOLD_1_290_WI_1_evaluation,HOUSEHOLD_1_290,WI_1,2016-03-23,0,0.24708648549625783
HOUSEHOLD_1_290_WI_2_evaluation,HOUSEHOLD_1_290,WI_2,2016-03-23,5,2.5081201942695204
HOUSEHOLD_1_290_WI_3_evaluation,HOUSEHOLD_1_290,WI_3,2016-03-23,0,0.6087579697591483
HOUSEHOLD_1_370_CA_1_evaluation,HOUSEHOLD_1_370,CA_1,2016-03-23,0,0.6359206123765466
HOUSEHOLD_1_370_CA_2_evaluation,HOUSEHOLD_1_370,CA_2,2016-03-23,4,2.526119119694368
HOUSEHOLD_1_370_CA_3_evaluation,HOUSEHOLD_1_370,CA_3,2016-03-23,0,3.128603180237659
HOUSEHOLD_1_370_CA_4_evaluation,HOUSEHOLD_1_370,CA_4,2016-03-23,1,0.5661477688578656
HOUSEHOLD_1_370_TX_1_evaluation,HOUSEHOLD_1_370,TX_1,2016-03-23,1,0.875703378420906
HOUSEHOLD_1_370_TX_2_evaluation,HOUSEHOLD_1_370,TX_2,2016-03-23,0,0.9300051911494933
HOUSEHOLD_1_370_TX_3_evaluation,HOUSEHOLD_1_370,TX_3,2016-03-23,3,0.8621897902960292
HOUSEHOLD_1_370_WI_1_evaluation,HOUSEHOLD_1_370,WI_1,2016-03-23,2,1.2926507728930159
HOUSEHOLD_1_370_WI_2_evaluation,HOUSEHOLD_1_370,WI_2,2016-03-23,4,3.173226036818807
HOUSEHOLD_1_370_WI_3_evaluation,HOUSEHOLD_1_370,WI_3,2016-03-23,1,0.6920160016378167
HOUSEHOLD_1_489_CA_1_evaluation,HOUSEHOLD_1_489,CA_1,2016-03-23,2,1.6569662119477822
HOUSEHOLD_1_489_CA_2_evaluation,HOUSEHOLD_1_489,CA_2,2016-03-23,0,1.8943382492908971
HOUSEHOLD_1_489_CA_3_evaluation,HOUSEHOLD_1_489,CA_3,2016-03-23,2,2.7075748906157058
HOUSEHOLD_1_489_CA_4_evaluation,HOUSEHOLD_1_489,CA_4,2016-03-23,0,0.9059385110121703
HOUSEHOLD_1_489_TX_1_evaluation,HOUSEHOLD_1_489,TX_1,2016-03-23,2,2.883959366035785
HOUSEHOLD_1_489_TX_2_evaluation,HOUSEHOLD_1_489,TX_2,2016-03-23,0,2.3046458840998993
HOUSEHOLD_1_489_TX_3_evaluation,HOUSEHOLD_1_489,TX_3,2016-03-23,1,1.6432275100769875
HOUSEHOLD_1_489_WI_1_evaluation,HOUSEHOLD_1_489,WI_1,2016-03-23,0,0.7880021261219333
HOUSEHOLD_1_489_WI_2_evaluation,HOUSEHOLD_1_489,WI_2,2016-03-23,2,1.2426106997438273
HOUSEHOLD_1_489_WI_3_evaluation,HOUSEHOLD_1_489,WI_3,2016-03-23,0,1.1518844859977675
HOUSEHOLD_2_442_CA_1_evaluation,HOUSEHOLD_2_442,CA_1,2016-03-23,0,1.5749404543667094
HOUSEHOLD_2_442_CA_2_evaluation,HOUSEHOLD_2_442,CA_2,2016-03-23,0,1.7026376324749894
HOUSEHOLD_2_442_CA_3_evaluation,HOUSEHOLD_2_442,CA_3,2016-03-23,1,1.157529689687094
HOUSEHOLD_2_442_CA_4_evaluation,HOUSEHOLD_2_442,CA_4,2016-03-23,0,0.6766430595423523
HOUSEHOLD_2_442_TX_1_evaluation,HOUSEHOLD_2_442,TX_1,2016-03-23,0,0.5493778393527093
HOUSEHOLD_2_442_TX_2_evaluation,HOUSEHOLD_2_442,TX_2,2016-03-23,0,1.0287700151157635
HOUSEHOLD_2_442_TX_3_evaluation,HOUSEHOLD_2_442,TX_3,2016-03-23,1,0.6659227801296245
HOUSEHOLD_2_442_WI_1_evaluation,HOUSEHOLD_2_442,WI_1,2016-03-23,0,1.216613927844234
HOUSEHOLD_2_442_WI_2_evaluation,HOUSEHOLD_2_442,WI_2,2016-03-23,1,1.1823010185276264
HOUSEHOLD_2_442_WI_3_evaluation,HOUSEHOLD_2_442,WI_3,2016-03-23,0,0.6746907011108918
FOODS_1_021_CA_1_evaluation,FOODS_1_021,CA_1,2016-03-24,0,2.5475901202255646
FOODS_1_021_CA_2_evaluation,FOODS_1_021,CA_2,2016-03-24,0,3.4768825532544945
FOODS_1_021_CA_3_evaluation,FOODS_1_021,CA_3,2016-03-24,0,1.8780854479987559
FOODS_1_021_CA_4_evaluation,FOODS_1_021,CA_4,2016-03-24,1,1.4309693044828484
FOODS_1_021_TX_1_evaluation,FOODS_1_021,TX_1,2016-03-24,0,0.9512514546475788
FOODS_1_021_TX_2_evaluation,FOODS_1_021,TX_2,2016-03-24,1,0.7751851200323134
FOODS_1_021_TX_3_evaluation,FOODS_1_021,TX_3,2016-03-24,0,0.9228767511201149
FOODS_1_021_WI_1_evaluation,FOODS_1_021,WI_1,2016-03-24,0,0.5427119166250701
FOODS_1_021_WI_2_evaluation,FOODS_1_021,WI_2,2016-03-24,2,1.5603748074442323
FOODS_1_021_WI_3_evaluation,FOODS_1_021,WI_3,2016-03-24,1,0.8425867162146349
FOODS_2_035_CA_1_evaluation,FOODS_2_035,CA_1,2016-03-24,1,2.0398015611289697
FOODS_2_035_CA_2_evaluation,FOODS_2_035,CA_2,2016-03-24,1,3.2612539728015397
FOODS_2_035_CA_3_evaluation,FOODS_2_035,CA_3,2016-03-24,4,3.8035502338857876
FOODS_2_035_CA_4_evaluation,FOODS_2_035,CA_4,2016-03-24,0,1.4757966587263343
FOODS_2_035_TX_1_evaluation,FOODS_2_035,TX_1,2016-03-24,0,0.8456025146832071
FOODS_2_035_TX_2_evaluation,FOODS_2_035,TX_2,2016-03-24,1,2.301293293560997
FOODS_2_035_TX_3_evaluation,FOODS_2_035,TX_3,2016-03-24,1,1.999559050794387
FOODS_2_035_WI_1_evaluation,FOODS_2_035,WI_1,2016-03-24,1,0.9025966004121941
FOODS_2_035_WI_2_evaluation,FOODS_2_035,WI_2,2016-03-24,1,2.451647010114112
FOODS_2_035_WI_3_evaluation,FOODS_2_035,WI_3,2016-03-24,5,2.200769778831093
FOODS_3_180_CA_1_evaluation,FOODS_3_180,CA_1,2016-03-24,0,0.3175108484399011
FOODS_3_180_CA_2_evaluation,FOODS_3_180,CA_2,2016-03-24,0,0.4249698303658905
FOODS_3_180_CA_3_evaluation,FOODS_3_180,CA_3,2016-03-24,0,0.3950732731980963
FOODS_3_180_CA_4_evaluation,FOODS_3_180,CA_4,2016-03-24,0,0.17991258099105473
FOODS_3_180_TX_1_evaluation,FOODS_3_180,TX_1,2016-03-24,0,0.0611841003255193
FOODS_3_180_TX_2_evaluation,FOODS_3_180,TX_2,2016-03-24,0,0.39798428749664605
FOODS_3_180_TX_3_evaluation,FOODS_3_180,TX_3,2016-03-24,0,0.14428112962613712
FOODS_3_180_WI_1_evaluation,FOODS_3_180,WI_1,2016-03-24,2,0.5822335378063825
FOODS_3_180_WI_2_evaluation,FOODS_3_180,WI_2,2016-03-24,0,0.555924670937888
FOODS_3_180_WI_3_evaluation,FOODS_3_180,WI_3,2016-03-24,0,0.17217515152988785
FOODS_3_260_CA_1_evaluation,FOODS_3_260,CA_1,2016-03-24,0,0.9942010420545268
FOODS_3_260_CA_2_evaluation,FOODS_3_260,CA_2,2016-03-24,0,0.27249500983976754
FOODS_3_260_CA_3_evaluation,FOODS_3_260,CA_3,2016-03-24,0,0.4391137803399498
FOODS_3_260_CA_4_evaluation,FOODS_3_260,CA_4,2016-03-24,0,0.40883646971934134
FOODS_3_260_TX_1_evaluation,FOODS_3_260,TX_1,2016-03-24,0,0.11104245416717423
FOODS_3_260_TX_2_evaluation,FOODS_3_260,TX_2,2016-03-24,0,0.3971113568610585
FOODS_3_260_TX_3_evaluation,FOODS_3_260,TX_3,2016-03-24,0,0.14518583012849962
FOODS_3_260_WI_1_evaluation,FOODS_3_260,WI_1,2016-03-24,0,0.7281301896255781
FOODS_3_260_WI_2_evaluation,FOODS_3_260,WI_2,2016-03-24,0,0.44804396662631885
FOODS_3_260_WI_3_evaluation,FOODS_3_260,WI_3,2016-03-24,0,0.15424904740483852
HOBBIES_1_022_CA_1_evaluation,HOBBIES_1_022,CA_1,2016-03-24,1,0.15973052719998626
HOBBIES_1_022_CA_2_evaluation,HOBBIES_1_022,CA_2,2016-03-24,0,0.17802070283936555
HOBBIES_1_022_CA_3_evaluation,HOBBIES_1_022,CA_3,2016-03-24,0,0.42549450344133927
HOBBIES_1_022_CA_4_evaluation,HOBBIES_1_022,CA_4,2016-03-24,0,0.07070764607007654
HOBBIES_1_022_TX_1_evaluation,HOBBIES_1_022,TX_1,2016-03-24,0,0.15334124084232126
HOBBIES_1_022_TX_2_evaluation,HOBBIES_1_022,TX_2,2016-03-24,0,0.08333772200202416
HOBBIES_1_022_TX_3_evaluation,HOBBIES_1_022,TX_3,2016-03-24,0,0.5530768270664967
HOBBIES_1_022_WI_1_evaluation,HOBBIES_1_022,WI_1,2016-03-24,0,0.4253092862894626
HOBBIES_1_022_WI_2_evaluation,HOBBIES_1_022,WI_2,2016-03-24,0,0.29520154388497594
HOBBIES_1_022_WI_3_evaluation,HOBBIES_1_022,WI_3,2016-03-24,1,0.368442772723677
HOBBIES_1_209_CA_1_evaluation,HOBBIES_1_209,CA_1,2016-03-24,6,5.205207923808105
HOBBIES_1_209_CA_2_evaluation,HOBBIES_1_209,CA_2,2016-03-24,3,1.4262478753307464
HOBBIES_1_209_CA_3_evaluation,HOBBIES_1_209,CA_3,2016-03-24,9,6.942153225308377
HOBBIES_1_209_CA_4_evaluation,HOBBIES_1_209,CA_4,2016-03-24,0,0.6459615938121396
HOBBIES_1_209_TX_1_evaluation,HOBBIES_1_209,TX_1,2016-03-24,3,1.3980830320793396
HOBBIES_1_209_TX_2_evaluation,HOBBIES_1_209,TX_2,2016-03-24,1,1.3579345094496265
HOBBIES_1_209_TX_3_evaluation,HOBBIES_1_209,TX_3,2016-03-24,0,0.7108415461759989
HOBBIES_1_209_WI_1_evaluation,HOBBIES_1_209,WI_1,2016-03-24,0,1.8742198594054167
HOBBIES_1_209_WI_2_evaluation,HOBBIES_1_209,WI_2,2016-03-24,2,1.5679816156688193
HOBBIES_1_209_WI_3_evaluation,HOBBIES_1_209,WI_3,2016-03-24,2,2.7795510196849187
HOBBIES_2_041_CA_1_evaluation,HOBBIES_2_041,CA_1,2016-03-24,0,0.32103250416286283
HOBBIES_2_041_CA_2_evaluation,HOBBIES_2_041,CA_2,2016-03-24,10,1.2767557321271639
HOBBIES_2_041_CA_3_evaluation,HOBBIES_2_041,CA_3,2016-03-24,1,0.2998934170842718
HOBBIES_2_041_CA_4_evaluation,HOBBIES_2_041,CA_4,2016-03-24,0,0.3910654862686043
HOBBIES_2_041_TX_1_evaluation,HOBBIES_2_041,TX_1,2016-03-24,0,0.14726838844947163
HOBBIES_2_041_TX_2_evaluation,HOBBIES_2_041,TX_2,2016-03-24,0,0.8706583590670304
HOBBIES_2_041_TX_3_evaluation,HOBBIES_2_041,TX_3,2016-03-24,0,0.18734466112707676
HOBBIES_2_041_WI_1_evaluation,HOBBIES_2_041,WI_1,2016-03-24,0,0.3632735506572415
HOBBIES_2_041_WI_2_evaluation,HOBBIES_2_041,WI_2,2016-03-24,0,0.261016701836403
HOBBIES_2_041_WI_3_evaluation,HOBBIES_2_041,WI_3,2016-03-24,0,0.18229638139610677
HOBBIES_2_113_CA_1_evaluation,HOBBIES_2_113,CA_1,2016-03-24,1,0.24443439557233287
HOBBIES_2_113_CA_2_evaluation,HOBBIES_2_113,CA_2,2016-03-24,0,0.05171105384215437
HOBBIES_2_113_CA_3_evaluation,HOBBIES_2_113,CA_3,2016-03-24,0,0.060119597047917105
HOBBIES_2_113_CA_4_evaluation,HOBBIES_2_113,CA_4,2016-03-24,0,0.05137964549840953
HOBBIES_2_113_TX_1_evaluation,HOBBIES_2_113,TX_1,2016-03-24,0,0.08408362257923477
HOBBIES_2_113_TX_2_evaluation,HOBBIES_2_113,TX_2,2016-03-24,0,0.17380542914354358
HOBBIES_2_113_TX_3_evaluation,HOBBIES_2_113,TX_3,2016-03-24,0,0.0
HOBBIES_2_113_WI_1_evaluation,HOBBIES_2_113,WI_1,2016-03-24,0,0.32533635786862736
HOBBIES_2_113_WI_2_evaluation,HOBBIES_2_113,WI_2,2016-03-24,0,0.18869141489000008
HOBBIES_2_113_WI_3_evaluation,HOBBIES_2_113,WI_3,2016-03-24,0,0.14443635520036616
HOUSEHOLD_1_100_CA_1_evaluation,HOUSEHOLD_1_100,CA_1,2016-03-24,2,0.30507559109094196
HOUSEHOLD_1_100_CA_2_evaluation,HOUSEHOLD_1_100,CA_2,2016-03-24,0,0.0
HOUSEHOLD_1_100_CA_3_evaluation,HOUSEHOLD_1_100,CA_3,2016-03-24,1,0.0
HOUSEHOLD_1_100_CA_4_evaluation,HOUSEHOLD_1_100,CA_4,2016-03-24,0,0.23605337165912513
HOUSEHOLD_1_100_TX_1_evaluation,HOUSEHOLD_1_100,TX_1,2016-03-24,0,0.2744823337589318
HOUSEHOLD_1_100_TX_2_evaluation,HOUSEHOLD_1_100,TX_2,2016-03-24,2,0.46250241932575786
HOUSEHOLD_1_100_TX_3_evaluation,HOUSEHOLD_1_100,TX_3,2016-03-24,0,0.6751400145253927
HOUSEHOLD_1_100_WI_1_evaluation,HOUSEHOLD_1_100,WI_1,2016-03-24,1,0.0
HOUSEHOLD_1_100_WI_2_evaluation,HOUSEHOLD_1_100,WI_2,2016-03-24,0,0.3178442807919817
HOUSEHOLD_1_100_WI_3_evaluation,HOUSEHOLD_1_100,WI_3,2016-03-24,2,0.20620064716048375
HOUSEHOLD_1_290_CA_1_evaluation,HOUSEHOLD_1_290,CA_1,2016-03-24,2,0.48527510470848934
HOUSEHOLD_1_290_CA_2_evaluation,HOUSEHOLD_1_290,CA_2,2016-03-24,1,0.774698864864466
HOUSEHOLD_1_290_CA_3_evaluation,HOUSEHOLD_1_290,CA_3,2016-03-24,6,2.0589311737470575
HOUSEHOLD_1_290_CA_4_evaluation,HOUSEHOLD_1_290,CA_4,2016-03-24,0,0.27248094982282844
HOUSEHOLD_1_290_TX_1_evaluation,HOUSEHOLD_1_290,TX_1,2016-03-24,1,1.3071674185417366
HOUSEHOLD_1_290_TX_2_evaluation,HOUSEHOLD_1_290,TX_2,2016-03-24,1,1.2858346118794728
HOUSEHOLD_1_290_TX_3_evaluation,HOUSEHOLD_1_290,TX_3,2016-03-24,1,1.929201148857805
HOUSEHOLD_1_290_WI_1_evaluation,HOUSEHOLD_1_290,WI_1,2016-03-24,0,0.23899564714436825
HOUSEHOLD_1_290_WI_2_evaluation,HOUSEHOLD_1_290,WI_2,2016-03-24,0,2.3546451083554736
HOUSEHOLD_1_290_WI_3_evaluation,HOUSEHOLD_1_290,WI_3,2016-03-24,1,0.5417254415449826
HOUSEHOLD_1_370_CA_1_evaluation,HOUSEHOLD_1_370,CA_1,2016-03-24,1,0.6060922386327859
HOUSEHOLD_1_370_CA_2_evaluation,HOUSEHOLD_1_370,CA_2,2016-03-24,0,2.4392802690663307
HOUSEHOLD_1_370_CA_3_evaluation,HOUSEHOLD_1_370,CA_3,2016-03-24,3,3.140700335775826
HOUSEHOLD_1_370_CA_4_evaluation,HOUSEHOLD_1_370,CA_4,2016-03-24,1,0.39110519555260453
HOUSEHOLD_1_370_TX_1_evaluation,HOUSEHOLD_1_370,TX_1,2016-03-24,0,0.8034519126382924
HOUSEHOLD_1_370_TX_2_evaluation,HOUSEHOLD_1_370,TX_2,2016-03-24,0,0.8070244300795327
HOUSEHOLD_1_370_TX_3_evaluation,HOUSEHOLD_1_370,TX_3,2016-03-24,1,0.8686795689689704
HOUSEHOLD_1_370_WI_1_evaluation,HOUSEHOLD_1_370,WI_1,2016-03-24,1,1.3714888949440676
HOUSEHOLD_1_370_WI_2_evaluation,HOUSEHOLD_1_370,WI_2,2016-03-24,2,3.295826038003891
HOUSEHOLD_1_370_WI_3_evaluation,HOUSEHOLD_1_370,WI_3,2016-03-24,2,0.726518654278345
HOUSEHOLD_1_489_CA_1_evaluation,HOUSEHOLD_1_489,CA_1,2016-03-24,1,1.6295652459414591
HOUSEHOLD_1_489_CA_2_evaluation,HOUSEHOLD_1_489,CA_2,2016-03-24,1,1.8860125579162108
HOUSEHOLD_1_489_CA_3_evaluation,HOUSEHOLD_1_489,CA_3,2016-03-24,3,2.6525637496896257
HOUSEHOLD_1_489_CA_4_evaluation,HOUSEHOLD_1_489,CA_4,2016-03-24,0,0.8986414172463283
HOUSEHOLD_1_489_TX_1_evaluation,HOUSEHOLD_1_489,TX_1,2016-03-24,1,2.8556186066918263
HOUSEHOLD_1_489_TX_2_evaluation,HOUSEHOLD_1_489,TX_2,2016-03-24,0,2.322116486299346
HOUSEHOLD_1_489_TX_3_evaluation,HOUSEHOLD_1_489,TX_3,2016-03-24,0,1.5552446223769563
HOUSEHOLD_1_489_WI_1_evaluation,HOUSEHOLD_1_489,WI_1,2016-03-24,0,0.8225554746041441
HOUSEHOLD_1_489_WI_2_evaluation,HOUSEHOLD_1_489,WI_2,2016-03-24,1,1.207684474728643
HOUSEHOLD_1_489_WI_3_evaluation,HOUSEHOLD_1_489,WI_3,2016-03-24,1,1.1281570487415602
HOUSEHOLD_2_442_CA_1_evaluation,HOUSEHOLD_2_442,CA_1,2016-03-24,0,1.4627267804226287
HOUSEHOLD_2_442_CA_2_evaluation,HOUSEHOLD_2_442,CA_2,2016-03-24,0,1.5852725354751795
HOUSEHOLD_2_442_CA_3_evaluation,HOUSEHOLD_2_442,CA_3,2016-03-24,2,1.020714864678792
HOUSEHOLD_2_442_CA_4_evaluation,HOUSEHOLD_2_442,CA_4,2016-03-24,1,0.6659365348149471
HOUSEHOLD_2_442_TX_1_evaluation,HOUSEHOLD_2_442,TX_1,2016-03-24,0,0.565944831084642
HOUSEHOLD_2_442_TX_2_evaluation,HOUSEHOLD_2_442,TX_2,2016-03-24,0,1.0627159230639742
HOUSEHOLD_2_442_TX_3_evaluation,HOUSEHOLD_2_442,TX_3,2016-03-24,0,0.6262962421813194
HOUSEHOLD_2_442_WI_1_evaluation,HOUSEHOLD_2_442,WI_1,2016-03-24,1,1.1328492060180018
HOUSEHOLD_2_442_WI_2_evaluation,HOUSEHOLD_2_442,WI_2,2016-03-24,1,1.2550103670781676
HOUSEHOLD_2_442_WI_3_evaluation,HOUSEHOLD_2_442,WI_3,2016-03-24,0,0.7091838540404676
FOODS_1_021_CA_1_evaluation,FOODS_1_021,CA_1,2016-03-25,4,2.7079695958946566
FOODS_1_021_CA_2_evaluation,FOODS_1_021,CA_2,2016-03-25,1,3.3340072270311047
FOODS_1_021_CA_3_evaluation,FOODS_1_021,CA_3,2016-03-25,3,2.018123544923795
FOODS_1_021_CA_4_evaluation,FOODS_1_021,CA_4,2016-03-25,0,1.5057069263882976
FOODS_1_021_TX_1_evaluation,FOODS_1_021,TX_1,2016-03-25,0,0.9734030224203181
FOODS_1_021_TX_2_evaluation,FOODS_1_021,TX_2,2016-03-25,0,0.7741509161814948
FOODS_1_021_TX_3_evaluation,FOODS_1_021,TX_3,2016-03-25,0,0.819701080806377
FOODS_1_021_WI_1_evaluation,FOODS_1_021,WI_1,2016-03-25,3,0.9914483171417509
FOODS_1_021_WI_2_evaluation,FOODS_1_021,WI_2,2016-03-25,0,1.5743107345973666
FOODS_1_021_WI_3_evaluation,FOODS_1_021,WI_3,2016-03-25,0,1.0983377366148797
FOODS_2_035_CA_1_evaluation,FOODS_2_035,CA_1,2016-03-25,2,2.0051830330141884
FOODS_2_035_CA_2_evaluation,FOODS_2_035,CA_2,2016-03-25,1,3.213046339196975
FOODS_2_035_CA_3_evaluation,FOODS_2_035,CA_3,2016-03-25,0,3.9082167326558626
FOODS_2_035_CA_4_evaluation,FOODS_2_035,CA_4,2016-03-25,1,1.4134500211320042
FOODS_2_035_TX_1_evaluation,FOODS_2_035,TX_1,2016-03-25,2,0.8137231924820779
FOODS_2_035_TX_2_evaluation,FOODS_2_035,TX_2,2016-03-25,1,2.3560617868677363
FOODS_2_035_TX_3_evaluation,FOODS_2_035,TX_3,2016-03-25,2,1.936393766515762
FOODS_2_035_WI_1_evaluation,FOODS_2_035,WI_1,2016-03-25,0,0.9106727799616428
FOODS_2_035_WI_2_evaluation,FOODS_2_035,WI_2,2016-03-25,2,2.4872291370338178
FOODS_2_035_WI_3_evaluation,FOODS_2_035,WI_3,2016-03-25,1,2.195808947312398
FOODS_3_180_CA_1_evaluation,FOODS_3_180,CA_1,2016-03-25,0,0.2638795921014663
FOODS_3_180_CA_2_evaluation,FOODS_3_180,CA_2,2016-03-25,0,0.4020253327345502
FOODS_3_180_CA_3_evaluation,FOODS_3_180,CA_3,2016-03-25,1,0.4512511846489594
FOODS_3_180_CA_4_evaluation,FOODS_3_180,CA_4,2016-03-25,0,0.15668305882663364
FOODS_3_180_TX_1_evaluation,FOODS_3_180,TX_1,2016-03-25,0,0.06189419419637163
FOODS_3_180_TX_2_evaluation,FOODS_3_180,TX_2,2016-03-25,0,0.3862534000957246
FOODS_3_180_TX_3_evaluation,FOODS_3_180,TX_3,2016-03-25,0,0.13277804102918456
FOODS_3_180_WI_1_evaluation,FOODS_3_180,WI_1,2016-03-25,1,0.5299048629340868
FOODS_3_180_WI_2_evaluation,FOODS_3_180,WI_2,2016-03-25,1,0.6135489405627204
FOODS_3_180_WI_3_evaluation,FOODS_3_180,WI_3,2016-03-25,0,0.20432273286305302
FOODS_3_260_CA_1_evaluation,FOODS_3_260,CA_1,2016-03-25,2,0.9860241355716683
FOODS_3_260_CA_2_evaluation,FOODS_3_260,CA_2,2016-03-25,1,0.313008691037499
FOODS_3_260_CA_3_evaluation,FOODS_3_260,CA_3,2016-03-25,1,0.4752916594521356
FOODS_3_260_CA_4_evaluation,FOODS_3_260,CA_4,2016-03-25,1,0.42828009175729576
FOODS_3_260_TX_1_evaluation,FOODS_3_260,TX_1,2016-03-25,0,0.08358916412382317
FOODS_3_260_TX_2_evaluation,FOODS_3_260,TX_2,2016-03-25,0,0.39165610360262226
FOODS_3_260_TX_3_evaluation,FOODS_3_260,TX_3,2016-03-25,0,0.13168211283274303
FOODS_3_260_WI_1_evaluation,FOODS_3_260,WI_1,2016-03-25,0,0.6006973786641442
FOODS_3_260_WI_2_evaluation,FOODS_3_260,WI_2,2016-03-25,0,0.40685579315962206
FOODS_3_260_WI_3_evaluation,FOODS_3_260,WI_3,2016-03-25,0,0.1447145870281882
HOBBIES_1_022_CA_1_evaluation,HOBBIES_1_022,CA_1,2016-03-25,1,0.16924718669981417
HOBBIES_1_022_CA_2_evaluation,HOBBIES_1_022,CA_2,2016-03-25,0,0.2676948027895516
HOBBIES_1_022_CA_3_evaluation,HOBBIES_1_022,CA_3,2016-03-25,1,0.47868025041601237
HOBBIES_1_022_CA_4_evaluation,HOBBIES_1_022,CA_4,2016-03-25,0,0.11843348613953275
HOBBIES_1_022_TX_1_evaluation,HOBBIES_1_022,TX_1,2016-03-25,0,0.11908675737278919
HOBBIES_1_022_TX_2_evaluation,HOBBIES_1_022,TX_2,2016-03-25,1,0.2027223357033926
HOBBIES_1_022_TX_3_evaluation,HOBBIES_1_022,TX_3,2016-03-25,0,0.482771821970529
HOBBIES_1_022_WI_1_evaluation,HOBBIES_1_022,WI_1,2016-03-25,0,0.3364248364934866
HOBBIES_1_022_WI_2_evaluation,HOBBIES_1_022,WI_2,2016-03-25,0,0.28092420974143006
HOBBIES_1_022_WI_3_evaluation,HOBBIES_1_022,WI_3,2016-03-25,0,0.3186794528876131
HOBBIES_1_209_CA_1_evaluation,HOBBIES_1_209,CA_1,2016-03-25,3,4.875440979537511
HOBBIES_1_209_CA_2_evaluation,HOBBIES_1_209,CA_2,2016-03-25,0,1.912798922781301
HOBBIES_1_209_CA_3_evaluation,HOBBIES_1_209,CA_3,2016-03-25,26,7.454847261001142
HOBBIES_1_209_CA_4_evaluation,HOBBIES_1_209,CA_4,2016-03-25,0,0.482548558192662
HOBBIES_1_209_TX_1_evaluation,HOBBIES_1_209,TX_1,2016-03-25,6,1.0661160532886587
HOBBIES_1_209_TX_2_evaluation,HOBBIES_1_209,TX_2,2016-03-25,0,1.147644977731991
HOBBIES_1_209_TX_3_evaluation,HOBBIES_1_209,TX_3,2016-03-25,0,0.6444752516960937
HOBBIES_1_209_WI_1_evaluation,HOBBIES_1_209,WI_1,2016-03-25,2,1.7762293201702717
HOBBIES_1_209_WI_2_evaluation,HOBBIES_1_209,WI_2,2016-03-25,2,1.67222475382954
HOBBIES_1_209_WI_3_evaluation,HOBBIES_1_209,WI_3,2016-03-25,0,3.192336636454927
HOBBIES_2_041_CA_1_evaluation,HOBBIES_2_041,CA_1,2016-03-25,1,0.31122173652811325
HOBBIES_2_041_CA_2_evaluation,HOBBIES_2_041,CA_2,2016-03-25,0,1.255539436918791
HOBBIES_2_041_CA_3_evaluation,HOBBIES_2_041,CA_3,2016-03-25,2,0.29872296621292466
HOBBIES_2_041_CA_4_evaluation,HOBBIES_2_041,CA_4,2016-03-25,0,0.4332111861273527
HOBBIES_2_041_TX_1_evaluation,HOBBIES_2_041,TX_1,2016-03-25,0,0.18796899786450277
HOBBIES_2_041_TX_2_evaluation,HOBBIES_2_041,TX_2,2016-03-25,0,0.8579179733794056
HOBBIES_2_041_TX_3_evaluation,HOBBIES_2_041,TX_3,2016-03-25,0,0.22858508570937874
HOBBIES_2_041_WI_1_evaluation,HOBBIES_2_041,WI_1,2016-03-25,0,0.3617342582031054
HOBBIES_2_041_WI_2_evaluation,HOBBIES_2_041,WI_2,2016-03-25,0,0.202601582173631
HOBBIES_2_041_WI_3_evaluation,HOBBIES_2_041,WI_3,2016-03-25,0,0.20125521597689466
HOBBIES_2_113_CA_1_evaluation,HOBBIES_2_113,CA_1,2016-03-25,1,0.21937672549981274
HOBBIES_2_113_CA_2_evaluation,HOBBIES_2_113,CA_2,2016-03-25,0,0.023030889733259383
HOBBIES_2_113_CA_3_evaluation,HOBBIES_2_113,CA_3,2016-03-25,0,0.07894282078441374
HOBBIES_2_113_CA_4_evaluation,HOBBIES_2_113,CA_4,2016-03-25,0,0.1186490135658321
HOBBIES_2_113_TX_1_evaluation,HOBBIES_2_113,TX_1,2016-03-25,0,0.014602739730005171
HOBBIES_2_113_TX_2_evaluation,HOBBIES_2_113,TX_2,2016-03-25,0,0.2209317909583044
HOBBIES_2_113_TX_3_evaluation,HOBBIES_2_113,TX_3,2016-03-25,0,0.0
HOBBIES_2_113_WI_1_evaluation,HOBBIES_2_113,WI_1,2016-03-25,0,0.3820882984854737
HOBBIES_2_113_WI_2_evaluation,HOBBIES_2_113,WI_2,2016-03-25,0,0.23266440318548068
HOBBIES_2_113_WI_3_evaluation,HOBBIES_2_113,WI_3,2016-03-25,0,0.14262527052255503
HOUSEHOLD_1_100_CA_1_evaluation,HOUSEHOLD_1_100,CA_1,2016-03-25,2,0.16132250761975464
HOUSEHOLD_1_100_CA_2_evaluation,HOUSEHOLD_1_100,CA_2,2016-03-25,0,0.0
HOUSEHOLD_1_100_CA_3_evaluation,HOUSEHOLD_1_100,CA_3,2016-03-25,2,0.0
HOUSEHOLD_1_100_CA_4_evaluation,HOUSEHOLD_1_100,CA_4,2016-03-25,1,0.24513854400396412
HOUSEHOLD_1_100_TX_1_evaluation,HOUSEHOLD_1_100,TX_1,2016-03-25,1,0.2131112122232116
HOUSEHOLD_1_100_TX_2_evaluation,HOUSEHOLD_1_100,TX_2,2016-03-25,1,0.4349905537007068
HOUSEHOLD_1_100_TX_3_evaluation,HOUSEHOLD_1_100,TX_3,2016-03-25,0,0.6917268115942056
HOUSEHOLD_1_100_WI_1_evaluation,HOUSEHOLD_1_100,WI_1,2016-03-25,1,0.0
HOUSEHOLD_1_100_WI_2_evaluation,HOUSEHOLD_1_100,WI_2,2016-03-25,1,0.24999097472229093
HOUSEHOLD_1_100_WI_3_evaluation,HOUSEHOLD_1_100,WI_3,2016-03-25,0,0.14994838594256177
HOUSEHOLD_1_290_CA_1_evaluation,HOUSEHOLD_1_290,CA_1,2016-03-25,1,0.688605018519994
HOUSEHOLD_1_290_CA_2_evaluation,HOUSEHOLD_1_290,CA_2,2016-03-25,0,0.7849836205489246
HOUSEHOLD_1_290_CA_3_evaluation,HOUSEHOLD_1_290,CA_3,2016-03-25,3,2.077099375294995
HOUSEHOLD_1_290_CA_4_evaluation,HOUSEHOLD_1_290,CA_4,2016-03-25,1,0.23598510879369727
HOUSEHOLD_1_290_TX_1_evaluation,HOUSEHOLD_1_290,TX_1,2016-03-25,0,1.6228465192108907
HOUSEHOLD_1_290_TX_2_evaluation,HOUSEHOLD_1_290,TX_2,2016-03-25,2,1.2969740406398809
HOUSEHOLD_1_290_TX_3_evaluation,HOUSEHOLD_1_290,TX_3,2016-03-25,2,2.102339352906328
HOUSEHOLD_1_290_WI_1_evaluation,HOUSEHOLD_1_290,WI_1,2016-03-25,1,0.1972229976101446
HOUSEHOLD_1_290_WI_2_evaluation,HOUSEHOLD_1_290,WI_2,2016-03-25,3,2.523885574382025
HOUSEHOLD_1_290_WI_3_evaluation,HOUSEHOLD_1_290,WI_3,2016-03-25,0,0.6159430634529616
HOUSEHOLD_1_370_CA_1_evaluation,HOUSEHOLD_1_370,CA_1,2016-03-25,0,0.7729937518444284
HOUSEHOLD_1_370_CA_2_evaluation,HOUSEHOLD_1_370,CA_2,2016-03-25,1,2.3582729184984954
HOUSEHOLD_1_370_CA_3_evaluation,HOUSEHOLD_1_370,CA_3,2016-03-25,2,3.061313303892864
HOUSEHOLD_1_370_CA_4_evaluation,HOUSEHOLD_1_370,CA_4,2016-03-25,1,0.4444208472500515
HOUSEHOLD_1_370_TX_1_evaluation,HOUSEHOLD_1_370,TX_1,2016-03-25,1,0.8656799130548201
HOUSEHOLD_1_370_TX_2_evaluation,HOUSEHOLD_1_370,TX_2,2016-03-25,1,0.8557729801929808
HOUSEHOLD_1_370_TX_3_evaluation,HOUSEHOLD_1_370,TX_3,2016-03-25,1,0.8605481044521915
HOUSEHOLD_1_370_WI_1_evaluation,HOUSEHOLD_1_370,WI_1,2016-03-25,0,1.3303371254262848
HOUSEHOLD_1_370_WI_2_evaluation,HOUSEHOLD_1_370,WI_2,2016-03-25,0,3.216793522401333
HOUSEHOLD_1_370_WI_3_evaluation,HOUSEHOLD_1_370,WI_3,2016-03-25,2,0.7259344756250925
HOUSEHOLD_1_489_CA_1_evaluation,HOUSEHOLD_1_489,CA_1,2016-03-25,3,1.6647963697245303
HOUSEHOLD_1_489_CA_2_evaluation,HOUSEHOLD_1_489,CA_2,2016-03-25,0,1.8510037695192576
HOUSEHOLD_1_489_CA_3_evaluation,HOUSEHOLD_1_489,CA_3,2016-03-25,1,2.714367796359366
HOUSEHOLD_1_489_CA_4_evaluation,HOUSEHOLD_1_489,CA_4,2016-03-25,2,0.9902034501392608
HOUSEHOLD_1_489_TX_1_evaluation,HOUSEHOLD_1_489,TX_1,2016-03-25,0,2.9033232921728445
HOUSEHOLD_1_489_TX_2_evaluation,HOUSEHOLD_1_489,TX_2,2016-03-25,4,2.2717458548539993
HOUSEHOLD_1_489_TX_3_evaluation,HOUSEHOLD_1_489,TX_3,2016-03-25,2,1.5004968261872595
HOUSEHOLD_1_489_WI_1_evaluation,HOUSEHOLD_1_489,WI_1,2016-03-25,0,0.8414813687568394
HOUSEHOLD_1_489_WI_2_evaluation,HOUSEHOLD_1_489,WI_2,2016-03-25,3,1.2370162862432414
HOUSEHOLD_1_489_WI_3_evaluation,HOUSEHOLD_1_489,WI_3,2016-03-25,2,1.172227476707286
HOUSEHOLD_2_442_CA_1_evaluation,HOUSEHOLD_2_442,CA_1,2016-03-25,0,1.579229624413373
HOUSEHOLD_2_442_CA_2_evaluation,HOUSEHOLD_2_442,CA_2,2016-03-25,1,1.4798339246607004
HOUSEHOLD_2_442_CA_3_evaluation,HOUSEHOLD_2_442,CA_3,2016-03-25,0,1.1059763100643802
HOUSEHOLD_2_442_CA_4_evaluation,HOUSEHOLD_2_442,CA_4,2016-03-25,1,0.7234213039329433
HOUSEHOLD_2_442_TX_1_evaluation,HOUSEHOLD_2_442,TX_1,2016-03-25,0,0.5645414897457068
HOUSEHOLD_2_442_TX_2_evaluation,HOUSEHOLD_2_442,TX_2,2016-03-25,1,1.1784308724818489
HOUSEHOLD_2_442_TX_3_evaluation,HOUSEHOLD_2_442,TX_3,2016-03-25,1,0.7529736752989384
HOUSEHOLD_2_442_WI_1_evaluation,HOUSEHOLD_2_442,WI_1,2016-03-25,2,1.1576602797156994
HOUSEHOLD_2_442_WI_2_evaluation,HOUSEHOLD_2_442,WI_2,2016-03-25,1,1.266911680786451
HOUSEHOLD_2_442_WI_3_evaluation,HOUSEHOLD_2_442,WI_3,2016-03-25,0,0.8202862543289574
FOODS_1_021_CA_1_evaluation,FOODS_1_021,CA_1,2016-03-26,2,3.0852757504079387
FOODS_1_021_CA_2_evaluation,FOODS_1_021,CA_2,2016-03-26,3,3.783372743410069
FOODS_1_021_CA_3_evaluation,FOODS_1_021,CA_3,2016-03-26,1,2.1292815946268915
FOODS_1_021_CA_4_evaluation,FOODS_1_021,CA_4,2016-03-26,1,1.7622387029505397
FOODS_1_021_TX_1_evaluation,FOODS_1_021,TX_1,2016-03-26,0,1.1027325510604267
FOODS_1_021_TX_2_evaluation,FOODS_1_021,TX_2,2016-03-26,0,0.8644888296183539
FOODS_1_021_TX_3_evaluation,FOODS_1_021,TX_3,2016-03-26,0,0.8489309705430812
FOODS_1_021_WI_1_evaluation,FOODS_1_021,WI_1,2016-03-26,0,1.7712030013783513
FOODS_1_021_WI_2_evaluation,FOODS_1_021,WI_2,2016-03-26,0,1.7048435065269718
FOODS_1_021_WI_3_evaluation,FOODS_1_021,WI_3,2016-03-26,0,1.3563280192032972
FOODS_2_035_CA_1_evaluation,FOODS_2_035,CA_1,2016-03-26,1,2.1972554667901756
FOODS_2_035_CA_2_evaluation,FOODS_2_035,CA_2,2016-03-26,2,3.2821635133577045
FOODS_2_035_CA_3_evaluation,FOODS_2_035,CA_3,2016-03-26,1,3.8164717021974184
FOODS_2_035_CA_4_evaluation,FOODS_2_035,CA_4,2016-03-26,1,1.4647166174113377
FOODS_2_035_TX_1_evaluation,FOODS_2_035,TX_1,2016-03-26,0,0.8314534392339181
FOODS_2_035_TX_2_evaluation,FOODS_2_035,TX_2,2016-03-26,4,2.278507434863014
FOODS_2_035_TX_3_evaluation,FOODS_2_035,TX_3,2016-03-26,2,1.9143553757761858
FOODS_2_035_WI_1_evaluation,FOODS_2_035,WI_1,2016-03-26,1,0.9756748476271401
FOODS_2_035_WI_2_evaluation,FOODS_2_035,WI_2,2016-03-26,2,2.5884457301536017
FOODS_2_035_WI_3_evaluation,FOODS_2_035,WI_3,2016-03-26,2,2.258622356428083
FOODS_3_180_CA_1_evaluation,FOODS_3_180,CA_1,2016-03-26,0,0.36104416358400687
FOODS_3_180_CA_2_evaluation,FOODS_3_180,CA_2,2016-03-26,0,0.4135922467409955
FOODS_3_180_CA_3_evaluation,FOODS_3_180,CA_3,2016-03-26,1,0.4696571942410113
FOODS_3_180_CA_4_evaluation,FOODS_3_180,CA_4,2016-03-26,0,0.17524432992846053
FOODS_3_180_TX_1_evaluation,FOODS_3_180,TX_1,2016-03-26,0,0.07007238238936686
FOODS_3_180_TX_2_evaluation,FOODS_3_180,TX_2,2016-03-26,0,0.40450198882257066
FOODS_3_180_TX_3_evaluation,FOODS_3_180,TX_3,2016-03-26,0,0.1324288554040989
FOODS_3_180_WI_1_evaluation,FOODS_3_180,WI_1,2016-03-26,2,0.5811648654554631
FOODS_3_180_WI_2_evaluation,FOODS_3_180,WI_2,2016-03-26,0,0.63382570215398
FOODS_3_180_WI_3_evaluation,FOODS_3_180,WI_3,2016-03-26,0,0.18328718228064336
FOODS_3_260_CA_1_evaluation,FOODS_3_260,CA_1,2016-03-26,0,1.1023252480512882
FOODS_3_260_CA_2_evaluation,FOODS_3_260,CA_2,2016-03-26,0,0.2703001931886111
FOODS_3_260_CA_3_evaluation,FOODS_3_260,CA_3,2016-03-26,1,0.4464527970171524
FOODS_3_260_CA_4_evaluation,FOODS_3_260,CA_4,2016-03-26,0,0.3991831925932129
FOODS_3_260_TX_1_evaluation,FOODS_3_260,TX_1,2016-03-26,0,0.08296709283615729
FOODS_3_260_TX_2_evaluation,FOODS_3_260,TX_2,2016-03-26,0,0.3892778364099956
FOODS_3_260_TX_3_evaluation,FOODS_3_260,TX_3,2016-03-26,0,0.11041132250350856
FOODS_3_260_WI_1_evaluation,FOODS_3_260,WI_1,2016-03-26,2,0.6006679969137776
FOODS_3_260_WI_2_evaluation,FOODS_3_260,WI_2,2016-03-26,0,0.4331849185414778
FOODS_3_260_WI_3_evaluation,FOODS_3_260,WI_3,2016-03-26,0,0.15784594734020319
HOBBIES_1_022_CA_1_evaluation,HOBBIES_1_022,CA_1,2016-03-26,0,0.31089906999814343
HOBBIES_1_022_CA_2_evaluation,HOBBIES_1_022,CA_2,2016-03-26,0,0.4214741767723922
HOBBIES_1_022_CA_3_evaluation,HOBBIES_1_022,CA_3,2016-03-26,1,0.48628418259231604
HOBBIES_1_022_CA_4_evaluation,HOBBIES_1_022,CA_4,2016-03-26,1,0.10175747518281837
HOBBIES_1_022_TX_1_evaluation,HOBBIES_1_022,TX_1,2016-03-26,0,0.20118959030974126
HOBBIES_1_022_TX_2_evaluation,HOBBIES_1_022,TX_2,2016-03-26,1,0.2983753182528668
HOBBIES_1_022_TX_3_evaluation,HOBBIES_1_022,TX_3,2016-03-26,2,0.5588116942832166
HOBBIES_1_022_WI_1_evaluation,HOBBIES_1_022,WI_1,2016-03-26,1,0.4878823062489907
HOBBIES_1_022_WI_2_evaluation,HOBBIES_1_022,WI_2,2016-03-26,0,0.34784048969365816
HOBBIES_1_022_WI_3_evaluation,HOBBIES_1_022,WI_3,2016-03-26,1,0.5641024936199482
HOBBIES_1_209_CA_1_evaluation,HOBBIES_1_209,CA_1,2016-03-26,6,5.23705284502647
HOBBIES_1_209_CA_2_evaluation,HOBBIES_1_209,CA_2,2016-03-26,9,2.794228960235823
HOBBIES_1_209_CA_3_evaluation,HOBBIES_1_209,CA_3,2016-03-26,24,7.766464853994167
HOBBIES_1_209_CA_4_evaluation,HOBBIES_1_209,CA_4,2016-03-26,0,0.5886894325159364
HOBBIES_1_209_TX_1_evaluation,HOBBIES_1_209,TX_1,2016-03-26,0,2.100750467520718
HOBBIES_1_209_TX_2_evaluation,HOBBIES_1_209,TX_2,2016-03-26,1,1.7156676289227568
HOBBIES_1_209_TX_3_evaluation,HOBBIES_1_209,TX_3,2016-03-26,0,0.8578410272250123
HOBBIES_1_209_WI_1_evaluation,HOBBIES_1_209,WI_1,2016-03-26,3,2.2895853666273243
HOBBIES_1_209_WI_2_evaluation,HOBBIES_1_209,WI_2,2016-03-26,1,1.753434038947547
HOBBIES_1_209_WI_3_evaluation,HOBBIES_1_209,WI_3,2016-03-26,2,3.3824980457831955
HOBBIES_2_041_CA_1_evaluation,HOBBIES_2_041,CA_1,2016-03-26,1,0.3547472220783131
HOBBIES_2_041_CA_2_evaluation,HOBBIES_2_041,CA_2,2016-03-26,5,1.4370161891465774
HOBBIES_2_041_CA_3_evaluation,HOBBIES_2_041,CA_3,2016-03-26,1,0.38584920646739274
HOBBIES_2_041_CA_4_evaluation,HOBBIES_2_041,CA_4,2016-03-26,0,0.380745732847871
HOBBIES_2_041_TX_1_evaluation,HOBBIES_2_041,TX_1,2016-03-26,0,0.1946161251510061
HOBBIES_2_041_TX_2_evaluation,HOBBIES_2_041,TX_2,2016-03-26,0,0.8754811220447296
HOBBIES_2_041_TX_3_evaluation,HOBBIES_2_041,TX_3,2016-03-26,0,0.20945202547714906
HOBBIES_2_041_WI_1_evaluation,HOBBIES_2_041,WI_1,2016-03-26,1,0.3860264860036168
HOBBIES_2_041_WI_2_evaluation,HOBBIES_2_041,WI_2,2016-03-26,1,0.26538780822811925
HOBBIES_2_041_WI_3_evaluation,HOBBIES_2_041,WI_3,2016-03-26,0,0.23161795673269375
HOBBIES_2_113_CA_1_evaluation,HOBBIES_2_113,CA_1,2016-03-26,0,0.20264971241222363
HOBBIES_2_113_CA_2_evaluation,HOBBIES_2_113,CA_2,2016-03-26,0,0.08537834706638445
HOBBIES_2_113_CA_3_evaluation,HOBBIES_2_113,CA_3,2016-03-26,1,0.00362998182756219
HOBBIES_2_113_CA_4_evaluation,HOBBIES_2_113,CA_4,2016-03-26,0,0.0993306344861902
HOBBIES_2_113_TX_1_evaluation,HOBBIES_2_113,TX_1,2016-03-26,0,0.014044487207844403
HOBBIES_2_113_TX_2_evaluation,HOBBIES_2_113,TX_2,2016-03-26,0,0.1810965641151778
HOBBIES_2_113_TX_3_evaluation,HOBBIES_2_113,TX_3,2016-03-26,0,0.0
HOBBIES_2_113_WI_1_evaluation,HOBBIES_2_113,WI_1,2016-03-26,0,0.42048300460929866
HOBBIES_2_113_WI_2_evaluation,HOBBIES_2_113,WI_2,2016-03-26,0,0.2170239770151678
HOBBIES_2_113_WI_3_evaluation,HOBBIES_2_113,WI_3,2016-03-26,0,0.11786607561851362
HOUSEHOLD_1_100_CA_1_evaluation,HOUSEHOLD_1_100,CA_1,2016-03-26,0,0.6965996036547236
HOUSEHOLD_1_100_CA_2_evaluation,HOUSEHOLD_1_100,CA_2,2016-03-26,0,0.15768884516309545
HOUSEHOLD_1_100_CA_3_evaluation,HOUSEHOLD_1_100,CA_3,2016-03-26,2,0.0
HOUSEHOLD_1_100_CA_4_evaluation,HOUSEHOLD_1_100,CA_4,2016-03-26,1,0.2930154674011539
HOUSEHOLD_1_100_TX_1_evaluation,HOUSEHOLD_1_100,TX_1,2016-03-26,0,0.23906554149525266
HOUSEHOLD_1_100_TX_2_evaluation,HOUSEHOLD_1_100,TX_2,2016-03-26,1,0.6119437150613702
HOUSEHOLD_1_100_TX_3_evaluation,HOUSEHOLD_1_100,TX_3,2016-03-26,1,0.8941731512133791
HOUSEHOLD_1_100_WI_1_evaluation,HOUSEHOLD_1_100,WI_1,2016-03-26,1,0.1627163716839869
HOUSEHOLD_1_100_WI_2_evaluation,HOUSEHOLD_1_100,WI_2,2016-03-26,0,0.41176627756302286
HOUSEHOLD_1_100_WI_3_evaluation,HOUSEHOLD_1_100,WI_3,2016-03-26,0,0.4627770145193323
HOUSEHOLD_1_290_CA_1_evaluation,HOUSEHOLD_1_290,CA_1,2016-03-26,2,0.5903219461224691
HOUSEHOLD_1_290_CA_2_evaluation,HOUSEHOLD_1_290,CA_2,2016-03-26,2,0.8592425263419102
HOUSEHOLD_1_290_CA_3_evaluation,HOUSEHOLD_1_290,CA_3,2016-03-26,0,1.97894858615725
HOUSEHOLD_1_290_CA_4_evaluation,HOUSEHOLD_1_290,CA_4,2016-03-26,0,0.2441619700569596
HOUSEHOLD_1_290_TX_1_evaluation,HOUSEHOLD_1_290,TX_1,2016-03-26,2,1.5941995149881139
HOUSEHOLD_1_290_TX_2_evaluation,HOUSEHOLD_1_290,TX_2,2016-03-26,0,1.4420174680687523
HOUSEHOLD_1_290_TX_3_evaluation,HOUSEHOLD_1_290,TX_3,2016-03-26,4,2.303139934235201
HOUSEHOLD_1_290_WI_1_evaluation,HOUSEHOLD_1_290,WI_1,2016-03-26,0,0.3179187212991546
HOUSEHOLD_1_290_WI_2_evaluation,HOUSEHOLD_1_290,WI_2,2016-03-26,2,2.645700150049388
HOUSEHOLD_1_290_WI_3_evaluation,HOUSEHOLD_1_290,WI_3,2016-03-26,0,0.9972591119310773
HOUSEHOLD_1_370_CA_1_evaluation,HOUSEHOLD_1_370,CA_1,2016-03-26,0,0.7133397930555831
HOUSEHOLD_1_370_CA_2_evaluation,HOUSEHOLD_1_370,CA_2,2016-03-26,1,2.6940613705080656
HOUSEHOLD_1_370_CA_3_evaluation,HOUSEHOLD_1_370,CA_3,2016-03-26,2,3.029360706242521
HOUSEHOLD_1_370_CA_4_evaluation,HOUSEHOLD_1_370,CA_4,2016-03-26,0,0.37178901366834055
HOUSEHOLD_1_370_TX_1_evaluation,HOUSEHOLD_1_370,TX_1,2016-03-26,0,0.870168706708232
HOUSEHOLD_1_370_TX_2_evaluation,HOUSEHOLD_1_370,TX_2,2016-03-26,0,0.92189726265038
HOUSEHOLD_1_370_TX_3_evaluation,HOUSEHOLD_1_370,TX_3,2016-03-26,0,0.9355837281511941
HOUSEHOLD_1_370_WI_1_evaluation,HOUSEHOLD_1_370,WI_1,2016-03-26,0,1.493684432942618
HOUSEHOLD_1_370_WI_2_evaluation,HOUSEHOLD_1_370,WI_2,2016-03-26,2,3.35470821983759
HOUSEHOLD_1_370_WI_3_evaluation,HOUSEHOLD_1_370,WI_3,2016-03-26,0,0.8742990214932591
HOUSEHOLD_1_489_CA_1_evaluation,HOUSEHOLD_1_489,CA_1,2016-03-26,1,1.5705538564242043
HOUSEHOLD_1_489_CA_2_evaluation,HOUSEHOLD_1_489,CA_2,2016-03-26,0,1.8461554243425833
HOUSEHOLD_1_489_CA_3_evaluation,HOUSEHOLD_1_489,CA_3,2016-03-26,3,2.697265042285003
HOUSEHOLD_1_489_CA_4_evaluation,HOUSEHOLD_1_489,CA_4,2016-03-26,1,0.9616848016125521
HOUSEHOLD_1_489_TX_1_evaluation,HOUSEHOLD_1_489,TX_1,2016-03-26,6,2.820300878690752
HOUSEHOLD_1_489_TX_2_evaluation,HOUSEHOLD_1_489,TX_2,2016-03-26,1,2.2673474529551103
HOUSEHOLD_1_489_TX_3_evaluation,HOUSEHOLD_1_489,TX_3,2016-03-26,0,1.521010594519662
HOUSEHOLD_1_489_WI_1_evaluation,HOUSEHOLD_1_489,WI_1,2016-03-26,0,0.8636756207644817
HOUSEHOLD_1_489_WI_2_evaluation,HOUSEHOLD_1_489,WI_2,2016-03-26,1,1.2174663530930092
HOUSEHOLD_1_489_WI_3_evaluation,HOUSEHOLD_1_489,WI_3,2016-03-26,0,1.1484287479104913
HOUSEHOLD_2_442_CA_1_evaluation,HOUSEHOLD_2_442,CA_1,2016-03-26,0,1.671973571213396
HOUSEHOLD_2_442_CA_2_evaluation,HOUSEHOLD_2_442,CA_2,2016-03-26,2,1.910968395513457
HOUSEHOLD_2_442_CA_3_evaluation,HOUSEHOLD_2_442,CA_3,2016-03-26,1,1.1757622298576855
HOUSEHOLD_2_442_CA_4_evaluation,HOUSEHOLD_2_442,CA_4,2016-03-26,2,0.7431718233610496
HOUSEHOLD_2_442_TX_1_evaluation,HOUSEHOLD_2_442,TX_1,2016-03-26,0,0.6996462312621682
HOUSEHOLD_2_442_TX_2_evaluation,HOUSEHOLD_2_442,TX_2,2016-03-26,2,1.417351255407525
HOUSEHOLD_2_442_TX_3_evaluation,HOUSEHOLD_2_442,TX_3,2016-03-26,1,0.7853663454840162
HOUSEHOLD_2_442_WI_1_evaluation,HOUSEHOLD_2_442,WI_1,2016-03-26,2,1.3662985415688877
HOUSEHOLD_2_442_WI_2_evaluation,HOUSEHOLD_2_442,WI_2,2016-03-26,1,1.3723666873347642
HOUSEHOLD_2_442_WI_3_evaluation,HOUSEHOLD_2_442,WI_3,2016-03-26,2,1.1621329871499784
FOODS_1_021_CA_1_evaluation,FOODS_1_021,CA_1,2016-03-27,3,3.7508389772469064
FOODS_1_021_CA_2_evaluation,FOODS_1_021,CA_2,2016-03-27,0,4.258079352235386
FOODS_1_021_CA_3_evaluation,FOODS_1_021,CA_3,2016-03-27,1,2.309041646111246
FOODS_1_021_CA_4_evaluation,FOODS_1_021,CA_4,2016-03-27,4,2.2974670091582072
FOODS_1_021_TX_1_evaluation,FOODS_1_021,TX_1,2016-03-27,0,1.0521521400221756
FOODS_1_021_TX_2_evaluation,FOODS_1_021,TX_2,2016-03-27,0,0.9338555037541846
FOODS_1_021_TX_3_evaluation,FOODS_1_021,TX_3,2016-03-27,0,0.887058675342261
FOODS_1_021_WI_1_evaluation,FOODS_1_021,WI_1,2016-03-27,0,2.2853479613788235
FOODS_1_021_WI_2_evaluation,FOODS_1_021,WI_2,2016-03-27,1,1.9365174779089194
FOODS_1_021_WI_3_evaluation,FOODS_1_021,WI_3,2016-03-27,0,1.471009894918492
FOODS_2_035_CA_1_evaluation,FOODS_2_035,CA_1,2016-03-27,0,2.27893863685253
FOODS_2_035_CA_2_evaluation,FOODS_2_035,CA_2,2016-03-27,4,3.3067778720922996
FOODS_2_035_CA_3_evaluation,FOODS_2_035,CA_3,2016-03-27,0,3.9949440017338107
FOODS_2_035_CA_4_evaluation,FOODS_2_035,CA_4,2016-03-27,2,1.5615870898237147
FOODS_2_035_TX_1_evaluation,FOODS_2_035,TX_1,2016-03-27,1,0.9209288435577332
FOODS_2_035_TX_2_evaluation,FOODS_2_035,TX_2,2016-03-27,3,2.4037223918795805
FOODS_2_035_TX_3_evaluation,FOODS_2_035,TX_3,2016-03-27,0,2.045958806494213
FOODS_2_035_WI_1_evaluation,FOODS_2_035,WI_1,2016-03-27,1,1.0287211121825954
FOODS_2_035_WI_2_evaluation,FOODS_2_035,WI_2,2016-03-27,1,2.614357852943193
FOODS_2_035_WI_3_evaluation,FOODS_2_035,WI_3,2016-03-27,1,2.2757429273475887
FOODS_3_180_CA_1_evaluation,FOODS_3_180,CA_1,2016-03-27,1,0.3670603087149921
FOODS_3_180_CA_2_evaluation,FOODS_3_180,CA_2,2016-03-27,0,0.48955532547581393
FOODS_3_180_CA_3_evaluation,FOODS_3_180,CA_3,2016-03-27,0,0.5180821179738353
FOODS_3_180_CA_4_evaluation,FOODS_3_180,CA_4,2016-03-27,0,0.1751740322638404
FOODS_3_180_TX_1_evaluation,FOODS_3_180,TX_1,2016-03-27,1,0.07438074940574568
FOODS_3_180_TX_2_evaluation,FOODS_3_180,TX_2,2016-03-27,0,0.42249326433280976
FOODS_3_180_TX_3_evaluation,FOODS_3_180,TX_3,2016-03-27,0,0.16574569350524
FOODS_3_180_WI_1_evaluation,FOODS_3_180,WI_1,2016-03-27,0,0.6530875153786366
FOODS_3_180_WI_2_evaluation,FOODS_3_180,WI_2,2016-03-27,0,0.6923642699930069
FOODS_3_180_WI_3_evaluation,FOODS_3_180,WI_3,2016-03-27,2,0.16927583793841983
FOODS_3_260_CA_1_evaluation,FOODS_3_260,CA_1,2016-03-27,3,1.1051401061995285
FOODS_3_260_CA_2_evaluation,FOODS_3_260,CA_2,2016-03-27,2,0.32178583076405576
FOODS_3_260_CA_3_evaluation,FOODS_3_260,CA_3,2016-03-27,1,0.48442601961134785
FOODS_3_260_CA_4_evaluation,FOODS_3_260,CA_4,2016-03-27,0,0.374343627052685
FOODS_3_260_TX_1_evaluation,FOODS_3_260,TX_1,2016-03-27,1,0.10534404826046276
FOODS_3_260_TX_2_evaluation,FOODS_3_260,TX_2,2016-03-27,0,0.40900573852740174
FOODS_3_260_TX_3_evaluation,FOODS_3_260,TX_3,2016-03-27,0,0.107915377949023
FOODS_3_260_WI_1_evaluation,FOODS_3_260,WI_1,2016-03-27,1,0.7279039672446699
FOODS_3_260_WI_2_evaluation,FOODS_3_260,WI_2,2016-03-27,0,0.4661818925549267
FOODS_3_260_WI_3_evaluation,FOODS_3_260,WI_3,2016-03-27,1,0.14064892591593176
HOBBIES_1_022_CA_1_evaluation,HOBBIES_1_022,CA_1,2016-03-27,0,0.4152448573092864
HOBBIES_1_022_CA_2_evaluation,HOBBIES_1_022,CA_2,2016-03-27,0,0.5178578509312217
HOBBIES_1_022_CA_3_evaluation,HOBBIES_1_022,CA_3,2016-03-27,0,0.8435889033846901
HOBBIES_1_022_CA_4_evaluation,HOBBIES_1_022,CA_4,2016-03-27,0,0.14085095424526406
HOBBIES_1_022_TX_1_evaluation,HOBBIES_1_022,TX_1,2016-03-27,1,0.32240844641797495
HOBBIES_1_022_TX_2_evaluation,HOBBIES_1_022,TX_2,2016-03-27,0,0.3921722870393395
HOBBIES_1_022_TX_3_evaluation,HOBBIES_1_022,TX_3,2016-03-27,1,0.579218806841913
HOBBIES_1_022_WI_1_evaluation,HOBBIES_1_022,WI_1,2016-03-27,1,0.514223336795661
HOBBIES_1_022_WI_2_evaluation,HOBBIES_1_022,WI_2,2016-03-27,0,0.44741989057276244
HOBBIES_1_022_WI_3_evaluation,HOBBIES_1_022,WI_3,2016-03-27,1,0.5677374838981036
HOBBIES_1_209_CA_1_evaluation,HOBBIES_1_209,CA_1,2016-03-27,2,6.847964088285824
HOBBIES_1_209_CA_2_evaluation,HOBBIES_1_209,CA_2,2016-03-27,6,4.7140465471171265
HOBBIES_1_209_CA_3_evaluation,HOBBIES_1_209,CA_3,2016-03-27,6,9.026682135316202
HOBBIES_1_209_CA_4_evaluation,HOBBIES_1_209,CA_4,2016-03-27,0,0.8056928877821636
HOBBIES_1_209_TX_1_evaluation,HOBBIES_1_209,TX_1,2016-03-27,8,2.39484942439024
HOBBIES_1_209_TX_2_evaluation,HOBBIES_1_209,TX_2,2016-03-27,2,1.9393089908177858
HOBBIES_1_209_TX_3_evaluation,HOBBIES_1_209,TX_3,2016-03-27,0,0.9402354632945129
HOBBIES_1_209_WI_1_evaluation,HOBBIES_1_209,WI_1,2016-03-27,1,2.8045347792114197
HOBBIES_1_209_WI_2_evaluation,HOBBIES_1_209,WI_2,2016-03-27,1,2.4650753857866317
HOBBIES_1_209_WI_3_evaluation,HOBBIES_1_209,WI_3,2016-03-27,24,3.3172285949557647
HOBBIES_2_041_CA_1_evaluation,HOBBIES_2_041,CA_1,2016-03-27,0,0.4026105676685522
HOBBIES_2_041_CA_2_evaluation,HOBBIES_2_041,CA_2,2016-03-27,0,1.327599593500428
HOBBIES_2_041_CA_3_evaluation,HOBBIES_2_041,CA_3,2016-03-27,0,0.33195828773711383
HOBBIES_2_041_CA_4_evaluation,HOBBIES_2_041,CA_4,2016-03-27,0,0.4224870241161597
HOBBIES_2_041_TX_1_evaluation,HOBBIES_2_041,TX_1,2016-03-27,1,0.15587576379004925
HOBBIES_2_041_TX_2_evaluation,HOBBIES_2_041,TX_2,2016-03-27,1,0.9722728220764709
HOBBIES_2_041_TX_3_evaluation,HOBBIES_2_041,TX_3,2016-03-27,0,0.2282193098697603
HOBBIES_2_041_WI_1_evaluation,HOBBIES_2_041,WI_1,2016-03-27,0,0.36464475816677355
HOBBIES_2_041_WI_2_evaluation,HOBBIES_2_041,WI_2,2016-03-27,0,0.26061711513276736
HOBBIES_2_041_WI_3_evaluation,HOBBIES_2_041,WI_3,2016-03-27,1,0.205509256730369
HOBBIES_2_113_CA_1_evaluation,HOBBIES_2_113,CA_1,2016-03-27,0,0.3219940104104473
HOBBIES_2_113_CA_2_evaluation,HOBBIES_2_113,CA_2,2016-03-27,0,0.13272671903031913
HOBBIES_2_113_CA_3_evaluation,HOBBIES_2_113,CA_3,2016-03-27,0,0.12067621535810404
HOBBIES_2_113_CA_4_evaluation,HOBBIES_2_113,CA_4,2016-03-27,1,0.11049493326603274
HOBBIES_2_113_TX_1_evaluation,HOBBIES_2_113,TX_1,2016-03-27,0,0.1081574691969106
HOBBIES_2_113_TX_2_evaluation,HOBBIES_2_113,TX_2,2016-03-27,0,0.21586831459748393
HOBBIES_2_113_TX_3_evaluation,HOBBIES_2_113,TX_3,2016-03-27,0,0.0
HOBBIES_2_113_WI_1_evaluation,HOBBIES_2_113,WI_1,2016-03-27,0,0.44357920756773256
HOBBIES_2_113_WI_2_evaluation,HOBBIES_2_113,WI_2,2016-03-27,0,0.23973345212281022
HOBBIES_2_113_WI_3_evaluation,HOBBIES_2_113,WI_3,2016-03-27,0,0.178514489146038
HOUSEHOLD_1_100_CA_1_evaluation,HOUSEHOLD_1_100,CA_1,2016-03-27,2,1.5300570230378874
HOUSEHOLD_1_100_CA_2_evaluation,HOUSEHOLD_1_100,CA_2,2016-03-27,0,0.3392566306892997
HOUSEHOLD_1_100_CA_3_evaluation,HOUSEHOLD_1_100,CA_3,2016-03-27,5,0.5085429874237867
HOUSEHOLD_1_100_CA_4_evaluation,HOUSEHOLD_1_100,CA_4,2016-03-27,0,0.3506518999626246
HOUSEHOLD_1_100_TX_1_evaluation,HOUSEHOLD_1_100,TX_1,2016-03-27,1,0.5192134093534253
HOUSEHOLD_1_100_TX_2_evaluation,HOUSEHOLD_1_100,TX_2,2016-03-27,1,0.9260463963488368
HOUSEHOLD_1_100_TX_3_evaluation,HOUSEHOLD_1_100,TX_3,2016-03-27,1,1.1076892460161765
HOUSEHOLD_1_100_WI_1_evaluation,HOUSEHOLD_1_100,WI_1,2016-03-27,0,0.3886986631355441
HOUSEHOLD_1_100_WI_2_evaluation,HOUSEHOLD_1_100,WI_2,2016-03-27,1,0.5476324296305157
HOUSEHOLD_1_100_WI_3_evaluation,HOUSEHOLD_1_100,WI_3,2016-03-27,0,0.7768366219557525
HOUSEHOLD_1_290_CA_1_evaluation,HOUSEHOLD_1_290,CA_1,2016-03-27,4,0.8076892716860986
HOUSEHOLD_1_290_CA_2_evaluation,HOUSEHOLD_1_290,CA_2,2016-03-27,1,1.0272726971079957
HOUSEHOLD_1_290_CA_3_evaluation,HOUSEHOLD_1_290,CA_3,2016-03-27,0,2.2096207088181754
HOUSEHOLD_1_290_CA_4_evaluation,HOUSEHOLD_1_290,CA_4,2016-03-27,1,0.2781070444157612
HOUSEHOLD_1_290_TX_1_evaluation,HOUSEHOLD_1_290,TX_1,2016-03-27,3,1.9880971802438212
HOUSEHOLD_1_290_TX_2_evaluation,HOUSEHOLD_1_290,TX_2,2016-03-27,3,1.438577955346963
HOUSEHOLD_1_290_TX_3_evaluation,HOUSEHOLD_1_290,TX_3,2016-03-27,1,2.4648491341536634
HOUSEHOLD_1_290_WI_1_evaluation,HOUSEHOLD_1_290,WI_1,2016-03-27,0,0.3370037722504143
HOUSEHOLD_1_290_WI_2_evaluation,HOUSEHOLD_1_290,WI_2,2016-03-27,1,2.4232698080822224
HOUSEHOLD_1_290_WI_3_evaluation,HOUSEHOLD_1_290,WI_3,2016-03-27,2,0.8877969000875461
HOUSEHOLD_1_370_CA_1_evaluation,HOUSEHOLD_1_370,CA_1,2016-03-27,0,1.5810620600968406
HOUSEHOLD_1_370_CA_2_evaluation,HOUSEHOLD_1_370,CA_2,2016-03-27,2,3.7035130741907096
HOUSEHOLD_1_370_CA_3_evaluation,HOUSEHOLD_1_370,CA_3,2016-03-27,3,4.054152442388303
HOUSEHOLD_1_370_CA_4_evaluation,HOUSEHOLD_1_370,CA_4,2016-03-27,2,0.6336197574586413
HOUSEHOLD_1_370_TX_1_evaluation,HOUSEHOLD_1_370,TX_1,2016-03-27,1,0.9098808499823972
HOUSEHOLD_1_370_TX_2_evaluation,HOUSEHOLD_1_370,TX_2,2016-03-27,2,1.1245880160977064
HOUSEHOLD_1_370_TX_3_evaluation,HOUSEHOLD_1_370,TX_3,2016-03-27,2,1.1168450069594635
HOUSEHOLD_1_370_WI_1_evaluation,HOUSEHOLD_1_370,WI_1,2016-03-27,2,2.7981449398394815
HOUSEHOLD_1_370_WI_2_evaluation,HOUSEHOLD_1_370,WI_2,2016-03-27,6,3.770068493011702
HOUSEHOLD_1_370_WI_3_evaluation,HOUSEHOLD_1_370,WI_3,2016-03-27,1,1.15633265291235
HOUSEHOLD_1_489_CA_1_evaluation,HOUSEHOLD_1_489,CA_1,2016-03-27,0,1.7021708948178684
HOUSEHOLD_1_489_CA_2_evaluation,HOUSEHOLD_1_489,CA_2,2016-03-27,3,1.939868781479553
HOUSEHOLD_1_489_CA_3_evaluation,HOUSEHOLD_1_489,CA_3,2016-03-27,3,2.7560501155564476
HOUSEHOLD_1_489_CA_4_evaluation,HOUSEHOLD_1_489,CA_4,2016-03-27,0,0.9866779937887036
HOUSEHOLD_1_489_TX_1_evaluation,HOUSEHOLD_1_489,TX_1,2016-03-27,0,2.883435954432542
HOUSEHOLD_1_489_TX_2_evaluation,HOUSEHOLD_1_489,TX_2,2016-03-27,1,2.324196332310412
HOUSEHOLD_1_489_TX_3_evaluation,HOUSEHOLD_1_489,TX_3,2016-03-27,4,1.5909143568234674
HOUSEHOLD_1_489_WI_1_evaluation,HOUSEHOLD_1_489,WI_1,2016-03-27,1,0.9608759500934464
HOUSEHOLD_1_489_WI_2_evaluation,HOUSEHOLD_1_489,WI_2,2016-03-27,0,1.277406970181151
HOUSEHOLD_1_489_WI_3_evaluation,HOUSEHOLD_1_489,WI_3,2016-03-27,0,1.2458911763008396
HOUSEHOLD_2_442_CA_1_evaluation,HOUSEHOLD_2_442,CA_1,2016-03-27,1,2.167366107200862
HOUSEHOLD_2_442_CA_2_evaluation,HOUSEHOLD_2_442,CA_2,2016-03-27,5,2.475700736870483
HOUSEHOLD_2_442_CA_3_evaluation,HOUSEHOLD_2_442,CA_3,2016-03-27,3,1.5064027086853158
HOUSEHOLD_2_442_CA_4_evaluation,HOUSEHOLD_2_442,CA_4,2016-03-27,1,0.8119641707276559
HOUSEHOLD_2_442_TX_1_evaluation,HOUSEHOLD_2_442,TX_1,2016-03-27,0,0.9955562060208057
HOUSEHOLD_2_442_TX_2_evaluation,HOUSEHOLD_2_442,TX_2,2016-03-27,1,1.578878911042206
HOUSEHOLD_2_442_TX_3_evaluation,HOUSEHOLD_2_442,TX_3,2016-03-27,1,1.0626254891691465
HOUSEHOLD_2_442_WI_1_evaluation,HOUSEHOLD_2_442,WI_1,2016-03-27,2,1.660586463871179
HOUSEHOLD_2_442_WI_2_evaluation,HOUSEHOLD_2_442,WI_2,2016-03-27,2,1.529574457853842
HOUSEHOLD_2_442_WI_3_evaluation,HOUSEHOLD_2_442,WI_3,2016-03-27,1,1.3042540241697729
FOODS_1_021_CA_1_evaluation,FOODS_1_021,CA_1,2016-03-28,3,2.783133432136885
FOODS_1_021_CA_2_evaluation,FOODS_1_021,CA_2,2016-03-28,2,3.906283221334021
FOODS_1_021_CA_3_evaluation,FOODS_1_021,CA_3,2016-03-28,0,2.175769726076365
FOODS_1_021_CA_4_evaluation,FOODS_1_021,CA_4,2016-03-28,0,1.6092760444266254
FOODS_1_021_TX_1_evaluation,FOODS_1_021,TX_1,2016-03-28,2,1.0563919150339571
FOODS_1_021_TX_2_evaluation,FOODS_1_021,TX_2,2016-03-28,0,0.933358106769924
FOODS_1_021_TX_3_evaluation,FOODS_1_021,TX_3,2016-03-28,0,0.8836737123851771
FOODS_1_021_WI_1_evaluation,FOODS_1_021,WI_1,2016-03-28,2,1.3291652573651342
FOODS_1_021_WI_2_evaluation,FOODS_1_021,WI_2,2016-03-28,0,1.644973979269301
FOODS_1_021_WI_3_evaluation,FOODS_1_021,WI_3,2016-03-28,1,1.1950084695153684
FOODS_2_035_CA_1_evaluation,FOODS_2_035,CA_1,2016-03-28,4,2.349717832623714
FOODS_2_035_CA_2_evaluation,FOODS_2_035,CA_2,2016-03-28,3,3.4777613258988236
FOODS_2_035_CA_3_evaluation,FOODS_2_035,CA_3,2016-03-28,3,4.413674522197226
FOODS_2_035_CA_4_evaluation,FOODS_2_035,CA_4,2016-03-28,1,1.635795546265211
FOODS_2_035_TX_1_evaluation,FOODS_2_035,TX_1,2016-03-28,2,0.9546237177180079
FOODS_2_035_TX_2_evaluation,FOODS_2_035,TX_2,2016-03-28,1,2.551870711015628
FOODS_2_035_TX_3_evaluation,FOODS_2_035,TX_3,2016-03-28,3,2.251820731003606
FOODS_2_035_WI_1_evaluation,FOODS_2_035,WI_1,2016-03-28,2,1.0261906279849382
FOODS_2_035_WI_2_evaluation,FOODS_2_035,WI_2,2016-03-28,2,2.7957330087306307
FOODS_2_035_WI_3_evaluation,FOODS_2_035,WI_3,2016-03-28,0,2.4774121048160707
FOODS_3_180_CA_1_evaluation,FOODS_3_180,CA_1,2016-03-28,0,0.41047251254870487
FOODS_3_180_CA_2_evaluation,FOODS_3_180,CA_2,2016-03-28,0,0.5059770705928858
FOODS_3_180_CA_3_evaluation,FOODS_3_180,CA_3,2016-03-28,2,0.5737230423957114
FOODS_3_180_CA_4_evaluation,FOODS_3_180,CA_4,2016-03-28,2,0.25801279263319415
FOODS_3_180_TX_1_evaluation,FOODS_3_180,TX_1,2016-03-28,0,0.06353061655192777
FOODS_3_180_TX_2_evaluation,FOODS_3_180,TX_2,2016-03-28,0,0.4325022085602042
FOODS_3_180_TX_3_evaluation,FOODS_3_180,TX_3,2016-03-28,0,0.16139604202967564
FOODS_3_180_WI_1_evaluation,FOODS_3_180,WI_1,2016-03-28,1,0.7676067714868795
FOODS_3_180_WI_2_evaluation,FOODS_3_180,WI_2,2016-03-28,1,0.806964341172891
FOODS_3_180_WI_3_evaluation,FOODS_3_180,WI_3,2016-03-28,1,0.2040189451997857
FOODS_3_260_CA_1_evaluation,FOODS_3_260,CA_1,2016-03-28,0,1.0816852193227038
FOODS_3_260_CA_2_evaluation,FOODS_3_260,CA_2,2016-03-28,0,0.3540386279729544
FOODS_3_260_CA_3_evaluation,FOODS_3_260,CA_3,2016-03-28,1,0.5062194352350436
FOODS_3_260_CA_4_evaluation,FOODS_3_260,CA_4,2016-03-28,1,0.4023893373830726
FOODS_3_260_TX_1_evaluation,FOODS_3_260,TX_1,2016-03-28,0,0.12048114955446892
FOODS_3_260_TX_2_evaluation,FOODS_3_260,TX_2,2016-03-28,0,0.3681436956379586
FOODS_3_260_TX_3_evaluation,FOODS_3_260,TX_3,2016-03-28,0,0.13131236361689325
FOODS_3_260_WI_1_evaluation,FOODS_3_260,WI_1,2016-03-28,0,0.6171793001917336
FOODS_3_260_WI_2_evaluation,FOODS_3_260,WI_2,2016-03-28,1,0.49162550180318737
FOODS_3_260_WI_3_evaluation,FOODS_3_260,WI_3,2016-03-28,0,0.17618842724898426
HOBBIES_1_022_CA_1_evaluation,HOBBIES_1_022,CA_1,2016-03-28,0,0.37992158947943067
HOBBIES_1_022_CA_2_evaluation,HOBBIES_1_022,CA_2,2016-03-28,0,0.7036894503161435
HOBBIES_1_022_CA_3_evaluation,HOBBIES_1_022,CA_3,2016-03-28,0,0.8415432093543097
HOBBIES_1_022_CA_4_evaluation,HOBBIES_1_022,CA_4,2016-03-28,1,0.09350489542391816
HOBBIES_1_022_TX_1_evaluation,HOBBIES_1_022,TX_1,2016-03-28,0,0.2264335543686509
HOBBIES_1_022_TX_2_evaluation,HOBBIES_1_022,TX_2,2016-03-28,2,0.27065284437880865
HOBBIES_1_022_TX_3_evaluation,HOBBIES_1_022,TX_3,2016-03-28,0,0.5973400036890628
HOBBIES_1_022_WI_1_evaluation,HOBBIES_1_022,WI_1,2016-03-28,1,0.5312660231840535
HOBBIES_1_022_WI_2_evaluation,HOBBIES_1_022,WI_2,2016-03-28,0,0.3636070958178316
HOBBIES_1_022_WI_3_evaluation,HOBBIES_1_022,WI_3,2016-03-28,0,0.4713281077085324
HOBBIES_1_209_CA_1_evaluation,HOBBIES_1_209,CA_1,2016-03-28,3,5.672318998996992
HOBBIES_1_209_CA_2_evaluation,HOBBIES_1_209,CA_2,2016-03-28,6,3.6002058545487396
HOBBIES_1_209_CA_3_evaluation,HOBBIES_1_209,CA_3,2016-03-28,10,8.293517028482249
HOBBIES_1_209_CA_4_evaluation,HOBBIES_1_209,CA_4,2016-03-28,0,0.5355881367380758
HOBBIES_1_209_TX_1_evaluation,HOBBIES_1_209,TX_1,2016-03-28,3,1.8691018099864123
HOBBIES_1_209_TX_2_evaluation,HOBBIES_1_209,TX_2,2016-03-28,2,1.5134981600191861
HOBBIES_1_209_TX_3_evaluation,HOBBIES_1_209,TX_3,2016-03-28,0,0.8315613511220046
HOBBIES_1_209_WI_1_evaluation,HOBBIES_1_209,WI_1,2016-03-28,0,1.946205381830211
HOBBIES_1_209_WI_2_evaluation,HOBBIES_1_209,WI_2,2016-03-28,0,1.3862153843100153
HOBBIES_1_209_WI_3_evaluation,HOBBIES_1_209,WI_3,2016-03-28,0,3.2595743129303245
HOBBIES_2_041_CA_1_evaluation,HOBBIES_2_041,CA_1,2016-03-28,0,0.37937687993746283
HOBBIES_2_041_CA_2_evaluation,HOBBIES_2_041,CA_2,2016-03-28,2,1.3222756738915729
HOBBIES_2_041_CA_3_evaluation,HOBBIES_2_041,CA_3,2016-03-28,0,0.478202334282882
HOBBIES_2_041_CA_4_evaluation,HOBBIES_2_041,CA_4,2016-03-28,0,0.3587209365691591
HOBBIES_2_041_TX_1_evaluation,HOBBIES_2_041,TX_1,2016-03-28,0,0.16652530380575423
HOBBIES_2_041_TX_2_evaluation,HOBBIES_2_041,TX_2,2016-03-28,1,0.8538096054257076
HOBBIES_2_041_TX_3_evaluation,HOBBIES_2_041,TX_3,2016-03-28,0,0.23897893388469035
HOBBIES_2_041_WI_1_evaluation,HOBBIES_2_041,WI_1,2016-03-28,1,0.38758325422122125
HOBBIES_2_041_WI_2_evaluation,HOBBIES_2_041,WI_2,2016-03-28,0,0.2259773256782142
HOBBIES_2_041_WI_3_evaluation,HOBBIES_2_041,WI_3,2016-03-28,0,0.17599150611691478
HOBBIES_2_113_CA_1_evaluation,HOBBIES_2_113,CA_1,2016-03-28,0,0.36324444325983696
HOBBIES_2_113_CA_2_evaluation,HOBBIES_2_113,CA_2,2016-03-28,0,0.09840880307650415
HOBBIES_2_113_CA_3_evaluation,HOBBIES_2_113,CA_3,2016-03-28,0,0.15901207574286363
HOBBIES_2_113_CA_4_evaluation,HOBBIES_2_113,CA_4,2016-03-28,0,0.11801196815497322
HOBBIES_2_113_TX_1_evaluation,HOBBIES_2_113,TX_1,2016-03-28,0,0.16931440872756393
HOBBIES_2_113_TX_2_evaluation,HOBBIES_2_113,TX_2,2016-03-28,0,0.25460805487672644
HOBBIES_2_113_TX_3_evaluation,HOBBIES_2_113,TX_3,2016-03-28,0,0.0
HOBBIES_2_113_WI_1_evaluation,HOBBIES_2_113,WI_1,2016-03-28,0,0.3626577336891308
HOBBIES_2_113_WI_2_evaluation,HOBBIES_2_113,WI_2,2016-03-28,0,0.21098756881722355
HOBBIES_2_113_WI_3_evaluation,HOBBIES_2_113,WI_3,2016-03-28,0,0.14209022822380005
HOUSEHOLD_1_100_CA_1_evaluation,HOUSEHOLD_1_100,CA_1,2016-03-28,3,1.5840736074276416
HOUSEHOLD_1_100_CA_2_evaluation,HOUSEHOLD_1_100,CA_2,2016-03-28,0,0.24484763625323058
HOUSEHOLD_1_100_CA_3_evaluation,HOUSEHOLD_1_100,CA_3,2016-03-28,3,0.8124943341461697
HOUSEHOLD_1_100_CA_4_evaluation,HOUSEHOLD_1_100,CA_4,2016-03-28,1,0.3777274684567886
HOUSEHOLD_1_100_TX_1_evaluation,HOUSEHOLD_1_100,TX_1,2016-03-28,4,0.651359871618506
HOUSEHOLD_1_100_TX_2_evaluation,HOUSEHOLD_1_100,TX_2,2016-03-28,3,1.0182812558747338
HOUSEHOLD_1_100_TX_3_evaluation,HOUSEHOLD_1_100,TX_3,2016-03-28,6,1.393212201795155
HOUSEHOLD_1_100_WI_1_evaluation,HOUSEHOLD_1_100,WI_1,2016-03-28,1,0.399125026165265
HOUSEHOLD_1_100_WI_2_evaluation,HOUSEHOLD_1_100,WI_2,2016-03-28,0,0.2572668892959266
HOUSEHOLD_1_100_WI_3_evaluation,HOUSEHOLD_1_100,WI_3,2016-03-28,2,0.6475902899578153
HOUSEHOLD_1_290_CA_1_evaluation,HOUSEHOLD_1_290,CA_1,2016-03-28,1,0.8108071759779061
HOUSEHOLD_1_290_CA_2_evaluation,HOUSEHOLD_1_290,CA_2,2016-03-28,2,0.8446832526628254
HOUSEHOLD_1_290_CA_3_evaluation,HOUSEHOLD_1_290,CA_3,2016-03-28,0,2.1248907482709205
HOUSEHOLD_1_290_CA_4_evaluation,HOUSEHOLD_1_290,CA_4,2016-03-28,3,0.23635376931832375
HOUSEHOLD_1_290_TX_1_evaluation,HOUSEHOLD_1_290,TX_1,2016-03-28,0,1.856427280459279
HOUSEHOLD_1_290_TX_2_evaluation,HOUSEHOLD_1_290,TX_2,2016-03-28,1,1.2640223711430374
HOUSEHOLD_1_290_TX_3_evaluation,HOUSEHOLD_1_290,TX_3,2016-03-28,7,2.2679332346391723
HOUSEHOLD_1_290_WI_1_evaluation,HOUSEHOLD_1_290,WI_1,2016-03-28,1,0.2582413518094311
HOUSEHOLD_1_290_WI_2_evaluation,HOUSEHOLD_1_290,WI_2,2016-03-28,4,2.190039712900035
HOUSEHOLD_1_290_WI_3_evaluation,HOUSEHOLD_1_290,WI_3,2016-03-28,0,0.5104433321967864
HOUSEHOLD_1_370_CA_1_evaluation,HOUSEHOLD_1_370,CA_1,2016-03-28,3,1.4257339194445562
HOUSEHOLD_1_370_CA_2_evaluation,HOUSEHOLD_1_370,CA_2,2016-03-28,5,3.4796054028733305
HOUSEHOLD_1_370_CA_3_evaluation,HOUSEHOLD_1_370,CA_3,2016-03-28,5,4.182296242238474
HOUSEHOLD_1_370_CA_4_evaluation,HOUSEHOLD_1_370,CA_4,2016-03-28,4,0.5856307373893389
HOUSEHOLD_1_370_TX_1_evaluation,HOUSEHOLD_1_370,TX_1,2016-03-28,0,1.2471116064703742
HOUSEHOLD_1_370_TX_2_evaluation,HOUSEHOLD_1_370,TX_2,2016-03-28,5,1.0868524144415241
HOUSEHOLD_1_370_TX_3_evaluation,HOUSEHOLD_1_370,TX_3,2016-03-28,0,1.2357569597951985
HOUSEHOLD_1_370_WI_1_evaluation,HOUSEHOLD_1_370,WI_1,2016-03-28,0,2.112294784866247
HOUSEHOLD_1_370_WI_2_evaluation,HOUSEHOLD_1_370,WI_2,2016-03-28,1,3.744769841778484
HOUSEHOLD_1_370_WI_3_evaluation,HOUSEHOLD_1_370,WI_3,2016-03-28,1,1.1418020329698393
HOUSEHOLD_1_489_CA_1_evaluation,HOUSEHOLD_1_489,CA_1,2016-03-28,2,1.6333394663131484
HOUSEHOLD_1_489_CA_2_evaluation,HOUSEHOLD_1_489,CA_2,2016-03-28,4,1.8941886441564189
HOUSEHOLD_1_489_CA_3_evaluation,HOUSEHOLD_1_489,CA_3,2016-03-28,0,2.8275776313796976
HOUSEHOLD_1_489_CA_4_evaluation,HOUSEHOLD_1_489,CA_4,2016-03-28,1,0.9931915341801008
HOUSEHOLD_1_489_TX_1_evaluation,HOUSEHOLD_1_489,TX_1,2016-03-28,0,2.824161018451271
HOUSEHOLD_1_489_TX_2_evaluation,HOUSEHOLD_1_489,TX_2,2016-03-28,0,2.270076997066824
HOUSEHOLD_1_489_TX_3_evaluation,HOUSEHOLD_1_489,TX_3,2016-03-28,0,1.5295799721632057
HOUSEHOLD_1_489_WI_1_evaluation,HOUSEHOLD_1_489,WI_1,2016-03-28,0,0.8617976371620246
HOUSEHOLD_1_489_WI_2_evaluation,HOUSEHOLD_1_489,WI_2,2016-03-28,0,1.2397278115872583
HOUSEHOLD_1_489_WI_3_evaluation,HOUSEHOLD_1_489,WI_3,2016-03-28,1,1.2567266176935585
HOUSEHOLD_2_442_CA_1_evaluation,HOUSEHOLD_2_442,CA_1,2016-03-28,2,2.0855064182737277
HOUSEHOLD_2_442_CA_2_evaluation,HOUSEHOLD_2_442,CA_2,2016-03-28,1,2.2566623327141406
HOUSEHOLD_2_442_CA_3_evaluation,HOUSEHOLD_2_442,CA_3,2016-03-28,0,1.6093941150004807
HOUSEHOLD_2_442_CA_4_evaluation,HOUSEHOLD_2_442,CA_4,2016-03-28,0,0.8308891446987068
HOUSEHOLD_2_442_TX_1_evaluation,HOUSEHOLD_2_442,TX_1,2016-03-28,0,0.8489555812805883
HOUSEHOLD_2_442_TX_2_evaluation,HOUSEHOLD_2_442,TX_2,2016-03-28,2,1.4757786980218408
HOUSEHOLD_2_442_TX_3_evaluation,HOUSEHOLD_2_442,TX_3,2016-03-28,0,0.8614402418244436
HOUSEHOLD_2_442_WI_1_evaluation,HOUSEHOLD_2_442,WI_1,2016-03-28,3,1.4823209397270674
HOUSEHOLD_2_442_WI_2_evaluation,HOUSEHOLD_2_442,WI_2,2016-03-28,2,1.4444419203073002
HOUSEHOLD_2_442_WI_3_evaluation,HOUSEHOLD_2_442,WI_3,2016-03-28,0,1.1145779588101046
