[0m11:38:08.126300 [debug] [MainThread]: Sending event: {'category': 'dbt', 'action': 'invocation', 'label': 'start', 'context': [<snowplow_tracker.self_describing_json.SelfDescribingJson object at 0x000001CF21855D60>, <snowplow_tracker.self_describing_json.SelfDescribingJson object at 0x000001CF24849880>, <snowplow_tracker.self_describing_json.SelfDescribingJson object at 0x000001CF2485CEC0>]}


============================== 11:38:08.129297 | 3fc535d4-2523-40e8-bb82-3ed7bce5f84b ==============================
[0m11:38:08.129297 [info ] [MainThread]: Running with dbt=1.12.5
[0m11:38:08.130803 [debug] [MainThread]: running dbt with arguments {'version_check': 'True', 'no_print': 'None', 'maximum_seed_size_mib': '1', 'target_path': 'None', 'warn_error_options': 'WarnErrorOptionsV2(error=[], warn=[], silence=[])', 'static_parser': 'True', 'printer_width': '80', 'write_json': 'True', 'empty': 'None', 'log_cache_events': 'False', 'introspect': 'True', 'cache_selected_only': 'False', 'fail_fast': 'False', 'debug': 'False', 'log_format': 'default', 'profiles_dir': '.', 'send_anonymous_usage_stats': 'True', 'quiet': 'False', 'warn_error': 'None', 'partial_parse': 'True', 'use_colors': 'True', 'hints_enabled': 'True', 'invocation_command': 'dbt debug --profiles-dir .', 'use_experimental_parser': 'False', 'indirect_selection': 'eager', 'log_path': 'C:\\Users\\savan\\OneDrive\\Desktop\\zaalima-retail-forecasting\\src_dbt\\logs'}
[0m11:38:08.147500 [info ] [MainThread]: dbt version: 1.12.5
[0m11:38:08.148498 [info ] [MainThread]: python version: 3.12.10
[0m11:38:08.149501 [info ] [MainThread]: python path: C:\Users\savan\OneDrive\Desktop\zaalima-retail-forecasting\.venv\Scripts\python.exe
[0m11:38:08.149501 [info ] [MainThread]: os info: Windows-11-10.0.26200-SP0
[0m11:38:08.280944 [error] [MainThread]: [[31mERROR[0m]: Encountered an error:
cannot import name 'Credentials' from 'dbt.adapters.base' (C:\Users\savan\OneDrive\Desktop\zaalima-retail-forecasting\.venv\Lib\site-packages\dbt\adapters\base\__init__.py)
[0m11:38:08.301166 [error] [MainThread]: Traceback (most recent call last):
  File "C:\Users\savan\OneDrive\Desktop\zaalima-retail-forecasting\.venv\Lib\site-packages\dbt\cli\requires.py", line 198, in wrapper
    result, success = func(*args, **kwargs)
                      ^^^^^^^^^^^^^^^^^^^^^
  File "C:\Users\savan\OneDrive\Desktop\zaalima-retail-forecasting\.venv\Lib\site-packages\dbt\cli\requires.py", line 144, in wrapper
    return func(*args, **kwargs)
           ^^^^^^^^^^^^^^^^^^^^^
  File "C:\Users\savan\OneDrive\Desktop\zaalima-retail-forecasting\.venv\Lib\site-packages\dbt\cli\main.py", line 440, in debug
    results = task.run()
              ^^^^^^^^^^
  File "C:\Users\savan\OneDrive\Desktop\zaalima-retail-forecasting\.venv\Lib\site-packages\dbt\task\debug.py", line 114, in run
    load_profile_status: SubtaskStatus = self._load_profile()
                                         ^^^^^^^^^^^^^^^^^^^^
  File "C:\Users\savan\OneDrive\Desktop\zaalima-retail-forecasting\.venv\Lib\site-packages\dbt\task\debug.py", line 205, in _load_profile
    profile: Profile = Profile.render(
                       ^^^^^^^^^^^^^^^
  File "C:\Users\savan\OneDrive\Desktop\zaalima-retail-forecasting\.venv\Lib\site-packages\dbt\config\profile.py", line 404, in render
    return cls.from_raw_profiles(
           ^^^^^^^^^^^^^^^^^^^^^^
  File "C:\Users\savan\OneDrive\Desktop\zaalima-retail-forecasting\.venv\Lib\site-packages\dbt\config\profile.py", line 370, in from_raw_profiles
    return cls.from_raw_profile_info(
           ^^^^^^^^^^^^^^^^^^^^^^^^^^
  File "C:\Users\savan\OneDrive\Desktop\zaalima-retail-forecasting\.venv\Lib\site-packages\dbt\config\profile.py", line 326, in from_raw_profile_info
    credentials: Credentials = cls._credentials_from_profile(
                               ^^^^^^^^^^^^^^^^^^^^^^^^^^^^^^
  File "C:\Users\savan\OneDrive\Desktop\zaalima-retail-forecasting\.venv\Lib\site-packages\dbt\config\profile.py", line 150, in _credentials_from_profile
    cls = load_plugin(typename)
          ^^^^^^^^^^^^^^^^^^^^^
  File "C:\Users\savan\OneDrive\Desktop\zaalima-retail-forecasting\.venv\Lib\site-packages\dbt\adapters\factory.py", line 239, in load_plugin
    return FACTORY.load_plugin(name)
           ^^^^^^^^^^^^^^^^^^^^^^^^^
  File "C:\Users\savan\OneDrive\Desktop\zaalima-retail-forecasting\.venv\Lib\site-packages\dbt\adapters\factory.py", line 68, in load_plugin
    mod: Any = import_module("." + name, "dbt.adapters")
               ^^^^^^^^^^^^^^^^^^^^^^^^^^^^^^^^^^^^^^^^^
  File "C:\Users\savan\AppData\Local\Programs\Python\Python312\Lib\importlib\__init__.py", line 90, in import_module
    return _bootstrap._gcd_import(name[level:], package, level)
           ^^^^^^^^^^^^^^^^^^^^^^^^^^^^^^^^^^^^^^^^^^^^^^^^^^^^
  File "<frozen importlib._bootstrap>", line 1387, in _gcd_import
  File "<frozen importlib._bootstrap>", line 1360, in _find_and_load
  File "<frozen importlib._bootstrap>", line 1331, in _find_and_load_unlocked
  File "<frozen importlib._bootstrap>", line 935, in _load_unlocked
  File "<frozen importlib._bootstrap_external>", line 999, in exec_module
  File "<frozen importlib._bootstrap>", line 488, in _call_with_frames_removed
  File "C:\Users\savan\OneDrive\Desktop\zaalima-retail-forecasting\.venv\Lib\site-packages\dbt\adapters\sqlite\__init__.py", line 1, in <module>
    from dbt.adapters.sqlite.connections import SQLiteConnectionManager
  File "C:\Users\savan\OneDrive\Desktop\zaalima-retail-forecasting\.venv\Lib\site-packages\dbt\adapters\sqlite\connections.py", line 10, in <module>
    from dbt.adapters.base import Credentials
ImportError: cannot import name 'Credentials' from 'dbt.adapters.base' (C:\Users\savan\OneDrive\Desktop\zaalima-retail-forecasting\.venv\Lib\site-packages\dbt\adapters\base\__init__.py)

[0m11:38:08.303177 [debug] [MainThread]: Command `dbt debug` failed at 11:38:08.302180 after 0.31 seconds
[0m11:38:08.303177 [debug] [MainThread]: Sending event: {'category': 'dbt', 'action': 'invocation', 'label': 'end', 'context': [<snowplow_tracker.self_describing_json.SelfDescribingJson object at 0x000001CF23C65910>, <snowplow_tracker.self_describing_json.SelfDescribingJson object at 0x000001CF26837A40>, <snowplow_tracker.self_describing_json.SelfDescribingJson object at 0x000001CF2688D610>]}
[0m11:38:08.304178 [debug] [MainThread]: Flushing usage events
[0m11:38:09.719118 [debug] [MainThread]: An error was encountered while trying to flush usage events
[0m11:39:46.279629 [debug] [MainThread]: Sending event: {'category': 'dbt', 'action': 'invocation', 'label': 'start', 'context': [<snowplow_tracker.self_describing_json.SelfDescribingJson object at 0x000001E186BD6960>, <snowplow_tracker.self_describing_json.SelfDescribingJson object at 0x000001E1844464B0>, <snowplow_tracker.self_describing_json.SelfDescribingJson object at 0x000001E1844455B0>]}


============================== 11:39:46.283153 | 4dcccd2a-8fc3-4ae1-acf9-a58447030939 ==============================
[0m11:39:46.283153 [info ] [MainThread]: Running with dbt=1.12.5
[0m11:39:46.284158 [debug] [MainThread]: running dbt with arguments {'static_parser': 'True', 'no_print': 'None', 'maximum_seed_size_mib': '1', 'target_path': 'None', 'warn_error_options': 'WarnErrorOptionsV2(error=[], warn=[], silence=[])', 'version_check': 'True', 'printer_width': '80', 'write_json': 'True', 'introspect': 'True', 'log_cache_events': 'False', 'empty': 'None', 'cache_selected_only': 'False', 'log_format': 'default', 'debug': 'False', 'fail_fast': 'False', 'profiles_dir': '.', 'send_anonymous_usage_stats': 'True', 'quiet': 'False', 'warn_error': 'None', 'partial_parse': 'True', 'indirect_selection': 'eager', 'hints_enabled': 'True', 'use_colors': 'True', 'use_experimental_parser': 'False', 'invocation_command': 'dbt debug --profiles-dir .', 'log_path': 'C:\\Users\\savan\\OneDrive\\Desktop\\zaalima-retail-forecasting\\src_dbt\\logs'}
[0m11:39:46.300871 [info ] [MainThread]: dbt version: 1.12.5
[0m11:39:46.300871 [info ] [MainThread]: python version: 3.12.10
[0m11:39:46.303196 [info ] [MainThread]: python path: C:\Users\savan\OneDrive\Desktop\zaalima-retail-forecasting\.venv\Scripts\python.exe
[0m11:39:46.303196 [info ] [MainThread]: os info: Windows-11-10.0.26200-SP0
[0m11:39:46.306185 [info ] [MainThread]: target not specified in profile 'zaalima_retail', using 'default'
[0m11:39:46.307185 [info ] [MainThread]: Using profiles dir at .
[0m11:39:46.307185 [info ] [MainThread]: Using profiles.yml file at .\profiles.yml
[0m11:39:46.308185 [info ] [MainThread]: Using dbt_project.yml file at C:\Users\savan\OneDrive\Desktop\zaalima-retail-forecasting\src_dbt\dbt_project.yml
[0m11:39:46.395407 [info ] [MainThread]: Configuration:
[0m11:39:46.395407 [info ] [MainThread]:   profiles.yml file [[31mERROR invalid[0m]
[0m11:39:46.396516 [info ] [MainThread]:   dbt_project.yml file [[32mOK found and valid[0m]
[0m11:39:46.396516 [info ] [MainThread]: Required dependencies:
[0m11:39:46.397406 [debug] [MainThread]: Executing "git --help"
[0m11:39:46.427040 [debug] [MainThread]: STDOUT: "b"usage: git [-v | --version] [-h | --help] [-C <path>] [-c <name>=<value>]\n           [--exec-path[=<path>]] [--html-path] [--man-path] [--info-path]\n           [-p | --paginate | -P | --no-pager] [--no-replace-objects] [--no-lazy-fetch]\n           [--no-optional-locks] [--no-advice] [--bare] [--git-dir=<path>]\n           [--work-tree=<path>] [--namespace=<name>] [--config-env=<name>=<envvar>]\n           <command> [<args>]\n\nThese are common Git commands used in various situations:\n\nstart a working area (see also: git help tutorial)\n   clone      Clone a repository into a new directory\n   init       Create an empty Git repository or reinitialize an existing one\n\nwork on the current change (see also: git help everyday)\n   add        Add file contents to the index\n   mv         Move or rename a file, a directory, or a symlink\n   restore    Restore working tree files\n   rm         Remove files from the working tree and from the index\n\nexamine the history and state (see also: git help revisions)\n   bisect     Use binary search to find the commit that introduced a bug\n   diff       Show changes between commits, commit and working tree, etc\n   grep       Print lines matching a pattern\n   log        Show commit logs\n   show       Show various types of objects\n   status     Show the working tree status\n\ngrow, mark and tweak your common history\n   backfill   Download missing objects in a partial clone\n   branch     List, create, or delete branches\n   commit     Record changes to the repository\n   history    EXPERIMENTAL: Rewrite history\n   merge      Join two or more development histories together\n   rebase     Reapply commits on top of another base tip\n   reset      Set `HEAD` or the index to a known state\n   switch     Switch branches\n   tag        Create, list, delete or verify tags\n\ncollaborate (see also: git help workflows)\n   fetch      Download objects and refs from another repository\n   pull       Fetch from and integrate with another repository or a local branch\n   push       Update remote refs along with associated objects\n\n'git help -a' and 'git help -g' list available subcommands and some\nconcept guides. See 'git help <command>' or 'git help <concept>'\nto read about a specific subcommand or concept.\nSee 'git help git' for an overview of the system.\n""
[0m11:39:46.427040 [debug] [MainThread]: STDERR: "b''"
[0m11:39:46.427040 [info ] [MainThread]:  - git [[32mOK found[0m]

[0m11:39:46.428037 [info ] [MainThread]: Connection test skipped since no profile was found
[0m11:39:46.428037 [info ] [MainThread]: [31m1 check failed:[0m
[0m11:39:46.428037 [info ] [MainThread]: Profile loading failed for the following reason:
Runtime Error
  The profile 'zaalima_retail' does not have a target named 'default'. The valid target names for this profile are:
   - dev


[0m11:39:46.429022 [debug] [MainThread]: Command `dbt debug` failed at 11:39:46.429022 after 0.27 seconds
[0m11:39:46.429022 [debug] [MainThread]: Sending event: {'category': 'dbt', 'action': 'invocation', 'label': 'end', 'context': [<snowplow_tracker.self_describing_json.SelfDescribingJson object at 0x000001E184DF9DF0>, <snowplow_tracker.self_describing_json.SelfDescribingJson object at 0x000001E184DF98E0>, <snowplow_tracker.self_describing_json.SelfDescribingJson object at 0x000001E182E21CD0>]}
[0m11:39:46.429022 [debug] [MainThread]: Flushing usage events
[0m11:39:47.981778 [debug] [MainThread]: An error was encountered while trying to flush usage events
[0m11:41:00.953073 [debug] [MainThread]: Sending event: {'category': 'dbt', 'action': 'invocation', 'label': 'start', 'context': [<snowplow_tracker.self_describing_json.SelfDescribingJson object at 0x00000251C7E5A720>, <snowplow_tracker.self_describing_json.SelfDescribingJson object at 0x00000251CA8F3E60>, <snowplow_tracker.self_describing_json.SelfDescribingJson object at 0x00000251CA963440>]}


============================== 11:41:00.957075 | 3d2ad159-a90e-4858-b627-c37bb5217580 ==============================
[0m11:41:00.957075 [info ] [MainThread]: Running with dbt=1.12.5
[0m11:41:00.957075 [debug] [MainThread]: running dbt with arguments {'maximum_seed_size_mib': '1', 'no_print': 'None', 'static_parser': 'True', 'target_path': 'None', 'warn_error_options': 'WarnErrorOptionsV2(error=[], warn=[], silence=[])', 'version_check': 'True', 'printer_width': '80', 'write_json': 'True', 'introspect': 'True', 'log_cache_events': 'False', 'empty': 'None', 'cache_selected_only': 'False', 'fail_fast': 'False', 'debug': 'False', 'log_format': 'default', 'partial_parse': 'True', 'send_anonymous_usage_stats': 'True', 'quiet': 'False', 'warn_error': 'None', 'profiles_dir': '.', 'invocation_command': 'dbt debug --profiles-dir .', 'hints_enabled': 'True', 'indirect_selection': 'eager', 'use_experimental_parser': 'False', 'use_colors': 'True', 'log_path': 'C:\\Users\\savan\\OneDrive\\Desktop\\zaalima-retail-forecasting\\src_dbt\\logs'}
[0m11:41:00.974499 [info ] [MainThread]: dbt version: 1.12.5
[0m11:41:00.974499 [info ] [MainThread]: python version: 3.12.10
[0m11:41:00.975494 [info ] [MainThread]: python path: C:\Users\savan\OneDrive\Desktop\zaalima-retail-forecasting\.venv\Scripts\python.exe
[0m11:41:00.975494 [info ] [MainThread]: os info: Windows-11-10.0.26200-SP0
[0m11:41:00.978498 [info ] [MainThread]: target not specified in profile 'zaalima_retail', using 'default'
[0m11:41:00.979498 [info ] [MainThread]: Using profiles dir at .
[0m11:41:00.979498 [info ] [MainThread]: Using profiles.yml file at .\profiles.yml
[0m11:41:00.979498 [info ] [MainThread]: Using dbt_project.yml file at C:\Users\savan\OneDrive\Desktop\zaalima-retail-forecasting\src_dbt\dbt_project.yml
[0m11:41:01.108272 [info ] [MainThread]: Configuration:
[0m11:41:01.109182 [info ] [MainThread]:   profiles.yml file [[31mERROR invalid[0m]
[0m11:41:01.109182 [info ] [MainThread]:   dbt_project.yml file [[32mOK found and valid[0m]
[0m11:41:01.109182 [info ] [MainThread]: Required dependencies:
[0m11:41:01.110687 [debug] [MainThread]: Executing "git --help"
[0m11:41:01.140863 [debug] [MainThread]: STDOUT: "b"usage: git [-v | --version] [-h | --help] [-C <path>] [-c <name>=<value>]\n           [--exec-path[=<path>]] [--html-path] [--man-path] [--info-path]\n           [-p | --paginate | -P | --no-pager] [--no-replace-objects] [--no-lazy-fetch]\n           [--no-optional-locks] [--no-advice] [--bare] [--git-dir=<path>]\n           [--work-tree=<path>] [--namespace=<name>] [--config-env=<name>=<envvar>]\n           <command> [<args>]\n\nThese are common Git commands used in various situations:\n\nstart a working area (see also: git help tutorial)\n   clone      Clone a repository into a new directory\n   init       Create an empty Git repository or reinitialize an existing one\n\nwork on the current change (see also: git help everyday)\n   add        Add file contents to the index\n   mv         Move or rename a file, a directory, or a symlink\n   restore    Restore working tree files\n   rm         Remove files from the working tree and from the index\n\nexamine the history and state (see also: git help revisions)\n   bisect     Use binary search to find the commit that introduced a bug\n   diff       Show changes between commits, commit and working tree, etc\n   grep       Print lines matching a pattern\n   log        Show commit logs\n   show       Show various types of objects\n   status     Show the working tree status\n\ngrow, mark and tweak your common history\n   backfill   Download missing objects in a partial clone\n   branch     List, create, or delete branches\n   commit     Record changes to the repository\n   history    EXPERIMENTAL: Rewrite history\n   merge      Join two or more development histories together\n   rebase     Reapply commits on top of another base tip\n   reset      Set `HEAD` or the index to a known state\n   switch     Switch branches\n   tag        Create, list, delete or verify tags\n\ncollaborate (see also: git help workflows)\n   fetch      Download objects and refs from another repository\n   pull       Fetch from and integrate with another repository or a local branch\n   push       Update remote refs along with associated objects\n\n'git help -a' and 'git help -g' list available subcommands and some\nconcept guides. See 'git help <command>' or 'git help <concept>'\nto read about a specific subcommand or concept.\nSee 'git help git' for an overview of the system.\n""
[0m11:41:01.141367 [debug] [MainThread]: STDERR: "b''"
[0m11:41:01.141367 [info ] [MainThread]:  - git [[32mOK found[0m]

[0m11:41:01.141367 [info ] [MainThread]: Connection test skipped since no profile was found
[0m11:41:01.142373 [info ] [MainThread]: [31m1 check failed:[0m
[0m11:41:01.142373 [info ] [MainThread]: Profile loading failed for the following reason:
Runtime Error
  The profile 'zaalima_retail' does not have a target named 'default'. The valid target names for this profile are:
   - dev


[0m11:41:01.143376 [debug] [MainThread]: Command `dbt debug` failed at 11:41:01.143376 after 0.31 seconds
[0m11:41:01.143376 [debug] [MainThread]: Sending event: {'category': 'dbt', 'action': 'invocation', 'label': 'end', 'context': [<snowplow_tracker.self_describing_json.SelfDescribingJson object at 0x00000251C9D62B70>, <snowplow_tracker.self_describing_json.SelfDescribingJson object at 0x00000251CA1F0230>, <snowplow_tracker.self_describing_json.SelfDescribingJson object at 0x00000251CA1F3E00>]}
[0m11:41:01.143376 [debug] [MainThread]: Flushing usage events
[0m11:41:02.609692 [debug] [MainThread]: An error was encountered while trying to flush usage events
[0m11:41:36.356854 [debug] [MainThread]: Sending event: {'category': 'dbt', 'action': 'invocation', 'label': 'start', 'context': [<snowplow_tracker.self_describing_json.SelfDescribingJson object at 0x000001FD9F278740>, <snowplow_tracker.self_describing_json.SelfDescribingJson object at 0x000001FD9F27B680>, <snowplow_tracker.self_describing_json.SelfDescribingJson object at 0x000001FD9F27A8D0>]}


============================== 11:41:36.360866 | 7159503f-9d89-483b-b7d9-0a6c53abbba8 ==============================
[0m11:41:36.360866 [info ] [MainThread]: Running with dbt=1.12.5
[0m11:41:36.361395 [debug] [MainThread]: running dbt with arguments {'maximum_seed_size_mib': '1', 'no_print': 'None', 'static_parser': 'True', 'warn_error_options': 'WarnErrorOptionsV2(error=[], warn=[], silence=[])', 'target_path': 'None', 'version_check': 'True', 'printer_width': '80', 'write_json': 'True', 'empty': 'None', 'log_cache_events': 'False', 'introspect': 'True', 'cache_selected_only': 'False', 'fail_fast': 'False', 'debug': 'False', 'log_format': 'default', 'profiles_dir': '.', 'send_anonymous_usage_stats': 'True', 'quiet': 'False', 'warn_error': 'None', 'partial_parse': 'True', 'use_colors': 'True', 'hints_enabled': 'True', 'indirect_selection': 'eager', 'use_experimental_parser': 'False', 'invocation_command': 'dbt debug --profiles-dir . --target dev', 'log_path': 'C:\\Users\\savan\\OneDrive\\Desktop\\zaalima-retail-forecasting\\src_dbt\\logs'}
[0m11:41:36.378933 [info ] [MainThread]: dbt version: 1.12.5
[0m11:41:36.379938 [info ] [MainThread]: python version: 3.12.10
[0m11:41:36.379938 [info ] [MainThread]: python path: C:\Users\savan\OneDrive\Desktop\zaalima-retail-forecasting\.venv\Scripts\python.exe
[0m11:41:36.379938 [info ] [MainThread]: os info: Windows-11-10.0.26200-SP0
[0m11:41:36.585140 [info ] [MainThread]: Using profiles dir at .
[0m11:41:36.586146 [info ] [MainThread]: Using profiles.yml file at .\profiles.yml
[0m11:41:36.587057 [info ] [MainThread]: Using dbt_project.yml file at C:\Users\savan\OneDrive\Desktop\zaalima-retail-forecasting\src_dbt\dbt_project.yml
[0m11:41:36.589429 [info ] [MainThread]: adapter type: duckdb
[0m11:41:36.589429 [info ] [MainThread]: adapter version: 1.11.0
[0m11:41:36.677618 [info ] [MainThread]: Configuration:
[0m11:41:36.678634 [info ] [MainThread]:   profiles.yml file [[32mOK found and valid[0m]
[0m11:41:36.679528 [info ] [MainThread]:   dbt_project.yml file [[32mOK found and valid[0m]
[0m11:41:36.679528 [info ] [MainThread]: Required dependencies:
[0m11:41:36.679528 [debug] [MainThread]: Executing "git --help"
[0m11:41:36.724467 [debug] [MainThread]: STDOUT: "b"usage: git [-v | --version] [-h | --help] [-C <path>] [-c <name>=<value>]\n           [--exec-path[=<path>]] [--html-path] [--man-path] [--info-path]\n           [-p | --paginate | -P | --no-pager] [--no-replace-objects] [--no-lazy-fetch]\n           [--no-optional-locks] [--no-advice] [--bare] [--git-dir=<path>]\n           [--work-tree=<path>] [--namespace=<name>] [--config-env=<name>=<envvar>]\n           <command> [<args>]\n\nThese are common Git commands used in various situations:\n\nstart a working area (see also: git help tutorial)\n   clone      Clone a repository into a new directory\n   init       Create an empty Git repository or reinitialize an existing one\n\nwork on the current change (see also: git help everyday)\n   add        Add file contents to the index\n   mv         Move or rename a file, a directory, or a symlink\n   restore    Restore working tree files\n   rm         Remove files from the working tree and from the index\n\nexamine the history and state (see also: git help revisions)\n   bisect     Use binary search to find the commit that introduced a bug\n   diff       Show changes between commits, commit and working tree, etc\n   grep       Print lines matching a pattern\n   log        Show commit logs\n   show       Show various types of objects\n   status     Show the working tree status\n\ngrow, mark and tweak your common history\n   backfill   Download missing objects in a partial clone\n   branch     List, create, or delete branches\n   commit     Record changes to the repository\n   history    EXPERIMENTAL: Rewrite history\n   merge      Join two or more development histories together\n   rebase     Reapply commits on top of another base tip\n   reset      Set `HEAD` or the index to a known state\n   switch     Switch branches\n   tag        Create, list, delete or verify tags\n\ncollaborate (see also: git help workflows)\n   fetch      Download objects and refs from another repository\n   pull       Fetch from and integrate with another repository or a local branch\n   push       Update remote refs along with associated objects\n\n'git help -a' and 'git help -g' list available subcommands and some\nconcept guides. See 'git help <command>' or 'git help <concept>'\nto read about a specific subcommand or concept.\nSee 'git help git' for an overview of the system.\n""
[0m11:41:36.724467 [debug] [MainThread]: STDERR: "b''"
[0m11:41:36.725463 [info ] [MainThread]:  - git [[32mOK found[0m]

[0m11:41:36.725463 [info ] [MainThread]: Connection:
[0m11:41:36.726463 [info ] [MainThread]:   database: zaalima_warehouse
[0m11:41:36.726463 [info ] [MainThread]:   schema: main
[0m11:41:36.726463 [info ] [MainThread]:   path: zaalima_warehouse.duckdb
[0m11:41:36.727466 [info ] [MainThread]:   config_options: None
[0m11:41:36.727466 [info ] [MainThread]:   extensions: None
[0m11:41:36.727466 [info ] [MainThread]:   settings: {}
[0m11:41:36.728470 [info ] [MainThread]:   external_root: .
[0m11:41:36.728470 [info ] [MainThread]:   use_credential_provider: None
[0m11:41:36.728470 [info ] [MainThread]:   attach: None
[0m11:41:36.729467 [info ] [MainThread]:   filesystems: None
[0m11:41:36.729467 [info ] [MainThread]:   remote: None
[0m11:41:36.729467 [info ] [MainThread]:   plugins: [{'module': 'sqlite', 'alias': 'sqlite', 'config': None}]
[0m11:41:36.729467 [info ] [MainThread]:   disable_transactions: False
[0m11:41:36.729467 [info ] [MainThread]: Registered adapter: duckdb=1.11.0
[0m11:41:36.900884 [debug] [MainThread]: Acquiring new duckdb connection 'debug'
[0m11:41:39.381071 [debug] [MainThread]: Using duckdb connection "debug"
[0m11:41:39.381578 [debug] [MainThread]: On debug: select 1 as id
[0m11:41:39.381578 [debug] [MainThread]: Opening a new connection, currently in state init
[0m11:41:39.382581 [debug] [MainThread]: DuckDB adapter: duckdb error: Unable to import module 'sqlite': No module named 'sqlite'
[0m11:41:39.383580 [debug] [MainThread]: DuckDB adapter: Error running SQL: select 1 as id
[0m11:41:39.383580 [debug] [MainThread]: DuckDB adapter: Rolling back transaction.
[0m11:41:39.383580 [debug] [MainThread]: Opening a new connection, currently in state init
[0m11:41:39.384580 [info ] [MainThread]:   Connection test: [[31mERROR[0m]

[0m11:41:39.384580 [info ] [MainThread]: [31m1 check failed:[0m
[0m11:41:39.384580 [info ] [MainThread]: dbt was unable to connect to the specified database.
The database returned the following error:

  >Unable to import module 'sqlite': No module named 'sqlite'

Check your database credentials and try again. For more information, visit:
https://docs.getdbt.com/docs/configure-your-profile


[0m11:41:39.385579 [debug] [MainThread]: Command `dbt debug` failed at 11:41:39.385579 after 3.14 seconds
[0m11:41:39.386580 [debug] [MainThread]: Connection 'debug' was properly closed.
[0m11:41:39.386580 [debug] [MainThread]: Sending event: {'category': 'dbt', 'action': 'invocation', 'label': 'end', 'context': [<snowplow_tracker.self_describing_json.SelfDescribingJson object at 0x000001FDA0D73800>, <snowplow_tracker.self_describing_json.SelfDescribingJson object at 0x000001FDA10A4350>, <snowplow_tracker.self_describing_json.SelfDescribingJson object at 0x000001FD9E5C5E80>]}
[0m11:41:39.386580 [debug] [MainThread]: Flushing usage events
[0m11:41:41.117775 [debug] [MainThread]: An error was encountered while trying to flush usage events
[0m11:43:32.176264 [debug] [MainThread]: Sending event: {'category': 'dbt', 'action': 'invocation', 'label': 'start', 'context': [<snowplow_tracker.self_describing_json.SelfDescribingJson object at 0x00000216EA37A540>, <snowplow_tracker.self_describing_json.SelfDescribingJson object at 0x00000216ECA99B20>, <snowplow_tracker.self_describing_json.SelfDescribingJson object at 0x00000216EC8FE660>]}


============================== 11:43:32.179265 | 59eb2ad9-6c68-4a0c-8948-5fb6c23d8fbb ==============================
[0m11:43:32.179265 [info ] [MainThread]: Running with dbt=1.12.5
[0m11:43:32.180786 [debug] [MainThread]: running dbt with arguments {'version_check': 'True', 'no_print': 'None', 'static_parser': 'True', 'target_path': 'None', 'warn_error_options': 'WarnErrorOptionsV2(error=[], warn=[], silence=[])', 'maximum_seed_size_mib': '1', 'printer_width': '80', 'write_json': 'True', 'introspect': 'True', 'log_cache_events': 'False', 'empty': 'False', 'cache_selected_only': 'False', 'log_format': 'default', 'debug': 'False', 'fail_fast': 'False', 'profiles_dir': '.', 'send_anonymous_usage_stats': 'True', 'quiet': 'False', 'warn_error': 'None', 'partial_parse': 'True', 'indirect_selection': 'eager', 'hints_enabled': 'True', 'invocation_command': 'dbt run --profiles-dir . --target dev', 'use_experimental_parser': 'False', 'use_colors': 'True', 'log_path': 'C:\\Users\\savan\\OneDrive\\Desktop\\zaalima-retail-forecasting\\src_dbt\\logs'}
[0m11:43:32.589909 [debug] [MainThread]: Sending event: {'category': 'dbt', 'action': 'project_id', 'label': '59eb2ad9-6c68-4a0c-8948-5fb6c23d8fbb', 'context': [<snowplow_tracker.self_describing_json.SelfDescribingJson object at 0x00000216EED73D10>]}
[0m11:43:32.656058 [debug] [MainThread]: Sending event: {'category': 'dbt', 'action': 'adapter_info', 'label': '59eb2ad9-6c68-4a0c-8948-5fb6c23d8fbb', 'context': [<snowplow_tracker.self_describing_json.SelfDescribingJson object at 0x00000216EE9E3C20>]}
[0m11:43:32.659129 [info ] [MainThread]: Registered adapter: duckdb=1.11.0
[0m11:43:32.860053 [debug] [MainThread]: checksum: 1980649397f6b8736aca8e931a8f72645248b7a7ffe56753d37211119dd28880, vars: {}, profile: zaalima_retail, target: dev, version: 1.12.5
[0m11:43:32.861575 [info ] [MainThread]: Unable to do partial parsing because saved manifest not found. Starting full parse.
[0m11:43:32.861575 [debug] [MainThread]: Sending event: {'category': 'dbt', 'action': 'partial_parser', 'label': '59eb2ad9-6c68-4a0c-8948-5fb6c23d8fbb', 'context': [<snowplow_tracker.self_describing_json.SelfDescribingJson object at 0x00000216EEE63E00>]}
[0m11:43:34.821060 [warn ] [MainThread]: [[33mWARNING[0m]: Configuration paths exist in your dbt_project.yml file which do not apply to any resources.
There are 1 unused configuration paths:
- models.zaalima_retail_forecasting.marts
[0m11:43:34.825256 [debug] [MainThread]: Sending event: {'category': 'dbt', 'action': 'load_project', 'label': '59eb2ad9-6c68-4a0c-8948-5fb6c23d8fbb', 'context': [<snowplow_tracker.self_describing_json.SelfDescribingJson object at 0x00000216EF0147A0>]}
[0m11:43:34.886719 [debug] [MainThread]: Wrote artifact WritableManifest to C:\Users\savan\OneDrive\Desktop\zaalima-retail-forecasting\src_dbt\target\manifest.json
[0m11:43:34.889717 [debug] [MainThread]: Wrote artifact SemanticManifest to C:\Users\savan\OneDrive\Desktop\zaalima-retail-forecasting\src_dbt\target\semantic_manifest.json
[0m11:43:34.913795 [debug] [MainThread]: Wrote artifact OsiDocument to C:\Users\savan\OneDrive\Desktop\zaalima-retail-forecasting\src_dbt\target\osi_document.json
[0m11:43:34.925915 [debug] [MainThread]: Sending event: {'category': 'dbt', 'action': 'resource_counts', 'label': '59eb2ad9-6c68-4a0c-8948-5fb6c23d8fbb', 'context': [<snowplow_tracker.self_describing_json.SelfDescribingJson object at 0x00000216EF2F5E50>]}
[0m11:43:34.927175 [info ] [MainThread]: Found 1 model, 500 macros
[0m11:43:34.927681 [debug] [MainThread]: Sending event: {'category': 'dbt', 'action': 'runnable_timing', 'label': '59eb2ad9-6c68-4a0c-8948-5fb6c23d8fbb', 'context': [<snowplow_tracker.self_describing_json.SelfDescribingJson object at 0x00000216EF2ADB50>]}
[0m11:43:34.928689 [info ] [MainThread]: 
[0m11:43:34.929688 [info ] [MainThread]: Concurrency: 4 threads (target='dev')
[0m11:43:34.929688 [info ] [MainThread]: 
[0m11:43:34.929688 [debug] [MainThread]: Acquiring new duckdb connection 'master'
[0m11:43:34.931217 [debug] [ThreadPool]: Acquiring new duckdb connection 'list_zaalima_warehouse'
[0m11:43:34.979785 [debug] [ThreadPool]: Using duckdb connection "list_zaalima_warehouse"
[0m11:43:34.981380 [debug] [ThreadPool]: On list_zaalima_warehouse: /* {"app": "dbt", "dbt_version": "1.12.5", "profile_name": "zaalima_retail", "target_name": "dev", "connection_name": "list_zaalima_warehouse"} */

    
    select schema_name
    from system.information_schema.schemata
    
    where lower(catalog_name) = '"zaalima_warehouse"'
    
  
  
[0m11:43:34.981380 [debug] [ThreadPool]: Opening a new connection, currently in state init
[0m11:43:34.982826 [debug] [ThreadPool]: DuckDB adapter: duckdb error: Unable to import module 'sqlite': No module named 'sqlite'
[0m11:43:34.982826 [debug] [ThreadPool]: DuckDB adapter: Error running SQL: /* {"app": "dbt", "dbt_version": "1.12.5", "profile_name": "zaalima_retail", "target_name": "dev", "connection_name": "list_zaalima_warehouse"} */

    
    select schema_name
    from system.information_schema.schemata
    
    where lower(catalog_name) = '"zaalima_warehouse"'
    
  
  
[0m11:43:34.983832 [debug] [ThreadPool]: DuckDB adapter: Rolling back transaction.
[0m11:43:34.983832 [debug] [ThreadPool]: Opening a new connection, currently in state init
[0m11:43:34.983832 [debug] [ThreadPool]: DuckDB adapter: duckdb error: Unable to import module 'sqlite': No module named 'sqlite'
[0m11:43:34.983832 [debug] [ThreadPool]: DuckDB adapter: Error running SQL: macro list_schemas
[0m11:43:34.984832 [debug] [ThreadPool]: DuckDB adapter: Rolling back transaction.
[0m11:43:34.984832 [debug] [ThreadPool]: Opening a new connection, currently in state init
[0m11:43:34.985749 [debug] [MainThread]: Connection 'master' was properly closed.
[0m11:43:34.985749 [debug] [MainThread]: Connection 'list_zaalima_warehouse' was properly closed.
[0m11:43:34.985749 [info ] [MainThread]: 
[0m11:43:34.986754 [info ] [MainThread]: Finished running  in 0 hours 0 minutes and 0.06 seconds (0.06s).
[0m11:43:34.986754 [error] [MainThread]: [[31mERROR[0m]: Encountered an error:
Unable to import module 'sqlite': No module named 'sqlite'
[0m11:43:35.024400 [error] [MainThread]: Traceback (most recent call last):
  File "C:\Users\savan\OneDrive\Desktop\zaalima-retail-forecasting\.venv\Lib\site-packages\dbt\adapters\duckdb\plugins\__init__.py", line 61, in create
    mod = importlib.import_module(module)
          ^^^^^^^^^^^^^^^^^^^^^^^^^^^^^^^
  File "C:\Users\savan\AppData\Local\Programs\Python\Python312\Lib\importlib\__init__.py", line 90, in import_module
    return _bootstrap._gcd_import(name[level:], package, level)
           ^^^^^^^^^^^^^^^^^^^^^^^^^^^^^^^^^^^^^^^^^^^^^^^^^^^^
  File "<frozen importlib._bootstrap>", line 1387, in _gcd_import
  File "<frozen importlib._bootstrap>", line 1360, in _find_and_load
  File "<frozen importlib._bootstrap>", line 1324, in _find_and_load_unlocked
ModuleNotFoundError: No module named 'sqlite'

During handling of the above exception, another exception occurred:

Traceback (most recent call last):
  File "C:\Users\savan\OneDrive\Desktop\zaalima-retail-forecasting\.venv\Lib\site-packages\dbt\adapters\duckdb\connections.py", line 110, in exception_handler
    yield
  File "C:\Users\savan\OneDrive\Desktop\zaalima-retail-forecasting\.venv\Lib\site-packages\dbt\adapters\sql\connections.py", line 147, in add_query
    cursor = connection.handle.cursor()
             ^^^^^^^^^^^^^^^^^
  File "C:\Users\savan\OneDrive\Desktop\zaalima-retail-forecasting\.venv\Lib\site-packages\dbt\adapters\contracts\connection.py", line 96, in handle
    self._handle.resolve(self)
  File "C:\Users\savan\OneDrive\Desktop\zaalima-retail-forecasting\.venv\Lib\site-packages\dbt\adapters\contracts\connection.py", line 120, in resolve
    return self.opener(connection)
           ^^^^^^^^^^^^^^^^^^^^^^^
  File "C:\Users\savan\OneDrive\Desktop\zaalima-retail-forecasting\.venv\Lib\site-packages\dbt\adapters\duckdb\connections.py", line 67, in open
    cls._ENV = environments.create(credentials)
               ^^^^^^^^^^^^^^^^^^^^^^^^^^^^^^^^
  File "C:\Users\savan\OneDrive\Desktop\zaalima-retail-forecasting\.venv\Lib\site-packages\dbt\adapters\duckdb\environments\__init__.py", line 317, in create
    return LocalEnvironment(creds)
           ^^^^^^^^^^^^^^^^^^^^^^^
  File "C:\Users\savan\OneDrive\Desktop\zaalima-retail-forecasting\.venv\Lib\site-packages\dbt\adapters\duckdb\environments\local.py", line 53, in __init__
    self._plugins = self.initialize_plugins(credentials)
                    ^^^^^^^^^^^^^^^^^^^^^^^^^^^^^^^^^^^^
  File "C:\Users\savan\OneDrive\Desktop\zaalima-retail-forecasting\.venv\Lib\site-packages\dbt\adapters\duckdb\environments\__init__.py", line 252, in initialize_plugins
    plugin = BasePlugin.create(
             ^^^^^^^^^^^^^^^^^^
  File "C:\Users\savan\OneDrive\Desktop\zaalima-retail-forecasting\.venv\Lib\site-packages\dbt\adapters\duckdb\plugins\__init__.py", line 63, in create
    raise ImportError(f"Unable to import module '{module}': {e}")
ImportError: Unable to import module 'sqlite': No module named 'sqlite'

During handling of the above exception, another exception occurred:

Traceback (most recent call last):
  File "C:\Users\savan\OneDrive\Desktop\zaalima-retail-forecasting\.venv\Lib\site-packages\dbt\adapters\duckdb\plugins\__init__.py", line 61, in create
    mod = importlib.import_module(module)
          ^^^^^^^^^^^^^^^^^^^^^^^^^^^^^^^
  File "C:\Users\savan\AppData\Local\Programs\Python\Python312\Lib\importlib\__init__.py", line 90, in import_module
    return _bootstrap._gcd_import(name[level:], package, level)
           ^^^^^^^^^^^^^^^^^^^^^^^^^^^^^^^^^^^^^^^^^^^^^^^^^^^^
  File "<frozen importlib._bootstrap>", line 1387, in _gcd_import
  File "<frozen importlib._bootstrap>", line 1360, in _find_and_load
  File "<frozen importlib._bootstrap>", line 1324, in _find_and_load_unlocked
ModuleNotFoundError: No module named 'sqlite'

During handling of the above exception, another exception occurred:

Traceback (most recent call last):
  File "C:\Users\savan\OneDrive\Desktop\zaalima-retail-forecasting\.venv\Lib\site-packages\dbt\adapters\duckdb\connections.py", line 110, in exception_handler
    yield
  File "C:\Users\savan\OneDrive\Desktop\zaalima-retail-forecasting\.venv\Lib\site-packages\dbt\adapters\base\impl.py", line 1372, in execute_macro
    result = macro_function(**kwargs)
             ^^^^^^^^^^^^^^^^^^^^^^^^
  File "C:\Users\savan\OneDrive\Desktop\zaalima-retail-forecasting\.venv\Lib\site-packages\dbt_common\clients\jinja.py", line 427, in __call__
    return self.call_macro(*args, **kwargs)
           ^^^^^^^^^^^^^^^^^^^^^^^^^^^^^^^^
  File "C:\Users\savan\OneDrive\Desktop\zaalima-retail-forecasting\.venv\Lib\site-packages\dbt_common\clients\jinja.py", line 395, in call_macro
    return macro(*args, **kwargs)
           ^^^^^^^^^^^^^^^^^^^^^^
  File "C:\Users\savan\OneDrive\Desktop\zaalima-retail-forecasting\.venv\Lib\site-packages\jinja2\runtime.py", line 770, in __call__
    return self._invoke(arguments, autoescape)
           ^^^^^^^^^^^^^^^^^^^^^^^^^^^^^^^^^^^
  File "C:\Users\savan\OneDrive\Desktop\zaalima-retail-forecasting\.venv\Lib\site-packages\jinja2\runtime.py", line 784, in _invoke
    rv = self._func(*arguments)
         ^^^^^^^^^^^^^^^^^^^^^^
  File "<template>", line 20, in macro
  File "C:\Users\savan\OneDrive\Desktop\zaalima-retail-forecasting\.venv\Lib\site-packages\jinja2\sandbox.py", line 401, in call
    return __context.call(__obj, *args, **kwargs)
           ^^^^^^^^^^^^^^^^^^^^^^^^^^^^^^^^^^^^^^
  File "C:\Users\savan\OneDrive\Desktop\zaalima-retail-forecasting\.venv\Lib\site-packages\jinja2\runtime.py", line 303, in call
    return __obj(*args, **kwargs)
           ^^^^^^^^^^^^^^^^^^^^^^
  File "C:\Users\savan\OneDrive\Desktop\zaalima-retail-forecasting\.venv\Lib\site-packages\dbt\clients\jinja.py", line 151, in __call__
    return self.call_macro(*args, **kwargs)
           ^^^^^^^^^^^^^^^^^^^^^^^^^^^^^^^^
  File "C:\Users\savan\OneDrive\Desktop\zaalima-retail-forecasting\.venv\Lib\site-packages\dbt_common\clients\jinja.py", line 395, in call_macro
    return macro(*args, **kwargs)
           ^^^^^^^^^^^^^^^^^^^^^^
  File "C:\Users\savan\OneDrive\Desktop\zaalima-retail-forecasting\.venv\Lib\site-packages\jinja2\runtime.py", line 770, in __call__
    return self._invoke(arguments, autoescape)
           ^^^^^^^^^^^^^^^^^^^^^^^^^^^^^^^^^^^
  File "C:\Users\savan\OneDrive\Desktop\zaalima-retail-forecasting\.venv\Lib\site-packages\jinja2\runtime.py", line 784, in _invoke
    rv = self._func(*arguments)
         ^^^^^^^^^^^^^^^^^^^^^^
  File "<template>", line 50, in macro
  File "C:\Users\savan\OneDrive\Desktop\zaalima-retail-forecasting\.venv\Lib\site-packages\jinja2\sandbox.py", line 401, in call
    return __context.call(__obj, *args, **kwargs)
           ^^^^^^^^^^^^^^^^^^^^^^^^^^^^^^^^^^^^^^
  File "C:\Users\savan\OneDrive\Desktop\zaalima-retail-forecasting\.venv\Lib\site-packages\jinja2\runtime.py", line 303, in call
    return __obj(*args, **kwargs)
           ^^^^^^^^^^^^^^^^^^^^^^
  File "C:\Users\savan\OneDrive\Desktop\zaalima-retail-forecasting\.venv\Lib\site-packages\dbt\clients\jinja.py", line 151, in __call__
    return self.call_macro(*args, **kwargs)
           ^^^^^^^^^^^^^^^^^^^^^^^^^^^^^^^^
  File "C:\Users\savan\OneDrive\Desktop\zaalima-retail-forecasting\.venv\Lib\site-packages\dbt_common\clients\jinja.py", line 395, in call_macro
    return macro(*args, **kwargs)
           ^^^^^^^^^^^^^^^^^^^^^^
  File "C:\Users\savan\OneDrive\Desktop\zaalima-retail-forecasting\.venv\Lib\site-packages\jinja2\runtime.py", line 770, in __call__
    return self._invoke(arguments, autoescape)
           ^^^^^^^^^^^^^^^^^^^^^^^^^^^^^^^^^^^
  File "C:\Users\savan\OneDrive\Desktop\zaalima-retail-forecasting\.venv\Lib\site-packages\jinja2\runtime.py", line 784, in _invoke
    rv = self._func(*arguments)
         ^^^^^^^^^^^^^^^^^^^^^^
  File "<template>", line 33, in macro
  File "C:\Users\savan\OneDrive\Desktop\zaalima-retail-forecasting\.venv\Lib\site-packages\jinja2\sandbox.py", line 401, in call
    return __context.call(__obj, *args, **kwargs)
           ^^^^^^^^^^^^^^^^^^^^^^^^^^^^^^^^^^^^^^
  File "C:\Users\savan\OneDrive\Desktop\zaalima-retail-forecasting\.venv\Lib\site-packages\jinja2\runtime.py", line 303, in call
    return __obj(*args, **kwargs)
           ^^^^^^^^^^^^^^^^^^^^^^
  File "C:\Users\savan\OneDrive\Desktop\zaalima-retail-forecasting\.venv\Lib\site-packages\dbt\clients\jinja.py", line 151, in __call__
    return self.call_macro(*args, **kwargs)
           ^^^^^^^^^^^^^^^^^^^^^^^^^^^^^^^^
  File "C:\Users\savan\OneDrive\Desktop\zaalima-retail-forecasting\.venv\Lib\site-packages\dbt_common\clients\jinja.py", line 395, in call_macro
    return macro(*args, **kwargs)
           ^^^^^^^^^^^^^^^^^^^^^^
  File "C:\Users\savan\OneDrive\Desktop\zaalima-retail-forecasting\.venv\Lib\site-packages\jinja2\runtime.py", line 770, in __call__
    return self._invoke(arguments, autoescape)
           ^^^^^^^^^^^^^^^^^^^^^^^^^^^^^^^^^^^
  File "C:\Users\savan\OneDrive\Desktop\zaalima-retail-forecasting\.venv\Lib\site-packages\jinja2\runtime.py", line 784, in _invoke
    rv = self._func(*arguments)
         ^^^^^^^^^^^^^^^^^^^^^^
  File "<template>", line 52, in macro
  File "C:\Users\savan\OneDrive\Desktop\zaalima-retail-forecasting\.venv\Lib\site-packages\jinja2\sandbox.py", line 401, in call
    return __context.call(__obj, *args, **kwargs)
           ^^^^^^^^^^^^^^^^^^^^^^^^^^^^^^^^^^^^^^
  File "C:\Users\savan\OneDrive\Desktop\zaalima-retail-forecasting\.venv\Lib\site-packages\jinja2\runtime.py", line 303, in call
    return __obj(*args, **kwargs)
           ^^^^^^^^^^^^^^^^^^^^^^
  File "C:\Users\savan\OneDrive\Desktop\zaalima-retail-forecasting\.venv\Lib\site-packages\dbt_common\record.py", line 538, in record_replay_wrapper
    return func_to_record(*call_args, **kwargs)
           ^^^^^^^^^^^^^^^^^^^^^^^^^^^^^^^^^^^^
  File "C:\Users\savan\OneDrive\Desktop\zaalima-retail-forecasting\.venv\Lib\site-packages\dbt\adapters\base\impl.py", line 523, in execute
    return self.connections.execute(sql=sql, auto_begin=auto_begin, fetch=fetch, limit=limit)
           ^^^^^^^^^^^^^^^^^^^^^^^^^^^^^^^^^^^^^^^^^^^^^^^^^^^^^^^^^^^^^^^^^^^^^^^^^^^^^^^^^^
  File "C:\Users\savan\OneDrive\Desktop\zaalima-retail-forecasting\.venv\Lib\site-packages\dbt\adapters\duckdb\connections.py", line 145, in execute
    return super().execute(sql, auto_begin, fetch, limit)
           ^^^^^^^^^^^^^^^^^^^^^^^^^^^^^^^^^^^^^^^^^^^^^^
  File "C:\Users\savan\OneDrive\Desktop\zaalima-retail-forecasting\.venv\Lib\site-packages\dbt\adapters\sql\connections.py", line 219, in execute
    _, cursor = self.add_query(sql, auto_begin)
                ^^^^^^^^^^^^^^^^^^^^^^^^^^^^^^^
  File "C:\Users\savan\OneDrive\Desktop\zaalima-retail-forecasting\.venv\Lib\site-packages\dbt\adapters\sql\connections.py", line 131, in add_query
    with self.exception_handler(sql):
         ^^^^^^^^^^^^^^^^^^^^^^^^^^^
  File "C:\Users\savan\AppData\Local\Programs\Python\Python312\Lib\contextlib.py", line 158, in __exit__
    self.gen.throw(value)
  File "C:\Users\savan\OneDrive\Desktop\zaalima-retail-forecasting\.venv\Lib\site-packages\dbt\adapters\duckdb\connections.py", line 117, in exception_handler
    self.rollback_if_open()
  File "C:\Users\savan\OneDrive\Desktop\zaalima-retail-forecasting\.venv\Lib\site-packages\dbt\adapters\base\connections.py", line 125, in rollback_if_open
    if conn is not None and conn.handle and conn.transaction_open:
                            ^^^^^^^^^^^
  File "C:\Users\savan\OneDrive\Desktop\zaalima-retail-forecasting\.venv\Lib\site-packages\dbt\adapters\contracts\connection.py", line 96, in handle
    self._handle.resolve(self)
  File "C:\Users\savan\OneDrive\Desktop\zaalima-retail-forecasting\.venv\Lib\site-packages\dbt\adapters\contracts\connection.py", line 120, in resolve
    return self.opener(connection)
           ^^^^^^^^^^^^^^^^^^^^^^^
  File "C:\Users\savan\OneDrive\Desktop\zaalima-retail-forecasting\.venv\Lib\site-packages\dbt\adapters\duckdb\connections.py", line 67, in open
    cls._ENV = environments.create(credentials)
               ^^^^^^^^^^^^^^^^^^^^^^^^^^^^^^^^
  File "C:\Users\savan\OneDrive\Desktop\zaalima-retail-forecasting\.venv\Lib\site-packages\dbt\adapters\duckdb\environments\__init__.py", line 317, in create
    return LocalEnvironment(creds)
           ^^^^^^^^^^^^^^^^^^^^^^^
  File "C:\Users\savan\OneDrive\Desktop\zaalima-retail-forecasting\.venv\Lib\site-packages\dbt\adapters\duckdb\environments\local.py", line 53, in __init__
    self._plugins = self.initialize_plugins(credentials)
                    ^^^^^^^^^^^^^^^^^^^^^^^^^^^^^^^^^^^^
  File "C:\Users\savan\OneDrive\Desktop\zaalima-retail-forecasting\.venv\Lib\site-packages\dbt\adapters\duckdb\environments\__init__.py", line 252, in initialize_plugins
    plugin = BasePlugin.create(
             ^^^^^^^^^^^^^^^^^^
  File "C:\Users\savan\OneDrive\Desktop\zaalima-retail-forecasting\.venv\Lib\site-packages\dbt\adapters\duckdb\plugins\__init__.py", line 63, in create
    raise ImportError(f"Unable to import module '{module}': {e}")
ImportError: Unable to import module 'sqlite': No module named 'sqlite'

During handling of the above exception, another exception occurred:

Traceback (most recent call last):
  File "C:\Users\savan\OneDrive\Desktop\zaalima-retail-forecasting\.venv\Lib\site-packages\dbt\adapters\duckdb\plugins\__init__.py", line 61, in create
    mod = importlib.import_module(module)
          ^^^^^^^^^^^^^^^^^^^^^^^^^^^^^^^
  File "C:\Users\savan\AppData\Local\Programs\Python\Python312\Lib\importlib\__init__.py", line 90, in import_module
    return _bootstrap._gcd_import(name[level:], package, level)
           ^^^^^^^^^^^^^^^^^^^^^^^^^^^^^^^^^^^^^^^^^^^^^^^^^^^^
  File "<frozen importlib._bootstrap>", line 1387, in _gcd_import
  File "<frozen importlib._bootstrap>", line 1360, in _find_and_load
  File "<frozen importlib._bootstrap>", line 1324, in _find_and_load_unlocked
ModuleNotFoundError: No module named 'sqlite'

During handling of the above exception, another exception occurred:

Traceback (most recent call last):
  File "C:\Users\savan\OneDrive\Desktop\zaalima-retail-forecasting\.venv\Lib\site-packages\dbt\cli\requires.py", line 198, in wrapper
    result, success = func(*args, **kwargs)
                      ^^^^^^^^^^^^^^^^^^^^^
  File "C:\Users\savan\OneDrive\Desktop\zaalima-retail-forecasting\.venv\Lib\site-packages\dbt\cli\requires.py", line 144, in wrapper
    return func(*args, **kwargs)
           ^^^^^^^^^^^^^^^^^^^^^
  File "C:\Users\savan\OneDrive\Desktop\zaalima-retail-forecasting\.venv\Lib\site-packages\dbt\cli\requires.py", line 295, in wrapper
    return func(*args, **kwargs)
           ^^^^^^^^^^^^^^^^^^^^^
  File "C:\Users\savan\OneDrive\Desktop\zaalima-retail-forecasting\.venv\Lib\site-packages\dbt\cli\requires.py", line 340, in wrapper
    return func(*args, **kwargs)
           ^^^^^^^^^^^^^^^^^^^^^
  File "C:\Users\savan\OneDrive\Desktop\zaalima-retail-forecasting\.venv\Lib\site-packages\dbt\cli\requires.py", line 387, in wrapper
    return func(*args, **kwargs)
           ^^^^^^^^^^^^^^^^^^^^^
  File "C:\Users\savan\OneDrive\Desktop\zaalima-retail-forecasting\.venv\Lib\site-packages\dbt\cli\requires.py", line 404, in wrapper
    return func(*args, **kwargs)
           ^^^^^^^^^^^^^^^^^^^^^
  File "C:\Users\savan\OneDrive\Desktop\zaalima-retail-forecasting\.venv\Lib\site-packages\dbt\cli\main.py", line 609, in run
    results = task.run()
              ^^^^^^^^^^
  File "C:\Users\savan\OneDrive\Desktop\zaalima-retail-forecasting\.venv\Lib\site-packages\dbt\task\runnable.py", line 775, in run
    result = self.execute_with_hooks(selected_uids)
             ^^^^^^^^^^^^^^^^^^^^^^^^^^^^^^^^^^^^^^
  File "C:\Users\savan\OneDrive\Desktop\zaalima-retail-forecasting\.venv\Lib\site-packages\dbt\task\runnable.py", line 701, in execute_with_hooks
    before_run_status = self.before_run(adapter, selected_uids)
                        ^^^^^^^^^^^^^^^^^^^^^^^^^^^^^^^^^^^^^^^
  File "C:\Users\savan\OneDrive\Desktop\zaalima-retail-forecasting\.venv\Lib\site-packages\dbt\task\run.py", line 1313, in before_run
    self.create_schemas(adapter, required_schemas)
  File "C:\Users\savan\OneDrive\Desktop\zaalima-retail-forecasting\.venv\Lib\site-packages\dbt\task\runnable.py", line 883, in create_schemas
    existing_schemas_lowered.update(ls_future.result())
                                    ^^^^^^^^^^^^^^^^^^
  File "C:\Users\savan\AppData\Local\Programs\Python\Python312\Lib\concurrent\futures\_base.py", line 449, in result
    return self.__get_result()
           ^^^^^^^^^^^^^^^^^^^
  File "C:\Users\savan\AppData\Local\Programs\Python\Python312\Lib\concurrent\futures\_base.py", line 401, in __get_result
    raise self._exception
  File "C:\Users\savan\AppData\Local\Programs\Python\Python312\Lib\concurrent\futures\thread.py", line 59, in run
    result = self.fn(*self.args, **self.kwargs)
             ^^^^^^^^^^^^^^^^^^^^^^^^^^^^^^^^^^
  File "C:\Users\savan\OneDrive\Desktop\zaalima-retail-forecasting\.venv\Lib\site-packages\dbt_common\utils\executor.py", line 20, in connected
    return func(*args, **kwargs)
           ^^^^^^^^^^^^^^^^^^^^^
  File "C:\Users\savan\OneDrive\Desktop\zaalima-retail-forecasting\.venv\Lib\site-packages\dbt\task\runnable.py", line 858, in list_schemas
    for s in adapter.list_schemas(database_quoted)
             ^^^^^^^^^^^^^^^^^^^^^^^^^^^^^^^^^^^^^
  File "C:\Users\savan\OneDrive\Desktop\zaalima-retail-forecasting\.venv\Lib\site-packages\dbt\adapters\sql\impl.py", line 219, in list_schemas
    results = self.execute_macro(LIST_SCHEMAS_MACRO_NAME, kwargs={"database": database})
              ^^^^^^^^^^^^^^^^^^^^^^^^^^^^^^^^^^^^^^^^^^^^^^^^^^^^^^^^^^^^^^^^^^^^^^^^^^
  File "C:\Users\savan\OneDrive\Desktop\zaalima-retail-forecasting\.venv\Lib\site-packages\dbt\adapters\base\impl.py", line 1371, in execute_macro
    with self.connections.exception_handler(f"macro {macro_name}"):
         ^^^^^^^^^^^^^^^^^^^^^^^^^^^^^^^^^^^^^^^^^^^^^^^^^^^^^^^^^
  File "C:\Users\savan\AppData\Local\Programs\Python\Python312\Lib\contextlib.py", line 158, in __exit__
    self.gen.throw(value)
  File "C:\Users\savan\OneDrive\Desktop\zaalima-retail-forecasting\.venv\Lib\site-packages\dbt\adapters\duckdb\connections.py", line 117, in exception_handler
    self.rollback_if_open()
  File "C:\Users\savan\OneDrive\Desktop\zaalima-retail-forecasting\.venv\Lib\site-packages\dbt\adapters\base\connections.py", line 125, in rollback_if_open
    if conn is not None and conn.handle and conn.transaction_open:
                            ^^^^^^^^^^^
  File "C:\Users\savan\OneDrive\Desktop\zaalima-retail-forecasting\.venv\Lib\site-packages\dbt\adapters\contracts\connection.py", line 96, in handle
    self._handle.resolve(self)
  File "C:\Users\savan\OneDrive\Desktop\zaalima-retail-forecasting\.venv\Lib\site-packages\dbt\adapters\contracts\connection.py", line 120, in resolve
    return self.opener(connection)
           ^^^^^^^^^^^^^^^^^^^^^^^
  File "C:\Users\savan\OneDrive\Desktop\zaalima-retail-forecasting\.venv\Lib\site-packages\dbt\adapters\duckdb\connections.py", line 67, in open
    cls._ENV = environments.create(credentials)
               ^^^^^^^^^^^^^^^^^^^^^^^^^^^^^^^^
  File "C:\Users\savan\OneDrive\Desktop\zaalima-retail-forecasting\.venv\Lib\site-packages\dbt\adapters\duckdb\environments\__init__.py", line 317, in create
    return LocalEnvironment(creds)
           ^^^^^^^^^^^^^^^^^^^^^^^
  File "C:\Users\savan\OneDrive\Desktop\zaalima-retail-forecasting\.venv\Lib\site-packages\dbt\adapters\duckdb\environments\local.py", line 53, in __init__
    self._plugins = self.initialize_plugins(credentials)
                    ^^^^^^^^^^^^^^^^^^^^^^^^^^^^^^^^^^^^
  File "C:\Users\savan\OneDrive\Desktop\zaalima-retail-forecasting\.venv\Lib\site-packages\dbt\adapters\duckdb\environments\__init__.py", line 252, in initialize_plugins
    plugin = BasePlugin.create(
             ^^^^^^^^^^^^^^^^^^
  File "C:\Users\savan\OneDrive\Desktop\zaalima-retail-forecasting\.venv\Lib\site-packages\dbt\adapters\duckdb\plugins\__init__.py", line 63, in create
    raise ImportError(f"Unable to import module '{module}': {e}")
ImportError: Unable to import module 'sqlite': No module named 'sqlite'

[0m11:43:35.025554 [debug] [MainThread]: Command `dbt run` failed at 11:43:35.025554 after 2.97 seconds
[0m11:43:35.025554 [debug] [MainThread]: Sending event: {'category': 'dbt', 'action': 'invocation', 'label': 'end', 'context': [<snowplow_tracker.self_describing_json.SelfDescribingJson object at 0x00000216EA37A540>, <snowplow_tracker.self_describing_json.SelfDescribingJson object at 0x00000216EF1D4140>, <snowplow_tracker.self_describing_json.SelfDescribingJson object at 0x00000216EEE602C0>]}
[0m11:43:35.026575 [debug] [MainThread]: Flushing usage events
[0m11:43:36.679035 [debug] [MainThread]: An error was encountered while trying to flush usage events
[0m11:47:20.446602 [debug] [MainThread]: Sending event: {'category': 'dbt', 'action': 'invocation', 'label': 'start', 'context': [<snowplow_tracker.self_describing_json.SelfDescribingJson object at 0x0000018E1989A630>, <snowplow_tracker.self_describing_json.SelfDescribingJson object at 0x0000018E1C144620>, <snowplow_tracker.self_describing_json.SelfDescribingJson object at 0x0000018E1C333B60>]}


============================== 11:47:20.449596 | c23d07ee-74ee-4966-aa67-3d15a6c206ee ==============================
[0m11:47:20.449596 [info ] [MainThread]: Running with dbt=1.12.5
[0m11:47:20.451201 [debug] [MainThread]: running dbt with arguments {'version_check': 'True', 'no_print': 'None', 'static_parser': 'True', 'warn_error_options': 'WarnErrorOptionsV2(error=[], warn=[], silence=[])', 'target_path': 'None', 'maximum_seed_size_mib': '1', 'printer_width': '80', 'write_json': 'True', 'empty': 'False', 'log_cache_events': 'False', 'introspect': 'True', 'cache_selected_only': 'False', 'log_format': 'default', 'debug': 'False', 'fail_fast': 'False', 'partial_parse': 'True', 'send_anonymous_usage_stats': 'True', 'quiet': 'False', 'warn_error': 'None', 'profiles_dir': '.', 'use_colors': 'True', 'hints_enabled': 'True', 'invocation_command': 'dbt run --profiles-dir . --target dev', 'use_experimental_parser': 'False', 'indirect_selection': 'eager', 'log_path': 'C:\\Users\\savan\\OneDrive\\Desktop\\zaalima-retail-forecasting\\src_dbt\\logs'}
[0m11:47:20.643500 [debug] [MainThread]: Sending event: {'category': 'dbt', 'action': 'project_id', 'label': 'c23d07ee-74ee-4966-aa67-3d15a6c206ee', 'context': [<snowplow_tracker.self_describing_json.SelfDescribingJson object at 0x0000018E1E213D70>]}
[0m11:47:20.697228 [debug] [MainThread]: Sending event: {'category': 'dbt', 'action': 'adapter_info', 'label': 'c23d07ee-74ee-4966-aa67-3d15a6c206ee', 'context': [<snowplow_tracker.self_describing_json.SelfDescribingJson object at 0x0000018E19DEA630>]}
[0m11:47:20.699719 [info ] [MainThread]: Registered adapter: duckdb=1.11.0
[0m11:47:20.859085 [debug] [MainThread]: checksum: 1980649397f6b8736aca8e931a8f72645248b7a7ffe56753d37211119dd28880, vars: {}, profile: zaalima_retail, target: dev, version: 1.12.5
[0m11:47:20.924332 [info ] [MainThread]: Unable to do partial parsing because profile has changed
[0m11:47:20.924332 [debug] [MainThread]: Sending event: {'category': 'dbt', 'action': 'partial_parser', 'label': 'c23d07ee-74ee-4966-aa67-3d15a6c206ee', 'context': [<snowplow_tracker.self_describing_json.SelfDescribingJson object at 0x0000018E1C39A840>]}
[0m11:47:21.793638 [warn ] [MainThread]: [[33mWARNING[0m]: Configuration paths exist in your dbt_project.yml file which do not apply to any resources.
There are 1 unused configuration paths:
- models.zaalima_retail_forecasting.marts
[0m11:47:21.801155 [debug] [MainThread]: Sending event: {'category': 'dbt', 'action': 'load_project', 'label': 'c23d07ee-74ee-4966-aa67-3d15a6c206ee', 'context': [<snowplow_tracker.self_describing_json.SelfDescribingJson object at 0x0000018E1E63B080>]}
[0m11:47:21.856490 [debug] [MainThread]: Wrote artifact WritableManifest to C:\Users\savan\OneDrive\Desktop\zaalima-retail-forecasting\src_dbt\target\manifest.json
[0m11:47:21.859449 [debug] [MainThread]: Wrote artifact SemanticManifest to C:\Users\savan\OneDrive\Desktop\zaalima-retail-forecasting\src_dbt\target\semantic_manifest.json
[0m11:47:21.882377 [debug] [MainThread]: Wrote artifact OsiDocument to C:\Users\savan\OneDrive\Desktop\zaalima-retail-forecasting\src_dbt\target\osi_document.json
[0m11:47:21.892154 [debug] [MainThread]: Sending event: {'category': 'dbt', 'action': 'resource_counts', 'label': 'c23d07ee-74ee-4966-aa67-3d15a6c206ee', 'context': [<snowplow_tracker.self_describing_json.SelfDescribingJson object at 0x0000018E1E802540>]}
[0m11:47:21.893155 [info ] [MainThread]: Found 1 model, 500 macros
[0m11:47:21.893155 [debug] [MainThread]: Sending event: {'category': 'dbt', 'action': 'runnable_timing', 'label': 'c23d07ee-74ee-4966-aa67-3d15a6c206ee', 'context': [<snowplow_tracker.self_describing_json.SelfDescribingJson object at 0x0000018E1DF10E30>]}
[0m11:47:21.895170 [info ] [MainThread]: 
[0m11:47:21.895170 [info ] [MainThread]: Concurrency: 4 threads (target='dev')
[0m11:47:21.895170 [info ] [MainThread]: 
[0m11:47:21.896154 [debug] [MainThread]: Acquiring new duckdb connection 'master'
[0m11:47:21.896154 [debug] [ThreadPool]: Acquiring new duckdb connection 'list_zaalima_warehouse'
[0m11:47:21.945869 [debug] [ThreadPool]: Using duckdb connection "list_zaalima_warehouse"
[0m11:47:21.945869 [debug] [ThreadPool]: On list_zaalima_warehouse: /* {"app": "dbt", "dbt_version": "1.12.5", "profile_name": "zaalima_retail", "target_name": "dev", "connection_name": "list_zaalima_warehouse"} */

    
    select schema_name
    from system.information_schema.schemata
    
    where lower(catalog_name) = '"zaalima_warehouse"'
    
  
  
[0m11:47:21.945869 [debug] [ThreadPool]: Opening a new connection, currently in state init
[0m11:47:21.948075 [debug] [ThreadPool]: DuckDB adapter: duckdb error: Unable to import module 'dbt.adapters.duckdb.plugins.sqlite': No module named 'dbt.adapters.duckdb.plugins.sqlite'
[0m11:47:21.948075 [debug] [ThreadPool]: DuckDB adapter: Error running SQL: /* {"app": "dbt", "dbt_version": "1.12.5", "profile_name": "zaalima_retail", "target_name": "dev", "connection_name": "list_zaalima_warehouse"} */

    
    select schema_name
    from system.information_schema.schemata
    
    where lower(catalog_name) = '"zaalima_warehouse"'
    
  
  
[0m11:47:21.948075 [debug] [ThreadPool]: DuckDB adapter: Rolling back transaction.
[0m11:47:21.949163 [debug] [ThreadPool]: Opening a new connection, currently in state init
[0m11:47:21.949163 [debug] [ThreadPool]: DuckDB adapter: duckdb error: Unable to import module 'dbt.adapters.duckdb.plugins.sqlite': No module named 'dbt.adapters.duckdb.plugins.sqlite'
[0m11:47:21.949163 [debug] [ThreadPool]: DuckDB adapter: Error running SQL: macro list_schemas
[0m11:47:21.949163 [debug] [ThreadPool]: DuckDB adapter: Rolling back transaction.
[0m11:47:21.950169 [debug] [ThreadPool]: Opening a new connection, currently in state init
[0m11:47:21.950775 [debug] [MainThread]: Connection 'master' was properly closed.
[0m11:47:21.950775 [debug] [MainThread]: Connection 'list_zaalima_warehouse' was properly closed.
[0m11:47:21.951340 [info ] [MainThread]: 
[0m11:47:21.951340 [info ] [MainThread]: Finished running  in 0 hours 0 minutes and 0.06 seconds (0.06s).
[0m11:47:21.952350 [error] [MainThread]: [[31mERROR[0m]: Encountered an error:
Unable to import module 'dbt.adapters.duckdb.plugins.sqlite': No module named 'dbt.adapters.duckdb.plugins.sqlite'
[0m11:47:21.959758 [error] [MainThread]: Traceback (most recent call last):
  File "C:\Users\savan\OneDrive\Desktop\zaalima-retail-forecasting\.venv\Lib\site-packages\dbt\adapters\duckdb\plugins\__init__.py", line 61, in create
    mod = importlib.import_module(module)
          ^^^^^^^^^^^^^^^^^^^^^^^^^^^^^^^
  File "C:\Users\savan\AppData\Local\Programs\Python\Python312\Lib\importlib\__init__.py", line 90, in import_module
    return _bootstrap._gcd_import(name[level:], package, level)
           ^^^^^^^^^^^^^^^^^^^^^^^^^^^^^^^^^^^^^^^^^^^^^^^^^^^^
  File "<frozen importlib._bootstrap>", line 1387, in _gcd_import
  File "<frozen importlib._bootstrap>", line 1360, in _find_and_load
  File "<frozen importlib._bootstrap>", line 1324, in _find_and_load_unlocked
ModuleNotFoundError: No module named 'dbt.adapters.duckdb.plugins.sqlite'

During handling of the above exception, another exception occurred:

Traceback (most recent call last):
  File "C:\Users\savan\OneDrive\Desktop\zaalima-retail-forecasting\.venv\Lib\site-packages\dbt\adapters\duckdb\connections.py", line 110, in exception_handler
    yield
  File "C:\Users\savan\OneDrive\Desktop\zaalima-retail-forecasting\.venv\Lib\site-packages\dbt\adapters\sql\connections.py", line 147, in add_query
    cursor = connection.handle.cursor()
             ^^^^^^^^^^^^^^^^^
  File "C:\Users\savan\OneDrive\Desktop\zaalima-retail-forecasting\.venv\Lib\site-packages\dbt\adapters\contracts\connection.py", line 96, in handle
    self._handle.resolve(self)
  File "C:\Users\savan\OneDrive\Desktop\zaalima-retail-forecasting\.venv\Lib\site-packages\dbt\adapters\contracts\connection.py", line 120, in resolve
    return self.opener(connection)
           ^^^^^^^^^^^^^^^^^^^^^^^
  File "C:\Users\savan\OneDrive\Desktop\zaalima-retail-forecasting\.venv\Lib\site-packages\dbt\adapters\duckdb\connections.py", line 67, in open
    cls._ENV = environments.create(credentials)
               ^^^^^^^^^^^^^^^^^^^^^^^^^^^^^^^^
  File "C:\Users\savan\OneDrive\Desktop\zaalima-retail-forecasting\.venv\Lib\site-packages\dbt\adapters\duckdb\environments\__init__.py", line 317, in create
    return LocalEnvironment(creds)
           ^^^^^^^^^^^^^^^^^^^^^^^
  File "C:\Users\savan\OneDrive\Desktop\zaalima-retail-forecasting\.venv\Lib\site-packages\dbt\adapters\duckdb\environments\local.py", line 53, in __init__
    self._plugins = self.initialize_plugins(credentials)
                    ^^^^^^^^^^^^^^^^^^^^^^^^^^^^^^^^^^^^
  File "C:\Users\savan\OneDrive\Desktop\zaalima-retail-forecasting\.venv\Lib\site-packages\dbt\adapters\duckdb\environments\__init__.py", line 252, in initialize_plugins
    plugin = BasePlugin.create(
             ^^^^^^^^^^^^^^^^^^
  File "C:\Users\savan\OneDrive\Desktop\zaalima-retail-forecasting\.venv\Lib\site-packages\dbt\adapters\duckdb\plugins\__init__.py", line 63, in create
    raise ImportError(f"Unable to import module '{module}': {e}")
ImportError: Unable to import module 'dbt.adapters.duckdb.plugins.sqlite': No module named 'dbt.adapters.duckdb.plugins.sqlite'

During handling of the above exception, another exception occurred:

Traceback (most recent call last):
  File "C:\Users\savan\OneDrive\Desktop\zaalima-retail-forecasting\.venv\Lib\site-packages\dbt\adapters\duckdb\plugins\__init__.py", line 61, in create
    mod = importlib.import_module(module)
          ^^^^^^^^^^^^^^^^^^^^^^^^^^^^^^^
  File "C:\Users\savan\AppData\Local\Programs\Python\Python312\Lib\importlib\__init__.py", line 90, in import_module
    return _bootstrap._gcd_import(name[level:], package, level)
           ^^^^^^^^^^^^^^^^^^^^^^^^^^^^^^^^^^^^^^^^^^^^^^^^^^^^
  File "<frozen importlib._bootstrap>", line 1387, in _gcd_import
  File "<frozen importlib._bootstrap>", line 1360, in _find_and_load
  File "<frozen importlib._bootstrap>", line 1324, in _find_and_load_unlocked
ModuleNotFoundError: No module named 'dbt.adapters.duckdb.plugins.sqlite'

During handling of the above exception, another exception occurred:

Traceback (most recent call last):
  File "C:\Users\savan\OneDrive\Desktop\zaalima-retail-forecasting\.venv\Lib\site-packages\dbt\adapters\duckdb\connections.py", line 110, in exception_handler
    yield
  File "C:\Users\savan\OneDrive\Desktop\zaalima-retail-forecasting\.venv\Lib\site-packages\dbt\adapters\base\impl.py", line 1372, in execute_macro
    result = macro_function(**kwargs)
             ^^^^^^^^^^^^^^^^^^^^^^^^
  File "C:\Users\savan\OneDrive\Desktop\zaalima-retail-forecasting\.venv\Lib\site-packages\dbt_common\clients\jinja.py", line 427, in __call__
    return self.call_macro(*args, **kwargs)
           ^^^^^^^^^^^^^^^^^^^^^^^^^^^^^^^^
  File "C:\Users\savan\OneDrive\Desktop\zaalima-retail-forecasting\.venv\Lib\site-packages\dbt_common\clients\jinja.py", line 395, in call_macro
    return macro(*args, **kwargs)
           ^^^^^^^^^^^^^^^^^^^^^^
  File "C:\Users\savan\OneDrive\Desktop\zaalima-retail-forecasting\.venv\Lib\site-packages\jinja2\runtime.py", line 770, in __call__
    return self._invoke(arguments, autoescape)
           ^^^^^^^^^^^^^^^^^^^^^^^^^^^^^^^^^^^
  File "C:\Users\savan\OneDrive\Desktop\zaalima-retail-forecasting\.venv\Lib\site-packages\jinja2\runtime.py", line 784, in _invoke
    rv = self._func(*arguments)
         ^^^^^^^^^^^^^^^^^^^^^^
  File "<template>", line 20, in macro
  File "C:\Users\savan\OneDrive\Desktop\zaalima-retail-forecasting\.venv\Lib\site-packages\jinja2\sandbox.py", line 401, in call
    return __context.call(__obj, *args, **kwargs)
           ^^^^^^^^^^^^^^^^^^^^^^^^^^^^^^^^^^^^^^
  File "C:\Users\savan\OneDrive\Desktop\zaalima-retail-forecasting\.venv\Lib\site-packages\jinja2\runtime.py", line 303, in call
    return __obj(*args, **kwargs)
           ^^^^^^^^^^^^^^^^^^^^^^
  File "C:\Users\savan\OneDrive\Desktop\zaalima-retail-forecasting\.venv\Lib\site-packages\dbt\clients\jinja.py", line 151, in __call__
    return self.call_macro(*args, **kwargs)
           ^^^^^^^^^^^^^^^^^^^^^^^^^^^^^^^^
  File "C:\Users\savan\OneDrive\Desktop\zaalima-retail-forecasting\.venv\Lib\site-packages\dbt_common\clients\jinja.py", line 395, in call_macro
    return macro(*args, **kwargs)
           ^^^^^^^^^^^^^^^^^^^^^^
  File "C:\Users\savan\OneDrive\Desktop\zaalima-retail-forecasting\.venv\Lib\site-packages\jinja2\runtime.py", line 770, in __call__
    return self._invoke(arguments, autoescape)
           ^^^^^^^^^^^^^^^^^^^^^^^^^^^^^^^^^^^
  File "C:\Users\savan\OneDrive\Desktop\zaalima-retail-forecasting\.venv\Lib\site-packages\jinja2\runtime.py", line 784, in _invoke
    rv = self._func(*arguments)
         ^^^^^^^^^^^^^^^^^^^^^^
  File "<template>", line 50, in macro
  File "C:\Users\savan\OneDrive\Desktop\zaalima-retail-forecasting\.venv\Lib\site-packages\jinja2\sandbox.py", line 401, in call
    return __context.call(__obj, *args, **kwargs)
           ^^^^^^^^^^^^^^^^^^^^^^^^^^^^^^^^^^^^^^
  File "C:\Users\savan\OneDrive\Desktop\zaalima-retail-forecasting\.venv\Lib\site-packages\jinja2\runtime.py", line 303, in call
    return __obj(*args, **kwargs)
           ^^^^^^^^^^^^^^^^^^^^^^
  File "C:\Users\savan\OneDrive\Desktop\zaalima-retail-forecasting\.venv\Lib\site-packages\dbt\clients\jinja.py", line 151, in __call__
    return self.call_macro(*args, **kwargs)
           ^^^^^^^^^^^^^^^^^^^^^^^^^^^^^^^^
  File "C:\Users\savan\OneDrive\Desktop\zaalima-retail-forecasting\.venv\Lib\site-packages\dbt_common\clients\jinja.py", line 395, in call_macro
    return macro(*args, **kwargs)
           ^^^^^^^^^^^^^^^^^^^^^^
  File "C:\Users\savan\OneDrive\Desktop\zaalima-retail-forecasting\.venv\Lib\site-packages\jinja2\runtime.py", line 770, in __call__
    return self._invoke(arguments, autoescape)
           ^^^^^^^^^^^^^^^^^^^^^^^^^^^^^^^^^^^
  File "C:\Users\savan\OneDrive\Desktop\zaalima-retail-forecasting\.venv\Lib\site-packages\jinja2\runtime.py", line 784, in _invoke
    rv = self._func(*arguments)
         ^^^^^^^^^^^^^^^^^^^^^^
  File "<template>", line 33, in macro
  File "C:\Users\savan\OneDrive\Desktop\zaalima-retail-forecasting\.venv\Lib\site-packages\jinja2\sandbox.py", line 401, in call
    return __context.call(__obj, *args, **kwargs)
           ^^^^^^^^^^^^^^^^^^^^^^^^^^^^^^^^^^^^^^
  File "C:\Users\savan\OneDrive\Desktop\zaalima-retail-forecasting\.venv\Lib\site-packages\jinja2\runtime.py", line 303, in call
    return __obj(*args, **kwargs)
           ^^^^^^^^^^^^^^^^^^^^^^
  File "C:\Users\savan\OneDrive\Desktop\zaalima-retail-forecasting\.venv\Lib\site-packages\dbt\clients\jinja.py", line 151, in __call__
    return self.call_macro(*args, **kwargs)
           ^^^^^^^^^^^^^^^^^^^^^^^^^^^^^^^^
  File "C:\Users\savan\OneDrive\Desktop\zaalima-retail-forecasting\.venv\Lib\site-packages\dbt_common\clients\jinja.py", line 395, in call_macro
    return macro(*args, **kwargs)
           ^^^^^^^^^^^^^^^^^^^^^^
  File "C:\Users\savan\OneDrive\Desktop\zaalima-retail-forecasting\.venv\Lib\site-packages\jinja2\runtime.py", line 770, in __call__
    return self._invoke(arguments, autoescape)
           ^^^^^^^^^^^^^^^^^^^^^^^^^^^^^^^^^^^
  File "C:\Users\savan\OneDrive\Desktop\zaalima-retail-forecasting\.venv\Lib\site-packages\jinja2\runtime.py", line 784, in _invoke
    rv = self._func(*arguments)
         ^^^^^^^^^^^^^^^^^^^^^^
  File "<template>", line 52, in macro
  File "C:\Users\savan\OneDrive\Desktop\zaalima-retail-forecasting\.venv\Lib\site-packages\jinja2\sandbox.py", line 401, in call
    return __context.call(__obj, *args, **kwargs)
           ^^^^^^^^^^^^^^^^^^^^^^^^^^^^^^^^^^^^^^
  File "C:\Users\savan\OneDrive\Desktop\zaalima-retail-forecasting\.venv\Lib\site-packages\jinja2\runtime.py", line 303, in call
    return __obj(*args, **kwargs)
           ^^^^^^^^^^^^^^^^^^^^^^
  File "C:\Users\savan\OneDrive\Desktop\zaalima-retail-forecasting\.venv\Lib\site-packages\dbt_common\record.py", line 538, in record_replay_wrapper
    return func_to_record(*call_args, **kwargs)
           ^^^^^^^^^^^^^^^^^^^^^^^^^^^^^^^^^^^^
  File "C:\Users\savan\OneDrive\Desktop\zaalima-retail-forecasting\.venv\Lib\site-packages\dbt\adapters\base\impl.py", line 523, in execute
    return self.connections.execute(sql=sql, auto_begin=auto_begin, fetch=fetch, limit=limit)
           ^^^^^^^^^^^^^^^^^^^^^^^^^^^^^^^^^^^^^^^^^^^^^^^^^^^^^^^^^^^^^^^^^^^^^^^^^^^^^^^^^^
  File "C:\Users\savan\OneDrive\Desktop\zaalima-retail-forecasting\.venv\Lib\site-packages\dbt\adapters\duckdb\connections.py", line 145, in execute
    return super().execute(sql, auto_begin, fetch, limit)
           ^^^^^^^^^^^^^^^^^^^^^^^^^^^^^^^^^^^^^^^^^^^^^^
  File "C:\Users\savan\OneDrive\Desktop\zaalima-retail-forecasting\.venv\Lib\site-packages\dbt\adapters\sql\connections.py", line 219, in execute
    _, cursor = self.add_query(sql, auto_begin)
                ^^^^^^^^^^^^^^^^^^^^^^^^^^^^^^^
  File "C:\Users\savan\OneDrive\Desktop\zaalima-retail-forecasting\.venv\Lib\site-packages\dbt\adapters\sql\connections.py", line 131, in add_query
    with self.exception_handler(sql):
         ^^^^^^^^^^^^^^^^^^^^^^^^^^^
  File "C:\Users\savan\AppData\Local\Programs\Python\Python312\Lib\contextlib.py", line 158, in __exit__
    self.gen.throw(value)
  File "C:\Users\savan\OneDrive\Desktop\zaalima-retail-forecasting\.venv\Lib\site-packages\dbt\adapters\duckdb\connections.py", line 117, in exception_handler
    self.rollback_if_open()
  File "C:\Users\savan\OneDrive\Desktop\zaalima-retail-forecasting\.venv\Lib\site-packages\dbt\adapters\base\connections.py", line 125, in rollback_if_open
    if conn is not None and conn.handle and conn.transaction_open:
                            ^^^^^^^^^^^
  File "C:\Users\savan\OneDrive\Desktop\zaalima-retail-forecasting\.venv\Lib\site-packages\dbt\adapters\contracts\connection.py", line 96, in handle
    self._handle.resolve(self)
  File "C:\Users\savan\OneDrive\Desktop\zaalima-retail-forecasting\.venv\Lib\site-packages\dbt\adapters\contracts\connection.py", line 120, in resolve
    return self.opener(connection)
           ^^^^^^^^^^^^^^^^^^^^^^^
  File "C:\Users\savan\OneDrive\Desktop\zaalima-retail-forecasting\.venv\Lib\site-packages\dbt\adapters\duckdb\connections.py", line 67, in open
    cls._ENV = environments.create(credentials)
               ^^^^^^^^^^^^^^^^^^^^^^^^^^^^^^^^
  File "C:\Users\savan\OneDrive\Desktop\zaalima-retail-forecasting\.venv\Lib\site-packages\dbt\adapters\duckdb\environments\__init__.py", line 317, in create
    return LocalEnvironment(creds)
           ^^^^^^^^^^^^^^^^^^^^^^^
  File "C:\Users\savan\OneDrive\Desktop\zaalima-retail-forecasting\.venv\Lib\site-packages\dbt\adapters\duckdb\environments\local.py", line 53, in __init__
    self._plugins = self.initialize_plugins(credentials)
                    ^^^^^^^^^^^^^^^^^^^^^^^^^^^^^^^^^^^^
  File "C:\Users\savan\OneDrive\Desktop\zaalima-retail-forecasting\.venv\Lib\site-packages\dbt\adapters\duckdb\environments\__init__.py", line 252, in initialize_plugins
    plugin = BasePlugin.create(
             ^^^^^^^^^^^^^^^^^^
  File "C:\Users\savan\OneDrive\Desktop\zaalima-retail-forecasting\.venv\Lib\site-packages\dbt\adapters\duckdb\plugins\__init__.py", line 63, in create
    raise ImportError(f"Unable to import module '{module}': {e}")
ImportError: Unable to import module 'dbt.adapters.duckdb.plugins.sqlite': No module named 'dbt.adapters.duckdb.plugins.sqlite'

During handling of the above exception, another exception occurred:

Traceback (most recent call last):
  File "C:\Users\savan\OneDrive\Desktop\zaalima-retail-forecasting\.venv\Lib\site-packages\dbt\adapters\duckdb\plugins\__init__.py", line 61, in create
    mod = importlib.import_module(module)
          ^^^^^^^^^^^^^^^^^^^^^^^^^^^^^^^
  File "C:\Users\savan\AppData\Local\Programs\Python\Python312\Lib\importlib\__init__.py", line 90, in import_module
    return _bootstrap._gcd_import(name[level:], package, level)
           ^^^^^^^^^^^^^^^^^^^^^^^^^^^^^^^^^^^^^^^^^^^^^^^^^^^^
  File "<frozen importlib._bootstrap>", line 1387, in _gcd_import
  File "<frozen importlib._bootstrap>", line 1360, in _find_and_load
  File "<frozen importlib._bootstrap>", line 1324, in _find_and_load_unlocked
ModuleNotFoundError: No module named 'dbt.adapters.duckdb.plugins.sqlite'

During handling of the above exception, another exception occurred:

Traceback (most recent call last):
  File "C:\Users\savan\OneDrive\Desktop\zaalima-retail-forecasting\.venv\Lib\site-packages\dbt\cli\requires.py", line 198, in wrapper
    result, success = func(*args, **kwargs)
                      ^^^^^^^^^^^^^^^^^^^^^
  File "C:\Users\savan\OneDrive\Desktop\zaalima-retail-forecasting\.venv\Lib\site-packages\dbt\cli\requires.py", line 144, in wrapper
    return func(*args, **kwargs)
           ^^^^^^^^^^^^^^^^^^^^^
  File "C:\Users\savan\OneDrive\Desktop\zaalima-retail-forecasting\.venv\Lib\site-packages\dbt\cli\requires.py", line 295, in wrapper
    return func(*args, **kwargs)
           ^^^^^^^^^^^^^^^^^^^^^
  File "C:\Users\savan\OneDrive\Desktop\zaalima-retail-forecasting\.venv\Lib\site-packages\dbt\cli\requires.py", line 340, in wrapper
    return func(*args, **kwargs)
           ^^^^^^^^^^^^^^^^^^^^^
  File "C:\Users\savan\OneDrive\Desktop\zaalima-retail-forecasting\.venv\Lib\site-packages\dbt\cli\requires.py", line 387, in wrapper
    return func(*args, **kwargs)
           ^^^^^^^^^^^^^^^^^^^^^
  File "C:\Users\savan\OneDrive\Desktop\zaalima-retail-forecasting\.venv\Lib\site-packages\dbt\cli\requires.py", line 404, in wrapper
    return func(*args, **kwargs)
           ^^^^^^^^^^^^^^^^^^^^^
  File "C:\Users\savan\OneDrive\Desktop\zaalima-retail-forecasting\.venv\Lib\site-packages\dbt\cli\main.py", line 609, in run
    results = task.run()
              ^^^^^^^^^^
  File "C:\Users\savan\OneDrive\Desktop\zaalima-retail-forecasting\.venv\Lib\site-packages\dbt\task\runnable.py", line 775, in run
    result = self.execute_with_hooks(selected_uids)
             ^^^^^^^^^^^^^^^^^^^^^^^^^^^^^^^^^^^^^^
  File "C:\Users\savan\OneDrive\Desktop\zaalima-retail-forecasting\.venv\Lib\site-packages\dbt\task\runnable.py", line 701, in execute_with_hooks
    before_run_status = self.before_run(adapter, selected_uids)
                        ^^^^^^^^^^^^^^^^^^^^^^^^^^^^^^^^^^^^^^^
  File "C:\Users\savan\OneDrive\Desktop\zaalima-retail-forecasting\.venv\Lib\site-packages\dbt\task\run.py", line 1313, in before_run
    self.create_schemas(adapter, required_schemas)
  File "C:\Users\savan\OneDrive\Desktop\zaalima-retail-forecasting\.venv\Lib\site-packages\dbt\task\runnable.py", line 883, in create_schemas
    existing_schemas_lowered.update(ls_future.result())
                                    ^^^^^^^^^^^^^^^^^^
  File "C:\Users\savan\AppData\Local\Programs\Python\Python312\Lib\concurrent\futures\_base.py", line 449, in result
    return self.__get_result()
           ^^^^^^^^^^^^^^^^^^^
  File "C:\Users\savan\AppData\Local\Programs\Python\Python312\Lib\concurrent\futures\_base.py", line 401, in __get_result
    raise self._exception
  File "C:\Users\savan\AppData\Local\Programs\Python\Python312\Lib\concurrent\futures\thread.py", line 59, in run
    result = self.fn(*self.args, **self.kwargs)
             ^^^^^^^^^^^^^^^^^^^^^^^^^^^^^^^^^^
  File "C:\Users\savan\OneDrive\Desktop\zaalima-retail-forecasting\.venv\Lib\site-packages\dbt_common\utils\executor.py", line 20, in connected
    return func(*args, **kwargs)
           ^^^^^^^^^^^^^^^^^^^^^
  File "C:\Users\savan\OneDrive\Desktop\zaalima-retail-forecasting\.venv\Lib\site-packages\dbt\task\runnable.py", line 858, in list_schemas
    for s in adapter.list_schemas(database_quoted)
             ^^^^^^^^^^^^^^^^^^^^^^^^^^^^^^^^^^^^^
  File "C:\Users\savan\OneDrive\Desktop\zaalima-retail-forecasting\.venv\Lib\site-packages\dbt\adapters\sql\impl.py", line 219, in list_schemas
    results = self.execute_macro(LIST_SCHEMAS_MACRO_NAME, kwargs={"database": database})
              ^^^^^^^^^^^^^^^^^^^^^^^^^^^^^^^^^^^^^^^^^^^^^^^^^^^^^^^^^^^^^^^^^^^^^^^^^^
  File "C:\Users\savan\OneDrive\Desktop\zaalima-retail-forecasting\.venv\Lib\site-packages\dbt\adapters\base\impl.py", line 1371, in execute_macro
    with self.connections.exception_handler(f"macro {macro_name}"):
         ^^^^^^^^^^^^^^^^^^^^^^^^^^^^^^^^^^^^^^^^^^^^^^^^^^^^^^^^^
  File "C:\Users\savan\AppData\Local\Programs\Python\Python312\Lib\contextlib.py", line 158, in __exit__
    self.gen.throw(value)
  File "C:\Users\savan\OneDrive\Desktop\zaalima-retail-forecasting\.venv\Lib\site-packages\dbt\adapters\duckdb\connections.py", line 117, in exception_handler
    self.rollback_if_open()
  File "C:\Users\savan\OneDrive\Desktop\zaalima-retail-forecasting\.venv\Lib\site-packages\dbt\adapters\base\connections.py", line 125, in rollback_if_open
    if conn is not None and conn.handle and conn.transaction_open:
                            ^^^^^^^^^^^
  File "C:\Users\savan\OneDrive\Desktop\zaalima-retail-forecasting\.venv\Lib\site-packages\dbt\adapters\contracts\connection.py", line 96, in handle
    self._handle.resolve(self)
  File "C:\Users\savan\OneDrive\Desktop\zaalima-retail-forecasting\.venv\Lib\site-packages\dbt\adapters\contracts\connection.py", line 120, in resolve
    return self.opener(connection)
           ^^^^^^^^^^^^^^^^^^^^^^^
  File "C:\Users\savan\OneDrive\Desktop\zaalima-retail-forecasting\.venv\Lib\site-packages\dbt\adapters\duckdb\connections.py", line 67, in open
    cls._ENV = environments.create(credentials)
               ^^^^^^^^^^^^^^^^^^^^^^^^^^^^^^^^
  File "C:\Users\savan\OneDrive\Desktop\zaalima-retail-forecasting\.venv\Lib\site-packages\dbt\adapters\duckdb\environments\__init__.py", line 317, in create
    return LocalEnvironment(creds)
           ^^^^^^^^^^^^^^^^^^^^^^^
  File "C:\Users\savan\OneDrive\Desktop\zaalima-retail-forecasting\.venv\Lib\site-packages\dbt\adapters\duckdb\environments\local.py", line 53, in __init__
    self._plugins = self.initialize_plugins(credentials)
                    ^^^^^^^^^^^^^^^^^^^^^^^^^^^^^^^^^^^^
  File "C:\Users\savan\OneDrive\Desktop\zaalima-retail-forecasting\.venv\Lib\site-packages\dbt\adapters\duckdb\environments\__init__.py", line 252, in initialize_plugins
    plugin = BasePlugin.create(
             ^^^^^^^^^^^^^^^^^^
  File "C:\Users\savan\OneDrive\Desktop\zaalima-retail-forecasting\.venv\Lib\site-packages\dbt\adapters\duckdb\plugins\__init__.py", line 63, in create
    raise ImportError(f"Unable to import module '{module}': {e}")
ImportError: Unable to import module 'dbt.adapters.duckdb.plugins.sqlite': No module named 'dbt.adapters.duckdb.plugins.sqlite'

[0m11:47:21.961264 [debug] [MainThread]: Command `dbt run` failed at 11:47:21.961264 after 1.63 seconds
[0m11:47:21.962271 [debug] [MainThread]: Sending event: {'category': 'dbt', 'action': 'invocation', 'label': 'end', 'context': [<snowplow_tracker.self_describing_json.SelfDescribingJson object at 0x0000018E1989A630>, <snowplow_tracker.self_describing_json.SelfDescribingJson object at 0x0000018E1DF10980>, <snowplow_tracker.self_describing_json.SelfDescribingJson object at 0x0000018E1E7EC410>]}
[0m11:47:21.962271 [debug] [MainThread]: Flushing usage events
[0m11:47:23.554237 [debug] [MainThread]: An error was encountered while trying to flush usage events
[0m11:48:27.108195 [debug] [MainThread]: Sending event: {'category': 'dbt', 'action': 'invocation', 'label': 'start', 'context': [<snowplow_tracker.self_describing_json.SelfDescribingJson object at 0x00000284EF3BA7E0>, <snowplow_tracker.self_describing_json.SelfDescribingJson object at 0x00000284F1AEB4A0>, <snowplow_tracker.self_describing_json.SelfDescribingJson object at 0x00000284F1225DC0>]}


============================== 11:48:27.111565 | 96a78fa7-83f6-4be6-a065-2f8b5204d3a0 ==============================
[0m11:48:27.111565 [info ] [MainThread]: Running with dbt=1.12.5
[0m11:48:27.112566 [debug] [MainThread]: running dbt with arguments {'version_check': 'True', 'no_print': 'None', 'maximum_seed_size_mib': '1', 'target_path': 'None', 'warn_error_options': 'WarnErrorOptionsV2(error=[], warn=[], silence=[])', 'static_parser': 'True', 'printer_width': '80', 'write_json': 'True', 'introspect': 'True', 'log_cache_events': 'False', 'empty': 'False', 'cache_selected_only': 'False', 'log_format': 'default', 'debug': 'False', 'fail_fast': 'False', 'profiles_dir': '.', 'send_anonymous_usage_stats': 'True', 'quiet': 'False', 'warn_error': 'None', 'partial_parse': 'True', 'indirect_selection': 'eager', 'hints_enabled': 'True', 'invocation_command': 'dbt run --profiles-dir . --target dev', 'use_experimental_parser': 'False', 'use_colors': 'True', 'log_path': 'C:\\Users\\savan\\OneDrive\\Desktop\\zaalima-retail-forecasting\\src_dbt\\logs'}
[0m11:48:27.306572 [debug] [MainThread]: Sending event: {'category': 'dbt', 'action': 'project_id', 'label': '96a78fa7-83f6-4be6-a065-2f8b5204d3a0', 'context': [<snowplow_tracker.self_describing_json.SelfDescribingJson object at 0x00000284F3BE68D0>]}
[0m11:48:27.359340 [debug] [MainThread]: Sending event: {'category': 'dbt', 'action': 'adapter_info', 'label': '96a78fa7-83f6-4be6-a065-2f8b5204d3a0', 'context': [<snowplow_tracker.self_describing_json.SelfDescribingJson object at 0x00000284F3B11F40>]}
[0m11:48:27.362997 [info ] [MainThread]: Registered adapter: duckdb=1.11.0
[0m11:48:27.518131 [debug] [MainThread]: checksum: 1980649397f6b8736aca8e931a8f72645248b7a7ffe56753d37211119dd28880, vars: {}, profile: zaalima_retail, target: dev, version: 1.12.5
[0m11:48:27.616692 [debug] [MainThread]: Partial parsing enabled: 0 files deleted, 0 files added, 0 files changed.
[0m11:48:27.616692 [debug] [MainThread]: Nothing changed, skipping partial parsing.
[0m11:48:27.617693 [debug] [MainThread]: Partial parsing enabled, no changes found, skipping parsing
[0m11:48:27.622363 [warn ] [MainThread]: [[33mWARNING[0m]: Configuration paths exist in your dbt_project.yml file which do not apply to any resources.
There are 1 unused configuration paths:
- models.zaalima_retail_forecasting.marts
[0m11:48:27.624360 [debug] [MainThread]: Sending event: {'category': 'dbt', 'action': 'load_project', 'label': '96a78fa7-83f6-4be6-a065-2f8b5204d3a0', 'context': [<snowplow_tracker.self_describing_json.SelfDescribingJson object at 0x00000284EF592EA0>]}
[0m11:48:27.747638 [debug] [MainThread]: Wrote artifact WritableManifest to C:\Users\savan\OneDrive\Desktop\zaalima-retail-forecasting\src_dbt\target\manifest.json
[0m11:48:27.749659 [debug] [MainThread]: Wrote artifact SemanticManifest to C:\Users\savan\OneDrive\Desktop\zaalima-retail-forecasting\src_dbt\target\semantic_manifest.json
[0m11:48:27.772500 [debug] [MainThread]: Wrote artifact OsiDocument to C:\Users\savan\OneDrive\Desktop\zaalima-retail-forecasting\src_dbt\target\osi_document.json
[0m11:48:27.782365 [debug] [MainThread]: Sending event: {'category': 'dbt', 'action': 'resource_counts', 'label': '96a78fa7-83f6-4be6-a065-2f8b5204d3a0', 'context': [<snowplow_tracker.self_describing_json.SelfDescribingJson object at 0x00000284F406ACF0>]}
[0m11:48:27.782365 [info ] [MainThread]: Found 1 model, 500 macros
[0m11:48:27.783362 [debug] [MainThread]: Sending event: {'category': 'dbt', 'action': 'runnable_timing', 'label': '96a78fa7-83f6-4be6-a065-2f8b5204d3a0', 'context': [<snowplow_tracker.self_describing_json.SelfDescribingJson object at 0x00000284F3DDEC90>]}
[0m11:48:27.784364 [info ] [MainThread]: 
[0m11:48:27.784364 [info ] [MainThread]: Concurrency: 4 threads (target='dev')
[0m11:48:27.784364 [info ] [MainThread]: 
[0m11:48:27.785869 [debug] [MainThread]: Acquiring new duckdb connection 'master'
[0m11:48:27.786896 [debug] [ThreadPool]: Acquiring new duckdb connection 'list_zaalima_warehouse'
[0m11:48:27.838220 [debug] [ThreadPool]: Using duckdb connection "list_zaalima_warehouse"
[0m11:48:27.839307 [debug] [ThreadPool]: On list_zaalima_warehouse: /* {"app": "dbt", "dbt_version": "1.12.5", "profile_name": "zaalima_retail", "target_name": "dev", "connection_name": "list_zaalima_warehouse"} */

    
    select schema_name
    from system.information_schema.schemata
    
    where lower(catalog_name) = '"zaalima_warehouse"'
    
  
  
[0m11:48:27.839307 [debug] [ThreadPool]: Opening a new connection, currently in state init
[0m11:48:27.841072 [debug] [ThreadPool]: DuckDB adapter: duckdb error: Unable to import module 'dbt.adapters.duckdb.plugins.sqlite': No module named 'dbt.adapters.duckdb.plugins.sqlite'
[0m11:48:27.841072 [debug] [ThreadPool]: DuckDB adapter: Error running SQL: /* {"app": "dbt", "dbt_version": "1.12.5", "profile_name": "zaalima_retail", "target_name": "dev", "connection_name": "list_zaalima_warehouse"} */

    
    select schema_name
    from system.information_schema.schemata
    
    where lower(catalog_name) = '"zaalima_warehouse"'
    
  
  
[0m11:48:27.841072 [debug] [ThreadPool]: DuckDB adapter: Rolling back transaction.
[0m11:48:27.842077 [debug] [ThreadPool]: Opening a new connection, currently in state init
[0m11:48:27.842077 [debug] [ThreadPool]: DuckDB adapter: duckdb error: Unable to import module 'dbt.adapters.duckdb.plugins.sqlite': No module named 'dbt.adapters.duckdb.plugins.sqlite'
[0m11:48:27.842077 [debug] [ThreadPool]: DuckDB adapter: Error running SQL: macro list_schemas
[0m11:48:27.842077 [debug] [ThreadPool]: DuckDB adapter: Rolling back transaction.
[0m11:48:27.843078 [debug] [ThreadPool]: Opening a new connection, currently in state init
[0m11:48:27.843078 [debug] [MainThread]: Connection 'master' was properly closed.
[0m11:48:27.844084 [debug] [MainThread]: Connection 'list_zaalima_warehouse' was properly closed.
[0m11:48:27.844084 [info ] [MainThread]: 
[0m11:48:27.844084 [info ] [MainThread]: Finished running  in 0 hours 0 minutes and 0.06 seconds (0.06s).
[0m11:48:27.845088 [error] [MainThread]: [[31mERROR[0m]: Encountered an error:
Unable to import module 'dbt.adapters.duckdb.plugins.sqlite': No module named 'dbt.adapters.duckdb.plugins.sqlite'
[0m11:48:27.852365 [error] [MainThread]: Traceback (most recent call last):
  File "C:\Users\savan\OneDrive\Desktop\zaalima-retail-forecasting\.venv\Lib\site-packages\dbt\adapters\duckdb\plugins\__init__.py", line 61, in create
    mod = importlib.import_module(module)
          ^^^^^^^^^^^^^^^^^^^^^^^^^^^^^^^
  File "C:\Users\savan\AppData\Local\Programs\Python\Python312\Lib\importlib\__init__.py", line 90, in import_module
    return _bootstrap._gcd_import(name[level:], package, level)
           ^^^^^^^^^^^^^^^^^^^^^^^^^^^^^^^^^^^^^^^^^^^^^^^^^^^^
  File "<frozen importlib._bootstrap>", line 1387, in _gcd_import
  File "<frozen importlib._bootstrap>", line 1360, in _find_and_load
  File "<frozen importlib._bootstrap>", line 1324, in _find_and_load_unlocked
ModuleNotFoundError: No module named 'dbt.adapters.duckdb.plugins.sqlite'

During handling of the above exception, another exception occurred:

Traceback (most recent call last):
  File "C:\Users\savan\OneDrive\Desktop\zaalima-retail-forecasting\.venv\Lib\site-packages\dbt\adapters\duckdb\connections.py", line 110, in exception_handler
    yield
  File "C:\Users\savan\OneDrive\Desktop\zaalima-retail-forecasting\.venv\Lib\site-packages\dbt\adapters\sql\connections.py", line 147, in add_query
    cursor = connection.handle.cursor()
             ^^^^^^^^^^^^^^^^^
  File "C:\Users\savan\OneDrive\Desktop\zaalima-retail-forecasting\.venv\Lib\site-packages\dbt\adapters\contracts\connection.py", line 96, in handle
    self._handle.resolve(self)
  File "C:\Users\savan\OneDrive\Desktop\zaalima-retail-forecasting\.venv\Lib\site-packages\dbt\adapters\contracts\connection.py", line 120, in resolve
    return self.opener(connection)
           ^^^^^^^^^^^^^^^^^^^^^^^
  File "C:\Users\savan\OneDrive\Desktop\zaalima-retail-forecasting\.venv\Lib\site-packages\dbt\adapters\duckdb\connections.py", line 67, in open
    cls._ENV = environments.create(credentials)
               ^^^^^^^^^^^^^^^^^^^^^^^^^^^^^^^^
  File "C:\Users\savan\OneDrive\Desktop\zaalima-retail-forecasting\.venv\Lib\site-packages\dbt\adapters\duckdb\environments\__init__.py", line 317, in create
    return LocalEnvironment(creds)
           ^^^^^^^^^^^^^^^^^^^^^^^
  File "C:\Users\savan\OneDrive\Desktop\zaalima-retail-forecasting\.venv\Lib\site-packages\dbt\adapters\duckdb\environments\local.py", line 53, in __init__
    self._plugins = self.initialize_plugins(credentials)
                    ^^^^^^^^^^^^^^^^^^^^^^^^^^^^^^^^^^^^
  File "C:\Users\savan\OneDrive\Desktop\zaalima-retail-forecasting\.venv\Lib\site-packages\dbt\adapters\duckdb\environments\__init__.py", line 252, in initialize_plugins
    plugin = BasePlugin.create(
             ^^^^^^^^^^^^^^^^^^
  File "C:\Users\savan\OneDrive\Desktop\zaalima-retail-forecasting\.venv\Lib\site-packages\dbt\adapters\duckdb\plugins\__init__.py", line 63, in create
    raise ImportError(f"Unable to import module '{module}': {e}")
ImportError: Unable to import module 'dbt.adapters.duckdb.plugins.sqlite': No module named 'dbt.adapters.duckdb.plugins.sqlite'

During handling of the above exception, another exception occurred:

Traceback (most recent call last):
  File "C:\Users\savan\OneDrive\Desktop\zaalima-retail-forecasting\.venv\Lib\site-packages\dbt\adapters\duckdb\plugins\__init__.py", line 61, in create
    mod = importlib.import_module(module)
          ^^^^^^^^^^^^^^^^^^^^^^^^^^^^^^^
  File "C:\Users\savan\AppData\Local\Programs\Python\Python312\Lib\importlib\__init__.py", line 90, in import_module
    return _bootstrap._gcd_import(name[level:], package, level)
           ^^^^^^^^^^^^^^^^^^^^^^^^^^^^^^^^^^^^^^^^^^^^^^^^^^^^
  File "<frozen importlib._bootstrap>", line 1387, in _gcd_import
  File "<frozen importlib._bootstrap>", line 1360, in _find_and_load
  File "<frozen importlib._bootstrap>", line 1324, in _find_and_load_unlocked
ModuleNotFoundError: No module named 'dbt.adapters.duckdb.plugins.sqlite'

During handling of the above exception, another exception occurred:

Traceback (most recent call last):
  File "C:\Users\savan\OneDrive\Desktop\zaalima-retail-forecasting\.venv\Lib\site-packages\dbt\adapters\duckdb\connections.py", line 110, in exception_handler
    yield
  File "C:\Users\savan\OneDrive\Desktop\zaalima-retail-forecasting\.venv\Lib\site-packages\dbt\adapters\base\impl.py", line 1372, in execute_macro
    result = macro_function(**kwargs)
             ^^^^^^^^^^^^^^^^^^^^^^^^
  File "C:\Users\savan\OneDrive\Desktop\zaalima-retail-forecasting\.venv\Lib\site-packages\dbt_common\clients\jinja.py", line 427, in __call__
    return self.call_macro(*args, **kwargs)
           ^^^^^^^^^^^^^^^^^^^^^^^^^^^^^^^^
  File "C:\Users\savan\OneDrive\Desktop\zaalima-retail-forecasting\.venv\Lib\site-packages\dbt_common\clients\jinja.py", line 395, in call_macro
    return macro(*args, **kwargs)
           ^^^^^^^^^^^^^^^^^^^^^^
  File "C:\Users\savan\OneDrive\Desktop\zaalima-retail-forecasting\.venv\Lib\site-packages\jinja2\runtime.py", line 770, in __call__
    return self._invoke(arguments, autoescape)
           ^^^^^^^^^^^^^^^^^^^^^^^^^^^^^^^^^^^
  File "C:\Users\savan\OneDrive\Desktop\zaalima-retail-forecasting\.venv\Lib\site-packages\jinja2\runtime.py", line 784, in _invoke
    rv = self._func(*arguments)
         ^^^^^^^^^^^^^^^^^^^^^^
  File "<template>", line 20, in macro
  File "C:\Users\savan\OneDrive\Desktop\zaalima-retail-forecasting\.venv\Lib\site-packages\jinja2\sandbox.py", line 401, in call
    return __context.call(__obj, *args, **kwargs)
           ^^^^^^^^^^^^^^^^^^^^^^^^^^^^^^^^^^^^^^
  File "C:\Users\savan\OneDrive\Desktop\zaalima-retail-forecasting\.venv\Lib\site-packages\jinja2\runtime.py", line 303, in call
    return __obj(*args, **kwargs)
           ^^^^^^^^^^^^^^^^^^^^^^
  File "C:\Users\savan\OneDrive\Desktop\zaalima-retail-forecasting\.venv\Lib\site-packages\dbt\clients\jinja.py", line 151, in __call__
    return self.call_macro(*args, **kwargs)
           ^^^^^^^^^^^^^^^^^^^^^^^^^^^^^^^^
  File "C:\Users\savan\OneDrive\Desktop\zaalima-retail-forecasting\.venv\Lib\site-packages\dbt_common\clients\jinja.py", line 395, in call_macro
    return macro(*args, **kwargs)
           ^^^^^^^^^^^^^^^^^^^^^^
  File "C:\Users\savan\OneDrive\Desktop\zaalima-retail-forecasting\.venv\Lib\site-packages\jinja2\runtime.py", line 770, in __call__
    return self._invoke(arguments, autoescape)
           ^^^^^^^^^^^^^^^^^^^^^^^^^^^^^^^^^^^
  File "C:\Users\savan\OneDrive\Desktop\zaalima-retail-forecasting\.venv\Lib\site-packages\jinja2\runtime.py", line 784, in _invoke
    rv = self._func(*arguments)
         ^^^^^^^^^^^^^^^^^^^^^^
  File "<template>", line 50, in macro
  File "C:\Users\savan\OneDrive\Desktop\zaalima-retail-forecasting\.venv\Lib\site-packages\jinja2\sandbox.py", line 401, in call
    return __context.call(__obj, *args, **kwargs)
           ^^^^^^^^^^^^^^^^^^^^^^^^^^^^^^^^^^^^^^
  File "C:\Users\savan\OneDrive\Desktop\zaalima-retail-forecasting\.venv\Lib\site-packages\jinja2\runtime.py", line 303, in call
    return __obj(*args, **kwargs)
           ^^^^^^^^^^^^^^^^^^^^^^
  File "C:\Users\savan\OneDrive\Desktop\zaalima-retail-forecasting\.venv\Lib\site-packages\dbt\clients\jinja.py", line 151, in __call__
    return self.call_macro(*args, **kwargs)
           ^^^^^^^^^^^^^^^^^^^^^^^^^^^^^^^^
  File "C:\Users\savan\OneDrive\Desktop\zaalima-retail-forecasting\.venv\Lib\site-packages\dbt_common\clients\jinja.py", line 395, in call_macro
    return macro(*args, **kwargs)
           ^^^^^^^^^^^^^^^^^^^^^^
  File "C:\Users\savan\OneDrive\Desktop\zaalima-retail-forecasting\.venv\Lib\site-packages\jinja2\runtime.py", line 770, in __call__
    return self._invoke(arguments, autoescape)
           ^^^^^^^^^^^^^^^^^^^^^^^^^^^^^^^^^^^
  File "C:\Users\savan\OneDrive\Desktop\zaalima-retail-forecasting\.venv\Lib\site-packages\jinja2\runtime.py", line 784, in _invoke
    rv = self._func(*arguments)
         ^^^^^^^^^^^^^^^^^^^^^^
  File "<template>", line 33, in macro
  File "C:\Users\savan\OneDrive\Desktop\zaalima-retail-forecasting\.venv\Lib\site-packages\jinja2\sandbox.py", line 401, in call
    return __context.call(__obj, *args, **kwargs)
           ^^^^^^^^^^^^^^^^^^^^^^^^^^^^^^^^^^^^^^
  File "C:\Users\savan\OneDrive\Desktop\zaalima-retail-forecasting\.venv\Lib\site-packages\jinja2\runtime.py", line 303, in call
    return __obj(*args, **kwargs)
           ^^^^^^^^^^^^^^^^^^^^^^
  File "C:\Users\savan\OneDrive\Desktop\zaalima-retail-forecasting\.venv\Lib\site-packages\dbt\clients\jinja.py", line 151, in __call__
    return self.call_macro(*args, **kwargs)
           ^^^^^^^^^^^^^^^^^^^^^^^^^^^^^^^^
  File "C:\Users\savan\OneDrive\Desktop\zaalima-retail-forecasting\.venv\Lib\site-packages\dbt_common\clients\jinja.py", line 395, in call_macro
    return macro(*args, **kwargs)
           ^^^^^^^^^^^^^^^^^^^^^^
  File "C:\Users\savan\OneDrive\Desktop\zaalima-retail-forecasting\.venv\Lib\site-packages\jinja2\runtime.py", line 770, in __call__
    return self._invoke(arguments, autoescape)
           ^^^^^^^^^^^^^^^^^^^^^^^^^^^^^^^^^^^
  File "C:\Users\savan\OneDrive\Desktop\zaalima-retail-forecasting\.venv\Lib\site-packages\jinja2\runtime.py", line 784, in _invoke
    rv = self._func(*arguments)
         ^^^^^^^^^^^^^^^^^^^^^^
  File "<template>", line 52, in macro
  File "C:\Users\savan\OneDrive\Desktop\zaalima-retail-forecasting\.venv\Lib\site-packages\jinja2\sandbox.py", line 401, in call
    return __context.call(__obj, *args, **kwargs)
           ^^^^^^^^^^^^^^^^^^^^^^^^^^^^^^^^^^^^^^
  File "C:\Users\savan\OneDrive\Desktop\zaalima-retail-forecasting\.venv\Lib\site-packages\jinja2\runtime.py", line 303, in call
    return __obj(*args, **kwargs)
           ^^^^^^^^^^^^^^^^^^^^^^
  File "C:\Users\savan\OneDrive\Desktop\zaalima-retail-forecasting\.venv\Lib\site-packages\dbt_common\record.py", line 538, in record_replay_wrapper
    return func_to_record(*call_args, **kwargs)
           ^^^^^^^^^^^^^^^^^^^^^^^^^^^^^^^^^^^^
  File "C:\Users\savan\OneDrive\Desktop\zaalima-retail-forecasting\.venv\Lib\site-packages\dbt\adapters\base\impl.py", line 523, in execute
    return self.connections.execute(sql=sql, auto_begin=auto_begin, fetch=fetch, limit=limit)
           ^^^^^^^^^^^^^^^^^^^^^^^^^^^^^^^^^^^^^^^^^^^^^^^^^^^^^^^^^^^^^^^^^^^^^^^^^^^^^^^^^^
  File "C:\Users\savan\OneDrive\Desktop\zaalima-retail-forecasting\.venv\Lib\site-packages\dbt\adapters\duckdb\connections.py", line 145, in execute
    return super().execute(sql, auto_begin, fetch, limit)
           ^^^^^^^^^^^^^^^^^^^^^^^^^^^^^^^^^^^^^^^^^^^^^^
  File "C:\Users\savan\OneDrive\Desktop\zaalima-retail-forecasting\.venv\Lib\site-packages\dbt\adapters\sql\connections.py", line 219, in execute
    _, cursor = self.add_query(sql, auto_begin)
                ^^^^^^^^^^^^^^^^^^^^^^^^^^^^^^^
  File "C:\Users\savan\OneDrive\Desktop\zaalima-retail-forecasting\.venv\Lib\site-packages\dbt\adapters\sql\connections.py", line 131, in add_query
    with self.exception_handler(sql):
         ^^^^^^^^^^^^^^^^^^^^^^^^^^^
  File "C:\Users\savan\AppData\Local\Programs\Python\Python312\Lib\contextlib.py", line 158, in __exit__
    self.gen.throw(value)
  File "C:\Users\savan\OneDrive\Desktop\zaalima-retail-forecasting\.venv\Lib\site-packages\dbt\adapters\duckdb\connections.py", line 117, in exception_handler
    self.rollback_if_open()
  File "C:\Users\savan\OneDrive\Desktop\zaalima-retail-forecasting\.venv\Lib\site-packages\dbt\adapters\base\connections.py", line 125, in rollback_if_open
    if conn is not None and conn.handle and conn.transaction_open:
                            ^^^^^^^^^^^
  File "C:\Users\savan\OneDrive\Desktop\zaalima-retail-forecasting\.venv\Lib\site-packages\dbt\adapters\contracts\connection.py", line 96, in handle
    self._handle.resolve(self)
  File "C:\Users\savan\OneDrive\Desktop\zaalima-retail-forecasting\.venv\Lib\site-packages\dbt\adapters\contracts\connection.py", line 120, in resolve
    return self.opener(connection)
           ^^^^^^^^^^^^^^^^^^^^^^^
  File "C:\Users\savan\OneDrive\Desktop\zaalima-retail-forecasting\.venv\Lib\site-packages\dbt\adapters\duckdb\connections.py", line 67, in open
    cls._ENV = environments.create(credentials)
               ^^^^^^^^^^^^^^^^^^^^^^^^^^^^^^^^
  File "C:\Users\savan\OneDrive\Desktop\zaalima-retail-forecasting\.venv\Lib\site-packages\dbt\adapters\duckdb\environments\__init__.py", line 317, in create
    return LocalEnvironment(creds)
           ^^^^^^^^^^^^^^^^^^^^^^^
  File "C:\Users\savan\OneDrive\Desktop\zaalima-retail-forecasting\.venv\Lib\site-packages\dbt\adapters\duckdb\environments\local.py", line 53, in __init__
    self._plugins = self.initialize_plugins(credentials)
                    ^^^^^^^^^^^^^^^^^^^^^^^^^^^^^^^^^^^^
  File "C:\Users\savan\OneDrive\Desktop\zaalima-retail-forecasting\.venv\Lib\site-packages\dbt\adapters\duckdb\environments\__init__.py", line 252, in initialize_plugins
    plugin = BasePlugin.create(
             ^^^^^^^^^^^^^^^^^^
  File "C:\Users\savan\OneDrive\Desktop\zaalima-retail-forecasting\.venv\Lib\site-packages\dbt\adapters\duckdb\plugins\__init__.py", line 63, in create
    raise ImportError(f"Unable to import module '{module}': {e}")
ImportError: Unable to import module 'dbt.adapters.duckdb.plugins.sqlite': No module named 'dbt.adapters.duckdb.plugins.sqlite'

During handling of the above exception, another exception occurred:

Traceback (most recent call last):
  File "C:\Users\savan\OneDrive\Desktop\zaalima-retail-forecasting\.venv\Lib\site-packages\dbt\adapters\duckdb\plugins\__init__.py", line 61, in create
    mod = importlib.import_module(module)
          ^^^^^^^^^^^^^^^^^^^^^^^^^^^^^^^
  File "C:\Users\savan\AppData\Local\Programs\Python\Python312\Lib\importlib\__init__.py", line 90, in import_module
    return _bootstrap._gcd_import(name[level:], package, level)
           ^^^^^^^^^^^^^^^^^^^^^^^^^^^^^^^^^^^^^^^^^^^^^^^^^^^^
  File "<frozen importlib._bootstrap>", line 1387, in _gcd_import
  File "<frozen importlib._bootstrap>", line 1360, in _find_and_load
  File "<frozen importlib._bootstrap>", line 1324, in _find_and_load_unlocked
ModuleNotFoundError: No module named 'dbt.adapters.duckdb.plugins.sqlite'

During handling of the above exception, another exception occurred:

Traceback (most recent call last):
  File "C:\Users\savan\OneDrive\Desktop\zaalima-retail-forecasting\.venv\Lib\site-packages\dbt\cli\requires.py", line 198, in wrapper
    result, success = func(*args, **kwargs)
                      ^^^^^^^^^^^^^^^^^^^^^
  File "C:\Users\savan\OneDrive\Desktop\zaalima-retail-forecasting\.venv\Lib\site-packages\dbt\cli\requires.py", line 144, in wrapper
    return func(*args, **kwargs)
           ^^^^^^^^^^^^^^^^^^^^^
  File "C:\Users\savan\OneDrive\Desktop\zaalima-retail-forecasting\.venv\Lib\site-packages\dbt\cli\requires.py", line 295, in wrapper
    return func(*args, **kwargs)
           ^^^^^^^^^^^^^^^^^^^^^
  File "C:\Users\savan\OneDrive\Desktop\zaalima-retail-forecasting\.venv\Lib\site-packages\dbt\cli\requires.py", line 340, in wrapper
    return func(*args, **kwargs)
           ^^^^^^^^^^^^^^^^^^^^^
  File "C:\Users\savan\OneDrive\Desktop\zaalima-retail-forecasting\.venv\Lib\site-packages\dbt\cli\requires.py", line 387, in wrapper
    return func(*args, **kwargs)
           ^^^^^^^^^^^^^^^^^^^^^
  File "C:\Users\savan\OneDrive\Desktop\zaalima-retail-forecasting\.venv\Lib\site-packages\dbt\cli\requires.py", line 404, in wrapper
    return func(*args, **kwargs)
           ^^^^^^^^^^^^^^^^^^^^^
  File "C:\Users\savan\OneDrive\Desktop\zaalima-retail-forecasting\.venv\Lib\site-packages\dbt\cli\main.py", line 609, in run
    results = task.run()
              ^^^^^^^^^^
  File "C:\Users\savan\OneDrive\Desktop\zaalima-retail-forecasting\.venv\Lib\site-packages\dbt\task\runnable.py", line 775, in run
    result = self.execute_with_hooks(selected_uids)
             ^^^^^^^^^^^^^^^^^^^^^^^^^^^^^^^^^^^^^^
  File "C:\Users\savan\OneDrive\Desktop\zaalima-retail-forecasting\.venv\Lib\site-packages\dbt\task\runnable.py", line 701, in execute_with_hooks
    before_run_status = self.before_run(adapter, selected_uids)
                        ^^^^^^^^^^^^^^^^^^^^^^^^^^^^^^^^^^^^^^^
  File "C:\Users\savan\OneDrive\Desktop\zaalima-retail-forecasting\.venv\Lib\site-packages\dbt\task\run.py", line 1313, in before_run
    self.create_schemas(adapter, required_schemas)
  File "C:\Users\savan\OneDrive\Desktop\zaalima-retail-forecasting\.venv\Lib\site-packages\dbt\task\runnable.py", line 883, in create_schemas
    existing_schemas_lowered.update(ls_future.result())
                                    ^^^^^^^^^^^^^^^^^^
  File "C:\Users\savan\AppData\Local\Programs\Python\Python312\Lib\concurrent\futures\_base.py", line 449, in result
    return self.__get_result()
           ^^^^^^^^^^^^^^^^^^^
  File "C:\Users\savan\AppData\Local\Programs\Python\Python312\Lib\concurrent\futures\_base.py", line 401, in __get_result
    raise self._exception
  File "C:\Users\savan\AppData\Local\Programs\Python\Python312\Lib\concurrent\futures\thread.py", line 59, in run
    result = self.fn(*self.args, **self.kwargs)
             ^^^^^^^^^^^^^^^^^^^^^^^^^^^^^^^^^^
  File "C:\Users\savan\OneDrive\Desktop\zaalima-retail-forecasting\.venv\Lib\site-packages\dbt_common\utils\executor.py", line 20, in connected
    return func(*args, **kwargs)
           ^^^^^^^^^^^^^^^^^^^^^
  File "C:\Users\savan\OneDrive\Desktop\zaalima-retail-forecasting\.venv\Lib\site-packages\dbt\task\runnable.py", line 858, in list_schemas
    for s in adapter.list_schemas(database_quoted)
             ^^^^^^^^^^^^^^^^^^^^^^^^^^^^^^^^^^^^^
  File "C:\Users\savan\OneDrive\Desktop\zaalima-retail-forecasting\.venv\Lib\site-packages\dbt\adapters\sql\impl.py", line 219, in list_schemas
    results = self.execute_macro(LIST_SCHEMAS_MACRO_NAME, kwargs={"database": database})
              ^^^^^^^^^^^^^^^^^^^^^^^^^^^^^^^^^^^^^^^^^^^^^^^^^^^^^^^^^^^^^^^^^^^^^^^^^^
  File "C:\Users\savan\OneDrive\Desktop\zaalima-retail-forecasting\.venv\Lib\site-packages\dbt\adapters\base\impl.py", line 1371, in execute_macro
    with self.connections.exception_handler(f"macro {macro_name}"):
         ^^^^^^^^^^^^^^^^^^^^^^^^^^^^^^^^^^^^^^^^^^^^^^^^^^^^^^^^^
  File "C:\Users\savan\AppData\Local\Programs\Python\Python312\Lib\contextlib.py", line 158, in __exit__
    self.gen.throw(value)
  File "C:\Users\savan\OneDrive\Desktop\zaalima-retail-forecasting\.venv\Lib\site-packages\dbt\adapters\duckdb\connections.py", line 117, in exception_handler
    self.rollback_if_open()
  File "C:\Users\savan\OneDrive\Desktop\zaalima-retail-forecasting\.venv\Lib\site-packages\dbt\adapters\base\connections.py", line 125, in rollback_if_open
    if conn is not None and conn.handle and conn.transaction_open:
                            ^^^^^^^^^^^
  File "C:\Users\savan\OneDrive\Desktop\zaalima-retail-forecasting\.venv\Lib\site-packages\dbt\adapters\contracts\connection.py", line 96, in handle
    self._handle.resolve(self)
  File "C:\Users\savan\OneDrive\Desktop\zaalima-retail-forecasting\.venv\Lib\site-packages\dbt\adapters\contracts\connection.py", line 120, in resolve
    return self.opener(connection)
           ^^^^^^^^^^^^^^^^^^^^^^^
  File "C:\Users\savan\OneDrive\Desktop\zaalima-retail-forecasting\.venv\Lib\site-packages\dbt\adapters\duckdb\connections.py", line 67, in open
    cls._ENV = environments.create(credentials)
               ^^^^^^^^^^^^^^^^^^^^^^^^^^^^^^^^
  File "C:\Users\savan\OneDrive\Desktop\zaalima-retail-forecasting\.venv\Lib\site-packages\dbt\adapters\duckdb\environments\__init__.py", line 317, in create
    return LocalEnvironment(creds)
           ^^^^^^^^^^^^^^^^^^^^^^^
  File "C:\Users\savan\OneDrive\Desktop\zaalima-retail-forecasting\.venv\Lib\site-packages\dbt\adapters\duckdb\environments\local.py", line 53, in __init__
    self._plugins = self.initialize_plugins(credentials)
                    ^^^^^^^^^^^^^^^^^^^^^^^^^^^^^^^^^^^^
  File "C:\Users\savan\OneDrive\Desktop\zaalima-retail-forecasting\.venv\Lib\site-packages\dbt\adapters\duckdb\environments\__init__.py", line 252, in initialize_plugins
    plugin = BasePlugin.create(
             ^^^^^^^^^^^^^^^^^^
  File "C:\Users\savan\OneDrive\Desktop\zaalima-retail-forecasting\.venv\Lib\site-packages\dbt\adapters\duckdb\plugins\__init__.py", line 63, in create
    raise ImportError(f"Unable to import module '{module}': {e}")
ImportError: Unable to import module 'dbt.adapters.duckdb.plugins.sqlite': No module named 'dbt.adapters.duckdb.plugins.sqlite'

[0m11:48:27.853343 [debug] [MainThread]: Command `dbt run` failed at 11:48:27.853343 after 0.87 seconds
[0m11:48:27.854362 [debug] [MainThread]: Sending event: {'category': 'dbt', 'action': 'invocation', 'label': 'end', 'context': [<snowplow_tracker.self_describing_json.SelfDescribingJson object at 0x00000284F3A23830>, <snowplow_tracker.self_describing_json.SelfDescribingJson object at 0x00000284F3DDC3B0>, <snowplow_tracker.self_describing_json.SelfDescribingJson object at 0x00000284F3BBFCB0>]}
[0m11:48:27.854362 [debug] [MainThread]: Flushing usage events
[0m11:48:29.376120 [debug] [MainThread]: An error was encountered while trying to flush usage events
[0m11:49:49.262185 [debug] [MainThread]: Sending event: {'category': 'dbt', 'action': 'invocation', 'label': 'start', 'context': [<snowplow_tracker.self_describing_json.SelfDescribingJson object at 0x0000025E568EA660>, <snowplow_tracker.self_describing_json.SelfDescribingJson object at 0x0000025E5AF843E0>, <snowplow_tracker.self_describing_json.SelfDescribingJson object at 0x0000025E5AF85DF0>]}


============================== 11:49:49.266189 | 7391d3b7-6142-450c-9d39-40465c7fab3a ==============================
[0m11:49:49.266189 [info ] [MainThread]: Running with dbt=1.12.5
[0m11:49:49.267187 [debug] [MainThread]: running dbt with arguments {'version_check': 'True', 'no_print': 'None', 'static_parser': 'True', 'warn_error_options': 'WarnErrorOptionsV2(error=[], warn=[], silence=[])', 'target_path': 'None', 'maximum_seed_size_mib': '1', 'printer_width': '80', 'write_json': 'True', 'empty': 'False', 'log_cache_events': 'False', 'introspect': 'True', 'cache_selected_only': 'False', 'log_format': 'default', 'debug': 'False', 'fail_fast': 'False', 'profiles_dir': '.', 'send_anonymous_usage_stats': 'True', 'quiet': 'False', 'warn_error': 'None', 'partial_parse': 'True', 'use_colors': 'True', 'hints_enabled': 'True', 'indirect_selection': 'eager', 'use_experimental_parser': 'False', 'invocation_command': 'dbt run --profiles-dir . --target dev', 'log_path': 'C:\\Users\\savan\\OneDrive\\Desktop\\zaalima-retail-forecasting\\src_dbt\\logs'}
[0m11:49:49.461214 [debug] [MainThread]: Sending event: {'category': 'dbt', 'action': 'project_id', 'label': '7391d3b7-6142-450c-9d39-40465c7fab3a', 'context': [<snowplow_tracker.self_describing_json.SelfDescribingJson object at 0x0000025E5B294260>]}
[0m11:49:49.511084 [debug] [MainThread]: Sending event: {'category': 'dbt', 'action': 'adapter_info', 'label': '7391d3b7-6142-450c-9d39-40465c7fab3a', 'context': [<snowplow_tracker.self_describing_json.SelfDescribingJson object at 0x0000025E569F7950>]}
[0m11:49:49.517980 [info ] [MainThread]: Registered adapter: duckdb=1.11.0
[0m11:49:49.678720 [debug] [MainThread]: checksum: 1980649397f6b8736aca8e931a8f72645248b7a7ffe56753d37211119dd28880, vars: {}, profile: zaalima_retail, target: dev, version: 1.12.5
[0m11:49:49.731184 [info ] [MainThread]: Unable to do partial parsing because profile has changed
[0m11:49:49.731184 [debug] [MainThread]: Sending event: {'category': 'dbt', 'action': 'partial_parser', 'label': '7391d3b7-6142-450c-9d39-40465c7fab3a', 'context': [<snowplow_tracker.self_describing_json.SelfDescribingJson object at 0x0000025E593FA600>]}
[0m11:49:50.642176 [warn ] [MainThread]: [[33mWARNING[0m]: Configuration paths exist in your dbt_project.yml file which do not apply to any resources.
There are 1 unused configuration paths:
- models.zaalima_retail_forecasting.marts
[0m11:49:50.646640 [debug] [MainThread]: Sending event: {'category': 'dbt', 'action': 'load_project', 'label': '7391d3b7-6142-450c-9d39-40465c7fab3a', 'context': [<snowplow_tracker.self_describing_json.SelfDescribingJson object at 0x0000025E5B63B200>]}
[0m11:49:50.704945 [debug] [MainThread]: Wrote artifact WritableManifest to C:\Users\savan\OneDrive\Desktop\zaalima-retail-forecasting\src_dbt\target\manifest.json
[0m11:49:50.707943 [debug] [MainThread]: Wrote artifact SemanticManifest to C:\Users\savan\OneDrive\Desktop\zaalima-retail-forecasting\src_dbt\target\semantic_manifest.json
[0m11:49:50.731123 [debug] [MainThread]: Wrote artifact OsiDocument to C:\Users\savan\OneDrive\Desktop\zaalima-retail-forecasting\src_dbt\target\osi_document.json
[0m11:49:50.742542 [debug] [MainThread]: Sending event: {'category': 'dbt', 'action': 'resource_counts', 'label': '7391d3b7-6142-450c-9d39-40465c7fab3a', 'context': [<snowplow_tracker.self_describing_json.SelfDescribingJson object at 0x0000025E5B60CF80>]}
[0m11:49:50.742542 [info ] [MainThread]: Found 1 model, 500 macros
[0m11:49:50.743546 [debug] [MainThread]: Sending event: {'category': 'dbt', 'action': 'runnable_timing', 'label': '7391d3b7-6142-450c-9d39-40465c7fab3a', 'context': [<snowplow_tracker.self_describing_json.SelfDescribingJson object at 0x0000025E5B553290>]}
[0m11:49:50.744546 [info ] [MainThread]: 
[0m11:49:50.745576 [info ] [MainThread]: Concurrency: 4 threads (target='dev')
[0m11:49:50.745576 [info ] [MainThread]: 
[0m11:49:50.745576 [debug] [MainThread]: Acquiring new duckdb connection 'master'
[0m11:49:50.746760 [debug] [ThreadPool]: Acquiring new duckdb connection 'list_zaalima_warehouse'
[0m11:49:50.796945 [debug] [ThreadPool]: Using duckdb connection "list_zaalima_warehouse"
[0m11:49:50.796945 [debug] [ThreadPool]: On list_zaalima_warehouse: /* {"app": "dbt", "dbt_version": "1.12.5", "profile_name": "zaalima_retail", "target_name": "dev", "connection_name": "list_zaalima_warehouse"} */

    
    select schema_name
    from system.information_schema.schemata
    
    where lower(catalog_name) = '"zaalima_warehouse"'
    
  
  
[0m11:49:50.796945 [debug] [ThreadPool]: Opening a new connection, currently in state init
[0m11:49:50.819546 [debug] [ThreadPool]: SQL status: OK in 0.023 seconds
[0m11:49:50.821141 [debug] [ThreadPool]: On list_zaalima_warehouse: Close
[0m11:49:50.822247 [debug] [ThreadPool]: Re-using an available connection from the pool (formerly list_zaalima_warehouse, now create_zaalima_warehouse_main)
[0m11:49:50.822247 [debug] [ThreadPool]: Creating schema "database: "zaalima_warehouse"
schema: "main"
"
[0m11:49:50.825236 [debug] [ThreadPool]: Using duckdb connection "create_zaalima_warehouse_main"
[0m11:49:50.825236 [debug] [ThreadPool]: On create_zaalima_warehouse_main: /* {"app": "dbt", "dbt_version": "1.12.5", "profile_name": "zaalima_retail", "target_name": "dev", "connection_name": "create_zaalima_warehouse_main"} */

    
        select type from duckdb_databases()
        where lower(database_name)='zaalima_warehouse'
        and type != 'duckdb'
    
  
[0m11:49:50.825236 [debug] [ThreadPool]: Opening a new connection, currently in state closed
[0m11:49:50.825236 [debug] [ThreadPool]: SQL status: OK in 0.001 seconds
[0m11:49:50.831520 [debug] [ThreadPool]: Using duckdb connection "create_zaalima_warehouse_main"
[0m11:49:50.831520 [debug] [ThreadPool]: On create_zaalima_warehouse_main: BEGIN
[0m11:49:50.831520 [debug] [ThreadPool]: SQL status: OK in 0.000 seconds
[0m11:49:50.831520 [debug] [ThreadPool]: Using duckdb connection "create_zaalima_warehouse_main"
[0m11:49:50.831520 [debug] [ThreadPool]: On create_zaalima_warehouse_main: /* {"app": "dbt", "dbt_version": "1.12.5", "profile_name": "zaalima_retail", "target_name": "dev", "connection_name": "create_zaalima_warehouse_main"} */

    
    
        create schema if not exists "zaalima_warehouse"."main"
    
[0m11:49:50.831520 [debug] [ThreadPool]: SQL status: OK in 0.000 seconds
[0m11:49:50.831520 [debug] [ThreadPool]: On create_zaalima_warehouse_main: COMMIT
[0m11:49:50.831520 [debug] [ThreadPool]: Using duckdb connection "create_zaalima_warehouse_main"
[0m11:49:50.831520 [debug] [ThreadPool]: On create_zaalima_warehouse_main: COMMIT
[0m11:49:50.831520 [debug] [ThreadPool]: SQL status: OK in 0.000 seconds
[0m11:49:50.831520 [debug] [ThreadPool]: On create_zaalima_warehouse_main: Close
[0m11:49:50.831520 [debug] [ThreadPool]: Acquiring new duckdb connection 'list_zaalima_warehouse_main'
[0m11:49:50.831520 [debug] [ThreadPool]: Using duckdb connection "list_zaalima_warehouse_main"
[0m11:49:50.831520 [debug] [ThreadPool]: On list_zaalima_warehouse_main: BEGIN
[0m11:49:50.831520 [debug] [ThreadPool]: Opening a new connection, currently in state init
[0m11:49:50.831520 [debug] [ThreadPool]: SQL status: OK in 0.000 seconds
[0m11:49:50.831520 [debug] [ThreadPool]: Using duckdb connection "list_zaalima_warehouse_main"
[0m11:49:50.831520 [debug] [ThreadPool]: On list_zaalima_warehouse_main: /* {"app": "dbt", "dbt_version": "1.12.5", "profile_name": "zaalima_retail", "target_name": "dev", "connection_name": "list_zaalima_warehouse_main"} */
select
      'zaalima_warehouse' as database,
      table_name as name,
      table_schema as schema,
      CASE table_type
        WHEN 'BASE TABLE' THEN 'table'
        WHEN 'VIEW' THEN 'view'
        WHEN 'LOCAL TEMPORARY' THEN 'table'
        END as type
    from system.information_schema.tables
    where lower(table_schema) = 'main'
    and lower(table_catalog) = 'zaalima_warehouse'
  
[0m11:49:50.843511 [debug] [ThreadPool]: SQL status: OK in 0.003 seconds
[0m11:49:50.844511 [debug] [ThreadPool]: On list_zaalima_warehouse_main: ROLLBACK
[0m11:49:50.845512 [debug] [ThreadPool]: On list_zaalima_warehouse_main: Close
[0m11:49:50.846068 [debug] [MainThread]: Sending event: {'category': 'dbt', 'action': 'runnable_timing', 'label': '7391d3b7-6142-450c-9d39-40465c7fab3a', 'context': [<snowplow_tracker.self_describing_json.SelfDescribingJson object at 0x0000025E5B739580>]}
[0m11:49:50.846068 [debug] [MainThread]: Using duckdb connection "master"
[0m11:49:50.846068 [debug] [MainThread]: On master: BEGIN
[0m11:49:50.846068 [debug] [MainThread]: Opening a new connection, currently in state init
[0m11:49:50.847165 [debug] [MainThread]: SQL status: OK in 0.000 seconds
[0m11:49:50.847165 [debug] [MainThread]: On master: COMMIT
[0m11:49:50.847165 [debug] [MainThread]: Using duckdb connection "master"
[0m11:49:50.847165 [debug] [MainThread]: On master: COMMIT
[0m11:49:50.848167 [debug] [MainThread]: SQL status: OK in 0.000 seconds
[0m11:49:50.848167 [debug] [MainThread]: On master: Close
[0m11:49:50.876801 [debug] [Thread-1 (]: Began running node model.zaalima_retail_forecasting.stg_calendar
[0m11:49:50.876801 [info ] [Thread-1 (]: 1 of 1 START sql view model main.stg_calendar .................................. [RUN]
[0m11:49:50.877889 [debug] [Thread-1 (]: Acquiring new duckdb connection 'model.zaalima_retail_forecasting.stg_calendar'
[0m11:49:50.877889 [debug] [Thread-1 (]: Began compiling node model.zaalima_retail_forecasting.stg_calendar
[0m11:49:50.881490 [debug] [Thread-1 (]: Writing injected SQL for node "model.zaalima_retail_forecasting.stg_calendar"
[0m11:49:50.883497 [debug] [Thread-1 (]: Began executing node model.zaalima_retail_forecasting.stg_calendar
[0m11:49:50.912472 [debug] [Thread-1 (]: Writing runtime sql for node "model.zaalima_retail_forecasting.stg_calendar"
[0m11:49:50.915424 [debug] [Thread-1 (]: Using duckdb connection "model.zaalima_retail_forecasting.stg_calendar"
[0m11:49:50.916420 [debug] [Thread-1 (]: On model.zaalima_retail_forecasting.stg_calendar: BEGIN
[0m11:49:50.916420 [debug] [Thread-1 (]: Opening a new connection, currently in state init
[0m11:49:50.917419 [debug] [Thread-1 (]: SQL status: OK in 0.001 seconds
[0m11:49:50.917419 [debug] [Thread-1 (]: Using duckdb connection "model.zaalima_retail_forecasting.stg_calendar"
[0m11:49:50.918420 [debug] [Thread-1 (]: On model.zaalima_retail_forecasting.stg_calendar: /* {"app": "dbt", "dbt_version": "1.12.5", "profile_name": "zaalima_retail", "target_name": "dev", "node_id": "model.zaalima_retail_forecasting.stg_calendar"} */

  
  create view "zaalima_warehouse"."main"."stg_calendar__dbt_tmp" as (
    /* 
  Week 2: Day 1-3 Core Data Transformation
  Dynamically attaches your SQLite warehouse and transforms the calendar records.
*/

-- 🛠️ Tell the DuckDB compilation engine to mount your physical warehouse file directly
INSTALL sqlite;
LOAD sqlite;
CALL sqlite_attach('../src_etl/retail_warehouse.db');

WITH source_calendar_matrix AS (
    SELECT 
        LOWER(TRIM(d)) AS date_day_id,
        CAST(wm_yr_wk AS INTEGER) AS walmart_year_week,
        LOWER(TRIM(weekday)) AS weekday_name,
        CAST(wday AS INTEGER) AS weekday_number,
        CAST(month AS INTEGER) AS calendar_month,
        CAST(year AS INTEGER) AS calendar_year,
        LOWER(TRIM(event_name_1)) AS event_primary_name,
        LOWER(TRIM(event_type_1)) AS event_primary_type,
        CAST(snap_ca AS BOOLEAN) AS is_snap_eligible_ca,
        CAST(snap_tx AS BOOLEAN) AS is_snap_eligible_tx,
        CAST(snap_wi AS BOOLEAN) AS is_snap_eligible_wi
    -- Read straight out of the attached sqlite database connection layer
    FROM text.calendar
)

SELECT * FROM source_calendar_matrix;
  );

[0m11:49:50.918420 [debug] [Thread-1 (]: DuckDB adapter: duckdb error: Parser Error: syntax error at or near "INSTALL"

LINE 10: ... compilation engine to mount your physical warehouse file directly
                                                                           ^
[0m11:49:50.919503 [debug] [Thread-1 (]: DuckDB adapter: Error running SQL: /* {"app": "dbt", "dbt_version": "1.12.5", "profile_name": "zaalima_retail", "target_name": "dev", "node_id": "model.zaalima_retail_forecasting.stg_calendar"} */

  
  create view "zaalima_warehouse"."main"."stg_calendar__dbt_tmp" as (
    /* 
  Week 2: Day 1-3 Core Data Transformation
  Dynamically attaches your SQLite warehouse and transforms the calendar records.
*/

-- 🛠️ Tell the DuckDB compilation engine to mount your physical warehouse file directly
INSTALL sqlite;
LOAD sqlite;
CALL sqlite_attach('../src_etl/retail_warehouse.db');

WITH source_calendar_matrix AS (
    SELECT 
        LOWER(TRIM(d)) AS date_day_id,
        CAST(wm_yr_wk AS INTEGER) AS walmart_year_week,
        LOWER(TRIM(weekday)) AS weekday_name,
        CAST(wday AS INTEGER) AS weekday_number,
        CAST(month AS INTEGER) AS calendar_month,
        CAST(year AS INTEGER) AS calendar_year,
        LOWER(TRIM(event_name_1)) AS event_primary_name,
        LOWER(TRIM(event_type_1)) AS event_primary_type,
        CAST(snap_ca AS BOOLEAN) AS is_snap_eligible_ca,
        CAST(snap_tx AS BOOLEAN) AS is_snap_eligible_tx,
        CAST(snap_wi AS BOOLEAN) AS is_snap_eligible_wi
    -- Read straight out of the attached sqlite database connection layer
    FROM text.calendar
)

SELECT * FROM source_calendar_matrix;
  );

[0m11:49:50.919503 [debug] [Thread-1 (]: DuckDB adapter: Rolling back transaction.
[0m11:49:50.919503 [debug] [Thread-1 (]: On model.zaalima_retail_forecasting.stg_calendar: ROLLBACK
[0m11:49:50.919503 [debug] [Thread-1 (]: On model.zaalima_retail_forecasting.stg_calendar: Close
[0m11:49:50.923990 [debug] [Thread-1 (]: Runtime Error in model stg_calendar (models\staging\stg_calendar.sql)
  Parser Error: syntax error at or near "INSTALL"
  
  LINE 10: ... compilation engine to mount your physical warehouse file directly
                                                                             ^
[0m11:49:50.926087 [debug] [Thread-1 (]: Sending event: {'category': 'dbt', 'action': 'run_model', 'label': '7391d3b7-6142-450c-9d39-40465c7fab3a', 'context': [<snowplow_tracker.self_describing_json.SelfDescribingJson object at 0x0000025E5BAF96A0>]}
[0m11:49:50.926999 [error] [Thread-1 (]: 1 of 1 ERROR creating sql view model main.stg_calendar ......................... [[31mERROR[0m in 0.05s]
[0m11:49:50.926999 [debug] [Thread-1 (]: Finished running node model.zaalima_retail_forecasting.stg_calendar
[0m11:49:50.928095 [debug] [Thread-7 (]: Marking all children of 'model.zaalima_retail_forecasting.stg_calendar' to be skipped because of status 'error'.  Reason: Runtime Error in model stg_calendar (models\staging\stg_calendar.sql)
  Parser Error: syntax error at or near "INSTALL"
  
  LINE 10: ... compilation engine to mount your physical warehouse file directly
                                                                             ^.
[0m11:49:50.929099 [debug] [MainThread]: Using duckdb connection "master"
[0m11:49:50.930000 [debug] [MainThread]: On master: BEGIN
[0m11:49:50.930000 [debug] [MainThread]: Opening a new connection, currently in state closed
[0m11:49:50.930000 [debug] [MainThread]: SQL status: OK in 0.000 seconds
[0m11:49:50.931001 [debug] [MainThread]: On master: COMMIT
[0m11:49:50.931001 [debug] [MainThread]: Using duckdb connection "master"
[0m11:49:50.931510 [debug] [MainThread]: On master: COMMIT
[0m11:49:50.931510 [debug] [MainThread]: SQL status: OK in 0.000 seconds
[0m11:49:50.931510 [debug] [MainThread]: On master: Close
[0m11:49:50.932515 [debug] [MainThread]: Connection 'master' was properly closed.
[0m11:49:50.932515 [debug] [MainThread]: Connection 'create_zaalima_warehouse_main' was properly closed.
[0m11:49:50.932515 [debug] [MainThread]: Connection 'list_zaalima_warehouse_main' was properly closed.
[0m11:49:50.932515 [debug] [MainThread]: Connection 'model.zaalima_retail_forecasting.stg_calendar' was properly closed.
[0m11:49:50.932515 [info ] [MainThread]: 
[0m11:49:50.933514 [info ] [MainThread]: Finished running 1 view model in 0 hours 0 minutes and 0.19 seconds (0.19s).
[0m11:49:50.934604 [debug] [MainThread]: Command end result
[0m11:49:50.959630 [debug] [MainThread]: Wrote artifact WritableManifest to C:\Users\savan\OneDrive\Desktop\zaalima-retail-forecasting\src_dbt\target\manifest.json
[0m11:49:50.962151 [debug] [MainThread]: Wrote artifact SemanticManifest to C:\Users\savan\OneDrive\Desktop\zaalima-retail-forecasting\src_dbt\target\semantic_manifest.json
[0m11:49:50.965231 [debug] [MainThread]: Wrote artifact OsiDocument to C:\Users\savan\OneDrive\Desktop\zaalima-retail-forecasting\src_dbt\target\osi_document.json
[0m11:49:50.971147 [debug] [MainThread]: Wrote artifact RunExecutionResult to C:\Users\savan\OneDrive\Desktop\zaalima-retail-forecasting\src_dbt\target\run_results.json
[0m11:49:50.971147 [info ] [MainThread]: 
[0m11:49:50.971147 [info ] [MainThread]: [31mCompleted with 1 error, 0 partial successes, and 0 warnings:[0m
[0m11:49:50.972332 [info ] [MainThread]: 
[0m11:49:50.972332 [error] [MainThread]: [[31mERROR[0m]: in model stg_calendar (models\staging\stg_calendar.sql)
[0m11:49:50.973321 [error] [MainThread]:   Runtime Error in model stg_calendar (models\staging\stg_calendar.sql)
  Parser Error: syntax error at or near "INSTALL"
  
  LINE 10: ... compilation engine to mount your physical warehouse file directly
                                                                             ^
[0m11:49:50.973321 [info ] [MainThread]: 
[0m11:49:50.974313 [info ] [MainThread]:   compiled code at target\compiled\zaalima_retail_forecasting\models\staging\stg_calendar.sql
[0m11:49:50.974313 [info ] [MainThread]: 
[0m11:49:50.974313 [info ] [MainThread]: Done. PASS=0 WARN=0 ERROR=1 SKIP=0 NO-OP=0 REUSED=0 TOTAL=1
[0m11:49:50.975312 [debug] [MainThread]: Command `dbt run` failed at 11:49:50.975312 after 1.83 seconds
[0m11:49:50.975312 [debug] [MainThread]: Sending event: {'category': 'dbt', 'action': 'invocation', 'label': 'end', 'context': [<snowplow_tracker.self_describing_json.SelfDescribingJson object at 0x0000025E58FB7890>, <snowplow_tracker.self_describing_json.SelfDescribingJson object at 0x0000025E5B79FB30>, <snowplow_tracker.self_describing_json.SelfDescribingJson object at 0x0000025E568EA660>]}
[0m11:49:50.976449 [debug] [MainThread]: Flushing usage events
[0m11:49:52.734240 [debug] [MainThread]: An error was encountered while trying to flush usage events
[0m11:51:56.431250 [debug] [MainThread]: Sending event: {'category': 'dbt', 'action': 'invocation', 'label': 'start', 'context': [<snowplow_tracker.self_describing_json.SelfDescribingJson object at 0x000001ACEBA18740>, <snowplow_tracker.self_describing_json.SelfDescribingJson object at 0x000001ACEAD08980>, <snowplow_tracker.self_describing_json.SelfDescribingJson object at 0x000001ACEB7D34A0>]}


============================== 11:51:56.436260 | 1ad32fa3-b0f1-4682-9d5c-b2cbabcf2ce9 ==============================
[0m11:51:56.436260 [info ] [MainThread]: Running with dbt=1.12.5
[0m11:51:56.437260 [debug] [MainThread]: running dbt with arguments {'static_parser': 'True', 'no_print': 'None', 'version_check': 'True', 'target_path': 'None', 'maximum_seed_size_mib': '1', 'warn_error_options': 'WarnErrorOptionsV2(error=[], warn=[], silence=[])', 'printer_width': '80', 'write_json': 'True', 'empty': 'False', 'log_cache_events': 'False', 'introspect': 'True', 'cache_selected_only': 'False', 'fail_fast': 'False', 'debug': 'False', 'log_format': 'default', 'partial_parse': 'True', 'send_anonymous_usage_stats': 'True', 'quiet': 'False', 'warn_error': 'None', 'profiles_dir': '.', 'use_colors': 'True', 'hints_enabled': 'True', 'invocation_command': 'dbt run --profiles-dir . --target dev', 'use_experimental_parser': 'False', 'indirect_selection': 'eager', 'log_path': 'C:\\Users\\savan\\OneDrive\\Desktop\\zaalima-retail-forecasting\\src_dbt\\logs'}
[0m11:51:56.589585 [error] [MainThread]: [[31mERROR[0m]: Encountered an error:
Runtime Error
  Credentials in profile "zaalima_retail", target "dev" invalid: [{'path': '../src_etl/retail_warehouse.db', 'name': 'src_sqlite', 'type': 'sqlite'}] is not valid under any of the given schemas
[0m11:51:56.591181 [debug] [MainThread]: Command `dbt run` failed at 11:51:56.591181 after 0.29 seconds
[0m11:51:56.591181 [debug] [MainThread]: Sending event: {'category': 'dbt', 'action': 'invocation', 'label': 'end', 'context': [<snowplow_tracker.self_describing_json.SelfDescribingJson object at 0x000001ACED386A20>, <snowplow_tracker.self_describing_json.SelfDescribingJson object at 0x000001ACED5A76B0>, <snowplow_tracker.self_describing_json.SelfDescribingJson object at 0x000001ACED5A7410>]}
[0m11:51:56.591181 [debug] [MainThread]: Flushing usage events
[0m11:51:58.252144 [debug] [MainThread]: An error was encountered while trying to flush usage events
[0m11:52:47.274893 [debug] [MainThread]: Sending event: {'category': 'dbt', 'action': 'invocation', 'label': 'start', 'context': [<snowplow_tracker.self_describing_json.SelfDescribingJson object at 0x0000027B12D0A000>, <snowplow_tracker.self_describing_json.SelfDescribingJson object at 0x0000027B12D0AFF0>, <snowplow_tracker.self_describing_json.SelfDescribingJson object at 0x0000027B12D0B410>]}


============================== 11:52:47.274893 | a26d61ec-de56-4d15-aa40-40556f56f594 ==============================
[0m11:52:47.274893 [info ] [MainThread]: Running with dbt=1.12.5
[0m11:52:47.274893 [debug] [MainThread]: running dbt with arguments {'static_parser': 'True', 'no_print': 'None', 'maximum_seed_size_mib': '1', 'target_path': 'None', 'warn_error_options': 'WarnErrorOptionsV2(error=[], warn=[], silence=[])', 'version_check': 'True', 'printer_width': '80', 'write_json': 'True', 'empty': 'False', 'log_cache_events': 'False', 'introspect': 'True', 'cache_selected_only': 'False', 'log_format': 'default', 'debug': 'False', 'fail_fast': 'False', 'profiles_dir': '.', 'send_anonymous_usage_stats': 'True', 'quiet': 'False', 'warn_error': 'None', 'partial_parse': 'True', 'use_colors': 'True', 'hints_enabled': 'True', 'invocation_command': 'dbt run --profiles-dir . --target dev', 'use_experimental_parser': 'False', 'indirect_selection': 'eager', 'log_path': 'C:\\Users\\savan\\OneDrive\\Desktop\\zaalima-retail-forecasting\\src_dbt\\logs'}
[0m11:52:47.494220 [debug] [MainThread]: Sending event: {'category': 'dbt', 'action': 'project_id', 'label': 'a26d61ec-de56-4d15-aa40-40556f56f594', 'context': [<snowplow_tracker.self_describing_json.SelfDescribingJson object at 0x0000027B14BB8A70>]}
[0m11:52:47.551562 [debug] [MainThread]: Sending event: {'category': 'dbt', 'action': 'adapter_info', 'label': 'a26d61ec-de56-4d15-aa40-40556f56f594', 'context': [<snowplow_tracker.self_describing_json.SelfDescribingJson object at 0x0000027B12080410>]}
[0m11:52:47.556653 [info ] [MainThread]: Registered adapter: duckdb=1.11.0
[0m11:52:47.737207 [debug] [MainThread]: checksum: 1980649397f6b8736aca8e931a8f72645248b7a7ffe56753d37211119dd28880, vars: {}, profile: zaalima_retail, target: dev, version: 1.12.5
[0m11:52:47.810418 [info ] [MainThread]: Unable to do partial parsing because profile has changed
[0m11:52:47.810418 [debug] [MainThread]: Sending event: {'category': 'dbt', 'action': 'partial_parser', 'label': 'a26d61ec-de56-4d15-aa40-40556f56f594', 'context': [<snowplow_tracker.self_describing_json.SelfDescribingJson object at 0x0000027B12D0A840>]}
[0m11:52:48.716995 [warn ] [MainThread]: [[33mWARNING[0m]: Configuration paths exist in your dbt_project.yml file which do not apply to any resources.
There are 1 unused configuration paths:
- models.zaalima_retail_forecasting.marts
[0m11:52:48.723344 [debug] [MainThread]: Sending event: {'category': 'dbt', 'action': 'load_project', 'label': 'a26d61ec-de56-4d15-aa40-40556f56f594', 'context': [<snowplow_tracker.self_describing_json.SelfDescribingJson object at 0x0000027B14F403B0>]}
[0m11:52:48.778908 [debug] [MainThread]: Wrote artifact WritableManifest to C:\Users\savan\OneDrive\Desktop\zaalima-retail-forecasting\src_dbt\target\manifest.json
[0m11:52:48.791120 [debug] [MainThread]: Wrote artifact SemanticManifest to C:\Users\savan\OneDrive\Desktop\zaalima-retail-forecasting\src_dbt\target\semantic_manifest.json
[0m11:52:48.819545 [debug] [MainThread]: Wrote artifact OsiDocument to C:\Users\savan\OneDrive\Desktop\zaalima-retail-forecasting\src_dbt\target\osi_document.json
[0m11:52:48.831791 [debug] [MainThread]: Sending event: {'category': 'dbt', 'action': 'resource_counts', 'label': 'a26d61ec-de56-4d15-aa40-40556f56f594', 'context': [<snowplow_tracker.self_describing_json.SelfDescribingJson object at 0x0000027B15120B90>]}
[0m11:52:48.833181 [info ] [MainThread]: Found 1 model, 500 macros
[0m11:52:48.833181 [debug] [MainThread]: Sending event: {'category': 'dbt', 'action': 'runnable_timing', 'label': 'a26d61ec-de56-4d15-aa40-40556f56f594', 'context': [<snowplow_tracker.self_describing_json.SelfDescribingJson object at 0x0000027B14C84CB0>]}
[0m11:52:48.835205 [info ] [MainThread]: 
[0m11:52:48.835205 [info ] [MainThread]: Concurrency: 4 threads (target='dev')
[0m11:52:48.835205 [info ] [MainThread]: 
[0m11:52:48.836186 [debug] [MainThread]: Acquiring new duckdb connection 'master'
[0m11:52:48.837203 [debug] [ThreadPool]: Acquiring new duckdb connection 'list_zaalima_warehouse'
[0m11:52:48.897577 [debug] [ThreadPool]: Using duckdb connection "list_zaalima_warehouse"
[0m11:52:48.897577 [debug] [ThreadPool]: On list_zaalima_warehouse: /* {"app": "dbt", "dbt_version": "1.12.5", "profile_name": "zaalima_retail", "target_name": "dev", "connection_name": "list_zaalima_warehouse"} */

    
    select schema_name
    from system.information_schema.schemata
    
    where lower(catalog_name) = '"zaalima_warehouse"'
    
  
  
[0m11:52:48.897577 [debug] [ThreadPool]: Opening a new connection, currently in state init
[0m11:52:54.926636 [debug] [ThreadPool]: SQL status: OK in 6.028 seconds
[0m11:52:54.927638 [debug] [ThreadPool]: On list_zaalima_warehouse: Close
[0m11:52:54.928660 [debug] [ThreadPool]: Re-using an available connection from the pool (formerly list_zaalima_warehouse, now create_zaalima_warehouse_main)
[0m11:52:54.929654 [debug] [ThreadPool]: Creating schema "database: "zaalima_warehouse"
schema: "main"
"
[0m11:52:54.935196 [debug] [ThreadPool]: Using duckdb connection "create_zaalima_warehouse_main"
[0m11:52:54.935196 [debug] [ThreadPool]: On create_zaalima_warehouse_main: /* {"app": "dbt", "dbt_version": "1.12.5", "profile_name": "zaalima_retail", "target_name": "dev", "connection_name": "create_zaalima_warehouse_main"} */

    
        select type from duckdb_databases()
        where lower(database_name)='zaalima_warehouse'
        and type != 'duckdb'
    
  
[0m11:52:54.935196 [debug] [ThreadPool]: Opening a new connection, currently in state closed
[0m11:52:54.937183 [debug] [ThreadPool]: SQL status: OK in 0.001 seconds
[0m11:52:54.938200 [debug] [ThreadPool]: Using duckdb connection "create_zaalima_warehouse_main"
[0m11:52:54.938200 [debug] [ThreadPool]: On create_zaalima_warehouse_main: BEGIN
[0m11:52:54.938200 [debug] [ThreadPool]: SQL status: OK in 0.000 seconds
[0m11:52:54.939180 [debug] [ThreadPool]: Using duckdb connection "create_zaalima_warehouse_main"
[0m11:52:54.939180 [debug] [ThreadPool]: On create_zaalima_warehouse_main: /* {"app": "dbt", "dbt_version": "1.12.5", "profile_name": "zaalima_retail", "target_name": "dev", "connection_name": "create_zaalima_warehouse_main"} */

    
    
        create schema if not exists "zaalima_warehouse"."main"
    
[0m11:52:54.940180 [debug] [ThreadPool]: SQL status: OK in 0.001 seconds
[0m11:52:54.940180 [debug] [ThreadPool]: On create_zaalima_warehouse_main: COMMIT
[0m11:52:54.941188 [debug] [ThreadPool]: Using duckdb connection "create_zaalima_warehouse_main"
[0m11:52:54.941188 [debug] [ThreadPool]: On create_zaalima_warehouse_main: COMMIT
[0m11:52:54.941699 [debug] [ThreadPool]: SQL status: OK in 0.000 seconds
[0m11:52:54.941699 [debug] [ThreadPool]: On create_zaalima_warehouse_main: Close
[0m11:52:54.942701 [debug] [ThreadPool]: Acquiring new duckdb connection 'list_zaalima_warehouse_main'
[0m11:52:54.946876 [debug] [ThreadPool]: Using duckdb connection "list_zaalima_warehouse_main"
[0m11:52:54.946876 [debug] [ThreadPool]: On list_zaalima_warehouse_main: BEGIN
[0m11:52:54.946876 [debug] [ThreadPool]: Opening a new connection, currently in state init
[0m11:52:54.947877 [debug] [ThreadPool]: SQL status: OK in 0.000 seconds
[0m11:52:54.947877 [debug] [ThreadPool]: Using duckdb connection "list_zaalima_warehouse_main"
[0m11:52:54.947877 [debug] [ThreadPool]: On list_zaalima_warehouse_main: /* {"app": "dbt", "dbt_version": "1.12.5", "profile_name": "zaalima_retail", "target_name": "dev", "connection_name": "list_zaalima_warehouse_main"} */
select
      'zaalima_warehouse' as database,
      table_name as name,
      table_schema as schema,
      CASE table_type
        WHEN 'BASE TABLE' THEN 'table'
        WHEN 'VIEW' THEN 'view'
        WHEN 'LOCAL TEMPORARY' THEN 'table'
        END as type
    from system.information_schema.tables
    where lower(table_schema) = 'main'
    and lower(table_catalog) = 'zaalima_warehouse'
  
[0m11:52:54.971695 [debug] [ThreadPool]: SQL status: OK in 0.024 seconds
[0m11:52:54.972701 [debug] [ThreadPool]: On list_zaalima_warehouse_main: ROLLBACK
[0m11:52:54.974704 [debug] [ThreadPool]: On list_zaalima_warehouse_main: Close
[0m11:52:54.974704 [debug] [MainThread]: Sending event: {'category': 'dbt', 'action': 'runnable_timing', 'label': 'a26d61ec-de56-4d15-aa40-40556f56f594', 'context': [<snowplow_tracker.self_describing_json.SelfDescribingJson object at 0x0000027B15457BC0>]}
[0m11:52:54.974704 [debug] [MainThread]: Using duckdb connection "master"
[0m11:52:54.974704 [debug] [MainThread]: On master: BEGIN
[0m11:52:54.974704 [debug] [MainThread]: Opening a new connection, currently in state init
[0m11:52:54.974704 [debug] [MainThread]: SQL status: OK in 0.000 seconds
[0m11:52:54.974704 [debug] [MainThread]: On master: COMMIT
[0m11:52:54.974704 [debug] [MainThread]: Using duckdb connection "master"
[0m11:52:54.974704 [debug] [MainThread]: On master: COMMIT
[0m11:52:54.974704 [debug] [MainThread]: SQL status: OK in 0.000 seconds
[0m11:52:54.974704 [debug] [MainThread]: On master: Close
[0m11:52:54.980957 [debug] [Thread-1 (]: Began running node model.zaalima_retail_forecasting.stg_calendar
[0m11:52:54.980957 [info ] [Thread-1 (]: 1 of 1 START sql view model main.stg_calendar .................................. [RUN]
[0m11:52:54.980957 [debug] [Thread-1 (]: Acquiring new duckdb connection 'model.zaalima_retail_forecasting.stg_calendar'
[0m11:52:54.980957 [debug] [Thread-1 (]: Began compiling node model.zaalima_retail_forecasting.stg_calendar
[0m11:52:54.980957 [debug] [Thread-1 (]: Writing injected SQL for node "model.zaalima_retail_forecasting.stg_calendar"
[0m11:52:54.980957 [debug] [Thread-1 (]: Began executing node model.zaalima_retail_forecasting.stg_calendar
[0m11:52:55.018137 [debug] [Thread-1 (]: Writing runtime sql for node "model.zaalima_retail_forecasting.stg_calendar"
[0m11:52:55.019133 [debug] [Thread-1 (]: Using duckdb connection "model.zaalima_retail_forecasting.stg_calendar"
[0m11:52:55.020051 [debug] [Thread-1 (]: On model.zaalima_retail_forecasting.stg_calendar: BEGIN
[0m11:52:55.020051 [debug] [Thread-1 (]: Opening a new connection, currently in state init
[0m11:52:55.021114 [debug] [Thread-1 (]: SQL status: OK in 0.001 seconds
[0m11:52:55.021114 [debug] [Thread-1 (]: Using duckdb connection "model.zaalima_retail_forecasting.stg_calendar"
[0m11:52:55.021704 [debug] [Thread-1 (]: On model.zaalima_retail_forecasting.stg_calendar: /* {"app": "dbt", "dbt_version": "1.12.5", "profile_name": "zaalima_retail", "target_name": "dev", "node_id": "model.zaalima_retail_forecasting.stg_calendar"} */

  
  create view "zaalima_warehouse"."main"."stg_calendar__dbt_tmp" as (
    WITH source_calendar_matrix AS (
    SELECT 
        LOWER(TRIM(d)) AS date_day_id,
        CAST(wm_yr_wk AS INTEGER) AS walmart_year_week,
        LOWER(TRIM(weekday)) AS weekday_name,
        CAST(wday AS INTEGER) AS weekday_number,
        CAST(month AS INTEGER) AS calendar_month,
        CAST(year AS INTEGER) AS calendar_year,
        LOWER(TRIM(event_name_1)) AS event_primary_name,
        LOWER(TRIM(event_type_1)) AS event_primary_type,
        CAST(snap_ca AS BOOLEAN) AS is_snap_eligible_ca,
        CAST(snap_tx AS BOOLEAN) AS is_snap_eligible_tx,
        CAST(snap_wi AS BOOLEAN) AS is_snap_eligible_wi
    -- Reads directly out of your cleanly attached database layer target identifier
    FROM src_sqlite.calendar
)

SELECT * FROM source_calendar_matrix;
  );

[0m11:52:55.026452 [debug] [Thread-1 (]: DuckDB adapter: duckdb error: Parser Error: syntax error at or near ";"

LINE 22: SELECT * FROM source_calendar_matrix;
                                             ^
[0m11:52:55.027453 [debug] [Thread-1 (]: DuckDB adapter: Error running SQL: /* {"app": "dbt", "dbt_version": "1.12.5", "profile_name": "zaalima_retail", "target_name": "dev", "node_id": "model.zaalima_retail_forecasting.stg_calendar"} */

  
  create view "zaalima_warehouse"."main"."stg_calendar__dbt_tmp" as (
    WITH source_calendar_matrix AS (
    SELECT 
        LOWER(TRIM(d)) AS date_day_id,
        CAST(wm_yr_wk AS INTEGER) AS walmart_year_week,
        LOWER(TRIM(weekday)) AS weekday_name,
        CAST(wday AS INTEGER) AS weekday_number,
        CAST(month AS INTEGER) AS calendar_month,
        CAST(year AS INTEGER) AS calendar_year,
        LOWER(TRIM(event_name_1)) AS event_primary_name,
        LOWER(TRIM(event_type_1)) AS event_primary_type,
        CAST(snap_ca AS BOOLEAN) AS is_snap_eligible_ca,
        CAST(snap_tx AS BOOLEAN) AS is_snap_eligible_tx,
        CAST(snap_wi AS BOOLEAN) AS is_snap_eligible_wi
    -- Reads directly out of your cleanly attached database layer target identifier
    FROM src_sqlite.calendar
)

SELECT * FROM source_calendar_matrix;
  );

[0m11:52:55.027453 [debug] [Thread-1 (]: DuckDB adapter: Rolling back transaction.
[0m11:52:55.027453 [debug] [Thread-1 (]: On model.zaalima_retail_forecasting.stg_calendar: ROLLBACK
[0m11:52:55.028452 [debug] [Thread-1 (]: On model.zaalima_retail_forecasting.stg_calendar: Close
[0m11:52:55.034961 [debug] [Thread-1 (]: Runtime Error in model stg_calendar (models\staging\stg_calendar.sql)
  Parser Error: syntax error at or near ";"
  
  LINE 22: SELECT * FROM source_calendar_matrix;
                                               ^
[0m11:52:55.036978 [debug] [Thread-1 (]: Sending event: {'category': 'dbt', 'action': 'run_model', 'label': 'a26d61ec-de56-4d15-aa40-40556f56f594', 'context': [<snowplow_tracker.self_describing_json.SelfDescribingJson object at 0x0000027B153F3E60>]}
[0m11:52:55.037983 [error] [Thread-1 (]: 1 of 1 ERROR creating sql view model main.stg_calendar ......................... [[31mERROR[0m in 0.06s]
[0m11:52:55.037983 [debug] [Thread-1 (]: Finished running node model.zaalima_retail_forecasting.stg_calendar
[0m11:52:55.038963 [debug] [Thread-7 (]: Marking all children of 'model.zaalima_retail_forecasting.stg_calendar' to be skipped because of status 'error'.  Reason: Runtime Error in model stg_calendar (models\staging\stg_calendar.sql)
  Parser Error: syntax error at or near ";"
  
  LINE 22: SELECT * FROM source_calendar_matrix;
                                               ^.
[0m11:52:55.039964 [debug] [MainThread]: Using duckdb connection "master"
[0m11:52:55.040968 [debug] [MainThread]: On master: BEGIN
[0m11:52:55.040968 [debug] [MainThread]: Opening a new connection, currently in state closed
[0m11:52:55.041479 [debug] [MainThread]: SQL status: OK in 0.000 seconds
[0m11:52:55.041479 [debug] [MainThread]: On master: COMMIT
[0m11:52:55.041479 [debug] [MainThread]: Using duckdb connection "master"
[0m11:52:55.042485 [debug] [MainThread]: On master: COMMIT
[0m11:52:55.042485 [debug] [MainThread]: SQL status: OK in 0.000 seconds
[0m11:52:55.042485 [debug] [MainThread]: On master: Close
[0m11:52:55.042485 [debug] [MainThread]: Connection 'master' was properly closed.
[0m11:52:55.043485 [debug] [MainThread]: Connection 'create_zaalima_warehouse_main' was properly closed.
[0m11:52:55.043485 [debug] [MainThread]: Connection 'list_zaalima_warehouse_main' was properly closed.
[0m11:52:55.043485 [debug] [MainThread]: Connection 'model.zaalima_retail_forecasting.stg_calendar' was properly closed.
[0m11:52:55.043485 [info ] [MainThread]: 
[0m11:52:55.044484 [info ] [MainThread]: Finished running 1 view model in 0 hours 0 minutes and 6.21 seconds (6.21s).
[0m11:52:55.044484 [debug] [MainThread]: Command end result
[0m11:52:55.068658 [debug] [MainThread]: Wrote artifact WritableManifest to C:\Users\savan\OneDrive\Desktop\zaalima-retail-forecasting\src_dbt\target\manifest.json
[0m11:52:55.072358 [debug] [MainThread]: Wrote artifact SemanticManifest to C:\Users\savan\OneDrive\Desktop\zaalima-retail-forecasting\src_dbt\target\semantic_manifest.json
[0m11:52:55.075268 [debug] [MainThread]: Wrote artifact OsiDocument to C:\Users\savan\OneDrive\Desktop\zaalima-retail-forecasting\src_dbt\target\osi_document.json
[0m11:52:55.081117 [debug] [MainThread]: Wrote artifact RunExecutionResult to C:\Users\savan\OneDrive\Desktop\zaalima-retail-forecasting\src_dbt\target\run_results.json
[0m11:52:55.081117 [info ] [MainThread]: 
[0m11:52:55.081117 [info ] [MainThread]: [31mCompleted with 1 error, 0 partial successes, and 0 warnings:[0m
[0m11:52:55.081117 [info ] [MainThread]: 
[0m11:52:55.081117 [error] [MainThread]: [[31mERROR[0m]: in model stg_calendar (models\staging\stg_calendar.sql)
[0m11:52:55.081117 [error] [MainThread]:   Runtime Error in model stg_calendar (models\staging\stg_calendar.sql)
  Parser Error: syntax error at or near ";"
  
  LINE 22: SELECT * FROM source_calendar_matrix;
                                               ^
[0m11:52:55.081117 [info ] [MainThread]: 
[0m11:52:55.081117 [info ] [MainThread]:   compiled code at target\compiled\zaalima_retail_forecasting\models\staging\stg_calendar.sql
[0m11:52:55.081117 [info ] [MainThread]: 
[0m11:52:55.081117 [info ] [MainThread]: Done. PASS=0 WARN=0 ERROR=1 SKIP=0 NO-OP=0 REUSED=0 TOTAL=1
[0m11:52:55.081117 [debug] [MainThread]: Command `dbt run` failed at 11:52:55.081117 after 7.93 seconds
[0m11:52:55.081117 [debug] [MainThread]: Sending event: {'category': 'dbt', 'action': 'invocation', 'label': 'end', 'context': [<snowplow_tracker.self_describing_json.SelfDescribingJson object at 0x0000027B148CF0E0>, <snowplow_tracker.self_describing_json.SelfDescribingJson object at 0x0000027B12565880>, <snowplow_tracker.self_describing_json.SelfDescribingJson object at 0x0000027B12565AC0>]}
[0m11:52:55.081117 [debug] [MainThread]: Flushing usage events
[0m11:52:56.826336 [debug] [MainThread]: An error was encountered while trying to flush usage events
[0m11:54:19.656461 [debug] [MainThread]: Sending event: {'category': 'dbt', 'action': 'invocation', 'label': 'start', 'context': [<snowplow_tracker.self_describing_json.SelfDescribingJson object at 0x000001792779EC60>, <snowplow_tracker.self_describing_json.SelfDescribingJson object at 0x0000017927516E40>, <snowplow_tracker.self_describing_json.SelfDescribingJson object at 0x0000017927236180>]}


============================== 11:54:19.659484 | cdbfa032-b8ee-40a9-a931-3c48bee7f1cc ==============================
[0m11:54:19.659484 [info ] [MainThread]: Running with dbt=1.12.5
[0m11:54:19.661009 [debug] [MainThread]: running dbt with arguments {'static_parser': 'True', 'no_print': 'None', 'maximum_seed_size_mib': '1', 'warn_error_options': 'WarnErrorOptionsV2(error=[], warn=[], silence=[])', 'version_check': 'True', 'target_path': 'None', 'printer_width': '80', 'write_json': 'True', 'empty': 'False', 'log_cache_events': 'False', 'introspect': 'True', 'cache_selected_only': 'False', 'log_format': 'default', 'debug': 'False', 'fail_fast': 'False', 'profiles_dir': '.', 'send_anonymous_usage_stats': 'True', 'quiet': 'False', 'warn_error': 'None', 'partial_parse': 'True', 'use_colors': 'True', 'hints_enabled': 'True', 'invocation_command': 'dbt run --profiles-dir . --target dev', 'use_experimental_parser': 'False', 'indirect_selection': 'eager', 'log_path': 'C:\\Users\\savan\\OneDrive\\Desktop\\zaalima-retail-forecasting\\src_dbt\\logs'}
[0m11:54:19.867151 [debug] [MainThread]: Sending event: {'category': 'dbt', 'action': 'project_id', 'label': 'cdbfa032-b8ee-40a9-a931-3c48bee7f1cc', 'context': [<snowplow_tracker.self_describing_json.SelfDescribingJson object at 0x00000179295AF0B0>]}
[0m11:54:19.923577 [debug] [MainThread]: Sending event: {'category': 'dbt', 'action': 'adapter_info', 'label': 'cdbfa032-b8ee-40a9-a931-3c48bee7f1cc', 'context': [<snowplow_tracker.self_describing_json.SelfDescribingJson object at 0x0000017925A86090>]}
[0m11:54:19.926578 [info ] [MainThread]: Registered adapter: duckdb=1.11.0
[0m11:54:20.081213 [debug] [MainThread]: checksum: 1980649397f6b8736aca8e931a8f72645248b7a7ffe56753d37211119dd28880, vars: {}, profile: zaalima_retail, target: dev, version: 1.12.5
[0m11:54:20.174745 [debug] [MainThread]: Partial parsing enabled: 0 files deleted, 0 files added, 1 files changed.
[0m11:54:20.181378 [debug] [MainThread]: Partial parsing: updated file: zaalima_retail_forecasting://models\staging\stg_calendar.sql
[0m11:54:20.436501 [warn ] [MainThread]: [[33mWARNING[0m]: Configuration paths exist in your dbt_project.yml file which do not apply to any resources.
There are 1 unused configuration paths:
- models.zaalima_retail_forecasting.marts
[0m11:54:20.439513 [debug] [MainThread]: Sending event: {'category': 'dbt', 'action': 'load_project', 'label': 'cdbfa032-b8ee-40a9-a931-3c48bee7f1cc', 'context': [<snowplow_tracker.self_describing_json.SelfDescribingJson object at 0x0000017924ECB530>]}
[0m11:54:20.497498 [debug] [MainThread]: Wrote artifact WritableManifest to C:\Users\savan\OneDrive\Desktop\zaalima-retail-forecasting\src_dbt\target\manifest.json
[0m11:54:20.501388 [debug] [MainThread]: Wrote artifact SemanticManifest to C:\Users\savan\OneDrive\Desktop\zaalima-retail-forecasting\src_dbt\target\semantic_manifest.json
[0m11:54:20.523698 [debug] [MainThread]: Wrote artifact OsiDocument to C:\Users\savan\OneDrive\Desktop\zaalima-retail-forecasting\src_dbt\target\osi_document.json
[0m11:54:20.533780 [debug] [MainThread]: Sending event: {'category': 'dbt', 'action': 'resource_counts', 'label': 'cdbfa032-b8ee-40a9-a931-3c48bee7f1cc', 'context': [<snowplow_tracker.self_describing_json.SelfDescribingJson object at 0x0000017929955D00>]}
[0m11:54:20.534781 [info ] [MainThread]: Found 1 model, 500 macros
[0m11:54:20.534781 [debug] [MainThread]: Sending event: {'category': 'dbt', 'action': 'runnable_timing', 'label': 'cdbfa032-b8ee-40a9-a931-3c48bee7f1cc', 'context': [<snowplow_tracker.self_describing_json.SelfDescribingJson object at 0x00000179298D5BE0>]}
[0m11:54:20.535802 [info ] [MainThread]: 
[0m11:54:20.536797 [info ] [MainThread]: Concurrency: 4 threads (target='dev')
[0m11:54:20.536797 [info ] [MainThread]: 
[0m11:54:20.537780 [debug] [MainThread]: Acquiring new duckdb connection 'master'
[0m11:54:20.538798 [debug] [ThreadPool]: Acquiring new duckdb connection 'list_zaalima_warehouse'
[0m11:54:20.587748 [debug] [ThreadPool]: Using duckdb connection "list_zaalima_warehouse"
[0m11:54:20.587748 [debug] [ThreadPool]: On list_zaalima_warehouse: /* {"app": "dbt", "dbt_version": "1.12.5", "profile_name": "zaalima_retail", "target_name": "dev", "connection_name": "list_zaalima_warehouse"} */

    
    select schema_name
    from system.information_schema.schemata
    
    where lower(catalog_name) = '"zaalima_warehouse"'
    
  
  
[0m11:54:20.587748 [debug] [ThreadPool]: Opening a new connection, currently in state init
[0m11:54:20.637982 [debug] [ThreadPool]: SQL status: OK in 0.050 seconds
[0m11:54:20.638984 [debug] [ThreadPool]: On list_zaalima_warehouse: Close
[0m11:54:20.640301 [debug] [ThreadPool]: Re-using an available connection from the pool (formerly list_zaalima_warehouse, now create_zaalima_warehouse_main)
[0m11:54:20.640301 [debug] [ThreadPool]: Creating schema "database: "zaalima_warehouse"
schema: "main"
"
[0m11:54:20.646319 [debug] [ThreadPool]: Using duckdb connection "create_zaalima_warehouse_main"
[0m11:54:20.646319 [debug] [ThreadPool]: On create_zaalima_warehouse_main: /* {"app": "dbt", "dbt_version": "1.12.5", "profile_name": "zaalima_retail", "target_name": "dev", "connection_name": "create_zaalima_warehouse_main"} */

    
        select type from duckdb_databases()
        where lower(database_name)='zaalima_warehouse'
        and type != 'duckdb'
    
  
[0m11:54:20.646319 [debug] [ThreadPool]: Opening a new connection, currently in state closed
[0m11:54:20.647643 [debug] [ThreadPool]: SQL status: OK in 0.001 seconds
[0m11:54:20.648634 [debug] [ThreadPool]: Using duckdb connection "create_zaalima_warehouse_main"
[0m11:54:20.648634 [debug] [ThreadPool]: On create_zaalima_warehouse_main: BEGIN
[0m11:54:20.649638 [debug] [ThreadPool]: SQL status: OK in 0.000 seconds
[0m11:54:20.649638 [debug] [ThreadPool]: Using duckdb connection "create_zaalima_warehouse_main"
[0m11:54:20.649638 [debug] [ThreadPool]: On create_zaalima_warehouse_main: /* {"app": "dbt", "dbt_version": "1.12.5", "profile_name": "zaalima_retail", "target_name": "dev", "connection_name": "create_zaalima_warehouse_main"} */

    
    
        create schema if not exists "zaalima_warehouse"."main"
    
[0m11:54:20.649638 [debug] [ThreadPool]: SQL status: OK in 0.000 seconds
[0m11:54:20.649638 [debug] [ThreadPool]: On create_zaalima_warehouse_main: COMMIT
[0m11:54:20.651419 [debug] [ThreadPool]: Using duckdb connection "create_zaalima_warehouse_main"
[0m11:54:20.651419 [debug] [ThreadPool]: On create_zaalima_warehouse_main: COMMIT
[0m11:54:20.651419 [debug] [ThreadPool]: SQL status: OK in 0.000 seconds
[0m11:54:20.652426 [debug] [ThreadPool]: On create_zaalima_warehouse_main: Close
[0m11:54:20.653471 [debug] [ThreadPool]: Acquiring new duckdb connection 'list_zaalima_warehouse_main'
[0m11:54:20.656524 [debug] [ThreadPool]: Using duckdb connection "list_zaalima_warehouse_main"
[0m11:54:20.657511 [debug] [ThreadPool]: On list_zaalima_warehouse_main: BEGIN
[0m11:54:20.657511 [debug] [ThreadPool]: Opening a new connection, currently in state init
[0m11:54:20.657511 [debug] [ThreadPool]: SQL status: OK in 0.000 seconds
[0m11:54:20.657511 [debug] [ThreadPool]: Using duckdb connection "list_zaalima_warehouse_main"
[0m11:54:20.658513 [debug] [ThreadPool]: On list_zaalima_warehouse_main: /* {"app": "dbt", "dbt_version": "1.12.5", "profile_name": "zaalima_retail", "target_name": "dev", "connection_name": "list_zaalima_warehouse_main"} */
select
      'zaalima_warehouse' as database,
      table_name as name,
      table_schema as schema,
      CASE table_type
        WHEN 'BASE TABLE' THEN 'table'
        WHEN 'VIEW' THEN 'view'
        WHEN 'LOCAL TEMPORARY' THEN 'table'
        END as type
    from system.information_schema.tables
    where lower(table_schema) = 'main'
    and lower(table_catalog) = 'zaalima_warehouse'
  
[0m11:54:20.676646 [debug] [ThreadPool]: SQL status: OK in 0.018 seconds
[0m11:54:20.677648 [debug] [ThreadPool]: On list_zaalima_warehouse_main: ROLLBACK
[0m11:54:20.678647 [debug] [ThreadPool]: On list_zaalima_warehouse_main: Close
[0m11:54:20.679647 [debug] [MainThread]: Sending event: {'category': 'dbt', 'action': 'runnable_timing', 'label': 'cdbfa032-b8ee-40a9-a931-3c48bee7f1cc', 'context': [<snowplow_tracker.self_describing_json.SelfDescribingJson object at 0x000001792A0F4620>]}
[0m11:54:20.679647 [debug] [MainThread]: Using duckdb connection "master"
[0m11:54:20.679647 [debug] [MainThread]: On master: BEGIN
[0m11:54:20.679647 [debug] [MainThread]: Opening a new connection, currently in state init
[0m11:54:20.681239 [debug] [MainThread]: SQL status: OK in 0.000 seconds
[0m11:54:20.681239 [debug] [MainThread]: On master: COMMIT
[0m11:54:20.681239 [debug] [MainThread]: Using duckdb connection "master"
[0m11:54:20.681239 [debug] [MainThread]: On master: COMMIT
[0m11:54:20.682347 [debug] [MainThread]: SQL status: OK in 0.000 seconds
[0m11:54:20.682347 [debug] [MainThread]: On master: Close
[0m11:54:20.687359 [debug] [Thread-1 (]: Began running node model.zaalima_retail_forecasting.stg_calendar
[0m11:54:20.687359 [info ] [Thread-1 (]: 1 of 1 START sql view model main.stg_calendar .................................. [RUN]
[0m11:54:20.688359 [debug] [Thread-1 (]: Acquiring new duckdb connection 'model.zaalima_retail_forecasting.stg_calendar'
[0m11:54:20.688359 [debug] [Thread-1 (]: Began compiling node model.zaalima_retail_forecasting.stg_calendar
[0m11:54:20.692047 [debug] [Thread-1 (]: Writing injected SQL for node "model.zaalima_retail_forecasting.stg_calendar"
[0m11:54:20.693137 [debug] [Thread-1 (]: Began executing node model.zaalima_retail_forecasting.stg_calendar
[0m11:54:20.719130 [debug] [Thread-1 (]: Writing runtime sql for node "model.zaalima_retail_forecasting.stg_calendar"
[0m11:54:20.720110 [debug] [Thread-1 (]: Using duckdb connection "model.zaalima_retail_forecasting.stg_calendar"
[0m11:54:20.720110 [debug] [Thread-1 (]: On model.zaalima_retail_forecasting.stg_calendar: BEGIN
[0m11:54:20.721008 [debug] [Thread-1 (]: Opening a new connection, currently in state init
[0m11:54:20.721720 [debug] [Thread-1 (]: SQL status: OK in 0.001 seconds
[0m11:54:20.721720 [debug] [Thread-1 (]: Using duckdb connection "model.zaalima_retail_forecasting.stg_calendar"
[0m11:54:20.721720 [debug] [Thread-1 (]: On model.zaalima_retail_forecasting.stg_calendar: /* {"app": "dbt", "dbt_version": "1.12.5", "profile_name": "zaalima_retail", "target_name": "dev", "node_id": "model.zaalima_retail_forecasting.stg_calendar"} */

  
  create view "zaalima_warehouse"."main"."stg_calendar__dbt_tmp" as (
    /* 
  Week 2: Day 1-3 Core Data Transformation
  Transforms the calendar records cleanly from the attached SQLite database source.
*/

WITH source_calendar_matrix AS (
    SELECT 
        LOWER(TRIM(d)) AS date_day_id,
        CAST(wm_yr_wk AS INTEGER) AS walmart_year_week,
        LOWER(TRIM(weekday)) AS weekday_name,
        CAST(wday AS INTEGER) AS weekday_number,
        CAST(month AS INTEGER) AS calendar_month,
        CAST(year AS INTEGER) AS calendar_year,
        LOWER(TRIM(event_name_1)) AS event_primary_name,
        LOWER(TRIM(event_type_1)) AS event_primary_type,
        CAST(snap_ca AS BOOLEAN) AS is_snap_eligible_ca,
        CAST(snap_tx AS BOOLEAN) AS is_snap_eligible_tx,
        CAST(snap_wi AS BOOLEAN) AS is_snap_eligible_wi
    FROM src_sqlite.calendar
)

SELECT * FROM source_calendar_matrix
  );

[0m11:54:20.735583 [debug] [Thread-1 (]: SQL status: OK in 0.013 seconds
[0m11:54:20.739581 [debug] [Thread-1 (]: Using duckdb connection "model.zaalima_retail_forecasting.stg_calendar"
[0m11:54:20.739581 [debug] [Thread-1 (]: On model.zaalima_retail_forecasting.stg_calendar: /* {"app": "dbt", "dbt_version": "1.12.5", "profile_name": "zaalima_retail", "target_name": "dev", "node_id": "model.zaalima_retail_forecasting.stg_calendar"} */
alter view "zaalima_warehouse"."main"."stg_calendar__dbt_tmp" rename to "stg_calendar"
[0m11:54:20.741173 [debug] [Thread-1 (]: SQL status: OK in 0.000 seconds
[0m11:54:20.750271 [debug] [Thread-1 (]: On model.zaalima_retail_forecasting.stg_calendar: COMMIT
[0m11:54:20.750271 [debug] [Thread-1 (]: Using duckdb connection "model.zaalima_retail_forecasting.stg_calendar"
[0m11:54:20.750271 [debug] [Thread-1 (]: On model.zaalima_retail_forecasting.stg_calendar: COMMIT
[0m11:54:20.754778 [debug] [Thread-1 (]: SQL status: OK in 0.004 seconds
[0m11:54:20.758774 [debug] [Thread-1 (]: Using duckdb connection "model.zaalima_retail_forecasting.stg_calendar"
[0m11:54:20.758774 [debug] [Thread-1 (]: On model.zaalima_retail_forecasting.stg_calendar: /* {"app": "dbt", "dbt_version": "1.12.5", "profile_name": "zaalima_retail", "target_name": "dev", "node_id": "model.zaalima_retail_forecasting.stg_calendar"} */

      drop view if exists "zaalima_warehouse"."main"."stg_calendar__dbt_backup" cascade
    
[0m11:54:20.759776 [debug] [Thread-1 (]: SQL status: OK in 0.000 seconds
[0m11:54:20.761281 [debug] [Thread-1 (]: On model.zaalima_retail_forecasting.stg_calendar: Close
[0m11:54:20.763286 [debug] [Thread-1 (]: Sending event: {'category': 'dbt', 'action': 'run_model', 'label': 'cdbfa032-b8ee-40a9-a931-3c48bee7f1cc', 'context': [<snowplow_tracker.self_describing_json.SelfDescribingJson object at 0x0000017929752900>]}
[0m11:54:20.764287 [info ] [Thread-1 (]: 1 of 1 OK created sql view model main.stg_calendar ............................. [[32mOK[0m in 0.07s]
[0m11:54:20.764287 [debug] [Thread-1 (]: Finished running node model.zaalima_retail_forecasting.stg_calendar
[0m11:54:20.766286 [debug] [MainThread]: Using duckdb connection "master"
[0m11:54:20.766286 [debug] [MainThread]: On master: BEGIN
[0m11:54:20.766286 [debug] [MainThread]: Opening a new connection, currently in state closed
[0m11:54:20.767287 [debug] [MainThread]: SQL status: OK in 0.000 seconds
[0m11:54:20.767287 [debug] [MainThread]: On master: COMMIT
[0m11:54:20.767287 [debug] [MainThread]: Using duckdb connection "master"
[0m11:54:20.767287 [debug] [MainThread]: On master: COMMIT
[0m11:54:20.767287 [debug] [MainThread]: SQL status: OK in 0.000 seconds
[0m11:54:20.768286 [debug] [MainThread]: On master: Close
[0m11:54:20.768286 [debug] [MainThread]: Connection 'master' was properly closed.
[0m11:54:20.768286 [debug] [MainThread]: Connection 'create_zaalima_warehouse_main' was properly closed.
[0m11:54:20.768286 [debug] [MainThread]: Connection 'list_zaalima_warehouse_main' was properly closed.
[0m11:54:20.769286 [debug] [MainThread]: Connection 'model.zaalima_retail_forecasting.stg_calendar' was properly closed.
[0m11:54:20.769286 [info ] [MainThread]: 
[0m11:54:20.769286 [info ] [MainThread]: Finished running 1 view model in 0 hours 0 minutes and 0.23 seconds (0.23s).
[0m11:54:20.770300 [debug] [MainThread]: Command end result
[0m11:54:20.795040 [debug] [MainThread]: Wrote artifact WritableManifest to C:\Users\savan\OneDrive\Desktop\zaalima-retail-forecasting\src_dbt\target\manifest.json
[0m11:54:20.798206 [debug] [MainThread]: Wrote artifact SemanticManifest to C:\Users\savan\OneDrive\Desktop\zaalima-retail-forecasting\src_dbt\target\semantic_manifest.json
[0m11:54:20.801158 [debug] [MainThread]: Wrote artifact OsiDocument to C:\Users\savan\OneDrive\Desktop\zaalima-retail-forecasting\src_dbt\target\osi_document.json
[0m11:54:20.806794 [debug] [MainThread]: Wrote artifact RunExecutionResult to C:\Users\savan\OneDrive\Desktop\zaalima-retail-forecasting\src_dbt\target\run_results.json
[0m11:54:20.807815 [info ] [MainThread]: 
[0m11:54:20.807815 [info ] [MainThread]: [32mCompleted successfully[0m
[0m11:54:20.808799 [info ] [MainThread]: 
[0m11:54:20.808799 [info ] [MainThread]: Done. PASS=1 WARN=0 ERROR=0 SKIP=0 NO-OP=0 REUSED=0 TOTAL=1
[0m11:54:20.809800 [debug] [MainThread]: Command `dbt run` succeeded at 11:54:20.809800 after 1.31 seconds
[0m11:54:20.809800 [debug] [MainThread]: Sending event: {'category': 'dbt', 'action': 'invocation', 'label': 'end', 'context': [<snowplow_tracker.self_describing_json.SelfDescribingJson object at 0x0000017929623F80>, <snowplow_tracker.self_describing_json.SelfDescribingJson object at 0x000001792A091400>, <snowplow_tracker.self_describing_json.SelfDescribingJson object at 0x0000017924ECB350>]}
[0m11:54:20.809800 [debug] [MainThread]: Flushing usage events
[0m11:54:22.449745 [debug] [MainThread]: An error was encountered while trying to flush usage events
[0m11:55:46.797267 [debug] [MainThread]: Sending event: {'category': 'dbt', 'action': 'invocation', 'label': 'start', 'context': [<snowplow_tracker.self_describing_json.SelfDescribingJson object at 0x000001EE54C64770>, <snowplow_tracker.self_describing_json.SelfDescribingJson object at 0x000001EE54C647A0>, <snowplow_tracker.self_describing_json.SelfDescribingJson object at 0x000001EE54480D10>]}


============================== 11:55:46.801265 | f57f90e2-f7a1-4951-a37e-3299ecdf6c33 ==============================
[0m11:55:46.801265 [info ] [MainThread]: Running with dbt=1.12.5
[0m11:55:46.801265 [debug] [MainThread]: running dbt with arguments {'static_parser': 'True', 'no_print': 'None', 'version_check': 'True', 'warn_error_options': 'WarnErrorOptionsV2(error=[], warn=[], silence=[])', 'target_path': 'None', 'maximum_seed_size_mib': '1', 'printer_width': '80', 'write_json': 'True', 'introspect': 'True', 'log_cache_events': 'False', 'empty': 'False', 'cache_selected_only': 'False', 'log_format': 'default', 'debug': 'False', 'fail_fast': 'False', 'partial_parse': 'True', 'send_anonymous_usage_stats': 'True', 'quiet': 'False', 'warn_error': 'None', 'profiles_dir': '.', 'indirect_selection': 'eager', 'hints_enabled': 'True', 'use_colors': 'True', 'use_experimental_parser': 'False', 'invocation_command': 'dbt run --profiles-dir . --target dev', 'log_path': 'C:\\Users\\savan\\OneDrive\\Desktop\\zaalima-retail-forecasting\\src_dbt\\logs'}
[0m11:55:47.003021 [debug] [MainThread]: Sending event: {'category': 'dbt', 'action': 'project_id', 'label': 'f57f90e2-f7a1-4951-a37e-3299ecdf6c33', 'context': [<snowplow_tracker.self_describing_json.SelfDescribingJson object at 0x000001EE56AB8E30>]}
[0m11:55:47.058328 [debug] [MainThread]: Sending event: {'category': 'dbt', 'action': 'adapter_info', 'label': 'f57f90e2-f7a1-4951-a37e-3299ecdf6c33', 'context': [<snowplow_tracker.self_describing_json.SelfDescribingJson object at 0x000001EE565E5820>]}
[0m11:55:47.060827 [info ] [MainThread]: Registered adapter: duckdb=1.11.0
[0m11:55:47.218903 [debug] [MainThread]: checksum: 1980649397f6b8736aca8e931a8f72645248b7a7ffe56753d37211119dd28880, vars: {}, profile: zaalima_retail, target: dev, version: 1.12.5
[0m11:55:47.325313 [debug] [MainThread]: Partial parsing enabled: 0 files deleted, 2 files added, 0 files changed.
[0m11:55:47.326446 [debug] [MainThread]: Partial parsing: added file: zaalima_retail_forecasting://models\staging\stg_sales.sql
[0m11:55:47.326446 [debug] [MainThread]: Partial parsing: added file: zaalima_retail_forecasting://models\staging\stg_prices.sql
[0m11:55:47.594559 [warn ] [MainThread]: [[33mWARNING[0m]: Configuration paths exist in your dbt_project.yml file which do not apply to any resources.
There are 1 unused configuration paths:
- models.zaalima_retail_forecasting.marts
[0m11:55:47.597836 [debug] [MainThread]: Sending event: {'category': 'dbt', 'action': 'load_project', 'label': 'f57f90e2-f7a1-4951-a37e-3299ecdf6c33', 'context': [<snowplow_tracker.self_describing_json.SelfDescribingJson object at 0x000001EE567BEA80>]}
[0m11:55:47.653357 [debug] [MainThread]: Wrote artifact WritableManifest to C:\Users\savan\OneDrive\Desktop\zaalima-retail-forecasting\src_dbt\target\manifest.json
[0m11:55:47.656880 [debug] [MainThread]: Wrote artifact SemanticManifest to C:\Users\savan\OneDrive\Desktop\zaalima-retail-forecasting\src_dbt\target\semantic_manifest.json
[0m11:55:47.679978 [debug] [MainThread]: Wrote artifact OsiDocument to C:\Users\savan\OneDrive\Desktop\zaalima-retail-forecasting\src_dbt\target\osi_document.json
[0m11:55:47.690490 [debug] [MainThread]: Sending event: {'category': 'dbt', 'action': 'resource_counts', 'label': 'f57f90e2-f7a1-4951-a37e-3299ecdf6c33', 'context': [<snowplow_tracker.self_describing_json.SelfDescribingJson object at 0x000001EE56ABAB70>]}
[0m11:55:47.691489 [info ] [MainThread]: Found 3 models, 500 macros
[0m11:55:47.691489 [debug] [MainThread]: Sending event: {'category': 'dbt', 'action': 'runnable_timing', 'label': 'f57f90e2-f7a1-4951-a37e-3299ecdf6c33', 'context': [<snowplow_tracker.self_describing_json.SelfDescribingJson object at 0x000001EE56BA8500>]}
[0m11:55:47.693488 [info ] [MainThread]: 
[0m11:55:47.693993 [info ] [MainThread]: Concurrency: 4 threads (target='dev')
[0m11:55:47.693993 [info ] [MainThread]: 
[0m11:55:47.694999 [debug] [MainThread]: Acquiring new duckdb connection 'master'
[0m11:55:47.698114 [debug] [ThreadPool]: Acquiring new duckdb connection 'list_zaalima_warehouse'
[0m11:55:47.747870 [debug] [ThreadPool]: Using duckdb connection "list_zaalima_warehouse"
[0m11:55:47.747870 [debug] [ThreadPool]: On list_zaalima_warehouse: /* {"app": "dbt", "dbt_version": "1.12.5", "profile_name": "zaalima_retail", "target_name": "dev", "connection_name": "list_zaalima_warehouse"} */

    
    select schema_name
    from system.information_schema.schemata
    
    where lower(catalog_name) = '"zaalima_warehouse"'
    
  
  
[0m11:55:47.747870 [debug] [ThreadPool]: Opening a new connection, currently in state init
[0m11:55:47.820547 [debug] [ThreadPool]: SQL status: OK in 0.072 seconds
[0m11:55:47.821802 [debug] [ThreadPool]: On list_zaalima_warehouse: Close
[0m11:55:47.823309 [debug] [ThreadPool]: Re-using an available connection from the pool (formerly list_zaalima_warehouse, now create_zaalima_warehouse_main)
[0m11:55:47.823309 [debug] [ThreadPool]: Creating schema "database: "zaalima_warehouse"
schema: "main"
"
[0m11:55:47.830542 [debug] [ThreadPool]: Using duckdb connection "create_zaalima_warehouse_main"
[0m11:55:47.830542 [debug] [ThreadPool]: On create_zaalima_warehouse_main: /* {"app": "dbt", "dbt_version": "1.12.5", "profile_name": "zaalima_retail", "target_name": "dev", "connection_name": "create_zaalima_warehouse_main"} */

    
        select type from duckdb_databases()
        where lower(database_name)='zaalima_warehouse'
        and type != 'duckdb'
    
  
[0m11:55:47.830542 [debug] [ThreadPool]: Opening a new connection, currently in state closed
[0m11:55:47.831542 [debug] [ThreadPool]: SQL status: OK in 0.001 seconds
[0m11:55:47.832525 [debug] [ThreadPool]: Using duckdb connection "create_zaalima_warehouse_main"
[0m11:55:47.833541 [debug] [ThreadPool]: On create_zaalima_warehouse_main: BEGIN
[0m11:55:47.833541 [debug] [ThreadPool]: SQL status: OK in 0.000 seconds
[0m11:55:47.833541 [debug] [ThreadPool]: Using duckdb connection "create_zaalima_warehouse_main"
[0m11:55:47.834852 [debug] [ThreadPool]: On create_zaalima_warehouse_main: /* {"app": "dbt", "dbt_version": "1.12.5", "profile_name": "zaalima_retail", "target_name": "dev", "connection_name": "create_zaalima_warehouse_main"} */

    
    
        create schema if not exists "zaalima_warehouse"."main"
    
[0m11:55:47.834852 [debug] [ThreadPool]: SQL status: OK in 0.000 seconds
[0m11:55:47.835857 [debug] [ThreadPool]: On create_zaalima_warehouse_main: COMMIT
[0m11:55:47.836856 [debug] [ThreadPool]: Using duckdb connection "create_zaalima_warehouse_main"
[0m11:55:47.836856 [debug] [ThreadPool]: On create_zaalima_warehouse_main: COMMIT
[0m11:55:47.837890 [debug] [ThreadPool]: SQL status: OK in 0.000 seconds
[0m11:55:47.837890 [debug] [ThreadPool]: On create_zaalima_warehouse_main: Close
[0m11:55:47.838857 [debug] [ThreadPool]: Acquiring new duckdb connection 'list_zaalima_warehouse_main'
[0m11:55:47.843367 [debug] [ThreadPool]: Using duckdb connection "list_zaalima_warehouse_main"
[0m11:55:47.843367 [debug] [ThreadPool]: On list_zaalima_warehouse_main: BEGIN
[0m11:55:47.843367 [debug] [ThreadPool]: Opening a new connection, currently in state init
[0m11:55:47.844377 [debug] [ThreadPool]: SQL status: OK in 0.001 seconds
[0m11:55:47.844377 [debug] [ThreadPool]: Using duckdb connection "list_zaalima_warehouse_main"
[0m11:55:47.844377 [debug] [ThreadPool]: On list_zaalima_warehouse_main: /* {"app": "dbt", "dbt_version": "1.12.5", "profile_name": "zaalima_retail", "target_name": "dev", "connection_name": "list_zaalima_warehouse_main"} */
select
      'zaalima_warehouse' as database,
      table_name as name,
      table_schema as schema,
      CASE table_type
        WHEN 'BASE TABLE' THEN 'table'
        WHEN 'VIEW' THEN 'view'
        WHEN 'LOCAL TEMPORARY' THEN 'table'
        END as type
    from system.information_schema.tables
    where lower(table_schema) = 'main'
    and lower(table_catalog) = 'zaalima_warehouse'
  
[0m11:55:47.861803 [debug] [ThreadPool]: SQL status: OK in 0.017 seconds
[0m11:55:47.863312 [debug] [ThreadPool]: On list_zaalima_warehouse_main: ROLLBACK
[0m11:55:47.865322 [debug] [ThreadPool]: On list_zaalima_warehouse_main: Close
[0m11:55:47.865322 [debug] [MainThread]: Sending event: {'category': 'dbt', 'action': 'runnable_timing', 'label': 'f57f90e2-f7a1-4951-a37e-3299ecdf6c33', 'context': [<snowplow_tracker.self_describing_json.SelfDescribingJson object at 0x000001EE522C3230>]}
[0m11:55:47.866318 [debug] [MainThread]: Using duckdb connection "master"
[0m11:55:47.866318 [debug] [MainThread]: On master: BEGIN
[0m11:55:47.867346 [debug] [MainThread]: Opening a new connection, currently in state init
[0m11:55:47.867346 [debug] [MainThread]: SQL status: OK in 0.000 seconds
[0m11:55:47.867346 [debug] [MainThread]: On master: COMMIT
[0m11:55:47.867346 [debug] [MainThread]: Using duckdb connection "master"
[0m11:55:47.868411 [debug] [MainThread]: On master: COMMIT
[0m11:55:47.868411 [debug] [MainThread]: SQL status: OK in 0.000 seconds
[0m11:55:47.868411 [debug] [MainThread]: On master: Close
[0m11:55:47.873280 [debug] [Thread-1 (]: Began running node model.zaalima_retail_forecasting.stg_calendar
[0m11:55:47.873280 [debug] [Thread-2 (]: Began running node model.zaalima_retail_forecasting.stg_prices
[0m11:55:47.874300 [debug] [Thread-3 (]: Began running node model.zaalima_retail_forecasting.stg_sales
[0m11:55:47.874300 [info ] [Thread-1 (]: 1 of 3 START sql view model main.stg_calendar .................................. [RUN]
[0m11:55:47.875285 [info ] [Thread-2 (]: 2 of 3 START sql view model main.stg_prices .................................... [RUN]
[0m11:55:47.876403 [debug] [Thread-1 (]: Acquiring new duckdb connection 'model.zaalima_retail_forecasting.stg_calendar'
[0m11:55:47.875285 [info ] [Thread-3 (]: 3 of 3 START sql view model main.stg_sales ..................................... [RUN]
[0m11:55:47.876403 [debug] [Thread-2 (]: Acquiring new duckdb connection 'model.zaalima_retail_forecasting.stg_prices'
[0m11:55:47.876403 [debug] [Thread-1 (]: Began compiling node model.zaalima_retail_forecasting.stg_calendar
[0m11:55:47.877408 [debug] [Thread-3 (]: Acquiring new duckdb connection 'model.zaalima_retail_forecasting.stg_sales'
[0m11:55:47.877408 [debug] [Thread-2 (]: Began compiling node model.zaalima_retail_forecasting.stg_prices
[0m11:55:47.882409 [debug] [Thread-1 (]: Writing injected SQL for node "model.zaalima_retail_forecasting.stg_calendar"
[0m11:55:47.882409 [debug] [Thread-3 (]: Began compiling node model.zaalima_retail_forecasting.stg_sales
[0m11:55:47.883409 [debug] [Thread-2 (]: Writing injected SQL for node "model.zaalima_retail_forecasting.stg_prices"
[0m11:55:47.883913 [debug] [Thread-3 (]: Writing injected SQL for node "model.zaalima_retail_forecasting.stg_sales"
[0m11:55:47.884918 [debug] [Thread-1 (]: Began executing node model.zaalima_retail_forecasting.stg_calendar
[0m11:55:47.908225 [debug] [Thread-1 (]: Writing runtime sql for node "model.zaalima_retail_forecasting.stg_calendar"
[0m11:55:47.909312 [debug] [Thread-2 (]: Began executing node model.zaalima_retail_forecasting.stg_prices
[0m11:55:47.911324 [debug] [Thread-2 (]: Writing runtime sql for node "model.zaalima_retail_forecasting.stg_prices"
[0m11:55:47.912224 [debug] [Thread-3 (]: Began executing node model.zaalima_retail_forecasting.stg_sales
[0m11:55:47.914902 [debug] [Thread-3 (]: Writing runtime sql for node "model.zaalima_retail_forecasting.stg_sales"
[0m11:55:47.916862 [debug] [Thread-1 (]: Using duckdb connection "model.zaalima_retail_forecasting.stg_calendar"
[0m11:55:47.916862 [debug] [Thread-2 (]: Using duckdb connection "model.zaalima_retail_forecasting.stg_prices"
[0m11:55:47.917865 [debug] [Thread-1 (]: On model.zaalima_retail_forecasting.stg_calendar: BEGIN
[0m11:55:47.917865 [debug] [Thread-2 (]: On model.zaalima_retail_forecasting.stg_prices: BEGIN
[0m11:55:47.917865 [debug] [Thread-3 (]: Using duckdb connection "model.zaalima_retail_forecasting.stg_sales"
[0m11:55:47.918860 [debug] [Thread-1 (]: Opening a new connection, currently in state init
[0m11:55:47.918860 [debug] [Thread-2 (]: Opening a new connection, currently in state init
[0m11:55:47.918860 [debug] [Thread-3 (]: On model.zaalima_retail_forecasting.stg_sales: BEGIN
[0m11:55:47.919860 [debug] [Thread-1 (]: SQL status: OK in 0.001 seconds
[0m11:55:47.920860 [debug] [Thread-2 (]: SQL status: OK in 0.001 seconds
[0m11:55:47.920860 [debug] [Thread-3 (]: Opening a new connection, currently in state init
[0m11:55:47.920860 [debug] [Thread-1 (]: Using duckdb connection "model.zaalima_retail_forecasting.stg_calendar"
[0m11:55:47.920860 [debug] [Thread-2 (]: Using duckdb connection "model.zaalima_retail_forecasting.stg_prices"
[0m11:55:47.922084 [debug] [Thread-1 (]: On model.zaalima_retail_forecasting.stg_calendar: /* {"app": "dbt", "dbt_version": "1.12.5", "profile_name": "zaalima_retail", "target_name": "dev", "node_id": "model.zaalima_retail_forecasting.stg_calendar"} */

  
  create view "zaalima_warehouse"."main"."stg_calendar__dbt_tmp" as (
    /* 
  Week 2: Day 1-3 Core Data Transformation
  Transforms the calendar records cleanly from the attached SQLite database source.
*/

WITH source_calendar_matrix AS (
    SELECT 
        LOWER(TRIM(d)) AS date_day_id,
        CAST(wm_yr_wk AS INTEGER) AS walmart_year_week,
        LOWER(TRIM(weekday)) AS weekday_name,
        CAST(wday AS INTEGER) AS weekday_number,
        CAST(month AS INTEGER) AS calendar_month,
        CAST(year AS INTEGER) AS calendar_year,
        LOWER(TRIM(event_name_1)) AS event_primary_name,
        LOWER(TRIM(event_type_1)) AS event_primary_type,
        CAST(snap_ca AS BOOLEAN) AS is_snap_eligible_ca,
        CAST(snap_tx AS BOOLEAN) AS is_snap_eligible_tx,
        CAST(snap_wi AS BOOLEAN) AS is_snap_eligible_wi
    FROM src_sqlite.calendar
)

SELECT * FROM source_calendar_matrix
  );

[0m11:55:47.922084 [debug] [Thread-2 (]: On model.zaalima_retail_forecasting.stg_prices: /* {"app": "dbt", "dbt_version": "1.12.5", "profile_name": "zaalima_retail", "target_name": "dev", "node_id": "model.zaalima_retail_forecasting.stg_prices"} */

  
  create view "zaalima_warehouse"."main"."stg_prices__dbt_tmp" as (
    /* 
  Week 2: Day 1-3 Core Data Transformation
  Maps and sanitizes the historical item pricing records from the attached database.
*/

WITH source_prices_matrix AS (
    SELECT 
        LOWER(TRIM(store_id)) AS store_id,
        LOWER(TRIM(item_id)) AS item_id,
        CAST(wm_yr_wk AS INTEGER) AS walmart_year_week,
        CAST(sell_price AS DOUBLE) AS item_sell_price
    FROM src_sqlite.sell_prices
)

SELECT * FROM source_prices_matrix
  );

[0m11:55:47.922084 [debug] [Thread-3 (]: SQL status: OK in 0.002 seconds
[0m11:55:47.923085 [debug] [Thread-3 (]: Using duckdb connection "model.zaalima_retail_forecasting.stg_sales"
[0m11:55:47.923590 [debug] [Thread-3 (]: On model.zaalima_retail_forecasting.stg_sales: /* {"app": "dbt", "dbt_version": "1.12.5", "profile_name": "zaalima_retail", "target_name": "dev", "node_id": "model.zaalima_retail_forecasting.stg_sales"} */

  
  create view "zaalima_warehouse"."main"."stg_sales__dbt_tmp" as (
    /* 
  Week 2: Day 1-3 Core Data Transformation
  Maps and unpivots the core transactional historical store sales demand matrices.
*/

WITH source_sales_matrix AS (
    SELECT 
        LOWER(TRIM(id)) AS long_series_id,
        LOWER(TRIM(item_id)) AS item_id,
        LOWER(TRIM(dept_id)) AS department_id,
        LOWER(TRIM(cat_id)) AS category_id,
        LOWER(TRIM(store_id)) AS store_id,
        LOWER(TRIM(state_id)) AS state_id,
        -- Select all trailing daily volume matrix strings dynamically
        * EXCLUDE (id, item_id, dept_id, cat_id, store_id, state_id)
    FROM src_sqlite.sales_train_validation
)

SELECT * FROM source_sales_matrix
  );

[0m11:55:47.928801 [debug] [Thread-1 (]: SQL status: OK in 0.007 seconds
[0m11:55:47.933310 [debug] [Thread-1 (]: Using duckdb connection "model.zaalima_retail_forecasting.stg_calendar"
[0m11:55:47.934320 [debug] [Thread-1 (]: On model.zaalima_retail_forecasting.stg_calendar: /* {"app": "dbt", "dbt_version": "1.12.5", "profile_name": "zaalima_retail", "target_name": "dev", "node_id": "model.zaalima_retail_forecasting.stg_calendar"} */
alter view "zaalima_warehouse"."main"."stg_calendar" rename to "stg_calendar__dbt_backup"
[0m11:55:47.934320 [debug] [Thread-2 (]: SQL status: OK in 0.011 seconds
[0m11:55:47.936402 [debug] [Thread-2 (]: Using duckdb connection "model.zaalima_retail_forecasting.stg_prices"
[0m11:55:47.936402 [debug] [Thread-2 (]: On model.zaalima_retail_forecasting.stg_prices: /* {"app": "dbt", "dbt_version": "1.12.5", "profile_name": "zaalima_retail", "target_name": "dev", "node_id": "model.zaalima_retail_forecasting.stg_prices"} */
alter view "zaalima_warehouse"."main"."stg_prices__dbt_tmp" rename to "stg_prices"
[0m11:55:47.937316 [debug] [Thread-1 (]: SQL status: OK in 0.003 seconds
[0m11:55:47.938320 [debug] [Thread-1 (]: Using duckdb connection "model.zaalima_retail_forecasting.stg_calendar"
[0m11:55:47.939318 [debug] [Thread-1 (]: On model.zaalima_retail_forecasting.stg_calendar: /* {"app": "dbt", "dbt_version": "1.12.5", "profile_name": "zaalima_retail", "target_name": "dev", "node_id": "model.zaalima_retail_forecasting.stg_calendar"} */
alter view "zaalima_warehouse"."main"."stg_calendar__dbt_tmp" rename to "stg_calendar"
[0m11:55:47.939318 [debug] [Thread-2 (]: SQL status: OK in 0.003 seconds
[0m11:55:47.950262 [debug] [Thread-2 (]: On model.zaalima_retail_forecasting.stg_prices: COMMIT
[0m11:55:47.950696 [debug] [Thread-1 (]: SQL status: OK in 0.011 seconds
[0m11:55:47.950696 [debug] [Thread-2 (]: Using duckdb connection "model.zaalima_retail_forecasting.stg_prices"
[0m11:55:47.954388 [debug] [Thread-1 (]: On model.zaalima_retail_forecasting.stg_calendar: COMMIT
[0m11:55:47.954388 [debug] [Thread-2 (]: On model.zaalima_retail_forecasting.stg_prices: COMMIT
[0m11:55:47.954388 [debug] [Thread-1 (]: Using duckdb connection "model.zaalima_retail_forecasting.stg_calendar"
[0m11:55:47.955292 [debug] [Thread-1 (]: On model.zaalima_retail_forecasting.stg_calendar: COMMIT
[0m11:55:47.958291 [debug] [Thread-2 (]: SQL status: OK in 0.003 seconds
[0m11:55:47.961800 [debug] [Thread-2 (]: Using duckdb connection "model.zaalima_retail_forecasting.stg_prices"
[0m11:55:47.961800 [debug] [Thread-2 (]: On model.zaalima_retail_forecasting.stg_prices: /* {"app": "dbt", "dbt_version": "1.12.5", "profile_name": "zaalima_retail", "target_name": "dev", "node_id": "model.zaalima_retail_forecasting.stg_prices"} */

      drop view if exists "zaalima_warehouse"."main"."stg_prices__dbt_backup" cascade
    
[0m11:55:47.963303 [debug] [Thread-1 (]: SQL status: OK in 0.008 seconds
[0m11:55:47.963303 [debug] [Thread-3 (]: SQL status: OK in 0.040 seconds
[0m11:55:47.965309 [debug] [Thread-1 (]: Using duckdb connection "model.zaalima_retail_forecasting.stg_calendar"
[0m11:55:47.965309 [debug] [Thread-2 (]: SQL status: OK in 0.002 seconds
[0m11:55:47.967308 [debug] [Thread-3 (]: Using duckdb connection "model.zaalima_retail_forecasting.stg_sales"
[0m11:55:47.967308 [debug] [Thread-1 (]: On model.zaalima_retail_forecasting.stg_calendar: /* {"app": "dbt", "dbt_version": "1.12.5", "profile_name": "zaalima_retail", "target_name": "dev", "node_id": "model.zaalima_retail_forecasting.stg_calendar"} */

      drop view if exists "zaalima_warehouse"."main"."stg_calendar__dbt_backup" cascade
    
[0m11:55:47.969308 [debug] [Thread-2 (]: On model.zaalima_retail_forecasting.stg_prices: Close
[0m11:55:47.969308 [debug] [Thread-3 (]: On model.zaalima_retail_forecasting.stg_sales: /* {"app": "dbt", "dbt_version": "1.12.5", "profile_name": "zaalima_retail", "target_name": "dev", "node_id": "model.zaalima_retail_forecasting.stg_sales"} */
alter view "zaalima_warehouse"."main"."stg_sales__dbt_tmp" rename to "stg_sales"
[0m11:55:47.971313 [debug] [Thread-1 (]: SQL status: OK in 0.002 seconds
[0m11:55:47.974093 [debug] [Thread-1 (]: On model.zaalima_retail_forecasting.stg_calendar: Close
[0m11:55:47.975103 [debug] [Thread-3 (]: SQL status: OK in 0.004 seconds
[0m11:55:47.976260 [debug] [Thread-3 (]: On model.zaalima_retail_forecasting.stg_sales: COMMIT
[0m11:55:47.976260 [debug] [Thread-3 (]: Using duckdb connection "model.zaalima_retail_forecasting.stg_sales"
[0m11:55:47.976260 [debug] [Thread-3 (]: On model.zaalima_retail_forecasting.stg_sales: COMMIT
[0m11:55:47.977260 [debug] [Thread-2 (]: Sending event: {'category': 'dbt', 'action': 'run_model', 'label': 'f57f90e2-f7a1-4951-a37e-3299ecdf6c33', 'context': [<snowplow_tracker.self_describing_json.SelfDescribingJson object at 0x000001EE56BAAC30>]}
[0m11:55:47.978262 [debug] [Thread-1 (]: Sending event: {'category': 'dbt', 'action': 'run_model', 'label': 'f57f90e2-f7a1-4951-a37e-3299ecdf6c33', 'context': [<snowplow_tracker.self_describing_json.SelfDescribingJson object at 0x000001EE5692A0C0>]}
[0m11:55:47.978262 [info ] [Thread-2 (]: 2 of 3 OK created sql view model main.stg_prices ............................... [[32mOK[0m in 0.09s]
[0m11:55:47.979257 [debug] [Thread-2 (]: Finished running node model.zaalima_retail_forecasting.stg_prices
[0m11:55:47.979257 [info ] [Thread-1 (]: 1 of 3 OK created sql view model main.stg_calendar ............................. [[32mOK[0m in 0.10s]
[0m11:55:47.980260 [debug] [Thread-3 (]: SQL status: OK in 0.003 seconds
[0m11:55:47.980260 [debug] [Thread-1 (]: Finished running node model.zaalima_retail_forecasting.stg_calendar
[0m11:55:47.981259 [debug] [Thread-3 (]: Using duckdb connection "model.zaalima_retail_forecasting.stg_sales"
[0m11:55:47.982259 [debug] [Thread-3 (]: On model.zaalima_retail_forecasting.stg_sales: /* {"app": "dbt", "dbt_version": "1.12.5", "profile_name": "zaalima_retail", "target_name": "dev", "node_id": "model.zaalima_retail_forecasting.stg_sales"} */

      drop view if exists "zaalima_warehouse"."main"."stg_sales__dbt_backup" cascade
    
[0m11:55:47.982259 [debug] [Thread-3 (]: SQL status: OK in 0.000 seconds
[0m11:55:47.983780 [debug] [Thread-3 (]: On model.zaalima_retail_forecasting.stg_sales: Close
[0m11:55:47.983780 [debug] [Thread-3 (]: Sending event: {'category': 'dbt', 'action': 'run_model', 'label': 'f57f90e2-f7a1-4951-a37e-3299ecdf6c33', 'context': [<snowplow_tracker.self_describing_json.SelfDescribingJson object at 0x000001EE57338FB0>]}
[0m11:55:47.984807 [info ] [Thread-3 (]: 3 of 3 OK created sql view model main.stg_sales ................................ [[32mOK[0m in 0.11s]
[0m11:55:47.984807 [debug] [Thread-3 (]: Finished running node model.zaalima_retail_forecasting.stg_sales
[0m11:55:47.986785 [debug] [MainThread]: Using duckdb connection "master"
[0m11:55:47.986785 [debug] [MainThread]: On master: BEGIN
[0m11:55:47.986785 [debug] [MainThread]: Opening a new connection, currently in state closed
[0m11:55:47.987788 [debug] [MainThread]: SQL status: OK in 0.000 seconds
[0m11:55:47.987788 [debug] [MainThread]: On master: COMMIT
[0m11:55:47.987788 [debug] [MainThread]: Using duckdb connection "master"
[0m11:55:47.988787 [debug] [MainThread]: On master: COMMIT
[0m11:55:47.988787 [debug] [MainThread]: SQL status: OK in 0.000 seconds
[0m11:55:47.988787 [debug] [MainThread]: On master: Close
[0m11:55:47.989787 [debug] [MainThread]: Connection 'master' was properly closed.
[0m11:55:47.989787 [debug] [MainThread]: Connection 'create_zaalima_warehouse_main' was properly closed.
[0m11:55:47.989787 [debug] [MainThread]: Connection 'list_zaalima_warehouse_main' was properly closed.
[0m11:55:47.989787 [debug] [MainThread]: Connection 'model.zaalima_retail_forecasting.stg_calendar' was properly closed.
[0m11:55:47.989787 [debug] [MainThread]: Connection 'model.zaalima_retail_forecasting.stg_prices' was properly closed.
[0m11:55:47.990785 [debug] [MainThread]: Connection 'model.zaalima_retail_forecasting.stg_sales' was properly closed.
[0m11:55:47.990785 [info ] [MainThread]: 
[0m11:55:47.990785 [info ] [MainThread]: Finished running 3 view models in 0 hours 0 minutes and 0.30 seconds (0.30s).
[0m11:55:47.991783 [debug] [MainThread]: Command end result
[0m11:55:48.017264 [debug] [MainThread]: Wrote artifact WritableManifest to C:\Users\savan\OneDrive\Desktop\zaalima-retail-forecasting\src_dbt\target\manifest.json
[0m11:55:48.020254 [debug] [MainThread]: Wrote artifact SemanticManifest to C:\Users\savan\OneDrive\Desktop\zaalima-retail-forecasting\src_dbt\target\semantic_manifest.json
[0m11:55:48.023524 [debug] [MainThread]: Wrote artifact OsiDocument to C:\Users\savan\OneDrive\Desktop\zaalima-retail-forecasting\src_dbt\target\osi_document.json
[0m11:55:48.024531 [debug] [MainThread]: Wrote artifact RunExecutionResult to C:\Users\savan\OneDrive\Desktop\zaalima-retail-forecasting\src_dbt\target\run_results.json
[0m11:55:48.024531 [info ] [MainThread]: 
[0m11:55:48.024531 [info ] [MainThread]: [32mCompleted successfully[0m
[0m11:55:48.024531 [info ] [MainThread]: 
[0m11:55:48.024531 [info ] [MainThread]: Done. PASS=3 WARN=0 ERROR=0 SKIP=0 NO-OP=0 REUSED=0 TOTAL=3
[0m11:55:48.024531 [debug] [MainThread]: Command `dbt run` succeeded at 11:55:48.024531 after 1.35 seconds
[0m11:55:48.033566 [debug] [MainThread]: Sending event: {'category': 'dbt', 'action': 'invocation', 'label': 'end', 'context': [<snowplow_tracker.self_describing_json.SelfDescribingJson object at 0x000001EE54CA1EE0>, <snowplow_tracker.self_describing_json.SelfDescribingJson object at 0x000001EE54797380>, <snowplow_tracker.self_describing_json.SelfDescribingJson object at 0x000001EE565E70B0>]}
[0m11:55:48.033566 [debug] [MainThread]: Flushing usage events
[0m11:55:49.767185 [debug] [MainThread]: An error was encountered while trying to flush usage events
[0m11:56:57.298493 [debug] [MainThread]: Sending event: {'category': 'dbt', 'action': 'invocation', 'label': 'start', 'context': [<snowplow_tracker.self_describing_json.SelfDescribingJson object at 0x000001F22CCA0320>, <snowplow_tracker.self_describing_json.SelfDescribingJson object at 0x000001F22CCA02C0>, <snowplow_tracker.self_describing_json.SelfDescribingJson object at 0x000001F22CCA1310>]}


============================== 11:56:57.302040 | 83065e60-76c1-493b-909d-9f20987b0657 ==============================
[0m11:56:57.302040 [info ] [MainThread]: Running with dbt=1.12.5
[0m11:56:57.303616 [debug] [MainThread]: running dbt with arguments {'maximum_seed_size_mib': '1', 'no_print': 'None', 'static_parser': 'True', 'target_path': 'None', 'warn_error_options': 'WarnErrorOptionsV2(error=[], warn=[], silence=[])', 'version_check': 'True', 'printer_width': '80', 'write_json': 'True', 'introspect': 'True', 'log_cache_events': 'False', 'empty': 'False', 'cache_selected_only': 'False', 'fail_fast': 'False', 'debug': 'False', 'log_format': 'default', 'partial_parse': 'True', 'send_anonymous_usage_stats': 'True', 'quiet': 'False', 'warn_error': 'None', 'profiles_dir': '.', 'indirect_selection': 'eager', 'hints_enabled': 'True', 'invocation_command': 'dbt run --profiles-dir . --target dev', 'use_experimental_parser': 'False', 'use_colors': 'True', 'log_path': 'C:\\Users\\savan\\OneDrive\\Desktop\\zaalima-retail-forecasting\\src_dbt\\logs'}
[0m11:56:57.518674 [debug] [MainThread]: Sending event: {'category': 'dbt', 'action': 'project_id', 'label': '83065e60-76c1-493b-909d-9f20987b0657', 'context': [<snowplow_tracker.self_describing_json.SelfDescribingJson object at 0x000001F22CFE8F20>]}
[0m11:56:57.575451 [debug] [MainThread]: Sending event: {'category': 'dbt', 'action': 'adapter_info', 'label': '83065e60-76c1-493b-909d-9f20987b0657', 'context': [<snowplow_tracker.self_describing_json.SelfDescribingJson object at 0x000001F22CFC5D00>]}
[0m11:56:57.578510 [info ] [MainThread]: Registered adapter: duckdb=1.11.0
[0m11:56:57.734553 [debug] [MainThread]: checksum: 1980649397f6b8736aca8e931a8f72645248b7a7ffe56753d37211119dd28880, vars: {}, profile: zaalima_retail, target: dev, version: 1.12.5
[0m11:56:57.833369 [debug] [MainThread]: Partial parsing enabled: 0 files deleted, 1 files added, 0 files changed.
[0m11:56:57.833369 [debug] [MainThread]: Partial parsing: added file: zaalima_retail_forecasting://models\marts\fct_daily_retail_sales.sql
[0m11:56:58.099895 [debug] [MainThread]: Sending event: {'category': 'dbt', 'action': 'load_project', 'label': '83065e60-76c1-493b-909d-9f20987b0657', 'context': [<snowplow_tracker.self_describing_json.SelfDescribingJson object at 0x000001F22861B080>]}
[0m11:56:58.156403 [debug] [MainThread]: Wrote artifact WritableManifest to C:\Users\savan\OneDrive\Desktop\zaalima-retail-forecasting\src_dbt\target\manifest.json
[0m11:56:58.159361 [debug] [MainThread]: Wrote artifact SemanticManifest to C:\Users\savan\OneDrive\Desktop\zaalima-retail-forecasting\src_dbt\target\semantic_manifest.json
[0m11:56:58.185403 [debug] [MainThread]: Wrote artifact OsiDocument to C:\Users\savan\OneDrive\Desktop\zaalima-retail-forecasting\src_dbt\target\osi_document.json
[0m11:56:58.195218 [debug] [MainThread]: Sending event: {'category': 'dbt', 'action': 'resource_counts', 'label': '83065e60-76c1-493b-909d-9f20987b0657', 'context': [<snowplow_tracker.self_describing_json.SelfDescribingJson object at 0x000001F22D0A7770>]}
[0m11:56:58.196343 [info ] [MainThread]: Found 4 models, 500 macros
[0m11:56:58.196343 [debug] [MainThread]: Sending event: {'category': 'dbt', 'action': 'runnable_timing', 'label': '83065e60-76c1-493b-909d-9f20987b0657', 'context': [<snowplow_tracker.self_describing_json.SelfDescribingJson object at 0x000001F22D3B8C50>]}
[0m11:56:58.198355 [info ] [MainThread]: 
[0m11:56:58.198355 [info ] [MainThread]: Concurrency: 4 threads (target='dev')
[0m11:56:58.198355 [info ] [MainThread]: 
[0m11:56:58.199338 [debug] [MainThread]: Acquiring new duckdb connection 'master'
[0m11:56:58.202968 [debug] [ThreadPool]: Acquiring new duckdb connection 'list_zaalima_warehouse'
[0m11:56:58.251893 [debug] [ThreadPool]: Using duckdb connection "list_zaalima_warehouse"
[0m11:56:58.251893 [debug] [ThreadPool]: On list_zaalima_warehouse: /* {"app": "dbt", "dbt_version": "1.12.5", "profile_name": "zaalima_retail", "target_name": "dev", "connection_name": "list_zaalima_warehouse"} */

    
    select schema_name
    from system.information_schema.schemata
    
    where lower(catalog_name) = '"zaalima_warehouse"'
    
  
  
[0m11:56:58.251893 [debug] [ThreadPool]: Opening a new connection, currently in state init
[0m11:56:58.318270 [debug] [ThreadPool]: SQL status: OK in 0.066 seconds
[0m11:56:58.320270 [debug] [ThreadPool]: On list_zaalima_warehouse: Close
[0m11:56:58.320270 [debug] [ThreadPool]: Re-using an available connection from the pool (formerly list_zaalima_warehouse, now create_zaalima_warehouse_main)
[0m11:56:58.321593 [debug] [ThreadPool]: Creating schema "database: "zaalima_warehouse"
schema: "main"
"
[0m11:56:58.325285 [debug] [ThreadPool]: Using duckdb connection "create_zaalima_warehouse_main"
[0m11:56:58.325285 [debug] [ThreadPool]: On create_zaalima_warehouse_main: /* {"app": "dbt", "dbt_version": "1.12.5", "profile_name": "zaalima_retail", "target_name": "dev", "connection_name": "create_zaalima_warehouse_main"} */

    
        select type from duckdb_databases()
        where lower(database_name)='zaalima_warehouse'
        and type != 'duckdb'
    
  
[0m11:56:58.325285 [debug] [ThreadPool]: Opening a new connection, currently in state closed
[0m11:56:58.325285 [debug] [ThreadPool]: SQL status: OK in 0.001 seconds
[0m11:56:58.325285 [debug] [ThreadPool]: Using duckdb connection "create_zaalima_warehouse_main"
[0m11:56:58.325285 [debug] [ThreadPool]: On create_zaalima_warehouse_main: BEGIN
[0m11:56:58.325285 [debug] [ThreadPool]: SQL status: OK in 0.000 seconds
[0m11:56:58.325285 [debug] [ThreadPool]: Using duckdb connection "create_zaalima_warehouse_main"
[0m11:56:58.325285 [debug] [ThreadPool]: On create_zaalima_warehouse_main: /* {"app": "dbt", "dbt_version": "1.12.5", "profile_name": "zaalima_retail", "target_name": "dev", "connection_name": "create_zaalima_warehouse_main"} */

    
    
        create schema if not exists "zaalima_warehouse"."main"
    
[0m11:56:58.325285 [debug] [ThreadPool]: SQL status: OK in 0.000 seconds
[0m11:56:58.333265 [debug] [ThreadPool]: On create_zaalima_warehouse_main: COMMIT
[0m11:56:58.333815 [debug] [ThreadPool]: Using duckdb connection "create_zaalima_warehouse_main"
[0m11:56:58.333815 [debug] [ThreadPool]: On create_zaalima_warehouse_main: COMMIT
[0m11:56:58.334892 [debug] [ThreadPool]: SQL status: OK in 0.000 seconds
[0m11:56:58.334892 [debug] [ThreadPool]: On create_zaalima_warehouse_main: Close
[0m11:56:58.336848 [debug] [ThreadPool]: Acquiring new duckdb connection 'list_zaalima_warehouse_main'
[0m11:56:58.340930 [debug] [ThreadPool]: Using duckdb connection "list_zaalima_warehouse_main"
[0m11:56:58.340930 [debug] [ThreadPool]: On list_zaalima_warehouse_main: BEGIN
[0m11:56:58.341932 [debug] [ThreadPool]: Opening a new connection, currently in state init
[0m11:56:58.341932 [debug] [ThreadPool]: SQL status: OK in 0.000 seconds
[0m11:56:58.341932 [debug] [ThreadPool]: Using duckdb connection "list_zaalima_warehouse_main"
[0m11:56:58.341932 [debug] [ThreadPool]: On list_zaalima_warehouse_main: /* {"app": "dbt", "dbt_version": "1.12.5", "profile_name": "zaalima_retail", "target_name": "dev", "connection_name": "list_zaalima_warehouse_main"} */
select
      'zaalima_warehouse' as database,
      table_name as name,
      table_schema as schema,
      CASE table_type
        WHEN 'BASE TABLE' THEN 'table'
        WHEN 'VIEW' THEN 'view'
        WHEN 'LOCAL TEMPORARY' THEN 'table'
        END as type
    from system.information_schema.tables
    where lower(table_schema) = 'main'
    and lower(table_catalog) = 'zaalima_warehouse'
  
[0m11:56:58.360009 [debug] [ThreadPool]: SQL status: OK in 0.018 seconds
[0m11:56:58.362008 [debug] [ThreadPool]: On list_zaalima_warehouse_main: ROLLBACK
[0m11:56:58.363598 [debug] [ThreadPool]: On list_zaalima_warehouse_main: Close
[0m11:56:58.364729 [debug] [MainThread]: Sending event: {'category': 'dbt', 'action': 'runnable_timing', 'label': '83065e60-76c1-493b-909d-9f20987b0657', 'context': [<snowplow_tracker.self_describing_json.SelfDescribingJson object at 0x000001F2287F33B0>]}
[0m11:56:58.364729 [debug] [MainThread]: Using duckdb connection "master"
[0m11:56:58.364729 [debug] [MainThread]: On master: BEGIN
[0m11:56:58.364729 [debug] [MainThread]: Opening a new connection, currently in state init
[0m11:56:58.365822 [debug] [MainThread]: SQL status: OK in 0.000 seconds
[0m11:56:58.365822 [debug] [MainThread]: On master: COMMIT
[0m11:56:58.365822 [debug] [MainThread]: Using duckdb connection "master"
[0m11:56:58.366829 [debug] [MainThread]: On master: COMMIT
[0m11:56:58.366829 [debug] [MainThread]: SQL status: OK in 0.000 seconds
[0m11:56:58.366829 [debug] [MainThread]: On master: Close
[0m11:56:58.369818 [debug] [Thread-1 (]: Began running node model.zaalima_retail_forecasting.stg_calendar
[0m11:56:58.371031 [debug] [Thread-2 (]: Began running node model.zaalima_retail_forecasting.stg_prices
[0m11:56:58.371031 [debug] [Thread-3 (]: Began running node model.zaalima_retail_forecasting.stg_sales
[0m11:56:58.371031 [info ] [Thread-1 (]: 1 of 4 START sql view model main.stg_calendar .................................. [RUN]
[0m11:56:58.372075 [debug] [Thread-1 (]: Acquiring new duckdb connection 'model.zaalima_retail_forecasting.stg_calendar'
[0m11:56:58.372075 [debug] [Thread-1 (]: Began compiling node model.zaalima_retail_forecasting.stg_calendar
[0m11:56:58.376934 [debug] [Thread-1 (]: Writing injected SQL for node "model.zaalima_retail_forecasting.stg_calendar"
[0m11:56:58.372075 [info ] [Thread-2 (]: 2 of 4 START sql view model main.stg_prices .................................... [RUN]
[0m11:56:58.377923 [debug] [Thread-2 (]: Acquiring new duckdb connection 'model.zaalima_retail_forecasting.stg_prices'
[0m11:56:58.377923 [debug] [Thread-2 (]: Began compiling node model.zaalima_retail_forecasting.stg_prices
[0m11:56:58.372075 [info ] [Thread-3 (]: 3 of 4 START sql view model main.stg_sales ..................................... [RUN]
[0m11:56:58.379842 [debug] [Thread-2 (]: Writing injected SQL for node "model.zaalima_retail_forecasting.stg_prices"
[0m11:56:58.379842 [debug] [Thread-3 (]: Acquiring new duckdb connection 'model.zaalima_retail_forecasting.stg_sales'
[0m11:56:58.380842 [debug] [Thread-1 (]: Began executing node model.zaalima_retail_forecasting.stg_calendar
[0m11:56:58.380842 [debug] [Thread-3 (]: Began compiling node model.zaalima_retail_forecasting.stg_sales
[0m11:56:58.402048 [debug] [Thread-3 (]: Writing injected SQL for node "model.zaalima_retail_forecasting.stg_sales"
[0m11:56:58.407461 [debug] [Thread-1 (]: Writing runtime sql for node "model.zaalima_retail_forecasting.stg_calendar"
[0m11:56:58.408372 [debug] [Thread-2 (]: Began executing node model.zaalima_retail_forecasting.stg_prices
[0m11:56:58.411468 [debug] [Thread-2 (]: Writing runtime sql for node "model.zaalima_retail_forecasting.stg_prices"
[0m11:56:58.411468 [debug] [Thread-3 (]: Began executing node model.zaalima_retail_forecasting.stg_sales
[0m11:56:58.414067 [debug] [Thread-3 (]: Writing runtime sql for node "model.zaalima_retail_forecasting.stg_sales"
[0m11:56:58.414067 [debug] [Thread-1 (]: Using duckdb connection "model.zaalima_retail_forecasting.stg_calendar"
[0m11:56:58.415069 [debug] [Thread-1 (]: On model.zaalima_retail_forecasting.stg_calendar: BEGIN
[0m11:56:58.415069 [debug] [Thread-1 (]: Opening a new connection, currently in state init
[0m11:56:58.416064 [debug] [Thread-2 (]: Using duckdb connection "model.zaalima_retail_forecasting.stg_prices"
[0m11:56:58.416064 [debug] [Thread-1 (]: SQL status: OK in 0.001 seconds
[0m11:56:58.417068 [debug] [Thread-3 (]: Using duckdb connection "model.zaalima_retail_forecasting.stg_sales"
[0m11:56:58.417068 [debug] [Thread-2 (]: On model.zaalima_retail_forecasting.stg_prices: BEGIN
[0m11:56:58.417068 [debug] [Thread-1 (]: Using duckdb connection "model.zaalima_retail_forecasting.stg_calendar"
[0m11:56:58.418069 [debug] [Thread-3 (]: On model.zaalima_retail_forecasting.stg_sales: BEGIN
[0m11:56:58.418069 [debug] [Thread-2 (]: Opening a new connection, currently in state init
[0m11:56:58.418069 [debug] [Thread-1 (]: On model.zaalima_retail_forecasting.stg_calendar: /* {"app": "dbt", "dbt_version": "1.12.5", "profile_name": "zaalima_retail", "target_name": "dev", "node_id": "model.zaalima_retail_forecasting.stg_calendar"} */

  
  create view "zaalima_warehouse"."main"."stg_calendar__dbt_tmp" as (
    /* 
  Week 2: Day 1-3 Core Data Transformation
  Transforms the calendar records cleanly from the attached SQLite database source.
*/

WITH source_calendar_matrix AS (
    SELECT 
        LOWER(TRIM(d)) AS date_day_id,
        CAST(wm_yr_wk AS INTEGER) AS walmart_year_week,
        LOWER(TRIM(weekday)) AS weekday_name,
        CAST(wday AS INTEGER) AS weekday_number,
        CAST(month AS INTEGER) AS calendar_month,
        CAST(year AS INTEGER) AS calendar_year,
        LOWER(TRIM(event_name_1)) AS event_primary_name,
        LOWER(TRIM(event_type_1)) AS event_primary_type,
        CAST(snap_ca AS BOOLEAN) AS is_snap_eligible_ca,
        CAST(snap_tx AS BOOLEAN) AS is_snap_eligible_tx,
        CAST(snap_wi AS BOOLEAN) AS is_snap_eligible_wi
    FROM src_sqlite.calendar
)

SELECT * FROM source_calendar_matrix
  );

[0m11:56:58.418069 [debug] [Thread-3 (]: Opening a new connection, currently in state init
[0m11:56:58.419162 [debug] [Thread-2 (]: SQL status: OK in 0.001 seconds
[0m11:56:58.420071 [debug] [Thread-2 (]: Using duckdb connection "model.zaalima_retail_forecasting.stg_prices"
[0m11:56:58.420071 [debug] [Thread-2 (]: On model.zaalima_retail_forecasting.stg_prices: /* {"app": "dbt", "dbt_version": "1.12.5", "profile_name": "zaalima_retail", "target_name": "dev", "node_id": "model.zaalima_retail_forecasting.stg_prices"} */

  
  create view "zaalima_warehouse"."main"."stg_prices__dbt_tmp" as (
    /* 
  Week 2: Day 1-3 Core Data Transformation
  Maps and sanitizes the historical item pricing records from the attached database.
*/

WITH source_prices_matrix AS (
    SELECT 
        LOWER(TRIM(store_id)) AS store_id,
        LOWER(TRIM(item_id)) AS item_id,
        CAST(wm_yr_wk AS INTEGER) AS walmart_year_week,
        CAST(sell_price AS DOUBLE) AS item_sell_price
    FROM src_sqlite.sell_prices
)

SELECT * FROM source_prices_matrix
  );

[0m11:56:58.420071 [debug] [Thread-3 (]: SQL status: OK in 0.002 seconds
[0m11:56:58.421065 [debug] [Thread-3 (]: Using duckdb connection "model.zaalima_retail_forecasting.stg_sales"
[0m11:56:58.421065 [debug] [Thread-3 (]: On model.zaalima_retail_forecasting.stg_sales: /* {"app": "dbt", "dbt_version": "1.12.5", "profile_name": "zaalima_retail", "target_name": "dev", "node_id": "model.zaalima_retail_forecasting.stg_sales"} */

  
  create view "zaalima_warehouse"."main"."stg_sales__dbt_tmp" as (
    /* 
  Week 2: Day 1-3 Core Data Transformation
  Maps and unpivots the core transactional historical store sales demand matrices.
*/

WITH source_sales_matrix AS (
    SELECT 
        LOWER(TRIM(id)) AS long_series_id,
        LOWER(TRIM(item_id)) AS item_id,
        LOWER(TRIM(dept_id)) AS department_id,
        LOWER(TRIM(cat_id)) AS category_id,
        LOWER(TRIM(store_id)) AS store_id,
        LOWER(TRIM(state_id)) AS state_id,
        -- Select all trailing daily volume matrix strings dynamically
        * EXCLUDE (id, item_id, dept_id, cat_id, store_id, state_id)
    FROM src_sqlite.sales_train_validation
)

SELECT * FROM source_sales_matrix
  );

[0m11:56:58.425600 [debug] [Thread-1 (]: SQL status: OK in 0.006 seconds
[0m11:56:58.429678 [debug] [Thread-1 (]: Using duckdb connection "model.zaalima_retail_forecasting.stg_calendar"
[0m11:56:58.430683 [debug] [Thread-1 (]: On model.zaalima_retail_forecasting.stg_calendar: /* {"app": "dbt", "dbt_version": "1.12.5", "profile_name": "zaalima_retail", "target_name": "dev", "node_id": "model.zaalima_retail_forecasting.stg_calendar"} */
alter view "zaalima_warehouse"."main"."stg_calendar" rename to "stg_calendar__dbt_backup"
[0m11:56:58.430683 [debug] [Thread-2 (]: SQL status: OK in 0.010 seconds
[0m11:56:58.431683 [debug] [Thread-2 (]: Using duckdb connection "model.zaalima_retail_forecasting.stg_prices"
[0m11:56:58.433273 [debug] [Thread-2 (]: On model.zaalima_retail_forecasting.stg_prices: /* {"app": "dbt", "dbt_version": "1.12.5", "profile_name": "zaalima_retail", "target_name": "dev", "node_id": "model.zaalima_retail_forecasting.stg_prices"} */
alter view "zaalima_warehouse"."main"."stg_prices" rename to "stg_prices__dbt_backup"
[0m11:56:58.434282 [debug] [Thread-1 (]: SQL status: OK in 0.003 seconds
[0m11:56:58.436365 [debug] [Thread-1 (]: Using duckdb connection "model.zaalima_retail_forecasting.stg_calendar"
[0m11:56:58.436365 [debug] [Thread-1 (]: On model.zaalima_retail_forecasting.stg_calendar: /* {"app": "dbt", "dbt_version": "1.12.5", "profile_name": "zaalima_retail", "target_name": "dev", "node_id": "model.zaalima_retail_forecasting.stg_calendar"} */
alter view "zaalima_warehouse"."main"."stg_calendar__dbt_tmp" rename to "stg_calendar"
[0m11:56:58.436365 [debug] [Thread-2 (]: SQL status: OK in 0.003 seconds
[0m11:56:58.438367 [debug] [Thread-2 (]: Using duckdb connection "model.zaalima_retail_forecasting.stg_prices"
[0m11:56:58.438367 [debug] [Thread-2 (]: On model.zaalima_retail_forecasting.stg_prices: /* {"app": "dbt", "dbt_version": "1.12.5", "profile_name": "zaalima_retail", "target_name": "dev", "node_id": "model.zaalima_retail_forecasting.stg_prices"} */
alter view "zaalima_warehouse"."main"."stg_prices__dbt_tmp" rename to "stg_prices"
[0m11:56:58.439356 [debug] [Thread-1 (]: SQL status: OK in 0.003 seconds
[0m11:56:58.450265 [debug] [Thread-1 (]: On model.zaalima_retail_forecasting.stg_calendar: COMMIT
[0m11:56:58.450265 [debug] [Thread-1 (]: Using duckdb connection "model.zaalima_retail_forecasting.stg_calendar"
[0m11:56:58.450265 [debug] [Thread-1 (]: On model.zaalima_retail_forecasting.stg_calendar: COMMIT
[0m11:56:58.450265 [debug] [Thread-2 (]: SQL status: OK in 0.014 seconds
[0m11:56:58.453463 [debug] [Thread-2 (]: On model.zaalima_retail_forecasting.stg_prices: COMMIT
[0m11:56:58.453463 [debug] [Thread-2 (]: Using duckdb connection "model.zaalima_retail_forecasting.stg_prices"
[0m11:56:58.453463 [debug] [Thread-2 (]: On model.zaalima_retail_forecasting.stg_prices: COMMIT
[0m11:56:58.453463 [debug] [Thread-3 (]: SQL status: OK in 0.036 seconds
[0m11:56:58.453463 [debug] [Thread-3 (]: Using duckdb connection "model.zaalima_retail_forecasting.stg_sales"
[0m11:56:58.453463 [debug] [Thread-3 (]: On model.zaalima_retail_forecasting.stg_sales: /* {"app": "dbt", "dbt_version": "1.12.5", "profile_name": "zaalima_retail", "target_name": "dev", "node_id": "model.zaalima_retail_forecasting.stg_sales"} */
alter view "zaalima_warehouse"."main"."stg_sales" rename to "stg_sales__dbt_backup"
[0m11:56:58.453463 [debug] [Thread-3 (]: SQL status: OK in 0.000 seconds
[0m11:56:58.453463 [debug] [Thread-3 (]: Using duckdb connection "model.zaalima_retail_forecasting.stg_sales"
[0m11:56:58.463149 [debug] [Thread-3 (]: On model.zaalima_retail_forecasting.stg_sales: /* {"app": "dbt", "dbt_version": "1.12.5", "profile_name": "zaalima_retail", "target_name": "dev", "node_id": "model.zaalima_retail_forecasting.stg_sales"} */
alter view "zaalima_warehouse"."main"."stg_sales__dbt_tmp" rename to "stg_sales"
[0m11:56:58.463149 [debug] [Thread-1 (]: SQL status: OK in 0.011 seconds
[0m11:56:58.463149 [debug] [Thread-3 (]: SQL status: OK in 0.001 seconds
[0m11:56:58.468421 [debug] [Thread-1 (]: Using duckdb connection "model.zaalima_retail_forecasting.stg_calendar"
[0m11:56:58.470421 [debug] [Thread-3 (]: On model.zaalima_retail_forecasting.stg_sales: COMMIT
[0m11:56:58.470421 [debug] [Thread-2 (]: SQL status: OK in 0.015 seconds
[0m11:56:58.470421 [debug] [Thread-1 (]: On model.zaalima_retail_forecasting.stg_calendar: /* {"app": "dbt", "dbt_version": "1.12.5", "profile_name": "zaalima_retail", "target_name": "dev", "node_id": "model.zaalima_retail_forecasting.stg_calendar"} */

      drop view if exists "zaalima_warehouse"."main"."stg_calendar__dbt_backup" cascade
    
[0m11:56:58.471585 [debug] [Thread-3 (]: Using duckdb connection "model.zaalima_retail_forecasting.stg_sales"
[0m11:56:58.472585 [debug] [Thread-2 (]: Using duckdb connection "model.zaalima_retail_forecasting.stg_prices"
[0m11:56:58.473585 [debug] [Thread-3 (]: On model.zaalima_retail_forecasting.stg_sales: COMMIT
[0m11:56:58.473585 [debug] [Thread-2 (]: On model.zaalima_retail_forecasting.stg_prices: /* {"app": "dbt", "dbt_version": "1.12.5", "profile_name": "zaalima_retail", "target_name": "dev", "node_id": "model.zaalima_retail_forecasting.stg_prices"} */

      drop view if exists "zaalima_warehouse"."main"."stg_prices__dbt_backup" cascade
    
[0m11:56:58.475198 [debug] [Thread-1 (]: SQL status: OK in 0.002 seconds
[0m11:56:58.475198 [debug] [Thread-1 (]: On model.zaalima_retail_forecasting.stg_calendar: Close
[0m11:56:58.475198 [debug] [Thread-2 (]: SQL status: OK in 0.005 seconds
[0m11:56:58.475198 [debug] [Thread-2 (]: On model.zaalima_retail_forecasting.stg_prices: Close
[0m11:56:58.475198 [debug] [Thread-3 (]: SQL status: OK in 0.006 seconds
[0m11:56:58.475198 [debug] [Thread-3 (]: Using duckdb connection "model.zaalima_retail_forecasting.stg_sales"
[0m11:56:58.475198 [debug] [Thread-3 (]: On model.zaalima_retail_forecasting.stg_sales: /* {"app": "dbt", "dbt_version": "1.12.5", "profile_name": "zaalima_retail", "target_name": "dev", "node_id": "model.zaalima_retail_forecasting.stg_sales"} */

      drop view if exists "zaalima_warehouse"."main"."stg_sales__dbt_backup" cascade
    
[0m11:56:58.483762 [debug] [Thread-1 (]: Sending event: {'category': 'dbt', 'action': 'run_model', 'label': '83065e60-76c1-493b-909d-9f20987b0657', 'context': [<snowplow_tracker.self_describing_json.SelfDescribingJson object at 0x000001F22D4ECA10>]}
[0m11:56:58.483762 [debug] [Thread-2 (]: Sending event: {'category': 'dbt', 'action': 'run_model', 'label': '83065e60-76c1-493b-909d-9f20987b0657', 'context': [<snowplow_tracker.self_describing_json.SelfDescribingJson object at 0x000001F22D4ED490>]}
[0m11:56:58.484789 [info ] [Thread-1 (]: 1 of 4 OK created sql view model main.stg_calendar ............................. [[32mOK[0m in 0.10s]
[0m11:56:58.486768 [debug] [Thread-1 (]: Finished running node model.zaalima_retail_forecasting.stg_calendar
[0m11:56:58.486768 [debug] [Thread-3 (]: SQL status: OK in 0.004 seconds
[0m11:56:58.485808 [info ] [Thread-2 (]: 2 of 4 OK created sql view model main.stg_prices ............................... [[32mOK[0m in 0.10s]
[0m11:56:58.488771 [debug] [Thread-3 (]: On model.zaalima_retail_forecasting.stg_sales: Close
[0m11:56:58.489775 [debug] [Thread-2 (]: Finished running node model.zaalima_retail_forecasting.stg_prices
[0m11:56:58.490769 [debug] [Thread-3 (]: Sending event: {'category': 'dbt', 'action': 'run_model', 'label': '83065e60-76c1-493b-909d-9f20987b0657', 'context': [<snowplow_tracker.self_describing_json.SelfDescribingJson object at 0x000001F22D0A6330>]}
[0m11:56:58.490769 [info ] [Thread-3 (]: 3 of 4 OK created sql view model main.stg_sales ................................ [[32mOK[0m in 0.11s]
[0m11:56:58.491768 [debug] [Thread-4 (]: Began running node model.zaalima_retail_forecasting.fct_daily_retail_sales
[0m11:56:58.491768 [debug] [Thread-3 (]: Finished running node model.zaalima_retail_forecasting.stg_sales
[0m11:56:58.493275 [info ] [Thread-4 (]: 4 of 4 START sql table model main.fct_daily_retail_sales ....................... [RUN]
[0m11:56:58.494283 [debug] [Thread-4 (]: Acquiring new duckdb connection 'model.zaalima_retail_forecasting.fct_daily_retail_sales'
[0m11:56:58.494283 [debug] [Thread-4 (]: Began compiling node model.zaalima_retail_forecasting.fct_daily_retail_sales
[0m11:56:58.496300 [debug] [Thread-4 (]: Writing injected SQL for node "model.zaalima_retail_forecasting.fct_daily_retail_sales"
[0m11:56:58.497281 [debug] [Thread-4 (]: Began executing node model.zaalima_retail_forecasting.fct_daily_retail_sales
[0m11:56:58.528516 [debug] [Thread-4 (]: Writing runtime sql for node "model.zaalima_retail_forecasting.fct_daily_retail_sales"
[0m11:56:58.530418 [debug] [Thread-4 (]: Using duckdb connection "model.zaalima_retail_forecasting.fct_daily_retail_sales"
[0m11:56:58.531413 [debug] [Thread-4 (]: On model.zaalima_retail_forecasting.fct_daily_retail_sales: BEGIN
[0m11:56:58.531413 [debug] [Thread-4 (]: Opening a new connection, currently in state init
[0m11:56:58.532414 [debug] [Thread-4 (]: SQL status: OK in 0.001 seconds
[0m11:56:58.532414 [debug] [Thread-4 (]: Using duckdb connection "model.zaalima_retail_forecasting.fct_daily_retail_sales"
[0m11:56:58.532414 [debug] [Thread-4 (]: On model.zaalima_retail_forecasting.fct_daily_retail_sales: /* {"app": "dbt", "dbt_version": "1.12.5", "profile_name": "zaalima_retail", "target_name": "dev", "node_id": "model.zaalima_retail_forecasting.fct_daily_retail_sales"} */

    

    create  table
      "zaalima_warehouse"."main"."fct_daily_retail_sales__dbt_tmp"
  
    
    as (
      /*
  Week 2: Day 4-7 Final Analytics Data Mart
  Unpivots the horizontal daily sales columns and merges dimensions
  from calendar and pricing arrays into a flat, production-ready ML matrix.
*/

WITH unpivoted_sales_matrix AS (
    -- Dynamically unpivot daily columns (d_1, d_2, etc.) into an optimized long-series format
    SELECT 
        store_id,
        item_id,
        category_id,
        department_id,
        state_id,
        -- Converts column names like 'd_1' into string attributes
        CAST(regexp_replace(unpivoted_col_name, '^d_', '') AS INTEGER) AS day_sequence_number,
        CAST(sales_volume AS INTEGER) AS daily_sales_units
    FROM src_sqlite.sales_train_validation
    UNPIVOT (
        sales_volume FOR unpivoted_col_name IN (
            -- Dynamically captures all 1913 daily transactional string columns
            COLUMNS(* EXCLUDE (id, item_id, dept_id, cat_id, store_id, state_id))
        )
    )
),

final_joined_analytics_mart AS (
    SELECT 
        -- Core dimensions
        s.store_id,
        s.item_id,
        s.category_id,
        s.department_id,
        s.state_id,
        
        -- Time-series alignments
        c.walmart_year_week,
        c.weekday_name,
        c.weekday_number,
        c.calendar_month,
        c.calendar_year,
        
        -- Categorical event features
        c.event_primary_name,
        c.event_primary_type,
        c.is_snap_eligible_ca,
        c.is_snap_eligible_tx,
        c.is_snap_eligible_wi,
        
        -- Transactional units and yield evaluation fields
        s.daily_sales_units,
        COALESCE(p.item_sell_price, 0.0) AS item_sell_price,
        (s.daily_sales_units * COALESCE(p.item_sell_price, 0.0)) AS daily_gross_revenue_usd
    FROM unpivoted_sales_matrix s
    -- Link directly to your optimized staging views
    INNER JOIN "zaalima_warehouse"."main"."stg_calendar" c 
        ON s.day_sequence_number = CAST(regexp_replace(c.date_day_id, '^d_', '') AS INTEGER)
    LEFT JOIN "zaalima_warehouse"."main"."stg_prices" p 
        ON s.item_id = p.item_id 
        AND s.store_id = p.store_id 
        AND c.walmart_year_week = p.walmart_year_week
)

SELECT * FROM final_joined_analytics_mart
    );
    
  
[0m11:56:58.572017 [debug] [Thread-4 (]: DuckDB adapter: duckdb error: Binder Error: Referenced column "category_id" not found in FROM clause!
Candidate bindings: "store_id", "item_id", "state_id", "dept_id", "cat_id"

LINE 21:         category_id,
                 ^
[0m11:56:58.572017 [debug] [Thread-4 (]: DuckDB adapter: Error running SQL: /* {"app": "dbt", "dbt_version": "1.12.5", "profile_name": "zaalima_retail", "target_name": "dev", "node_id": "model.zaalima_retail_forecasting.fct_daily_retail_sales"} */

    

    create  table
      "zaalima_warehouse"."main"."fct_daily_retail_sales__dbt_tmp"
  
    
    as (
      /*
  Week 2: Day 4-7 Final Analytics Data Mart
  Unpivots the horizontal daily sales columns and merges dimensions
  from calendar and pricing arrays into a flat, production-ready ML matrix.
*/

WITH unpivoted_sales_matrix AS (
    -- Dynamically unpivot daily columns (d_1, d_2, etc.) into an optimized long-series format
    SELECT 
        store_id,
        item_id,
        category_id,
        department_id,
        state_id,
        -- Converts column names like 'd_1' into string attributes
        CAST(regexp_replace(unpivoted_col_name, '^d_', '') AS INTEGER) AS day_sequence_number,
        CAST(sales_volume AS INTEGER) AS daily_sales_units
    FROM src_sqlite.sales_train_validation
    UNPIVOT (
        sales_volume FOR unpivoted_col_name IN (
            -- Dynamically captures all 1913 daily transactional string columns
            COLUMNS(* EXCLUDE (id, item_id, dept_id, cat_id, store_id, state_id))
        )
    )
),

final_joined_analytics_mart AS (
    SELECT 
        -- Core dimensions
        s.store_id,
        s.item_id,
        s.category_id,
        s.department_id,
        s.state_id,
        
        -- Time-series alignments
        c.walmart_year_week,
        c.weekday_name,
        c.weekday_number,
        c.calendar_month,
        c.calendar_year,
        
        -- Categorical event features
        c.event_primary_name,
        c.event_primary_type,
        c.is_snap_eligible_ca,
        c.is_snap_eligible_tx,
        c.is_snap_eligible_wi,
        
        -- Transactional units and yield evaluation fields
        s.daily_sales_units,
        COALESCE(p.item_sell_price, 0.0) AS item_sell_price,
        (s.daily_sales_units * COALESCE(p.item_sell_price, 0.0)) AS daily_gross_revenue_usd
    FROM unpivoted_sales_matrix s
    -- Link directly to your optimized staging views
    INNER JOIN "zaalima_warehouse"."main"."stg_calendar" c 
        ON s.day_sequence_number = CAST(regexp_replace(c.date_day_id, '^d_', '') AS INTEGER)
    LEFT JOIN "zaalima_warehouse"."main"."stg_prices" p 
        ON s.item_id = p.item_id 
        AND s.store_id = p.store_id 
        AND c.walmart_year_week = p.walmart_year_week
)

SELECT * FROM final_joined_analytics_mart
    );
    
  
[0m11:56:58.572017 [debug] [Thread-4 (]: DuckDB adapter: Rolling back transaction.
[0m11:56:58.573523 [debug] [Thread-4 (]: On model.zaalima_retail_forecasting.fct_daily_retail_sales: ROLLBACK
[0m11:56:58.574528 [debug] [Thread-4 (]: On model.zaalima_retail_forecasting.fct_daily_retail_sales: Close
[0m11:56:58.578743 [debug] [Thread-4 (]: Runtime Error in model fct_daily_retail_sales (models\marts\fct_daily_retail_sales.sql)
  Binder Error: Referenced column "category_id" not found in FROM clause!
  Candidate bindings: "store_id", "item_id", "state_id", "dept_id", "cat_id"
  
  LINE 21:         category_id,
                   ^
[0m11:56:58.579744 [debug] [Thread-4 (]: Sending event: {'category': 'dbt', 'action': 'run_model', 'label': '83065e60-76c1-493b-909d-9f20987b0657', 'context': [<snowplow_tracker.self_describing_json.SelfDescribingJson object at 0x000001F22D928950>]}
[0m11:56:58.579744 [error] [Thread-4 (]: 4 of 4 ERROR creating sql table model main.fct_daily_retail_sales .............. [[31mERROR[0m in 0.09s]
[0m11:56:58.580744 [debug] [Thread-4 (]: Finished running node model.zaalima_retail_forecasting.fct_daily_retail_sales
[0m11:56:58.581744 [debug] [Thread-7 (]: Marking all children of 'model.zaalima_retail_forecasting.fct_daily_retail_sales' to be skipped because of status 'error'.  Reason: Runtime Error in model fct_daily_retail_sales (models\marts\fct_daily_retail_sales.sql)
  Binder Error: Referenced column "category_id" not found in FROM clause!
  Candidate bindings: "store_id", "item_id", "state_id", "dept_id", "cat_id"
  
  LINE 21:         category_id,
                   ^.
[0m11:56:58.583248 [debug] [MainThread]: Using duckdb connection "master"
[0m11:56:58.583248 [debug] [MainThread]: On master: BEGIN
[0m11:56:58.583248 [debug] [MainThread]: Opening a new connection, currently in state closed
[0m11:56:58.584256 [debug] [MainThread]: SQL status: OK in 0.001 seconds
[0m11:56:58.584256 [debug] [MainThread]: On master: COMMIT
[0m11:56:58.584256 [debug] [MainThread]: Using duckdb connection "master"
[0m11:56:58.584256 [debug] [MainThread]: On master: COMMIT
[0m11:56:58.585254 [debug] [MainThread]: SQL status: OK in 0.000 seconds
[0m11:56:58.585254 [debug] [MainThread]: On master: Close
[0m11:56:58.585254 [debug] [MainThread]: Connection 'master' was properly closed.
[0m11:56:58.586254 [debug] [MainThread]: Connection 'create_zaalima_warehouse_main' was properly closed.
[0m11:56:58.586254 [debug] [MainThread]: Connection 'list_zaalima_warehouse_main' was properly closed.
[0m11:56:58.586254 [debug] [MainThread]: Connection 'model.zaalima_retail_forecasting.stg_calendar' was properly closed.
[0m11:56:58.586254 [debug] [MainThread]: Connection 'model.zaalima_retail_forecasting.stg_prices' was properly closed.
[0m11:56:58.586254 [debug] [MainThread]: Connection 'model.zaalima_retail_forecasting.stg_sales' was properly closed.
[0m11:56:58.586254 [debug] [MainThread]: Connection 'model.zaalima_retail_forecasting.fct_daily_retail_sales' was properly closed.
[0m11:56:58.587254 [info ] [MainThread]: 
[0m11:56:58.587254 [info ] [MainThread]: Finished running 1 table model, 3 view models in 0 hours 0 minutes and 0.39 seconds (0.39s).
[0m11:56:58.588252 [debug] [MainThread]: Command end result
[0m11:56:58.614269 [debug] [MainThread]: Wrote artifact WritableManifest to C:\Users\savan\OneDrive\Desktop\zaalima-retail-forecasting\src_dbt\target\manifest.json
[0m11:56:58.617172 [debug] [MainThread]: Wrote artifact SemanticManifest to C:\Users\savan\OneDrive\Desktop\zaalima-retail-forecasting\src_dbt\target\semantic_manifest.json
[0m11:56:58.620255 [debug] [MainThread]: Wrote artifact OsiDocument to C:\Users\savan\OneDrive\Desktop\zaalima-retail-forecasting\src_dbt\target\osi_document.json
[0m11:56:58.625136 [debug] [MainThread]: Wrote artifact RunExecutionResult to C:\Users\savan\OneDrive\Desktop\zaalima-retail-forecasting\src_dbt\target\run_results.json
[0m11:56:58.625136 [info ] [MainThread]: 
[0m11:56:58.625136 [info ] [MainThread]: [31mCompleted with 1 error, 0 partial successes, and 0 warnings:[0m
[0m11:56:58.625136 [info ] [MainThread]: 
[0m11:56:58.625136 [error] [MainThread]: [[31mERROR[0m]: in model fct_daily_retail_sales (models\marts\fct_daily_retail_sales.sql)
[0m11:56:58.625136 [error] [MainThread]:   Runtime Error in model fct_daily_retail_sales (models\marts\fct_daily_retail_sales.sql)
  Binder Error: Referenced column "category_id" not found in FROM clause!
  Candidate bindings: "store_id", "item_id", "state_id", "dept_id", "cat_id"
  
  LINE 21:         category_id,
                   ^
[0m11:56:58.625136 [info ] [MainThread]: 
[0m11:56:58.625136 [info ] [MainThread]:   compiled code at target\compiled\zaalima_retail_forecasting\models\marts\fct_daily_retail_sales.sql
[0m11:56:58.625136 [info ] [MainThread]: 
[0m11:56:58.625136 [info ] [MainThread]: Done. PASS=3 WARN=0 ERROR=1 SKIP=0 NO-OP=0 REUSED=0 TOTAL=4
[0m11:56:58.625136 [debug] [MainThread]: Command `dbt run` failed at 11:56:58.625136 after 1.46 seconds
[0m11:56:58.625136 [debug] [MainThread]: Sending event: {'category': 'dbt', 'action': 'invocation', 'label': 'end', 'context': [<snowplow_tracker.self_describing_json.SelfDescribingJson object at 0x000001F22A9B1E80>, <snowplow_tracker.self_describing_json.SelfDescribingJson object at 0x000001F22CCA0320>, <snowplow_tracker.self_describing_json.SelfDescribingJson object at 0x000001F22D3B8EC0>]}
[0m11:56:58.625136 [debug] [MainThread]: Flushing usage events
[0m11:57:00.605935 [debug] [MainThread]: An error was encountered while trying to flush usage events
[0m11:57:58.336487 [debug] [MainThread]: Sending event: {'category': 'dbt', 'action': 'invocation', 'label': 'start', 'context': [<snowplow_tracker.self_describing_json.SelfDescribingJson object at 0x000001C38DE702C0>, <snowplow_tracker.self_describing_json.SelfDescribingJson object at 0x000001C38E0B9DF0>, <snowplow_tracker.self_describing_json.SelfDescribingJson object at 0x000001C38E5FE510>]}


============================== 11:57:58.339511 | cc0849bd-605d-470f-b50e-0fa12ed7fb5c ==============================
[0m11:57:58.339511 [info ] [MainThread]: Running with dbt=1.12.5
[0m11:57:58.340488 [debug] [MainThread]: running dbt with arguments {'version_check': 'True', 'no_print': 'None', 'static_parser': 'True', 'target_path': 'None', 'warn_error_options': 'WarnErrorOptionsV2(error=[], warn=[], silence=[])', 'maximum_seed_size_mib': '1', 'printer_width': '80', 'write_json': 'True', 'empty': 'False', 'log_cache_events': 'False', 'introspect': 'True', 'cache_selected_only': 'False', 'fail_fast': 'False', 'debug': 'False', 'log_format': 'default', 'partial_parse': 'True', 'send_anonymous_usage_stats': 'True', 'quiet': 'False', 'warn_error': 'None', 'profiles_dir': '.', 'indirect_selection': 'eager', 'hints_enabled': 'True', 'invocation_command': 'dbt run --profiles-dir . --target dev', 'use_experimental_parser': 'False', 'use_colors': 'True', 'log_path': 'C:\\Users\\savan\\OneDrive\\Desktop\\zaalima-retail-forecasting\\src_dbt\\logs'}
[0m11:57:58.535604 [debug] [MainThread]: Sending event: {'category': 'dbt', 'action': 'project_id', 'label': 'cc0849bd-605d-470f-b50e-0fa12ed7fb5c', 'context': [<snowplow_tracker.self_describing_json.SelfDescribingJson object at 0x000001C38DECB470>]}
[0m11:57:58.591019 [debug] [MainThread]: Sending event: {'category': 'dbt', 'action': 'adapter_info', 'label': 'cc0849bd-605d-470f-b50e-0fa12ed7fb5c', 'context': [<snowplow_tracker.self_describing_json.SelfDescribingJson object at 0x000001C38DECA3F0>]}
[0m11:57:58.594112 [info ] [MainThread]: Registered adapter: duckdb=1.11.0
[0m11:57:58.749325 [debug] [MainThread]: checksum: 1980649397f6b8736aca8e931a8f72645248b7a7ffe56753d37211119dd28880, vars: {}, profile: zaalima_retail, target: dev, version: 1.12.5
[0m11:57:58.873384 [debug] [MainThread]: Partial parsing enabled: 0 files deleted, 0 files added, 1 files changed.
[0m11:57:58.873892 [debug] [MainThread]: Partial parsing: updated file: zaalima_retail_forecasting://models\marts\fct_daily_retail_sales.sql
[0m11:57:59.131762 [debug] [MainThread]: Sending event: {'category': 'dbt', 'action': 'load_project', 'label': 'cc0849bd-605d-470f-b50e-0fa12ed7fb5c', 'context': [<snowplow_tracker.self_describing_json.SelfDescribingJson object at 0x000001C3902D1FA0>]}
[0m11:57:59.184853 [debug] [MainThread]: Wrote artifact WritableManifest to C:\Users\savan\OneDrive\Desktop\zaalima-retail-forecasting\src_dbt\target\manifest.json
[0m11:57:59.187935 [debug] [MainThread]: Wrote artifact SemanticManifest to C:\Users\savan\OneDrive\Desktop\zaalima-retail-forecasting\src_dbt\target\semantic_manifest.json
[0m11:57:59.213940 [debug] [MainThread]: Wrote artifact OsiDocument to C:\Users\savan\OneDrive\Desktop\zaalima-retail-forecasting\src_dbt\target\osi_document.json
[0m11:57:59.225664 [debug] [MainThread]: Sending event: {'category': 'dbt', 'action': 'resource_counts', 'label': 'cc0849bd-605d-470f-b50e-0fa12ed7fb5c', 'context': [<snowplow_tracker.self_describing_json.SelfDescribingJson object at 0x000001C3904D7650>]}
[0m11:57:59.225664 [info ] [MainThread]: Found 4 models, 500 macros
[0m11:57:59.225664 [debug] [MainThread]: Sending event: {'category': 'dbt', 'action': 'runnable_timing', 'label': 'cc0849bd-605d-470f-b50e-0fa12ed7fb5c', 'context': [<snowplow_tracker.self_describing_json.SelfDescribingJson object at 0x000001C390828B30>]}
[0m11:57:59.225664 [info ] [MainThread]: 
[0m11:57:59.225664 [info ] [MainThread]: Concurrency: 4 threads (target='dev')
[0m11:57:59.225664 [info ] [MainThread]: 
[0m11:57:59.225664 [debug] [MainThread]: Acquiring new duckdb connection 'master'
[0m11:57:59.225664 [debug] [ThreadPool]: Acquiring new duckdb connection 'list_zaalima_warehouse'
[0m11:57:59.281043 [debug] [ThreadPool]: Using duckdb connection "list_zaalima_warehouse"
[0m11:57:59.282045 [debug] [ThreadPool]: On list_zaalima_warehouse: /* {"app": "dbt", "dbt_version": "1.12.5", "profile_name": "zaalima_retail", "target_name": "dev", "connection_name": "list_zaalima_warehouse"} */

    
    select schema_name
    from system.information_schema.schemata
    
    where lower(catalog_name) = '"zaalima_warehouse"'
    
  
  
[0m11:57:59.282045 [debug] [ThreadPool]: Opening a new connection, currently in state init
[0m11:57:59.356603 [debug] [ThreadPool]: SQL status: OK in 0.074 seconds
[0m11:57:59.357605 [debug] [ThreadPool]: On list_zaalima_warehouse: Close
[0m11:57:59.358604 [debug] [ThreadPool]: Re-using an available connection from the pool (formerly list_zaalima_warehouse, now create_zaalima_warehouse_main)
[0m11:57:59.358604 [debug] [ThreadPool]: Creating schema "database: "zaalima_warehouse"
schema: "main"
"
[0m11:57:59.365398 [debug] [ThreadPool]: Using duckdb connection "create_zaalima_warehouse_main"
[0m11:57:59.366394 [debug] [ThreadPool]: On create_zaalima_warehouse_main: /* {"app": "dbt", "dbt_version": "1.12.5", "profile_name": "zaalima_retail", "target_name": "dev", "connection_name": "create_zaalima_warehouse_main"} */

    
        select type from duckdb_databases()
        where lower(database_name)='zaalima_warehouse'
        and type != 'duckdb'
    
  
[0m11:57:59.366394 [debug] [ThreadPool]: Opening a new connection, currently in state closed
[0m11:57:59.367390 [debug] [ThreadPool]: SQL status: OK in 0.001 seconds
[0m11:57:59.369388 [debug] [ThreadPool]: Using duckdb connection "create_zaalima_warehouse_main"
[0m11:57:59.369388 [debug] [ThreadPool]: On create_zaalima_warehouse_main: BEGIN
[0m11:57:59.370302 [debug] [ThreadPool]: SQL status: OK in 0.000 seconds
[0m11:57:59.370302 [debug] [ThreadPool]: Using duckdb connection "create_zaalima_warehouse_main"
[0m11:57:59.370302 [debug] [ThreadPool]: On create_zaalima_warehouse_main: /* {"app": "dbt", "dbt_version": "1.12.5", "profile_name": "zaalima_retail", "target_name": "dev", "connection_name": "create_zaalima_warehouse_main"} */

    
    
        create schema if not exists "zaalima_warehouse"."main"
    
[0m11:57:59.371568 [debug] [ThreadPool]: SQL status: OK in 0.000 seconds
[0m11:57:59.372567 [debug] [ThreadPool]: On create_zaalima_warehouse_main: COMMIT
[0m11:57:59.372567 [debug] [ThreadPool]: Using duckdb connection "create_zaalima_warehouse_main"
[0m11:57:59.372567 [debug] [ThreadPool]: On create_zaalima_warehouse_main: COMMIT
[0m11:57:59.372567 [debug] [ThreadPool]: SQL status: OK in 0.000 seconds
[0m11:57:59.373476 [debug] [ThreadPool]: On create_zaalima_warehouse_main: Close
[0m11:57:59.375076 [debug] [ThreadPool]: Acquiring new duckdb connection 'list_zaalima_warehouse_main'
[0m11:57:59.377374 [debug] [ThreadPool]: Using duckdb connection "list_zaalima_warehouse_main"
[0m11:57:59.378987 [debug] [ThreadPool]: On list_zaalima_warehouse_main: BEGIN
[0m11:57:59.378987 [debug] [ThreadPool]: Opening a new connection, currently in state init
[0m11:57:59.378987 [debug] [ThreadPool]: SQL status: OK in 0.000 seconds
[0m11:57:59.378987 [debug] [ThreadPool]: Using duckdb connection "list_zaalima_warehouse_main"
[0m11:57:59.380081 [debug] [ThreadPool]: On list_zaalima_warehouse_main: /* {"app": "dbt", "dbt_version": "1.12.5", "profile_name": "zaalima_retail", "target_name": "dev", "connection_name": "list_zaalima_warehouse_main"} */
select
      'zaalima_warehouse' as database,
      table_name as name,
      table_schema as schema,
      CASE table_type
        WHEN 'BASE TABLE' THEN 'table'
        WHEN 'VIEW' THEN 'view'
        WHEN 'LOCAL TEMPORARY' THEN 'table'
        END as type
    from system.information_schema.tables
    where lower(table_schema) = 'main'
    and lower(table_catalog) = 'zaalima_warehouse'
  
[0m11:57:59.396860 [debug] [ThreadPool]: SQL status: OK in 0.017 seconds
[0m11:57:59.397842 [debug] [ThreadPool]: On list_zaalima_warehouse_main: ROLLBACK
[0m11:57:59.399839 [debug] [ThreadPool]: On list_zaalima_warehouse_main: Close
[0m11:57:59.399839 [debug] [MainThread]: Sending event: {'category': 'dbt', 'action': 'runnable_timing', 'label': 'cc0849bd-605d-470f-b50e-0fa12ed7fb5c', 'context': [<snowplow_tracker.self_describing_json.SelfDescribingJson object at 0x000001C390D0E3F0>]}
[0m11:57:59.399839 [debug] [MainThread]: Using duckdb connection "master"
[0m11:57:59.399839 [debug] [MainThread]: On master: BEGIN
[0m11:57:59.399839 [debug] [MainThread]: Opening a new connection, currently in state init
[0m11:57:59.399839 [debug] [MainThread]: SQL status: OK in 0.000 seconds
[0m11:57:59.399839 [debug] [MainThread]: On master: COMMIT
[0m11:57:59.399839 [debug] [MainThread]: Using duckdb connection "master"
[0m11:57:59.399839 [debug] [MainThread]: On master: COMMIT
[0m11:57:59.403687 [debug] [MainThread]: SQL status: OK in 0.000 seconds
[0m11:57:59.403687 [debug] [MainThread]: On master: Close
[0m11:57:59.403687 [debug] [Thread-1 (]: Began running node model.zaalima_retail_forecasting.stg_calendar
[0m11:57:59.403687 [debug] [Thread-2 (]: Began running node model.zaalima_retail_forecasting.stg_prices
[0m11:57:59.403687 [debug] [Thread-3 (]: Began running node model.zaalima_retail_forecasting.stg_sales
[0m11:57:59.403687 [info ] [Thread-1 (]: 1 of 4 START sql view model main.stg_calendar .................................. [RUN]
[0m11:57:59.403687 [debug] [Thread-1 (]: Acquiring new duckdb connection 'model.zaalima_retail_forecasting.stg_calendar'
[0m11:57:59.403687 [debug] [Thread-1 (]: Began compiling node model.zaalima_retail_forecasting.stg_calendar
[0m11:57:59.413345 [debug] [Thread-1 (]: Writing injected SQL for node "model.zaalima_retail_forecasting.stg_calendar"
[0m11:57:59.403687 [info ] [Thread-2 (]: 2 of 4 START sql view model main.stg_prices .................................... [RUN]
[0m11:57:59.403687 [info ] [Thread-3 (]: 3 of 4 START sql view model main.stg_sales ..................................... [RUN]
[0m11:57:59.413345 [debug] [Thread-2 (]: Acquiring new duckdb connection 'model.zaalima_retail_forecasting.stg_prices'
[0m11:57:59.415484 [debug] [Thread-3 (]: Acquiring new duckdb connection 'model.zaalima_retail_forecasting.stg_sales'
[0m11:57:59.415484 [debug] [Thread-2 (]: Began compiling node model.zaalima_retail_forecasting.stg_prices
[0m11:57:59.416609 [debug] [Thread-3 (]: Began compiling node model.zaalima_retail_forecasting.stg_sales
[0m11:57:59.417580 [debug] [Thread-2 (]: Writing injected SQL for node "model.zaalima_retail_forecasting.stg_prices"
[0m11:57:59.417580 [debug] [Thread-3 (]: Writing injected SQL for node "model.zaalima_retail_forecasting.stg_sales"
[0m11:57:59.418581 [debug] [Thread-1 (]: Began executing node model.zaalima_retail_forecasting.stg_calendar
[0m11:57:59.441744 [debug] [Thread-1 (]: Writing runtime sql for node "model.zaalima_retail_forecasting.stg_calendar"
[0m11:57:59.441744 [debug] [Thread-2 (]: Began executing node model.zaalima_retail_forecasting.stg_prices
[0m11:57:59.445340 [debug] [Thread-2 (]: Writing runtime sql for node "model.zaalima_retail_forecasting.stg_prices"
[0m11:57:59.446256 [debug] [Thread-3 (]: Began executing node model.zaalima_retail_forecasting.stg_sales
[0m11:57:59.448340 [debug] [Thread-3 (]: Writing runtime sql for node "model.zaalima_retail_forecasting.stg_sales"
[0m11:57:59.448340 [debug] [Thread-1 (]: Using duckdb connection "model.zaalima_retail_forecasting.stg_calendar"
[0m11:57:59.449258 [debug] [Thread-1 (]: On model.zaalima_retail_forecasting.stg_calendar: BEGIN
[0m11:57:59.449258 [debug] [Thread-1 (]: Opening a new connection, currently in state init
[0m11:57:59.450295 [debug] [Thread-3 (]: Using duckdb connection "model.zaalima_retail_forecasting.stg_sales"
[0m11:57:59.451257 [debug] [Thread-2 (]: Using duckdb connection "model.zaalima_retail_forecasting.stg_prices"
[0m11:57:59.451257 [debug] [Thread-3 (]: On model.zaalima_retail_forecasting.stg_sales: BEGIN
[0m11:57:59.451257 [debug] [Thread-1 (]: SQL status: OK in 0.002 seconds
[0m11:57:59.452325 [debug] [Thread-2 (]: On model.zaalima_retail_forecasting.stg_prices: BEGIN
[0m11:57:59.452325 [debug] [Thread-3 (]: Opening a new connection, currently in state init
[0m11:57:59.452325 [debug] [Thread-1 (]: Using duckdb connection "model.zaalima_retail_forecasting.stg_calendar"
[0m11:57:59.452325 [debug] [Thread-2 (]: Opening a new connection, currently in state init
[0m11:57:59.453258 [debug] [Thread-1 (]: On model.zaalima_retail_forecasting.stg_calendar: /* {"app": "dbt", "dbt_version": "1.12.5", "profile_name": "zaalima_retail", "target_name": "dev", "node_id": "model.zaalima_retail_forecasting.stg_calendar"} */

  
  create view "zaalima_warehouse"."main"."stg_calendar__dbt_tmp" as (
    /* 
  Week 2: Day 1-3 Core Data Transformation
  Transforms the calendar records cleanly from the attached SQLite database source.
*/

WITH source_calendar_matrix AS (
    SELECT 
        LOWER(TRIM(d)) AS date_day_id,
        CAST(wm_yr_wk AS INTEGER) AS walmart_year_week,
        LOWER(TRIM(weekday)) AS weekday_name,
        CAST(wday AS INTEGER) AS weekday_number,
        CAST(month AS INTEGER) AS calendar_month,
        CAST(year AS INTEGER) AS calendar_year,
        LOWER(TRIM(event_name_1)) AS event_primary_name,
        LOWER(TRIM(event_type_1)) AS event_primary_type,
        CAST(snap_ca AS BOOLEAN) AS is_snap_eligible_ca,
        CAST(snap_tx AS BOOLEAN) AS is_snap_eligible_tx,
        CAST(snap_wi AS BOOLEAN) AS is_snap_eligible_wi
    FROM src_sqlite.calendar
)

SELECT * FROM source_calendar_matrix
  );

[0m11:57:59.453258 [debug] [Thread-3 (]: SQL status: OK in 0.001 seconds
[0m11:57:59.454357 [debug] [Thread-2 (]: SQL status: OK in 0.001 seconds
[0m11:57:59.454357 [debug] [Thread-3 (]: Using duckdb connection "model.zaalima_retail_forecasting.stg_sales"
[0m11:57:59.454357 [debug] [Thread-2 (]: Using duckdb connection "model.zaalima_retail_forecasting.stg_prices"
[0m11:57:59.455354 [debug] [Thread-3 (]: On model.zaalima_retail_forecasting.stg_sales: /* {"app": "dbt", "dbt_version": "1.12.5", "profile_name": "zaalima_retail", "target_name": "dev", "node_id": "model.zaalima_retail_forecasting.stg_sales"} */

  
  create view "zaalima_warehouse"."main"."stg_sales__dbt_tmp" as (
    /* 
  Week 2: Day 1-3 Core Data Transformation
  Maps and unpivots the core transactional historical store sales demand matrices.
*/

WITH source_sales_matrix AS (
    SELECT 
        LOWER(TRIM(id)) AS long_series_id,
        LOWER(TRIM(item_id)) AS item_id,
        LOWER(TRIM(dept_id)) AS department_id,
        LOWER(TRIM(cat_id)) AS category_id,
        LOWER(TRIM(store_id)) AS store_id,
        LOWER(TRIM(state_id)) AS state_id,
        -- Select all trailing daily volume matrix strings dynamically
        * EXCLUDE (id, item_id, dept_id, cat_id, store_id, state_id)
    FROM src_sqlite.sales_train_validation
)

SELECT * FROM source_sales_matrix
  );

[0m11:57:59.455354 [debug] [Thread-2 (]: On model.zaalima_retail_forecasting.stg_prices: /* {"app": "dbt", "dbt_version": "1.12.5", "profile_name": "zaalima_retail", "target_name": "dev", "node_id": "model.zaalima_retail_forecasting.stg_prices"} */

  
  create view "zaalima_warehouse"."main"."stg_prices__dbt_tmp" as (
    /* 
  Week 2: Day 1-3 Core Data Transformation
  Maps and sanitizes the historical item pricing records from the attached database.
*/

WITH source_prices_matrix AS (
    SELECT 
        LOWER(TRIM(store_id)) AS store_id,
        LOWER(TRIM(item_id)) AS item_id,
        CAST(wm_yr_wk AS INTEGER) AS walmart_year_week,
        CAST(sell_price AS DOUBLE) AS item_sell_price
    FROM src_sqlite.sell_prices
)

SELECT * FROM source_prices_matrix
  );

[0m11:57:59.460354 [debug] [Thread-1 (]: SQL status: OK in 0.006 seconds
[0m11:57:59.464865 [debug] [Thread-1 (]: Using duckdb connection "model.zaalima_retail_forecasting.stg_calendar"
[0m11:57:59.465870 [debug] [Thread-1 (]: On model.zaalima_retail_forecasting.stg_calendar: /* {"app": "dbt", "dbt_version": "1.12.5", "profile_name": "zaalima_retail", "target_name": "dev", "node_id": "model.zaalima_retail_forecasting.stg_calendar"} */
alter view "zaalima_warehouse"."main"."stg_calendar" rename to "stg_calendar__dbt_backup"
[0m11:57:59.465870 [debug] [Thread-2 (]: SQL status: OK in 0.010 seconds
[0m11:57:59.467962 [debug] [Thread-2 (]: Using duckdb connection "model.zaalima_retail_forecasting.stg_prices"
[0m11:57:59.467962 [debug] [Thread-2 (]: On model.zaalima_retail_forecasting.stg_prices: /* {"app": "dbt", "dbt_version": "1.12.5", "profile_name": "zaalima_retail", "target_name": "dev", "node_id": "model.zaalima_retail_forecasting.stg_prices"} */
alter view "zaalima_warehouse"."main"."stg_prices" rename to "stg_prices__dbt_backup"
[0m11:57:59.468884 [debug] [Thread-1 (]: SQL status: OK in 0.003 seconds
[0m11:57:59.470870 [debug] [Thread-1 (]: Using duckdb connection "model.zaalima_retail_forecasting.stg_calendar"
[0m11:57:59.470870 [debug] [Thread-1 (]: On model.zaalima_retail_forecasting.stg_calendar: /* {"app": "dbt", "dbt_version": "1.12.5", "profile_name": "zaalima_retail", "target_name": "dev", "node_id": "model.zaalima_retail_forecasting.stg_calendar"} */
alter view "zaalima_warehouse"."main"."stg_calendar__dbt_tmp" rename to "stg_calendar"
[0m11:57:59.470870 [debug] [Thread-2 (]: SQL status: OK in 0.003 seconds
[0m11:57:59.471909 [debug] [Thread-2 (]: Using duckdb connection "model.zaalima_retail_forecasting.stg_prices"
[0m11:57:59.473512 [debug] [Thread-2 (]: On model.zaalima_retail_forecasting.stg_prices: /* {"app": "dbt", "dbt_version": "1.12.5", "profile_name": "zaalima_retail", "target_name": "dev", "node_id": "model.zaalima_retail_forecasting.stg_prices"} */
alter view "zaalima_warehouse"."main"."stg_prices__dbt_tmp" rename to "stg_prices"
[0m11:57:59.473512 [debug] [Thread-1 (]: SQL status: OK in 0.003 seconds
[0m11:57:59.489888 [debug] [Thread-1 (]: On model.zaalima_retail_forecasting.stg_calendar: COMMIT
[0m11:57:59.490887 [debug] [Thread-1 (]: Using duckdb connection "model.zaalima_retail_forecasting.stg_calendar"
[0m11:57:59.490887 [debug] [Thread-1 (]: On model.zaalima_retail_forecasting.stg_calendar: COMMIT
[0m11:57:59.497422 [debug] [Thread-2 (]: SQL status: OK in 0.024 seconds
[0m11:57:59.500421 [debug] [Thread-2 (]: On model.zaalima_retail_forecasting.stg_prices: COMMIT
[0m11:57:59.501422 [debug] [Thread-2 (]: Using duckdb connection "model.zaalima_retail_forecasting.stg_prices"
[0m11:57:59.501422 [debug] [Thread-2 (]: On model.zaalima_retail_forecasting.stg_prices: COMMIT
[0m11:57:59.527189 [debug] [Thread-2 (]: SQL status: OK in 0.025 seconds
[0m11:57:59.533702 [debug] [Thread-2 (]: Using duckdb connection "model.zaalima_retail_forecasting.stg_prices"
[0m11:57:59.534705 [debug] [Thread-2 (]: On model.zaalima_retail_forecasting.stg_prices: /* {"app": "dbt", "dbt_version": "1.12.5", "profile_name": "zaalima_retail", "target_name": "dev", "node_id": "model.zaalima_retail_forecasting.stg_prices"} */

      drop view if exists "zaalima_warehouse"."main"."stg_prices__dbt_backup" cascade
    
[0m11:57:59.535705 [debug] [Thread-3 (]: SQL status: OK in 0.081 seconds
[0m11:57:59.539705 [debug] [Thread-3 (]: Using duckdb connection "model.zaalima_retail_forecasting.stg_sales"
[0m11:57:59.540705 [debug] [Thread-2 (]: SQL status: OK in 0.005 seconds
[0m11:57:59.540705 [debug] [Thread-1 (]: SQL status: OK in 0.049 seconds
[0m11:57:59.541705 [debug] [Thread-3 (]: On model.zaalima_retail_forecasting.stg_sales: /* {"app": "dbt", "dbt_version": "1.12.5", "profile_name": "zaalima_retail", "target_name": "dev", "node_id": "model.zaalima_retail_forecasting.stg_sales"} */
alter view "zaalima_warehouse"."main"."stg_sales" rename to "stg_sales__dbt_backup"
[0m11:57:59.544216 [debug] [Thread-2 (]: On model.zaalima_retail_forecasting.stg_prices: Close
[0m11:57:59.546308 [debug] [Thread-1 (]: Using duckdb connection "model.zaalima_retail_forecasting.stg_calendar"
[0m11:57:59.548301 [debug] [Thread-1 (]: On model.zaalima_retail_forecasting.stg_calendar: /* {"app": "dbt", "dbt_version": "1.12.5", "profile_name": "zaalima_retail", "target_name": "dev", "node_id": "model.zaalima_retail_forecasting.stg_calendar"} */

      drop view if exists "zaalima_warehouse"."main"."stg_calendar__dbt_backup" cascade
    
[0m11:57:59.549236 [debug] [Thread-3 (]: SQL status: OK in 0.002 seconds
[0m11:57:59.551220 [debug] [Thread-3 (]: Using duckdb connection "model.zaalima_retail_forecasting.stg_sales"
[0m11:57:59.551220 [debug] [Thread-3 (]: On model.zaalima_retail_forecasting.stg_sales: /* {"app": "dbt", "dbt_version": "1.12.5", "profile_name": "zaalima_retail", "target_name": "dev", "node_id": "model.zaalima_retail_forecasting.stg_sales"} */
alter view "zaalima_warehouse"."main"."stg_sales__dbt_tmp" rename to "stg_sales"
[0m11:57:59.552219 [debug] [Thread-2 (]: Sending event: {'category': 'dbt', 'action': 'run_model', 'label': 'cc0849bd-605d-470f-b50e-0fa12ed7fb5c', 'context': [<snowplow_tracker.self_describing_json.SelfDescribingJson object at 0x000001C38BBEA840>]}
[0m11:57:59.553221 [debug] [Thread-1 (]: SQL status: OK in 0.004 seconds
[0m11:57:59.553728 [debug] [Thread-1 (]: On model.zaalima_retail_forecasting.stg_calendar: Close
[0m11:57:59.554730 [debug] [Thread-3 (]: SQL status: OK in 0.003 seconds
[0m11:57:59.552219 [info ] [Thread-2 (]: 2 of 4 OK created sql view model main.stg_prices ............................... [[32mOK[0m in 0.13s]
[0m11:57:59.555729 [debug] [Thread-3 (]: On model.zaalima_retail_forecasting.stg_sales: COMMIT
[0m11:57:59.556730 [debug] [Thread-1 (]: Sending event: {'category': 'dbt', 'action': 'run_model', 'label': 'cc0849bd-605d-470f-b50e-0fa12ed7fb5c', 'context': [<snowplow_tracker.self_describing_json.SelfDescribingJson object at 0x000001C390CE7830>]}
[0m11:57:59.556730 [debug] [Thread-2 (]: Finished running node model.zaalima_retail_forecasting.stg_prices
[0m11:57:59.557729 [debug] [Thread-3 (]: Using duckdb connection "model.zaalima_retail_forecasting.stg_sales"
[0m11:57:59.557729 [info ] [Thread-1 (]: 1 of 4 OK created sql view model main.stg_calendar ............................. [[32mOK[0m in 0.15s]
[0m11:57:59.558729 [debug] [Thread-3 (]: On model.zaalima_retail_forecasting.stg_sales: COMMIT
[0m11:57:59.559731 [debug] [Thread-1 (]: Finished running node model.zaalima_retail_forecasting.stg_calendar
[0m11:57:59.560731 [debug] [Thread-4 (]: Began running node model.zaalima_retail_forecasting.fct_daily_retail_sales
[0m11:57:59.560731 [info ] [Thread-4 (]: 4 of 4 START sql table model main.fct_daily_retail_sales ....................... [RUN]
[0m11:57:59.561733 [debug] [Thread-4 (]: Acquiring new duckdb connection 'model.zaalima_retail_forecasting.fct_daily_retail_sales'
[0m11:57:59.561733 [debug] [Thread-4 (]: Began compiling node model.zaalima_retail_forecasting.fct_daily_retail_sales
[0m11:57:59.564339 [debug] [Thread-4 (]: Writing injected SQL for node "model.zaalima_retail_forecasting.fct_daily_retail_sales"
[0m11:57:59.564339 [debug] [Thread-3 (]: SQL status: OK in 0.005 seconds
[0m11:57:59.566414 [debug] [Thread-3 (]: Using duckdb connection "model.zaalima_retail_forecasting.stg_sales"
[0m11:57:59.566414 [debug] [Thread-3 (]: On model.zaalima_retail_forecasting.stg_sales: /* {"app": "dbt", "dbt_version": "1.12.5", "profile_name": "zaalima_retail", "target_name": "dev", "node_id": "model.zaalima_retail_forecasting.stg_sales"} */

      drop view if exists "zaalima_warehouse"."main"."stg_sales__dbt_backup" cascade
    
[0m11:57:59.567338 [debug] [Thread-4 (]: Began executing node model.zaalima_retail_forecasting.fct_daily_retail_sales
[0m11:57:59.581479 [debug] [Thread-3 (]: SQL status: OK in 0.014 seconds
[0m11:57:59.597812 [debug] [Thread-3 (]: On model.zaalima_retail_forecasting.stg_sales: Close
[0m11:57:59.601958 [debug] [Thread-4 (]: Writing runtime sql for node "model.zaalima_retail_forecasting.fct_daily_retail_sales"
[0m11:57:59.603563 [debug] [Thread-3 (]: Sending event: {'category': 'dbt', 'action': 'run_model', 'label': 'cc0849bd-605d-470f-b50e-0fa12ed7fb5c', 'context': [<snowplow_tracker.self_describing_json.SelfDescribingJson object at 0x000001C3904740E0>]}
[0m11:57:59.603563 [info ] [Thread-3 (]: 3 of 4 OK created sql view model main.stg_sales ................................ [[32mOK[0m in 0.19s]
[0m11:57:59.604614 [debug] [Thread-3 (]: Finished running node model.zaalima_retail_forecasting.stg_sales
[0m11:57:59.605674 [debug] [Thread-4 (]: Using duckdb connection "model.zaalima_retail_forecasting.fct_daily_retail_sales"
[0m11:57:59.605674 [debug] [Thread-4 (]: On model.zaalima_retail_forecasting.fct_daily_retail_sales: BEGIN
[0m11:57:59.605674 [debug] [Thread-4 (]: Opening a new connection, currently in state init
[0m11:57:59.606570 [debug] [Thread-4 (]: SQL status: OK in 0.001 seconds
[0m11:57:59.606570 [debug] [Thread-4 (]: Using duckdb connection "model.zaalima_retail_forecasting.fct_daily_retail_sales"
[0m11:57:59.607569 [debug] [Thread-4 (]: On model.zaalima_retail_forecasting.fct_daily_retail_sales: /* {"app": "dbt", "dbt_version": "1.12.5", "profile_name": "zaalima_retail", "target_name": "dev", "node_id": "model.zaalima_retail_forecasting.fct_daily_retail_sales"} */

    

    create  table
      "zaalima_warehouse"."main"."fct_daily_retail_sales__dbt_tmp"
  
    
    as (
      /*
  Week 2: Day 4-7 Final Analytics Data Mart
  Unpivots the horizontal daily sales columns and merges dimensions
  from calendar and pricing arrays into a flat, production-ready ML matrix.
*/

WITH unpivoted_sales_matrix AS (
    -- Dynamically unpivot daily columns (d_1, d_2, etc.) into an optimized long-series format
    SELECT 
        store_id,
        item_id,
        -- Corrected raw column mappings matching the warehouse bindings
        cat_id AS category_id,
        dept_id AS department_id,
        state_id,
        CAST(regexp_replace(unpivoted_col_name, '^d_', '') AS INTEGER) AS day_sequence_number,
        CAST(sales_volume AS INTEGER) AS daily_sales_units
    FROM src_sqlite.sales_train_validation
    UNPIVOT (
        sales_volume FOR unpivoted_col_name IN (
            -- Dynamically captures all daily transactional string columns
            COLUMNS(* EXCLUDE (id, item_id, dept_id, cat_id, store_id, state_id))
        )
    )
),

final_joined_analytics_mart AS (
    SELECT 
        -- Core dimensions
        s.store_id,
        s.item_id,
        s.category_id,
        s.department_id,
        s.state_id,
        
        -- Time-series alignments
        c.walmart_year_week,
        c.weekday_name,
        c.weekday_number,
        c.calendar_month,
        c.calendar_year,
        
        -- Categorical event features
        c.event_primary_name,
        c.event_primary_type,
        c.is_snap_eligible_ca,
        c.is_snap_eligible_tx,
        c.is_snap_eligible_wi,
        
        -- Transactional units and yield evaluation fields
        s.daily_sales_units,
        COALESCE(p.item_sell_price, 0.0) AS item_sell_price,
        (s.daily_sales_units * COALESCE(p.item_sell_price, 0.0)) AS daily_gross_revenue_usd
    FROM unpivoted_sales_matrix s
    -- Link directly to your optimized staging views
    INNER JOIN "zaalima_warehouse"."main"."stg_calendar" c 
        ON s.day_sequence_number = CAST(regexp_replace(c.date_day_id, '^d_', '') AS INTEGER)
    LEFT JOIN "zaalima_warehouse"."main"."stg_prices" p 
        ON s.item_id = p.item_id 
        AND s.store_id = p.store_id 
        AND c.walmart_year_week = p.walmart_year_week
)

SELECT * FROM final_joined_analytics_mart
    );
    
  
[0m11:59:46.576674 [debug] [Thread-4 (]: SQL status: OK in 106.930 seconds
[0m11:59:46.690420 [debug] [Thread-4 (]: Using duckdb connection "model.zaalima_retail_forecasting.fct_daily_retail_sales"
[0m11:59:46.690420 [debug] [Thread-4 (]: On model.zaalima_retail_forecasting.fct_daily_retail_sales: /* {"app": "dbt", "dbt_version": "1.12.5", "profile_name": "zaalima_retail", "target_name": "dev", "node_id": "model.zaalima_retail_forecasting.fct_daily_retail_sales"} */
alter table "zaalima_warehouse"."main"."fct_daily_retail_sales__dbt_tmp" rename to "fct_daily_retail_sales"
[0m11:59:46.708223 [debug] [Thread-4 (]: SQL status: OK in 0.017 seconds
[0m11:59:46.721733 [debug] [Thread-4 (]: On model.zaalima_retail_forecasting.fct_daily_retail_sales: COMMIT
[0m11:59:46.728144 [debug] [Thread-4 (]: Using duckdb connection "model.zaalima_retail_forecasting.fct_daily_retail_sales"
[0m11:59:46.728144 [debug] [Thread-4 (]: On model.zaalima_retail_forecasting.fct_daily_retail_sales: COMMIT
[0m11:59:46.988090 [debug] [Thread-4 (]: SQL status: OK in 0.263 seconds
[0m11:59:46.997878 [debug] [Thread-4 (]: Using duckdb connection "model.zaalima_retail_forecasting.fct_daily_retail_sales"
[0m11:59:46.998382 [debug] [Thread-4 (]: On model.zaalima_retail_forecasting.fct_daily_retail_sales: /* {"app": "dbt", "dbt_version": "1.12.5", "profile_name": "zaalima_retail", "target_name": "dev", "node_id": "model.zaalima_retail_forecasting.fct_daily_retail_sales"} */

      drop table if exists "zaalima_warehouse"."main"."fct_daily_retail_sales__dbt_backup" cascade
    
[0m11:59:47.000128 [debug] [Thread-4 (]: SQL status: OK in 0.001 seconds
[0m11:59:47.000128 [debug] [Thread-4 (]: On model.zaalima_retail_forecasting.fct_daily_retail_sales: Close
[0m11:59:47.008389 [debug] [Thread-4 (]: Sending event: {'category': 'dbt', 'action': 'run_model', 'label': 'cc0849bd-605d-470f-b50e-0fa12ed7fb5c', 'context': [<snowplow_tracker.self_describing_json.SelfDescribingJson object at 0x000001C390475A90>]}
[0m11:59:47.018168 [info ] [Thread-4 (]: 4 of 4 OK created sql table model main.fct_daily_retail_sales .................. [[32mOK[0m in 107.45s]
[0m11:59:47.032993 [debug] [Thread-4 (]: Finished running node model.zaalima_retail_forecasting.fct_daily_retail_sales
[0m11:59:47.048458 [debug] [MainThread]: Using duckdb connection "master"
[0m11:59:47.048458 [debug] [MainThread]: On master: BEGIN
[0m11:59:47.050433 [debug] [MainThread]: Opening a new connection, currently in state closed
[0m11:59:47.051524 [debug] [MainThread]: SQL status: OK in 0.002 seconds
[0m11:59:47.051524 [debug] [MainThread]: On master: COMMIT
[0m11:59:47.051524 [debug] [MainThread]: Using duckdb connection "master"
[0m11:59:47.051524 [debug] [MainThread]: On master: COMMIT
[0m11:59:47.051524 [debug] [MainThread]: SQL status: OK in 0.001 seconds
[0m11:59:47.051524 [debug] [MainThread]: On master: Close
[0m11:59:47.051524 [debug] [MainThread]: Connection 'master' was properly closed.
[0m11:59:47.051524 [debug] [MainThread]: Connection 'create_zaalima_warehouse_main' was properly closed.
[0m11:59:47.051524 [debug] [MainThread]: Connection 'list_zaalima_warehouse_main' was properly closed.
[0m11:59:47.051524 [debug] [MainThread]: Connection 'model.zaalima_retail_forecasting.stg_calendar' was properly closed.
[0m11:59:47.051524 [debug] [MainThread]: Connection 'model.zaalima_retail_forecasting.stg_prices' was properly closed.
[0m11:59:47.051524 [debug] [MainThread]: Connection 'model.zaalima_retail_forecasting.stg_sales' was properly closed.
[0m11:59:47.051524 [debug] [MainThread]: Connection 'model.zaalima_retail_forecasting.fct_daily_retail_sales' was properly closed.
[0m11:59:47.058975 [info ] [MainThread]: 
[0m11:59:47.059987 [info ] [MainThread]: Finished running 1 table model, 3 view models in 0 hours 1 minutes and 47.83 seconds (107.83s).
[0m11:59:47.061983 [debug] [MainThread]: Command end result
[0m11:59:47.125542 [debug] [MainThread]: Wrote artifact WritableManifest to C:\Users\savan\OneDrive\Desktop\zaalima-retail-forecasting\src_dbt\target\manifest.json
[0m11:59:47.143915 [debug] [MainThread]: Wrote artifact SemanticManifest to C:\Users\savan\OneDrive\Desktop\zaalima-retail-forecasting\src_dbt\target\semantic_manifest.json
[0m11:59:47.154665 [debug] [MainThread]: Wrote artifact OsiDocument to C:\Users\savan\OneDrive\Desktop\zaalima-retail-forecasting\src_dbt\target\osi_document.json
[0m11:59:47.175058 [debug] [MainThread]: Wrote artifact RunExecutionResult to C:\Users\savan\OneDrive\Desktop\zaalima-retail-forecasting\src_dbt\target\run_results.json
[0m11:59:47.176214 [info ] [MainThread]: 
[0m11:59:47.177212 [info ] [MainThread]: [32mCompleted successfully[0m
[0m11:59:47.178212 [info ] [MainThread]: 
[0m11:59:47.178212 [info ] [MainThread]: Done. PASS=4 WARN=0 ERROR=0 SKIP=0 NO-OP=0 REUSED=0 TOTAL=4
[0m11:59:47.183519 [debug] [MainThread]: Command `dbt run` succeeded at 11:59:47.183519 after 108.98 seconds
[0m11:59:47.184524 [debug] [MainThread]: Sending event: {'category': 'dbt', 'action': 'invocation', 'label': 'end', 'context': [<snowplow_tracker.self_describing_json.SelfDescribingJson object at 0x000001C390223EC0>, <snowplow_tracker.self_describing_json.SelfDescribingJson object at 0x000001C38FFD6AB0>, <snowplow_tracker.self_describing_json.SelfDescribingJson object at 0x000001C3909F1FA0>]}
[0m11:59:47.184524 [debug] [MainThread]: Flushing usage events
[0m11:59:49.443764 [debug] [MainThread]: An error was encountered while trying to flush usage events
[0m12:48:24.428752 [debug] [MainThread]: Sending event: {'category': 'dbt', 'action': 'invocation', 'label': 'start', 'context': [<snowplow_tracker.self_describing_json.SelfDescribingJson object at 0x0000017BD8C57710>, <snowplow_tracker.self_describing_json.SelfDescribingJson object at 0x0000017BD60457F0>, <snowplow_tracker.self_describing_json.SelfDescribingJson object at 0x0000017BD978EEA0>]}


============================== 12:48:24.428752 | c83bf564-a902-4400-b492-27603577e108 ==============================
[0m12:48:24.428752 [info ] [MainThread]: Running with dbt=1.12.5
[0m12:48:24.428752 [debug] [MainThread]: running dbt with arguments {'version_check': 'True', 'no_print': 'None', 'maximum_seed_size_mib': '1', 'target_path': 'None', 'warn_error_options': 'WarnErrorOptionsV2(error=[], warn=[], silence=[])', 'static_parser': 'True', 'printer_width': '80', 'write_json': 'True', 'introspect': 'True', 'log_cache_events': 'False', 'empty': 'False', 'cache_selected_only': 'False', 'fail_fast': 'False', 'debug': 'False', 'log_format': 'default', 'profiles_dir': '.', 'send_anonymous_usage_stats': 'True', 'quiet': 'False', 'warn_error': 'None', 'partial_parse': 'True', 'use_colors': 'True', 'hints_enabled': 'True', 'indirect_selection': 'eager', 'use_experimental_parser': 'False', 'invocation_command': 'dbt run --profiles-dir . --target dev', 'log_path': 'C:\\Users\\savan\\OneDrive\\Desktop\\zaalima-retail-forecasting\\src_dbt\\logs'}
[0m12:48:24.832326 [debug] [MainThread]: Sending event: {'category': 'dbt', 'action': 'project_id', 'label': 'c83bf564-a902-4400-b492-27603577e108', 'context': [<snowplow_tracker.self_describing_json.SelfDescribingJson object at 0x0000017BDB1410D0>]}
[0m12:48:24.879898 [debug] [MainThread]: Sending event: {'category': 'dbt', 'action': 'adapter_info', 'label': 'c83bf564-a902-4400-b492-27603577e108', 'context': [<snowplow_tracker.self_describing_json.SelfDescribingJson object at 0x0000017BD9464890>]}
[0m12:48:24.897644 [info ] [MainThread]: Registered adapter: duckdb=1.11.0
[0m12:48:25.219438 [debug] [MainThread]: checksum: 1980649397f6b8736aca8e931a8f72645248b7a7ffe56753d37211119dd28880, vars: {}, profile: zaalima_retail, target: dev, version: 1.12.5
[0m12:48:25.534351 [debug] [MainThread]: Partial parsing enabled: 0 files deleted, 0 files added, 0 files changed.
[0m12:48:25.534351 [debug] [MainThread]: Nothing changed, skipping partial parsing.
[0m12:48:25.534351 [debug] [MainThread]: Partial parsing enabled, no changes found, skipping parsing
[0m12:48:25.534351 [debug] [MainThread]: Sending event: {'category': 'dbt', 'action': 'load_project', 'label': 'c83bf564-a902-4400-b492-27603577e108', 'context': [<snowplow_tracker.self_describing_json.SelfDescribingJson object at 0x0000017BDB1720F0>]}
[0m12:48:25.617873 [debug] [MainThread]: Wrote artifact WritableManifest to C:\Users\savan\OneDrive\Desktop\zaalima-retail-forecasting\src_dbt\target\manifest.json
[0m12:48:25.646832 [debug] [MainThread]: Wrote artifact SemanticManifest to C:\Users\savan\OneDrive\Desktop\zaalima-retail-forecasting\src_dbt\target\semantic_manifest.json
[0m12:48:25.667661 [debug] [MainThread]: Wrote artifact OsiDocument to C:\Users\savan\OneDrive\Desktop\zaalima-retail-forecasting\src_dbt\target\osi_document.json
[0m12:48:25.686737 [debug] [MainThread]: Sending event: {'category': 'dbt', 'action': 'resource_counts', 'label': 'c83bf564-a902-4400-b492-27603577e108', 'context': [<snowplow_tracker.self_describing_json.SelfDescribingJson object at 0x0000017BDB60FD10>]}
[0m12:48:25.686737 [info ] [MainThread]: Found 4 models, 500 macros
[0m12:48:25.686737 [debug] [MainThread]: Sending event: {'category': 'dbt', 'action': 'runnable_timing', 'label': 'c83bf564-a902-4400-b492-27603577e108', 'context': [<snowplow_tracker.self_describing_json.SelfDescribingJson object at 0x0000017BDB3971D0>]}
[0m12:48:25.686737 [info ] [MainThread]: 
[0m12:48:25.686737 [info ] [MainThread]: Concurrency: 4 threads (target='dev')
[0m12:48:25.686737 [info ] [MainThread]: 
[0m12:48:25.686737 [debug] [MainThread]: Acquiring new duckdb connection 'master'
[0m12:48:25.700594 [debug] [ThreadPool]: Acquiring new duckdb connection 'list_zaalima_warehouse'
[0m12:48:26.667746 [debug] [ThreadPool]: Using duckdb connection "list_zaalima_warehouse"
[0m12:48:26.667746 [debug] [ThreadPool]: On list_zaalima_warehouse: /* {"app": "dbt", "dbt_version": "1.12.5", "profile_name": "zaalima_retail", "target_name": "dev", "connection_name": "list_zaalima_warehouse"} */

    
    select schema_name
    from system.information_schema.schemata
    
    where lower(catalog_name) = '"zaalima_warehouse"'
    
  
  
[0m12:48:26.667746 [debug] [ThreadPool]: Opening a new connection, currently in state init
[0m12:48:27.018094 [debug] [ThreadPool]: SQL status: OK in 0.355 seconds
[0m12:48:27.018094 [debug] [ThreadPool]: On list_zaalima_warehouse: Close
[0m12:48:27.018094 [debug] [ThreadPool]: Re-using an available connection from the pool (formerly list_zaalima_warehouse, now create_zaalima_warehouse_main)
[0m12:48:27.018094 [debug] [ThreadPool]: Creating schema "database: "zaalima_warehouse"
schema: "main"
"
[0m12:48:27.034998 [debug] [ThreadPool]: Using duckdb connection "create_zaalima_warehouse_main"
[0m12:48:27.035984 [debug] [ThreadPool]: On create_zaalima_warehouse_main: /* {"app": "dbt", "dbt_version": "1.12.5", "profile_name": "zaalima_retail", "target_name": "dev", "connection_name": "create_zaalima_warehouse_main"} */

    
        select type from duckdb_databases()
        where lower(database_name)='zaalima_warehouse'
        and type != 'duckdb'
    
  
[0m12:48:27.035984 [debug] [ThreadPool]: Opening a new connection, currently in state closed
[0m12:48:27.037679 [debug] [ThreadPool]: SQL status: OK in 0.002 seconds
[0m12:48:27.037679 [debug] [ThreadPool]: Using duckdb connection "create_zaalima_warehouse_main"
[0m12:48:27.037679 [debug] [ThreadPool]: On create_zaalima_warehouse_main: BEGIN
[0m12:48:27.037679 [debug] [ThreadPool]: SQL status: OK in 0.000 seconds
[0m12:48:27.037679 [debug] [ThreadPool]: Using duckdb connection "create_zaalima_warehouse_main"
[0m12:48:27.037679 [debug] [ThreadPool]: On create_zaalima_warehouse_main: /* {"app": "dbt", "dbt_version": "1.12.5", "profile_name": "zaalima_retail", "target_name": "dev", "connection_name": "create_zaalima_warehouse_main"} */

    
    
        create schema if not exists "zaalima_warehouse"."main"
    
[0m12:48:27.037679 [debug] [ThreadPool]: SQL status: OK in 0.001 seconds
[0m12:48:27.037679 [debug] [ThreadPool]: On create_zaalima_warehouse_main: COMMIT
[0m12:48:27.037679 [debug] [ThreadPool]: Using duckdb connection "create_zaalima_warehouse_main"
[0m12:48:27.037679 [debug] [ThreadPool]: On create_zaalima_warehouse_main: COMMIT
[0m12:48:27.037679 [debug] [ThreadPool]: SQL status: OK in 0.000 seconds
[0m12:48:27.037679 [debug] [ThreadPool]: On create_zaalima_warehouse_main: Close
[0m12:48:27.037679 [debug] [ThreadPool]: Acquiring new duckdb connection 'list_zaalima_warehouse_main'
[0m12:48:27.037679 [debug] [ThreadPool]: Using duckdb connection "list_zaalima_warehouse_main"
[0m12:48:27.037679 [debug] [ThreadPool]: On list_zaalima_warehouse_main: BEGIN
[0m12:48:27.037679 [debug] [ThreadPool]: Opening a new connection, currently in state init
[0m12:48:27.037679 [debug] [ThreadPool]: SQL status: OK in 0.001 seconds
[0m12:48:27.037679 [debug] [ThreadPool]: Using duckdb connection "list_zaalima_warehouse_main"
[0m12:48:27.037679 [debug] [ThreadPool]: On list_zaalima_warehouse_main: /* {"app": "dbt", "dbt_version": "1.12.5", "profile_name": "zaalima_retail", "target_name": "dev", "connection_name": "list_zaalima_warehouse_main"} */
select
      'zaalima_warehouse' as database,
      table_name as name,
      table_schema as schema,
      CASE table_type
        WHEN 'BASE TABLE' THEN 'table'
        WHEN 'VIEW' THEN 'view'
        WHEN 'LOCAL TEMPORARY' THEN 'table'
        END as type
    from system.information_schema.tables
    where lower(table_schema) = 'main'
    and lower(table_catalog) = 'zaalima_warehouse'
  
[0m12:48:27.067662 [debug] [ThreadPool]: SQL status: OK in 0.026 seconds
[0m12:48:27.067662 [debug] [ThreadPool]: On list_zaalima_warehouse_main: ROLLBACK
[0m12:48:27.067662 [debug] [ThreadPool]: On list_zaalima_warehouse_main: Close
[0m12:48:27.067662 [debug] [MainThread]: Sending event: {'category': 'dbt', 'action': 'runnable_timing', 'label': 'c83bf564-a902-4400-b492-27603577e108', 'context': [<snowplow_tracker.self_describing_json.SelfDescribingJson object at 0x0000017BD6AC3320>]}
[0m12:48:27.067662 [debug] [MainThread]: Using duckdb connection "master"
[0m12:48:27.067662 [debug] [MainThread]: On master: BEGIN
[0m12:48:27.067662 [debug] [MainThread]: Opening a new connection, currently in state init
[0m12:48:27.067662 [debug] [MainThread]: SQL status: OK in 0.000 seconds
[0m12:48:27.067662 [debug] [MainThread]: On master: COMMIT
[0m12:48:27.083291 [debug] [MainThread]: Using duckdb connection "master"
[0m12:48:27.083291 [debug] [MainThread]: On master: COMMIT
[0m12:48:27.083291 [debug] [MainThread]: SQL status: OK in 0.000 seconds
[0m12:48:27.084046 [debug] [MainThread]: On master: Close
[0m12:48:27.132722 [debug] [Thread-1 (]: Began running node model.zaalima_retail_forecasting.stg_calendar
[0m12:48:27.134050 [debug] [Thread-2 (]: Began running node model.zaalima_retail_forecasting.stg_prices
[0m12:48:27.134050 [debug] [Thread-3 (]: Began running node model.zaalima_retail_forecasting.stg_sales
[0m12:48:27.133721 [info ] [Thread-1 (]: 1 of 4 START sql view model main.stg_calendar .................................. [RUN]
[0m12:48:27.134050 [info ] [Thread-2 (]: 2 of 4 START sql view model main.stg_prices .................................... [RUN]
[0m12:48:27.135303 [debug] [Thread-1 (]: Acquiring new duckdb connection 'model.zaalima_retail_forecasting.stg_calendar'
[0m12:48:27.136358 [debug] [Thread-2 (]: Acquiring new duckdb connection 'model.zaalima_retail_forecasting.stg_prices'
[0m12:48:27.135303 [info ] [Thread-3 (]: 3 of 4 START sql view model main.stg_sales ..................................... [RUN]
[0m12:48:27.136358 [debug] [Thread-1 (]: Began compiling node model.zaalima_retail_forecasting.stg_calendar
[0m12:48:27.137272 [debug] [Thread-2 (]: Began compiling node model.zaalima_retail_forecasting.stg_prices
[0m12:48:27.137272 [debug] [Thread-3 (]: Acquiring new duckdb connection 'model.zaalima_retail_forecasting.stg_sales'
[0m12:48:27.141276 [debug] [Thread-1 (]: Writing injected SQL for node "model.zaalima_retail_forecasting.stg_calendar"
[0m12:48:27.142267 [debug] [Thread-2 (]: Writing injected SQL for node "model.zaalima_retail_forecasting.stg_prices"
[0m12:48:27.142267 [debug] [Thread-3 (]: Began compiling node model.zaalima_retail_forecasting.stg_sales
[0m12:48:27.142834 [debug] [Thread-3 (]: Writing injected SQL for node "model.zaalima_retail_forecasting.stg_sales"
[0m12:48:27.143842 [debug] [Thread-1 (]: Began executing node model.zaalima_retail_forecasting.stg_calendar
[0m12:48:27.144849 [debug] [Thread-2 (]: Began executing node model.zaalima_retail_forecasting.stg_prices
[0m12:48:27.168944 [debug] [Thread-1 (]: Writing runtime sql for node "model.zaalima_retail_forecasting.stg_calendar"
[0m12:48:27.168944 [debug] [Thread-2 (]: Writing runtime sql for node "model.zaalima_retail_forecasting.stg_prices"
[0m12:48:27.168944 [debug] [Thread-3 (]: Began executing node model.zaalima_retail_forecasting.stg_sales
[0m12:48:27.179400 [debug] [Thread-3 (]: Writing runtime sql for node "model.zaalima_retail_forecasting.stg_sales"
[0m12:48:27.179400 [debug] [Thread-2 (]: Using duckdb connection "model.zaalima_retail_forecasting.stg_prices"
[0m12:48:27.179400 [debug] [Thread-2 (]: On model.zaalima_retail_forecasting.stg_prices: BEGIN
[0m12:48:27.179400 [debug] [Thread-2 (]: Opening a new connection, currently in state init
[0m12:48:27.179400 [debug] [Thread-1 (]: Using duckdb connection "model.zaalima_retail_forecasting.stg_calendar"
[0m12:48:27.179400 [debug] [Thread-3 (]: Using duckdb connection "model.zaalima_retail_forecasting.stg_sales"
[0m12:48:27.179400 [debug] [Thread-1 (]: On model.zaalima_retail_forecasting.stg_calendar: BEGIN
[0m12:48:27.179400 [debug] [Thread-3 (]: On model.zaalima_retail_forecasting.stg_sales: BEGIN
[0m12:48:27.183958 [debug] [Thread-2 (]: SQL status: OK in 0.003 seconds
[0m12:48:27.183958 [debug] [Thread-1 (]: Opening a new connection, currently in state init
[0m12:48:27.183958 [debug] [Thread-3 (]: Opening a new connection, currently in state init
[0m12:48:27.185003 [debug] [Thread-2 (]: Using duckdb connection "model.zaalima_retail_forecasting.stg_prices"
[0m12:48:27.185670 [debug] [Thread-2 (]: On model.zaalima_retail_forecasting.stg_prices: /* {"app": "dbt", "dbt_version": "1.12.5", "profile_name": "zaalima_retail", "target_name": "dev", "node_id": "model.zaalima_retail_forecasting.stg_prices"} */

  
  create view "zaalima_warehouse"."main"."stg_prices__dbt_tmp" as (
    /* 
  Week 2: Day 1-3 Core Data Transformation
  Maps and sanitizes the historical item pricing records from the attached database.
*/

WITH source_prices_matrix AS (
    SELECT 
        LOWER(TRIM(store_id)) AS store_id,
        LOWER(TRIM(item_id)) AS item_id,
        CAST(wm_yr_wk AS INTEGER) AS walmart_year_week,
        CAST(sell_price AS DOUBLE) AS item_sell_price
    FROM src_sqlite.sell_prices
)

SELECT * FROM source_prices_matrix
  );

[0m12:48:27.185670 [debug] [Thread-1 (]: SQL status: OK in 0.002 seconds
[0m12:48:27.185670 [debug] [Thread-3 (]: SQL status: OK in 0.002 seconds
[0m12:48:27.185670 [debug] [Thread-1 (]: Using duckdb connection "model.zaalima_retail_forecasting.stg_calendar"
[0m12:48:27.185670 [debug] [Thread-3 (]: Using duckdb connection "model.zaalima_retail_forecasting.stg_sales"
[0m12:48:27.185670 [debug] [Thread-1 (]: On model.zaalima_retail_forecasting.stg_calendar: /* {"app": "dbt", "dbt_version": "1.12.5", "profile_name": "zaalima_retail", "target_name": "dev", "node_id": "model.zaalima_retail_forecasting.stg_calendar"} */

  
  create view "zaalima_warehouse"."main"."stg_calendar__dbt_tmp" as (
    /* 
  Week 2: Day 1-3 Core Data Transformation
  Transforms the calendar records cleanly from the attached SQLite database source.
*/

WITH source_calendar_matrix AS (
    SELECT 
        LOWER(TRIM(d)) AS date_day_id,
        CAST(wm_yr_wk AS INTEGER) AS walmart_year_week,
        LOWER(TRIM(weekday)) AS weekday_name,
        CAST(wday AS INTEGER) AS weekday_number,
        CAST(month AS INTEGER) AS calendar_month,
        CAST(year AS INTEGER) AS calendar_year,
        LOWER(TRIM(event_name_1)) AS event_primary_name,
        LOWER(TRIM(event_type_1)) AS event_primary_type,
        CAST(snap_ca AS BOOLEAN) AS is_snap_eligible_ca,
        CAST(snap_tx AS BOOLEAN) AS is_snap_eligible_tx,
        CAST(snap_wi AS BOOLEAN) AS is_snap_eligible_wi
    FROM src_sqlite.calendar
)

SELECT * FROM source_calendar_matrix
  );

[0m12:48:27.185670 [debug] [Thread-3 (]: On model.zaalima_retail_forecasting.stg_sales: /* {"app": "dbt", "dbt_version": "1.12.5", "profile_name": "zaalima_retail", "target_name": "dev", "node_id": "model.zaalima_retail_forecasting.stg_sales"} */

  
  create view "zaalima_warehouse"."main"."stg_sales__dbt_tmp" as (
    /* 
  Week 2: Day 1-3 Core Data Transformation
  Maps and unpivots the core transactional historical store sales demand matrices.
*/

WITH source_sales_matrix AS (
    SELECT 
        LOWER(TRIM(id)) AS long_series_id,
        LOWER(TRIM(item_id)) AS item_id,
        LOWER(TRIM(dept_id)) AS department_id,
        LOWER(TRIM(cat_id)) AS category_id,
        LOWER(TRIM(store_id)) AS store_id,
        LOWER(TRIM(state_id)) AS state_id,
        -- Select all trailing daily volume matrix strings dynamically
        * EXCLUDE (id, item_id, dept_id, cat_id, store_id, state_id)
    FROM src_sqlite.sales_train_validation
)

SELECT * FROM source_sales_matrix
  );

[0m12:48:27.189439 [debug] [Thread-2 (]: SQL status: OK in 0.007 seconds
[0m12:48:27.201720 [debug] [Thread-2 (]: Using duckdb connection "model.zaalima_retail_forecasting.stg_prices"
[0m12:48:27.202507 [debug] [Thread-2 (]: On model.zaalima_retail_forecasting.stg_prices: /* {"app": "dbt", "dbt_version": "1.12.5", "profile_name": "zaalima_retail", "target_name": "dev", "node_id": "model.zaalima_retail_forecasting.stg_prices"} */
alter view "zaalima_warehouse"."main"."stg_prices" rename to "stg_prices__dbt_backup"
[0m12:48:27.202507 [debug] [Thread-1 (]: SQL status: OK in 0.015 seconds
[0m12:48:27.205347 [debug] [Thread-1 (]: Using duckdb connection "model.zaalima_retail_forecasting.stg_calendar"
[0m12:48:27.205347 [debug] [Thread-1 (]: On model.zaalima_retail_forecasting.stg_calendar: /* {"app": "dbt", "dbt_version": "1.12.5", "profile_name": "zaalima_retail", "target_name": "dev", "node_id": "model.zaalima_retail_forecasting.stg_calendar"} */
alter view "zaalima_warehouse"."main"."stg_calendar" rename to "stg_calendar__dbt_backup"
[0m12:48:27.207354 [debug] [Thread-2 (]: SQL status: OK in 0.004 seconds
[0m12:48:27.209360 [debug] [Thread-2 (]: Using duckdb connection "model.zaalima_retail_forecasting.stg_prices"
[0m12:48:27.209360 [debug] [Thread-2 (]: On model.zaalima_retail_forecasting.stg_prices: /* {"app": "dbt", "dbt_version": "1.12.5", "profile_name": "zaalima_retail", "target_name": "dev", "node_id": "model.zaalima_retail_forecasting.stg_prices"} */
alter view "zaalima_warehouse"."main"."stg_prices__dbt_tmp" rename to "stg_prices"
[0m12:48:27.209360 [debug] [Thread-1 (]: SQL status: OK in 0.003 seconds
[0m12:48:27.211367 [debug] [Thread-1 (]: Using duckdb connection "model.zaalima_retail_forecasting.stg_calendar"
[0m12:48:27.211367 [debug] [Thread-1 (]: On model.zaalima_retail_forecasting.stg_calendar: /* {"app": "dbt", "dbt_version": "1.12.5", "profile_name": "zaalima_retail", "target_name": "dev", "node_id": "model.zaalima_retail_forecasting.stg_calendar"} */
alter view "zaalima_warehouse"."main"."stg_calendar__dbt_tmp" rename to "stg_calendar"
[0m12:48:27.211367 [debug] [Thread-2 (]: SQL status: OK in 0.003 seconds
[0m12:48:27.219403 [debug] [Thread-2 (]: On model.zaalima_retail_forecasting.stg_prices: COMMIT
[0m12:48:27.219403 [debug] [Thread-2 (]: Using duckdb connection "model.zaalima_retail_forecasting.stg_prices"
[0m12:48:27.219403 [debug] [Thread-2 (]: On model.zaalima_retail_forecasting.stg_prices: COMMIT
[0m12:48:27.219403 [debug] [Thread-1 (]: SQL status: OK in 0.015 seconds
[0m12:48:27.229680 [debug] [Thread-1 (]: On model.zaalima_retail_forecasting.stg_calendar: COMMIT
[0m12:48:27.229680 [debug] [Thread-1 (]: Using duckdb connection "model.zaalima_retail_forecasting.stg_calendar"
[0m12:48:27.231689 [debug] [Thread-1 (]: On model.zaalima_retail_forecasting.stg_calendar: COMMIT
[0m12:48:27.231689 [debug] [Thread-2 (]: SQL status: OK in 0.004 seconds
[0m12:48:27.235624 [debug] [Thread-2 (]: Using duckdb connection "model.zaalima_retail_forecasting.stg_prices"
[0m12:48:27.235624 [debug] [Thread-2 (]: On model.zaalima_retail_forecasting.stg_prices: /* {"app": "dbt", "dbt_version": "1.12.5", "profile_name": "zaalima_retail", "target_name": "dev", "node_id": "model.zaalima_retail_forecasting.stg_prices"} */

      drop view if exists "zaalima_warehouse"."main"."stg_prices__dbt_backup" cascade
    
[0m12:48:27.235624 [debug] [Thread-3 (]: SQL status: OK in 0.050 seconds
[0m12:48:27.235624 [debug] [Thread-1 (]: SQL status: OK in 0.007 seconds
[0m12:48:27.240859 [debug] [Thread-3 (]: Using duckdb connection "model.zaalima_retail_forecasting.stg_sales"
[0m12:48:27.240859 [debug] [Thread-1 (]: Using duckdb connection "model.zaalima_retail_forecasting.stg_calendar"
[0m12:48:27.240859 [debug] [Thread-3 (]: On model.zaalima_retail_forecasting.stg_sales: /* {"app": "dbt", "dbt_version": "1.12.5", "profile_name": "zaalima_retail", "target_name": "dev", "node_id": "model.zaalima_retail_forecasting.stg_sales"} */
alter view "zaalima_warehouse"."main"."stg_sales" rename to "stg_sales__dbt_backup"
[0m12:48:27.240859 [debug] [Thread-2 (]: SQL status: OK in 0.005 seconds
[0m12:48:27.240859 [debug] [Thread-1 (]: On model.zaalima_retail_forecasting.stg_calendar: /* {"app": "dbt", "dbt_version": "1.12.5", "profile_name": "zaalima_retail", "target_name": "dev", "node_id": "model.zaalima_retail_forecasting.stg_calendar"} */

      drop view if exists "zaalima_warehouse"."main"."stg_calendar__dbt_backup" cascade
    
[0m12:48:27.240859 [debug] [Thread-2 (]: On model.zaalima_retail_forecasting.stg_prices: Close
[0m12:48:27.240859 [debug] [Thread-3 (]: SQL status: OK in 0.002 seconds
[0m12:48:27.240859 [debug] [Thread-3 (]: Using duckdb connection "model.zaalima_retail_forecasting.stg_sales"
[0m12:48:27.240859 [debug] [Thread-3 (]: On model.zaalima_retail_forecasting.stg_sales: /* {"app": "dbt", "dbt_version": "1.12.5", "profile_name": "zaalima_retail", "target_name": "dev", "node_id": "model.zaalima_retail_forecasting.stg_sales"} */
alter view "zaalima_warehouse"."main"."stg_sales__dbt_tmp" rename to "stg_sales"
[0m12:48:27.240859 [debug] [Thread-1 (]: SQL status: OK in 0.004 seconds
[0m12:48:27.250664 [debug] [Thread-3 (]: SQL status: OK in 0.001 seconds
[0m12:48:27.251670 [debug] [Thread-1 (]: On model.zaalima_retail_forecasting.stg_calendar: Close
[0m12:48:27.253668 [debug] [Thread-3 (]: On model.zaalima_retail_forecasting.stg_sales: COMMIT
[0m12:48:27.253668 [debug] [Thread-2 (]: Sending event: {'category': 'dbt', 'action': 'run_model', 'label': 'c83bf564-a902-4400-b492-27603577e108', 'context': [<snowplow_tracker.self_describing_json.SelfDescribingJson object at 0x0000017BD69FA8A0>]}
[0m12:48:27.254668 [debug] [Thread-1 (]: Sending event: {'category': 'dbt', 'action': 'run_model', 'label': 'c83bf564-a902-4400-b492-27603577e108', 'context': [<snowplow_tracker.self_describing_json.SelfDescribingJson object at 0x0000017BD6AC1BE0>]}
[0m12:48:27.254668 [debug] [Thread-3 (]: Using duckdb connection "model.zaalima_retail_forecasting.stg_sales"
[0m12:48:27.254668 [info ] [Thread-2 (]: 2 of 4 OK created sql view model main.stg_prices ............................... [[32mOK[0m in 0.11s]
[0m12:48:27.254668 [debug] [Thread-3 (]: On model.zaalima_retail_forecasting.stg_sales: COMMIT
[0m12:48:27.254668 [debug] [Thread-2 (]: Finished running node model.zaalima_retail_forecasting.stg_prices
[0m12:48:27.254668 [info ] [Thread-1 (]: 1 of 4 OK created sql view model main.stg_calendar ............................. [[32mOK[0m in 0.12s]
[0m12:48:27.254668 [debug] [Thread-1 (]: Finished running node model.zaalima_retail_forecasting.stg_calendar
[0m12:48:27.254668 [debug] [Thread-4 (]: Began running node model.zaalima_retail_forecasting.fct_daily_retail_sales
[0m12:48:27.254668 [info ] [Thread-4 (]: 4 of 4 START sql table model main.fct_daily_retail_sales ....................... [RUN]
[0m12:48:27.254668 [debug] [Thread-4 (]: Acquiring new duckdb connection 'model.zaalima_retail_forecasting.fct_daily_retail_sales'
[0m12:48:27.254668 [debug] [Thread-4 (]: Began compiling node model.zaalima_retail_forecasting.fct_daily_retail_sales
[0m12:48:27.254668 [debug] [Thread-3 (]: SQL status: OK in 0.003 seconds
[0m12:48:27.254668 [debug] [Thread-4 (]: Writing injected SQL for node "model.zaalima_retail_forecasting.fct_daily_retail_sales"
[0m12:48:27.254668 [debug] [Thread-3 (]: Using duckdb connection "model.zaalima_retail_forecasting.stg_sales"
[0m12:48:27.254668 [debug] [Thread-3 (]: On model.zaalima_retail_forecasting.stg_sales: /* {"app": "dbt", "dbt_version": "1.12.5", "profile_name": "zaalima_retail", "target_name": "dev", "node_id": "model.zaalima_retail_forecasting.stg_sales"} */

      drop view if exists "zaalima_warehouse"."main"."stg_sales__dbt_backup" cascade
    
[0m12:48:27.254668 [debug] [Thread-4 (]: Began executing node model.zaalima_retail_forecasting.fct_daily_retail_sales
[0m12:48:27.254668 [debug] [Thread-3 (]: SQL status: OK in 0.001 seconds
[0m12:48:27.283973 [debug] [Thread-3 (]: On model.zaalima_retail_forecasting.stg_sales: Close
[0m12:48:27.289510 [debug] [Thread-3 (]: Sending event: {'category': 'dbt', 'action': 'run_model', 'label': 'c83bf564-a902-4400-b492-27603577e108', 'context': [<snowplow_tracker.self_describing_json.SelfDescribingJson object at 0x0000017BDB2E7380>]}
[0m12:48:27.302545 [debug] [Thread-4 (]: Writing runtime sql for node "model.zaalima_retail_forecasting.fct_daily_retail_sales"
[0m12:48:27.302545 [info ] [Thread-3 (]: 3 of 4 OK created sql view model main.stg_sales ................................ [[32mOK[0m in 0.15s]
[0m12:48:27.302545 [debug] [Thread-3 (]: Finished running node model.zaalima_retail_forecasting.stg_sales
[0m12:48:27.302545 [debug] [Thread-4 (]: Using duckdb connection "model.zaalima_retail_forecasting.fct_daily_retail_sales"
[0m12:48:27.302545 [debug] [Thread-4 (]: On model.zaalima_retail_forecasting.fct_daily_retail_sales: BEGIN
[0m12:48:27.302545 [debug] [Thread-4 (]: Opening a new connection, currently in state init
[0m12:48:27.302545 [debug] [Thread-4 (]: SQL status: OK in 0.001 seconds
[0m12:48:27.302545 [debug] [Thread-4 (]: Using duckdb connection "model.zaalima_retail_forecasting.fct_daily_retail_sales"
[0m12:48:27.302545 [debug] [Thread-4 (]: On model.zaalima_retail_forecasting.fct_daily_retail_sales: /* {"app": "dbt", "dbt_version": "1.12.5", "profile_name": "zaalima_retail", "target_name": "dev", "node_id": "model.zaalima_retail_forecasting.fct_daily_retail_sales"} */

    

    create  table
      "zaalima_warehouse"."main"."fct_daily_retail_sales__dbt_tmp"
  
    
    as (
      /*
  Week 2: Day 4-7 Final Analytics Data Mart
  Unpivots the horizontal daily sales columns and merges dimensions
  from calendar and pricing arrays into a flat, production-ready ML matrix.
*/

WITH unpivoted_sales_matrix AS (
    -- Dynamically unpivot daily columns (d_1, d_2, etc.) into an optimized long-series format
    SELECT 
        store_id,
        item_id,
        -- Corrected raw column mappings matching the warehouse bindings
        cat_id AS category_id,
        dept_id AS department_id,
        state_id,
        CAST(regexp_replace(unpivoted_col_name, '^d_', '') AS INTEGER) AS day_sequence_number,
        CAST(sales_volume AS INTEGER) AS daily_sales_units
    FROM src_sqlite.sales_train_validation
    UNPIVOT (
        sales_volume FOR unpivoted_col_name IN (
            -- Dynamically captures all daily transactional string columns
            COLUMNS(* EXCLUDE (id, item_id, dept_id, cat_id, store_id, state_id))
        )
    )
),

final_joined_analytics_mart AS (
    SELECT 
        -- Core dimensions
        s.store_id,
        s.item_id,
        s.category_id,
        s.department_id,
        s.state_id,
        
        -- Time-series alignments
        c.walmart_year_week,
        c.weekday_name,
        c.weekday_number,
        c.calendar_month,
        c.calendar_year,
        
        -- Categorical event features
        c.event_primary_name,
        c.event_primary_type,
        c.is_snap_eligible_ca,
        c.is_snap_eligible_tx,
        c.is_snap_eligible_wi,
        
        -- Transactional units and yield evaluation fields
        s.daily_sales_units,
        COALESCE(p.item_sell_price, 0.0) AS item_sell_price,
        (s.daily_sales_units * COALESCE(p.item_sell_price, 0.0)) AS daily_gross_revenue_usd
    FROM unpivoted_sales_matrix s
    -- Link directly to your optimized staging views
    INNER JOIN "zaalima_warehouse"."main"."stg_calendar" c 
        ON s.day_sequence_number = CAST(regexp_replace(c.date_day_id, '^d_', '') AS INTEGER)
    LEFT JOIN "zaalima_warehouse"."main"."stg_prices" p 
        ON s.item_id = p.item_id 
        AND s.store_id = p.store_id 
        AND c.walmart_year_week = p.walmart_year_week
)

SELECT * FROM final_joined_analytics_mart
    );
    
  
[0m12:50:11.115084 [debug] [Thread-4 (]: SQL status: OK in 103.772 seconds
[0m12:50:11.201390 [debug] [Thread-4 (]: Using duckdb connection "model.zaalima_retail_forecasting.fct_daily_retail_sales"
[0m12:50:11.202435 [debug] [Thread-4 (]: On model.zaalima_retail_forecasting.fct_daily_retail_sales: /* {"app": "dbt", "dbt_version": "1.12.5", "profile_name": "zaalima_retail", "target_name": "dev", "node_id": "model.zaalima_retail_forecasting.fct_daily_retail_sales"} */

    SELECT index_name
    FROM duckdb_indexes()
    WHERE database_name = 'zaalima_warehouse'
      AND schema_name = 'main'
      AND table_name = 'fct_daily_retail_sales'
  
[0m12:50:11.246612 [debug] [Thread-4 (]: SQL status: OK in 0.043 seconds
[0m12:50:11.274724 [debug] [Thread-4 (]: Using duckdb connection "model.zaalima_retail_forecasting.fct_daily_retail_sales"
[0m12:50:11.274724 [debug] [Thread-4 (]: On model.zaalima_retail_forecasting.fct_daily_retail_sales: /* {"app": "dbt", "dbt_version": "1.12.5", "profile_name": "zaalima_retail", "target_name": "dev", "node_id": "model.zaalima_retail_forecasting.fct_daily_retail_sales"} */
alter table "zaalima_warehouse"."main"."fct_daily_retail_sales" rename to "fct_daily_retail_sales__dbt_backup"
[0m12:50:11.284269 [debug] [Thread-4 (]: SQL status: OK in 0.005 seconds
[0m12:50:11.288047 [debug] [Thread-4 (]: Using duckdb connection "model.zaalima_retail_forecasting.fct_daily_retail_sales"
[0m12:50:11.288047 [debug] [Thread-4 (]: On model.zaalima_retail_forecasting.fct_daily_retail_sales: /* {"app": "dbt", "dbt_version": "1.12.5", "profile_name": "zaalima_retail", "target_name": "dev", "node_id": "model.zaalima_retail_forecasting.fct_daily_retail_sales"} */
alter table "zaalima_warehouse"."main"."fct_daily_retail_sales__dbt_tmp" rename to "fct_daily_retail_sales"
[0m12:50:11.290690 [debug] [Thread-4 (]: SQL status: OK in 0.001 seconds
[0m12:50:11.307518 [debug] [Thread-4 (]: On model.zaalima_retail_forecasting.fct_daily_retail_sales: COMMIT
[0m12:50:11.308515 [debug] [Thread-4 (]: Using duckdb connection "model.zaalima_retail_forecasting.fct_daily_retail_sales"
[0m12:50:11.309515 [debug] [Thread-4 (]: On model.zaalima_retail_forecasting.fct_daily_retail_sales: COMMIT
[0m12:50:11.942397 [debug] [Thread-4 (]: SQL status: OK in 0.633 seconds
[0m12:50:11.949667 [debug] [Thread-4 (]: Using duckdb connection "model.zaalima_retail_forecasting.fct_daily_retail_sales"
[0m12:50:11.951007 [debug] [Thread-4 (]: On model.zaalima_retail_forecasting.fct_daily_retail_sales: /* {"app": "dbt", "dbt_version": "1.12.5", "profile_name": "zaalima_retail", "target_name": "dev", "node_id": "model.zaalima_retail_forecasting.fct_daily_retail_sales"} */

      drop table if exists "zaalima_warehouse"."main"."fct_daily_retail_sales__dbt_backup" cascade
    
[0m12:50:12.106483 [debug] [Thread-4 (]: SQL status: OK in 0.154 seconds
[0m12:50:12.110202 [debug] [Thread-4 (]: On model.zaalima_retail_forecasting.fct_daily_retail_sales: Close
[0m12:50:12.120441 [debug] [Thread-4 (]: Sending event: {'category': 'dbt', 'action': 'run_model', 'label': 'c83bf564-a902-4400-b492-27603577e108', 'context': [<snowplow_tracker.self_describing_json.SelfDescribingJson object at 0x0000017BDB0D0AA0>]}
[0m12:50:12.121484 [info ] [Thread-4 (]: 4 of 4 OK created sql table model main.fct_daily_retail_sales .................. [[32mOK[0m in 104.86s]
[0m12:50:12.127943 [debug] [Thread-4 (]: Finished running node model.zaalima_retail_forecasting.fct_daily_retail_sales
[0m12:50:12.144027 [debug] [MainThread]: Using duckdb connection "master"
[0m12:50:12.144027 [debug] [MainThread]: On master: BEGIN
[0m12:50:12.144027 [debug] [MainThread]: Opening a new connection, currently in state closed
[0m12:50:12.144027 [debug] [MainThread]: SQL status: OK in 0.002 seconds
[0m12:50:12.144027 [debug] [MainThread]: On master: COMMIT
[0m12:50:12.144027 [debug] [MainThread]: Using duckdb connection "master"
[0m12:50:12.144027 [debug] [MainThread]: On master: COMMIT
[0m12:50:12.144027 [debug] [MainThread]: SQL status: OK in 0.000 seconds
[0m12:50:12.151058 [debug] [MainThread]: On master: Close
[0m12:50:12.152076 [debug] [MainThread]: Connection 'master' was properly closed.
[0m12:50:12.153558 [debug] [MainThread]: Connection 'create_zaalima_warehouse_main' was properly closed.
[0m12:50:12.154226 [debug] [MainThread]: Connection 'list_zaalima_warehouse_main' was properly closed.
[0m12:50:12.154226 [debug] [MainThread]: Connection 'model.zaalima_retail_forecasting.stg_calendar' was properly closed.
[0m12:50:12.154226 [debug] [MainThread]: Connection 'model.zaalima_retail_forecasting.stg_prices' was properly closed.
[0m12:50:12.154226 [debug] [MainThread]: Connection 'model.zaalima_retail_forecasting.stg_sales' was properly closed.
[0m12:50:12.154226 [debug] [MainThread]: Connection 'model.zaalima_retail_forecasting.fct_daily_retail_sales' was properly closed.
[0m12:50:12.154226 [info ] [MainThread]: 
[0m12:50:12.154226 [info ] [MainThread]: Finished running 1 table model, 3 view models in 0 hours 1 minutes and 46.47 seconds (106.47s).
[0m12:50:12.154226 [debug] [MainThread]: Command end result
[0m12:50:12.244412 [debug] [MainThread]: Wrote artifact WritableManifest to C:\Users\savan\OneDrive\Desktop\zaalima-retail-forecasting\src_dbt\target\manifest.json
[0m12:50:12.271582 [debug] [MainThread]: Wrote artifact SemanticManifest to C:\Users\savan\OneDrive\Desktop\zaalima-retail-forecasting\src_dbt\target\semantic_manifest.json
[0m12:50:12.280579 [debug] [MainThread]: Wrote artifact OsiDocument to C:\Users\savan\OneDrive\Desktop\zaalima-retail-forecasting\src_dbt\target\osi_document.json
[0m12:50:12.304397 [debug] [MainThread]: Wrote artifact RunExecutionResult to C:\Users\savan\OneDrive\Desktop\zaalima-retail-forecasting\src_dbt\target\run_results.json
[0m12:50:12.305400 [info ] [MainThread]: 
[0m12:50:12.306396 [info ] [MainThread]: [32mCompleted successfully[0m
[0m12:50:12.307400 [info ] [MainThread]: 
[0m12:50:12.308397 [info ] [MainThread]: Done. PASS=4 WARN=0 ERROR=0 SKIP=0 NO-OP=0 REUSED=0 TOTAL=4
[0m12:50:12.311840 [debug] [MainThread]: Command `dbt run` succeeded at 12:50:12.310396 after 108.03 seconds
[0m12:50:12.312849 [debug] [MainThread]: Sending event: {'category': 'dbt', 'action': 'invocation', 'label': 'end', 'context': [<snowplow_tracker.self_describing_json.SelfDescribingJson object at 0x0000017BD70B51C0>, <snowplow_tracker.self_describing_json.SelfDescribingJson object at 0x0000017BDB5784D0>, <snowplow_tracker.self_describing_json.SelfDescribingJson object at 0x0000017BD8D86B10>]}
[0m12:50:12.313850 [debug] [MainThread]: Flushing usage events
[0m12:50:14.286327 [debug] [MainThread]: An error was encountered while trying to flush usage events
