item_id,store_id,date,sales,prediction
FOODS_1_218,TX_2,2013-06-18,21.0,6.0
FOODS_1_218,TX_2,2013-06-19,23.0,2.0
FOODS_1_218,TX_2,2013-06-20,20.0,0.0
FOODS_1_218,TX_2,2013-06-21,30.0,0.0
FOODS_1_218,TX_2,2013-06-22,27.0,0.0
FOODS_1_218,TX_2,2013-06-23,34.0,0.0
FOODS_1_218,TX_2,2013-06-24,17.0,0.0
FOODS_1_218,TX_2,2013-06-25,27.0,21.0
FOODS_1_218,TX_2,2013-06-26,27.0,23.0
FOODS_1_218,TX_2,2013-06-27,22.0,20.0
FOODS_1_218,TX_2,2013-06-28,22.0,30.0
FOODS_1_218,TX_2,2013-06-29,19.0,27.0
FOODS_1_218,TX_2,2013-06-30,23.0,34.0
FOODS_1_218,TX_2,2013-07-01,29.0,17.0
FOODS_1_218,TX_2,2013-07-02,18.0,27.0
FOODS_1_218,TX_2,2013-07-03,6.0,27.0
FOODS_1_218,TX_2,2013-07-04,29.0,22.0
FOODS_1_218,TX_2,2013-07-05,23.0,22.0
FOODS_1_218,TX_2,2013-07-06,30.0,19.0
FOODS_1_218,TX_2,2013-07-07,24.0,23.0
FOODS_1_218,TX_2,2013-07-08,27.0,29.0
FOODS_1_218,TX_2,2013-07-09,28.0,18.0
FOODS_1_218,TX_2,2013-07-10,16.0,6.0
FOODS_1_218,TX_2,2013-07-11,19.0,29.0
FOODS_1_218,TX_2,2013-07-12,20.0,23.0
FOODS_1_218,TX_2,2013-07-13,32.0,30.0
FOODS_1_218,TX_2,2013-07-14,15.0,24.0
FOODS_1_218,TX_2,2013-07-15,26.0,27.0
FOODS_2_197,CA_1,2013-06-18,15.0,23.0
FOODS_2_197,CA_1,2013-06-19,14.0,22.0
FOODS_2_197,CA_1,2013-06-20,12.0,18.0
FOODS_2_197,CA_1,2013-06-21,20.0,6.0
FOODS_2_197,CA_1,2013-06-22,13.0,23.0
FOODS_2_197,CA_1,2013-06-23,33.0,26.0
FOODS_2_197,CA_1,2013-06-24,47.0,44.0
FOODS_2_197,CA_1,2013-06-25,19.0,15.0
FOODS_2_197,CA_1,2013-06-26,19.0,14.0
FOODS_2_197,CA_1,2013-06-27,17.0,12.0
FOODS_2_197,CA_1,2013-06-28,24.0,20.0
FOODS_2_197,CA_1,2013-06-29,33.0,13.0
FOODS_2_197,CA_1,2013-06-30,38.0,33.0
FOODS_2_197,CA_1,2013-07-01,37.0,47.0
FOODS_2_197,CA_1,2013-07-02,35.0,19.0
FOODS_2_197,CA_1,2013-07-03,29.0,19.0
FOODS_2_197,CA_1,2013-07-04,36.0,17.0
FOODS_2_197,CA_1,2013-07-05,47.0,24.0
FOODS_2_197,CA_1,2013-07-06,24.0,33.0
FOODS_2_197,CA_1,2013-07-07,44.0,38.0
FOODS_2_197,CA_1,2013-07-08,56.0,37.0
FOODS_2_197,CA_1,2013-07-09,41.0,35.0
FOODS_2_197,CA_1,2013-07-10,33.0,29.0
FOODS_2_197,CA_1,2013-07-11,28.0,36.0
FOODS_2_197,CA_1,2013-07-12,2.0,47.0
FOODS_2_197,CA_1,2013-07-13,42.0,24.0
FOODS_2_197,CA_1,2013-07-14,39.0,44.0
FOODS_2_197,CA_1,2013-07-15,33.0,56.0
FOODS_2_197,CA_3,2013-06-18,24.0,13.0
FOODS_2_197,CA_3,2013-06-19,16.0,18.0
FOODS_2_197,CA_3,2013-06-20,28.0,9.0
FOODS_2_197,CA_3,2013-06-21,31.0,30.0
FOODS_2_197,CA_3,2013-06-22,35.0,29.0
FOODS_2_197,CA_3,2013-06-23,30.0,17.0
FOODS_2_197,CA_3,2013-06-24,35.0,36.0
FOODS_2_197,CA_3,2013-06-25,23.0,24.0
FOODS_2_197,CA_3,2013-06-26,8.0,16.0
FOODS_2_197,CA_3,2013-06-27,13.0,28.0
FOODS_2_197,CA_3,2013-06-28,27.0,31.0
FOODS_2_197,CA_3,2013-06-29,26.0,35.0
FOODS_2_197,CA_3,2013-06-30,32.0,30.0
FOODS_2_197,CA_3,2013-07-01,38.0,35.0
FOODS_2_197,CA_3,2013-07-02,34.0,23.0
FOODS_2_197,CA_3,2013-07-03,45.0,8.0
FOODS_2_197,CA_3,2013-07-04,25.0,13.0
FOODS_2_197,CA_3,2013-07-05,35.0,27.0
FOODS_2_197,CA_3,2013-07-06,31.0,26.0
FOODS_2_197,CA_3,2013-07-07,27.0,32.0
FOODS_2_197,CA_3,2013-07-08,45.0,38.0
FOODS_2_197,CA_3,2013-07-09,47.0,34.0
FOODS_2_197,CA_3,2013-07-10,41.0,45.0
FOODS_2_197,CA_3,2013-07-11,31.0,25.0
FOODS_2_197,CA_3,2013-07-12,23.0,35.0
FOODS_2_197,CA_3,2013-07-13,0.0,31.0
FOODS_2_197,CA_3,2013-07-14,25.0,27.0
FOODS_2_197,CA_3,2013-07-15,29.0,45.0
FOODS_2_244,CA_3,2013-06-18,20.0,13.0
FOODS_2_244,CA_3,2013-06-19,12.0,15.0
FOODS_2_244,CA_3,2013-06-20,17.0,13.0
FOODS_2_244,CA_3,2013-06-21,13.0,14.0
FOODS_2_244,CA_3,2013-06-22,22.0,18.0
FOODS_2_244,CA_3,2013-06-23,19.0,27.0
FOODS_2_244,CA_3,2013-06-24,31.0,25.0
FOODS_2_244,CA_3,2013-06-25,18.0,20.0
FOODS_2_244,CA_3,2013-06-26,11.0,12.0
FOODS_2_244,CA_3,2013-06-27,11.0,17.0
FOODS_2_244,CA_3,2013-06-28,13.0,13.0
FOODS_2_244,CA_3,2013-06-29,13.0,22.0
FOODS_2_244,CA_3,2013-06-30,18.0,19.0
FOODS_2_244,CA_3,2013-07-01,21.0,31.0
FOODS_2_244,CA_3,2013-07-02,28.0,18.0
FOODS_2_244,CA_3,2013-07-03,22.0,11.0
FOODS_2_244,CA_3,2013-07-04,15.0,11.0
FOODS_2_244,CA_3,2013-07-05,20.0,13.0
FOODS_2_244,CA_3,2013-07-06,14.0,13.0
FOODS_2_244,CA_3,2013-07-07,28.0,18.0
FOODS_2_244,CA_3,2013-07-08,19.0,21.0
FOODS_2_244,CA_3,2013-07-09,12.0,28.0
FOODS_2_244,CA_3,2013-07-10,24.0,22.0
FOODS_2_244,CA_3,2013-07-11,24.0,15.0
FOODS_2_244,CA_3,2013-07-12,18.0,20.0
FOODS_2_244,CA_3,2013-07-13,17.0,14.0
FOODS_2_244,CA_3,2013-07-14,16.0,28.0
FOODS_2_244,CA_3,2013-07-15,13.0,19.0
FOODS_2_276,CA_3,2013-06-18,22.0,20.0
FOODS_2_276,CA_3,2013-06-19,20.0,15.0
FOODS_2_276,CA_3,2013-06-20,13.0,17.0
FOODS_2_276,CA_3,2013-06-21,26.0,24.0
FOODS_2_276,CA_3,2013-06-22,25.0,31.0
FOODS_2_276,CA_3,2013-06-23,20.0,23.0
FOODS_2_276,CA_3,2013-06-24,26.0,28.0
FOODS_2_276,CA_3,2013-06-25,13.0,22.0
FOODS_2_276,CA_3,2013-06-26,15.0,20.0
FOODS_2_276,CA_3,2013-06-27,12.0,13.0
FOODS_2_276,CA_3,2013-06-28,18.0,26.0
FOODS_2_276,CA_3,2013-06-29,20.0,25.0
FOODS_2_276,CA_3,2013-06-30,9.0,20.0
FOODS_2_276,CA_3,2013-07-01,29.0,26.0
FOODS_2_276,CA_3,2013-07-02,27.0,13.0
FOODS_2_276,CA_3,2013-07-03,42.0,15.0
FOODS_2_276,CA_3,2013-07-04,16.0,12.0
FOODS_2_276,CA_3,2013-07-05,33.0,18.0
FOODS_2_276,CA_3,2013-07-06,24.0,20.0
FOODS_2_276,CA_3,2013-07-07,33.0,9.0
FOODS_2_276,CA_3,2013-07-08,34.0,29.0
FOODS_2_276,CA_3,2013-07-09,31.0,27.0
FOODS_2_276,CA_3,2013-07-10,33.0,42.0
FOODS_2_276,CA_3,2013-07-11,24.0,16.0
FOODS_2_276,CA_3,2013-07-12,26.0,33.0
FOODS_2_276,CA_3,2013-07-13,0.0,24.0
FOODS_2_276,CA_3,2013-07-14,26.0,33.0
FOODS_2_276,CA_3,2013-07-15,22.0,34.0
FOODS_2_360,CA_3,2013-06-18,13.0,33.0
FOODS_2_360,CA_3,2013-06-19,34.0,24.0
FOODS_2_360,CA_3,2013-06-20,10.0,30.0
FOODS_2_360,CA_3,2013-06-21,10.0,8.0
FOODS_2_360,CA_3,2013-06-22,8.0,27.0
FOODS_2_360,CA_3,2013-06-23,20.0,8.0
FOODS_2_360,CA_3,2013-06-24,9.0,24.0
FOODS_2_360,CA_3,2013-06-25,17.0,13.0
FOODS_2_360,CA_3,2013-06-26,7.0,34.0
FOODS_2_360,CA_3,2013-06-27,33.0,10.0
FOODS_2_360,CA_3,2013-06-28,19.0,10.0
FOODS_2_360,CA_3,2013-06-29,13.0,8.0
FOODS_2_360,CA_3,2013-06-30,24.0,20.0
FOODS_2_360,CA_3,2013-07-01,18.0,9.0
FOODS_2_360,CA_3,2013-07-02,18.0,17.0
FOODS_2_360,CA_3,2013-07-03,36.0,7.0
FOODS_2_360,CA_3,2013-07-04,7.0,33.0
FOODS_2_360,CA_3,2013-07-05,33.0,19.0
FOODS_2_360,CA_3,2013-07-06,1.0,13.0
FOODS_2_360,CA_3,2013-07-07,42.0,24.0
FOODS_2_360,CA_3,2013-07-08,35.0,18.0
FOODS_2_360,CA_3,2013-07-09,36.0,18.0
FOODS_2_360,CA_3,2013-07-10,52.0,36.0
FOODS_2_360,CA_3,2013-07-11,24.0,7.0
FOODS_2_360,CA_3,2013-07-12,21.0,33.0
FOODS_2_360,CA_3,2013-07-13,39.0,1.0
FOODS_2_360,CA_3,2013-07-14,23.0,42.0
FOODS_2_360,CA_3,2013-07-15,32.0,35.0
FOODS_2_360,TX_3,2013-06-17,40.0,21.0
FOODS_2_360,TX_3,2013-06-18,3.0,29.0
FOODS_2_360,TX_3,2013-06-19,11.0,55.0
FOODS_2_360,TX_3,2013-06-20,10.0,23.0
FOODS_2_360,TX_3,2013-06-21,21.0,7.0
FOODS_2_360,TX_3,2013-06-22,20.0,13.0
FOODS_2_360,TX_3,2013-06-23,16.0,21.0
FOODS_2_360,TX_3,2013-06-24,30.0,40.0
FOODS_2_360,TX_3,2013-06-25,22.0,3.0
FOODS_2_360,TX_3,2013-06-26,11.0,11.0
FOODS_2_360,TX_3,2013-06-27,15.0,10.0
FOODS_2_360,TX_3,2013-06-28,16.0,21.0
FOODS_2_360,TX_3,2013-06-29,10.0,20.0
FOODS_2_360,TX_3,2013-06-30,9.0,16.0
FOODS_2_360,TX_3,2013-07-01,21.0,30.0
FOODS_2_360,TX_3,2013-07-02,6.0,22.0
FOODS_2_360,TX_3,2013-07-03,29.0,11.0
FOODS_2_360,TX_3,2013-07-04,14.0,15.0
FOODS_2_360,TX_3,2013-07-05,24.0,16.0
FOODS_2_360,TX_3,2013-07-06,15.0,10.0
FOODS_2_360,TX_3,2013-07-07,23.0,9.0
FOODS_2_360,TX_3,2013-07-08,42.0,21.0
FOODS_2_360,TX_3,2013-07-09,26.0,6.0
FOODS_2_360,TX_3,2013-07-10,9.0,29.0
FOODS_2_360,TX_3,2013-07-11,25.0,14.0
FOODS_2_360,TX_3,2013-07-12,12.0,24.0
FOODS_2_360,TX_3,2013-07-13,36.0,15.0
FOODS_2_360,TX_3,2013-07-14,26.0,23.0
FOODS_2_360,WI_2,2013-06-17,53.0,41.0
FOODS_2_360,WI_2,2013-06-18,12.0,104.0
FOODS_2_360,WI_2,2013-06-19,32.0,65.0
FOODS_2_360,WI_2,2013-06-20,20.0,53.0
FOODS_2_360,WI_2,2013-06-21,27.0,57.0
FOODS_2_360,WI_2,2013-06-22,27.0,68.0
FOODS_2_360,WI_2,2013-06-23,35.0,54.0
FOODS_2_360,WI_2,2013-06-24,49.0,53.0
FOODS_2_360,WI_2,2013-06-25,37.0,12.0
FOODS_2_360,WI_2,2013-06-26,30.0,32.0
FOODS_2_360,WI_2,2013-06-27,22.0,20.0
FOODS_2_360,WI_2,2013-06-28,12.0,27.0
FOODS_2_360,WI_2,2013-06-29,25.0,27.0
FOODS_2_360,WI_2,2013-06-30,16.0,35.0
FOODS_2_360,WI_2,2013-07-01,28.0,49.0
FOODS_2_360,WI_2,2013-07-02,50.0,37.0
FOODS_2_360,WI_2,2013-07-03,78.0,30.0
FOODS_2_360,WI_2,2013-07-04,14.0,22.0
FOODS_2_360,WI_2,2013-07-05,56.0,12.0
FOODS_2_360,WI_2,2013-07-06,73.0,25.0
FOODS_2_360,WI_2,2013-07-07,105.0,16.0
FOODS_2_360,WI_2,2013-07-08,46.0,28.0
FOODS_2_360,WI_2,2013-07-09,117.0,50.0
FOODS_2_360,WI_2,2013-07-10,49.0,78.0
FOODS_2_360,WI_2,2013-07-11,62.0,14.0
FOODS_2_360,WI_2,2013-07-12,49.0,56.0
FOODS_2_360,WI_2,2013-07-13,57.0,73.0
FOODS_2_360,WI_2,2013-07-14,70.0,105.0
FOODS_2_360,WI_3,2013-06-17,16.0,3.0
FOODS_2_360,WI_3,2013-06-18,8.0,12.0
FOODS_2_360,WI_3,2013-06-19,19.0,22.0
FOODS_2_360,WI_3,2013-06-20,15.0,11.0
FOODS_2_360,WI_3,2013-06-21,0.0,18.0
FOODS_2_360,WI_3,2013-06-22,10.0,30.0
FOODS_2_360,WI_3,2013-06-23,4.0,6.0
FOODS_2_360,WI_3,2013-06-24,9.0,16.0
FOODS_2_360,WI_3,2013-06-25,10.0,8.0
FOODS_2_360,WI_3,2013-06-26,19.0,19.0
FOODS_2_360,WI_3,2013-06-27,2.0,15.0
FOODS_2_360,WI_3,2013-06-28,10.0,0.0
FOODS_2_360,WI_3,2013-06-29,7.0,10.0
FOODS_2_360,WI_3,2013-06-30,15.0,4.0
FOODS_2_360,WI_3,2013-07-01,11.0,9.0
FOODS_2_360,WI_3,2013-07-02,15.0,10.0
FOODS_2_360,WI_3,2013-07-03,33.0,19.0
FOODS_2_360,WI_3,2013-07-04,3.0,2.0
FOODS_2_360,WI_3,2013-07-05,6.0,10.0
FOODS_2_360,WI_3,2013-07-06,16.0,7.0
FOODS_2_360,WI_3,2013-07-07,1.0,15.0
FOODS_2_360,WI_3,2013-07-08,38.0,11.0
FOODS_2_360,WI_3,2013-07-09,19.0,15.0
FOODS_2_360,WI_3,2013-07-10,21.0,33.0
FOODS_2_360,WI_3,2013-07-11,25.0,3.0
FOODS_2_360,WI_3,2013-07-12,22.0,6.0
FOODS_2_360,WI_3,2013-07-13,34.0,16.0
FOODS_2_360,WI_3,2013-07-14,29.0,1.0
FOODS_3_007,WI_2,2013-06-17,0.0,0.0
FOODS_3_007,WI_2,2013-06-18,1.0,0.0
FOODS_3_007,WI_2,2013-06-19,0.0,0.0
FOODS_3_007,WI_2,2013-06-20,0.0,0.0
FOODS_3_007,WI_2,2013-06-21,0.0,0.0
FOODS_3_007,WI_2,2013-06-22,68.0,0.0
FOODS_3_007,WI_2,2013-06-23,67.0,0.0
FOODS_3_007,WI_2,2013-06-24,37.0,0.0
FOODS_3_007,WI_2,2013-06-25,29.0,1.0
FOODS_3_007,WI_2,2013-06-26,0.0,0.0
FOODS_3_007,WI_2,2013-06-27,0.0,0.0
FOODS_3_007,WI_2,2013-06-28,0.0,0.0
FOODS_3_007,WI_2,2013-06-29,1.0,68.0
FOODS_3_007,WI_2,2013-06-30,0.0,67.0
FOODS_3_007,WI_2,2013-07-01,0.0,37.0
FOODS_3_007,WI_2,2013-07-02,0.0,29.0
FOODS_3_007,WI_2,2013-07-03,0.0,0.0
FOODS_3_007,WI_2,2013-07-04,0.0,0.0
FOODS_3_007,WI_2,2013-07-05,0.0,0.0
FOODS_3_007,WI_2,2013-07-06,0.0,1.0
FOODS_3_007,WI_2,2013-07-07,0.0,0.0
FOODS_3_007,WI_2,2013-07-08,0.0,0.0
FOODS_3_007,WI_2,2013-07-09,96.0,0.0
FOODS_3_007,WI_2,2013-07-10,32.0,0.0
FOODS_3_007,WI_2,2013-07-11,99.0,0.0
FOODS_3_007,WI_2,2013-07-12,64.0,0.0
FOODS_3_007,WI_2,2013-07-13,27.0,0.0
FOODS_3_007,WI_2,2013-07-14,72.0,0.0
FOODS_3_030,TX_2,2013-06-18,5.0,23.0
FOODS_3_030,TX_2,2013-06-19,11.0,8.0
FOODS_3_030,TX_2,2013-06-20,10.0,13.0
FOODS_3_030,TX_2,2013-06-21,16.0,15.0
FOODS_3_030,TX_2,2013-06-22,30.0,32.0
FOODS_3_030,TX_2,2013-06-23,20.0,40.0
FOODS_3_030,TX_2,2013-06-24,17.0,18.0
FOODS_3_030,TX_2,2013-06-25,8.0,5.0
FOODS_3_030,TX_2,2013-06-26,13.0,11.0
FOODS_3_030,TX_2,2013-06-27,15.0,10.0
FOODS_3_030,TX_2,2013-06-28,23.0,16.0
FOODS_3_030,TX_2,2013-06-29,35.0,30.0
FOODS_3_030,TX_2,2013-06-30,32.0,20.0
FOODS_3_030,TX_2,2013-07-01,20.0,17.0
FOODS_3_030,TX_2,2013-07-02,20.0,8.0
FOODS_3_030,TX_2,2013-07-03,22.0,13.0
FOODS_3_030,TX_2,2013-07-04,30.0,15.0
FOODS_3_030,TX_2,2013-07-05,25.0,23.0
FOODS_3_030,TX_2,2013-07-06,41.0,35.0
FOODS_3_030,TX_2,2013-07-07,34.0,32.0
FOODS_3_030,TX_2,2013-07-08,30.0,20.0
FOODS_3_030,TX_2,2013-07-09,58.0,20.0
FOODS_3_030,TX_2,2013-07-10,25.0,22.0
FOODS_3_030,TX_2,2013-07-11,28.0,30.0
FOODS_3_030,TX_2,2013-07-12,18.0,25.0
FOODS_3_030,TX_2,2013-07-13,26.0,41.0
FOODS_3_030,TX_2,2013-07-14,19.0,34.0
FOODS_3_030,TX_2,2013-07-15,24.0,30.0
FOODS_3_030,TX_3,2013-06-17,18.0,10.0
FOODS_3_030,TX_3,2013-06-18,13.0,20.0
FOODS_3_030,TX_3,2013-06-19,17.0,13.0
FOODS_3_030,TX_3,2013-06-20,14.0,17.0
FOODS_3_030,TX_3,2013-06-21,13.0,11.0
FOODS_3_030,TX_3,2013-06-22,17.0,30.0
FOODS_3_030,TX_3,2013-06-23,38.0,37.0
FOODS_3_030,TX_3,2013-06-24,24.0,18.0
FOODS_3_030,TX_3,2013-06-25,22.0,13.0
FOODS_3_030,TX_3,2013-06-26,12.0,17.0
FOODS_3_030,TX_3,2013-06-27,11.0,14.0
FOODS_3_030,TX_3,2013-06-28,45.0,13.0
FOODS_3_030,TX_3,2013-06-29,26.0,17.0
FOODS_3_030,TX_3,2013-06-30,20.0,38.0
FOODS_3_030,TX_3,2013-07-01,32.0,24.0
FOODS_3_030,TX_3,2013-07-02,27.0,22.0
FOODS_3_030,TX_3,2013-07-03,16.0,12.0
FOODS_3_030,TX_3,2013-07-04,40.0,11.0
FOODS_3_030,TX_3,2013-07-05,23.0,45.0
FOODS_3_030,TX_3,2013-07-06,26.0,26.0
FOODS_3_030,TX_3,2013-07-07,33.0,20.0
FOODS_3_030,TX_3,2013-07-08,18.0,32.0
FOODS_3_030,TX_3,2013-07-09,17.0,27.0
FOODS_3_030,TX_3,2013-07-10,25.0,16.0
FOODS_3_030,TX_3,2013-07-11,20.0,40.0
FOODS_3_030,TX_3,2013-07-12,31.0,23.0
FOODS_3_030,TX_3,2013-07-13,19.0,26.0
FOODS_3_030,TX_3,2013-07-14,27.0,33.0
FOODS_3_080,CA_1,2013-06-18,15.0,20.0
FOODS_3_080,CA_1,2013-06-19,14.0,22.0
FOODS_3_080,CA_1,2013-06-20,19.0,29.0
FOODS_3_080,CA_1,2013-06-21,39.0,21.0
FOODS_3_080,CA_1,2013-06-22,32.0,42.0
FOODS_3_080,CA_1,2013-06-23,18.0,34.0
FOODS_3_080,CA_1,2013-06-24,8.0,20.0
FOODS_3_080,CA_1,2013-06-25,6.0,15.0
FOODS_3_080,CA_1,2013-06-26,18.0,14.0
FOODS_3_080,CA_1,2013-06-27,18.0,19.0
FOODS_3_080,CA_1,2013-06-28,24.0,39.0
FOODS_3_080,CA_1,2013-06-29,31.0,32.0
FOODS_3_080,CA_1,2013-06-30,25.0,18.0
FOODS_3_080,CA_1,2013-07-01,20.0,8.0
FOODS_3_080,CA_1,2013-07-02,28.0,6.0
FOODS_3_080,CA_1,2013-07-03,33.0,18.0
FOODS_3_080,CA_1,2013-07-04,22.0,18.0
FOODS_3_080,CA_1,2013-07-05,24.0,24.0
FOODS_3_080,CA_1,2013-07-06,18.0,31.0
FOODS_3_080,CA_1,2013-07-07,21.0,25.0
FOODS_3_080,CA_1,2013-07-08,15.0,20.0
FOODS_3_080,CA_1,2013-07-09,19.0,28.0
FOODS_3_080,CA_1,2013-07-10,22.0,33.0
FOODS_3_080,CA_1,2013-07-11,11.0,22.0
FOODS_3_080,CA_1,2013-07-12,21.0,24.0
FOODS_3_080,CA_1,2013-07-13,28.0,18.0
FOODS_3_080,CA_1,2013-07-14,20.0,21.0
FOODS_3_080,CA_1,2013-07-15,15.0,15.0
FOODS_3_080,CA_3,2013-06-18,17.0,28.0
FOODS_3_080,CA_3,2013-06-19,19.0,19.0
FOODS_3_080,CA_3,2013-06-20,11.0,21.0
FOODS_3_080,CA_3,2013-06-21,18.0,17.0
FOODS_3_080,CA_3,2013-06-22,25.0,29.0
FOODS_3_080,CA_3,2013-06-23,20.0,25.0
FOODS_3_080,CA_3,2013-06-24,19.0,15.0
FOODS_3_080,CA_3,2013-06-25,23.0,17.0
FOODS_3_080,CA_3,2013-06-26,17.0,19.0
FOODS_3_080,CA_3,2013-06-27,18.0,11.0
FOODS_3_080,CA_3,2013-06-28,18.0,18.0
FOODS_3_080,CA_3,2013-06-29,23.0,25.0
FOODS_3_080,CA_3,2013-06-30,22.0,20.0
FOODS_3_080,CA_3,2013-07-01,24.0,19.0
FOODS_3_080,CA_3,2013-07-02,26.0,23.0
FOODS_3_080,CA_3,2013-07-03,20.0,17.0
FOODS_3_080,CA_3,2013-07-04,35.0,18.0
FOODS_3_080,CA_3,2013-07-05,34.0,18.0
FOODS_3_080,CA_3,2013-07-06,28.0,23.0
FOODS_3_080,CA_3,2013-07-07,18.0,22.0
FOODS_3_080,CA_3,2013-07-08,20.0,24.0
FOODS_3_080,CA_3,2013-07-09,24.0,26.0
FOODS_3_080,CA_3,2013-07-10,20.0,20.0
FOODS_3_080,CA_3,2013-07-11,24.0,35.0
FOODS_3_080,CA_3,2013-07-12,21.0,34.0
FOODS_3_080,CA_3,2013-07-13,23.0,28.0
FOODS_3_080,CA_3,2013-07-14,24.0,18.0
FOODS_3_080,CA_3,2013-07-15,24.0,20.0
FOODS_3_080,TX_2,2013-06-18,23.0,24.0
FOODS_3_080,TX_2,2013-06-19,22.0,19.0
FOODS_3_080,TX_2,2013-06-20,17.0,27.0
FOODS_3_080,TX_2,2013-06-21,29.0,25.0
FOODS_3_080,TX_2,2013-06-22,23.0,34.0
FOODS_3_080,TX_2,2013-06-23,17.0,29.0
FOODS_3_080,TX_2,2013-06-24,26.0,21.0
FOODS_3_080,TX_2,2013-06-25,24.0,23.0
FOODS_3_080,TX_2,2013-06-26,19.0,22.0
FOODS_3_080,TX_2,2013-06-27,17.0,17.0
FOODS_3_080,TX_2,2013-06-28,24.0,29.0
FOODS_3_080,TX_2,2013-06-29,29.0,23.0
FOODS_3_080,TX_2,2013-06-30,18.0,17.0
FOODS_3_080,TX_2,2013-07-01,16.0,26.0
FOODS_3_080,TX_2,2013-07-02,16.0,24.0
FOODS_3_080,TX_2,2013-07-03,26.0,19.0
FOODS_3_080,TX_2,2013-07-04,27.0,17.0
FOODS_3_080,TX_2,2013-07-05,20.0,24.0
FOODS_3_080,TX_2,2013-07-06,29.0,29.0
FOODS_3_080,TX_2,2013-07-07,18.0,18.0
FOODS_3_080,TX_2,2013-07-08,17.0,16.0
FOODS_3_080,TX_2,2013-07-09,27.0,16.0
FOODS_3_080,TX_2,2013-07-10,22.0,26.0
FOODS_3_080,TX_2,2013-07-11,25.0,27.0
FOODS_3_080,TX_2,2013-07-12,22.0,20.0
FOODS_3_080,TX_2,2013-07-13,27.0,29.0
FOODS_3_080,TX_2,2013-07-14,19.0,18.0
FOODS_3_080,TX_2,2013-07-15,28.0,17.0
FOODS_3_090,CA_1,2013-06-18,84.0,44.0
FOODS_3_090,CA_1,2013-06-19,44.0,52.0
FOODS_3_090,CA_1,2013-06-20,59.0,138.0
FOODS_3_090,CA_1,2013-06-21,110.0,117.0
FOODS_3_090,CA_1,2013-06-22,127.0,146.0
FOODS_3_090,CA_1,2013-06-23,65.0,123.0
FOODS_3_090,CA_1,2013-06-24,39.0,57.0
FOODS_3_090,CA_1,2013-06-25,66.0,84.0
FOODS_3_090,CA_1,2013-06-26,63.0,44.0
FOODS_3_090,CA_1,2013-06-27,47.0,59.0
FOODS_3_090,CA_1,2013-06-28,134.0,110.0
FOODS_3_090,CA_1,2013-06-29,88.0,127.0
FOODS_3_090,CA_1,2013-06-30,86.0,65.0
FOODS_3_090,CA_1,2013-07-01,86.0,39.0
FOODS_3_090,CA_1,2013-07-02,100.0,66.0
FOODS_3_090,CA_1,2013-07-03,148.0,63.0
FOODS_3_090,CA_1,2013-07-04,150.0,47.0
FOODS_3_090,CA_1,2013-07-05,131.0,134.0
FOODS_3_090,CA_1,2013-07-06,118.0,88.0
FOODS_3_090,CA_1,2013-07-07,94.0,86.0
FOODS_3_090,CA_1,2013-07-08,61.0,86.0
FOODS_3_090,CA_1,2013-07-09,42.0,100.0
FOODS_3_090,CA_1,2013-07-10,66.0,148.0
FOODS_3_090,CA_1,2013-07-11,72.0,150.0
FOODS_3_090,CA_1,2013-07-12,109.0,131.0
FOODS_3_090,CA_1,2013-07-13,79.0,118.0
FOODS_3_090,CA_1,2013-07-14,106.0,94.0
FOODS_3_090,CA_1,2013-07-15,57.0,61.0
FOODS_3_090,CA_2,2013-06-18,25.0,31.0
FOODS_3_090,CA_2,2013-06-19,30.0,40.0
FOODS_3_090,CA_2,2013-06-20,30.0,40.0
FOODS_3_090,CA_2,2013-06-21,46.0,49.0
FOODS_3_090,CA_2,2013-06-22,51.0,48.0
FOODS_3_090,CA_2,2013-06-23,25.0,48.0
FOODS_3_090,CA_2,2013-06-24,24.0,19.0
FOODS_3_090,CA_2,2013-06-25,26.0,25.0
FOODS_3_090,CA_2,2013-06-26,11.0,30.0
FOODS_3_090,CA_2,2013-06-27,27.0,30.0
FOODS_3_090,CA_2,2013-06-28,36.0,46.0
FOODS_3_090,CA_2,2013-06-29,40.0,51.0
FOODS_3_090,CA_2,2013-06-30,52.0,25.0
FOODS_3_090,CA_2,2013-07-01,35.0,24.0
FOODS_3_090,CA_2,2013-07-02,30.0,26.0
FOODS_3_090,CA_2,2013-07-03,40.0,11.0
FOODS_3_090,CA_2,2013-07-04,41.0,27.0
FOODS_3_090,CA_2,2013-07-05,52.0,36.0
FOODS_3_090,CA_2,2013-07-06,34.0,40.0
FOODS_3_090,CA_2,2013-07-07,36.0,52.0
FOODS_3_090,CA_2,2013-07-08,38.0,35.0
FOODS_3_090,CA_2,2013-07-09,37.0,30.0
FOODS_3_090,CA_2,2013-07-10,44.0,40.0
FOODS_3_090,CA_2,2013-07-11,33.0,41.0
FOODS_3_090,CA_2,2013-07-12,35.0,52.0
FOODS_3_090,CA_2,2013-07-13,55.0,34.0
FOODS_3_090,CA_2,2013-07-14,74.0,36.0
FOODS_3_090,CA_2,2013-07-15,36.0,38.0
FOODS_3_090,CA_3,2013-06-18,145.0,159.0
FOODS_3_090,CA_3,2013-06-19,101.0,107.0
FOODS_3_090,CA_3,2013-06-20,189.0,154.0
FOODS_3_090,CA_3,2013-06-21,252.0,264.0
FOODS_3_090,CA_3,2013-06-22,227.0,278.0
FOODS_3_090,CA_3,2013-06-23,225.0,213.0
FOODS_3_090,CA_3,2013-06-24,131.0,249.0
FOODS_3_090,CA_3,2013-06-25,145.0,145.0
FOODS_3_090,CA_3,2013-06-26,169.0,101.0
FOODS_3_090,CA_3,2013-06-27,176.0,189.0
FOODS_3_090,CA_3,2013-06-28,231.0,252.0
FOODS_3_090,CA_3,2013-06-29,324.0,227.0
FOODS_3_090,CA_3,2013-06-30,202.0,225.0
FOODS_3_090,CA_3,2013-07-01,225.0,131.0
FOODS_3_090,CA_3,2013-07-02,203.0,145.0
FOODS_3_090,CA_3,2013-07-03,325.0,169.0
FOODS_3_090,CA_3,2013-07-04,294.0,176.0
FOODS_3_090,CA_3,2013-07-05,210.0,231.0
FOODS_3_090,CA_3,2013-07-06,214.0,324.0
FOODS_3_090,CA_3,2013-07-07,204.0,202.0
FOODS_3_090,CA_3,2013-07-08,115.0,225.0
FOODS_3_090,CA_3,2013-07-09,125.0,203.0
FOODS_3_090,CA_3,2013-07-10,207.0,325.0
FOODS_3_090,CA_3,2013-07-11,144.0,294.0
FOODS_3_090,CA_3,2013-07-12,202.0,210.0
FOODS_3_090,CA_3,2013-07-13,212.0,214.0
FOODS_3_090,CA_3,2013-07-14,173.0,204.0
FOODS_3_090,CA_3,2013-07-15,184.0,115.0
FOODS_3_090,CA_4,2013-06-18,21.0,24.0
FOODS_3_090,CA_4,2013-06-19,24.0,15.0
FOODS_3_090,CA_4,2013-06-20,32.0,37.0
FOODS_3_090,CA_4,2013-06-21,55.0,40.0
FOODS_3_090,CA_4,2013-06-22,42.0,43.0
FOODS_3_090,CA_4,2013-06-23,39.0,68.0
FOODS_3_090,CA_4,2013-06-24,22.0,34.0
FOODS_3_090,CA_4,2013-06-25,45.0,21.0
FOODS_3_090,CA_4,2013-06-26,28.0,24.0
FOODS_3_090,CA_4,2013-06-27,26.0,32.0
FOODS_3_090,CA_4,2013-06-28,34.0,55.0
FOODS_3_090,CA_4,2013-06-29,36.0,42.0
FOODS_3_090,CA_4,2013-06-30,37.0,39.0
FOODS_3_090,CA_4,2013-07-01,27.0,22.0
FOODS_3_090,CA_4,2013-07-02,27.0,45.0
FOODS_3_090,CA_4,2013-07-03,47.0,28.0
FOODS_3_090,CA_4,2013-07-04,67.0,26.0
FOODS_3_090,CA_4,2013-07-05,28.0,34.0
FOODS_3_090,CA_4,2013-07-06,36.0,36.0
FOODS_3_090,CA_4,2013-07-07,26.0,37.0
FOODS_3_090,CA_4,2013-07-08,38.0,27.0
FOODS_3_090,CA_4,2013-07-09,26.0,27.0
FOODS_3_090,CA_4,2013-07-10,29.0,47.0
FOODS_3_090,CA_4,2013-07-11,28.0,67.0
FOODS_3_090,CA_4,2013-07-12,40.0,28.0
FOODS_3_090,CA_4,2013-07-13,28.0,36.0
FOODS_3_090,CA_4,2013-07-14,45.0,26.0
FOODS_3_090,CA_4,2013-07-15,33.0,38.0
FOODS_3_090,TX_1,2013-06-18,105.0,57.0
FOODS_3_090,TX_1,2013-06-19,58.0,32.0
FOODS_3_090,TX_1,2013-06-20,56.0,42.0
FOODS_3_090,TX_1,2013-06-21,48.0,60.0
FOODS_3_090,TX_1,2013-06-22,76.0,75.0
FOODS_3_090,TX_1,2013-06-23,73.0,69.0
FOODS_3_090,TX_1,2013-06-24,41.0,29.0
FOODS_3_090,TX_1,2013-06-25,23.0,105.0
FOODS_3_090,TX_1,2013-06-26,28.0,58.0
FOODS_3_090,TX_1,2013-06-27,32.0,56.0
FOODS_3_090,TX_1,2013-06-28,41.0,48.0
FOODS_3_090,TX_1,2013-06-29,44.0,76.0
FOODS_3_090,TX_1,2013-06-30,78.0,73.0
FOODS_3_090,TX_1,2013-07-01,60.0,41.0
FOODS_3_090,TX_1,2013-07-02,68.0,23.0
FOODS_3_090,TX_1,2013-07-03,43.0,28.0
FOODS_3_090,TX_1,2013-07-04,61.0,32.0
FOODS_3_090,TX_1,2013-07-05,51.0,41.0
FOODS_3_090,TX_1,2013-07-06,61.0,44.0
FOODS_3_090,TX_1,2013-07-07,75.0,78.0
FOODS_3_090,TX_1,2013-07-08,59.0,60.0
FOODS_3_090,TX_1,2013-07-09,51.0,68.0
FOODS_3_090,TX_1,2013-07-10,78.0,43.0
FOODS_3_090,TX_1,2013-07-11,49.0,61.0
FOODS_3_090,TX_1,2013-07-12,90.0,51.0
FOODS_3_090,TX_1,2013-07-13,100.0,61.0
FOODS_3_090,TX_1,2013-07-14,89.0,75.0
FOODS_3_090,TX_1,2013-07-15,62.0,59.0
FOODS_3_090,TX_2,2013-06-18,46.0,40.0
FOODS_3_090,TX_2,2013-06-19,47.0,52.0
FOODS_3_090,TX_2,2013-06-20,63.0,52.0
FOODS_3_090,TX_2,2013-06-21,47.0,43.0
FOODS_3_090,TX_2,2013-06-22,114.0,58.0
FOODS_3_090,TX_2,2013-06-23,71.0,80.0
FOODS_3_090,TX_2,2013-06-24,49.0,79.0
FOODS_3_090,TX_2,2013-06-25,72.0,46.0
FOODS_3_090,TX_2,2013-06-26,55.0,47.0
FOODS_3_090,TX_2,2013-06-27,46.0,63.0
FOODS_3_090,TX_2,2013-06-28,76.0,47.0
FOODS_3_090,TX_2,2013-06-29,148.0,114.0
FOODS_3_090,TX_2,2013-06-30,79.0,71.0
FOODS_3_090,TX_2,2013-07-01,52.0,49.0
FOODS_3_090,TX_2,2013-07-02,51.0,72.0
FOODS_3_090,TX_2,2013-07-03,68.0,55.0
FOODS_3_090,TX_2,2013-07-04,103.0,46.0
FOODS_3_090,TX_2,2013-07-05,81.0,76.0
FOODS_3_090,TX_2,2013-07-06,78.0,148.0
FOODS_3_090,TX_2,2013-07-07,79.0,79.0
FOODS_3_090,TX_2,2013-07-08,76.0,52.0
FOODS_3_090,TX_2,2013-07-09,54.0,51.0
FOODS_3_090,TX_2,2013-07-10,68.0,68.0
FOODS_3_090,TX_2,2013-07-11,47.0,103.0
FOODS_3_090,TX_2,2013-07-12,102.0,81.0
FOODS_3_090,TX_2,2013-07-13,118.0,78.0
FOODS_3_090,TX_2,2013-07-14,72.0,79.0
FOODS_3_090,TX_2,2013-07-15,70.0,76.0
FOODS_3_090,TX_3,2013-06-17,52.0,52.0
FOODS_3_090,TX_3,2013-06-18,40.0,44.0
FOODS_3_090,TX_3,2013-06-19,59.0,64.0
FOODS_3_090,TX_3,2013-06-20,57.0,27.0
FOODS_3_090,TX_3,2013-06-21,67.0,43.0
FOODS_3_090,TX_3,2013-06-22,80.0,82.0
FOODS_3_090,TX_3,2013-06-23,74.0,77.0
FOODS_3_090,TX_3,2013-06-24,49.0,52.0
FOODS_3_090,TX_3,2013-06-25,90.0,40.0
FOODS_3_090,TX_3,2013-06-26,57.0,59.0
FOODS_3_090,TX_3,2013-06-27,45.0,57.0
FOODS_3_090,TX_3,2013-06-28,23.0,67.0
FOODS_3_090,TX_3,2013-06-29,72.0,80.0
FOODS_3_090,TX_3,2013-06-30,84.0,74.0
FOODS_3_090,TX_3,2013-07-01,40.0,49.0
FOODS_3_090,TX_3,2013-07-02,47.0,90.0
FOODS_3_090,TX_3,2013-07-03,61.0,57.0
FOODS_3_090,TX_3,2013-07-04,83.0,45.0
FOODS_3_090,TX_3,2013-07-05,81.0,23.0
FOODS_3_090,TX_3,2013-07-06,71.0,72.0
FOODS_3_090,TX_3,2013-07-07,50.0,84.0
FOODS_3_090,TX_3,2013-07-08,28.0,40.0
FOODS_3_090,TX_3,2013-07-09,43.0,47.0
FOODS_3_090,TX_3,2013-07-10,51.0,61.0
FOODS_3_090,TX_3,2013-07-11,92.0,83.0
FOODS_3_090,TX_3,2013-07-12,85.0,81.0
FOODS_3_090,TX_3,2013-07-13,96.0,71.0
FOODS_3_090,TX_3,2013-07-14,82.0,50.0
FOODS_3_090,WI_3,2013-06-17,46.0,58.0
FOODS_3_090,WI_3,2013-06-18,40.0,53.0
FOODS_3_090,WI_3,2013-06-19,39.0,33.0
FOODS_3_090,WI_3,2013-06-20,72.0,67.0
FOODS_3_090,WI_3,2013-06-21,66.0,101.0
FOODS_3_090,WI_3,2013-06-22,77.0,100.0
FOODS_3_090,WI_3,2013-06-23,81.0,72.0
FOODS_3_090,WI_3,2013-06-24,53.0,46.0
FOODS_3_090,WI_3,2013-06-25,20.0,40.0
FOODS_3_090,WI_3,2013-06-26,45.0,39.0
FOODS_3_090,WI_3,2013-06-27,47.0,72.0
FOODS_3_090,WI_3,2013-06-28,57.0,66.0
FOODS_3_090,WI_3,2013-06-29,85.0,77.0
FOODS_3_090,WI_3,2013-06-30,65.0,81.0
FOODS_3_090,WI_3,2013-07-01,45.0,53.0
FOODS_3_090,WI_3,2013-07-02,41.0,20.0
FOODS_3_090,WI_3,2013-07-03,79.0,45.0
FOODS_3_090,WI_3,2013-07-04,106.0,47.0
FOODS_3_090,WI_3,2013-07-05,56.0,57.0
FOODS_3_090,WI_3,2013-07-06,78.0,85.0
FOODS_3_090,WI_3,2013-07-07,56.0,65.0
FOODS_3_090,WI_3,2013-07-08,38.0,45.0
FOODS_3_090,WI_3,2013-07-09,69.0,41.0
FOODS_3_090,WI_3,2013-07-10,77.0,79.0
FOODS_3_090,WI_3,2013-07-11,59.0,106.0
FOODS_3_090,WI_3,2013-07-12,61.0,56.0
FOODS_3_090,WI_3,2013-07-13,100.0,78.0
FOODS_3_090,WI_3,2013-07-14,71.0,56.0
FOODS_3_099,TX_2,2013-06-18,28.0,28.0
FOODS_3_099,TX_2,2013-06-19,19.0,27.0
FOODS_3_099,TX_2,2013-06-20,24.0,29.0
FOODS_3_099,TX_2,2013-06-21,19.0,20.0
FOODS_3_099,TX_2,2013-06-22,27.0,21.0
FOODS_3_099,TX_2,2013-06-23,27.0,13.0
FOODS_3_099,TX_2,2013-06-24,28.0,23.0
FOODS_3_099,TX_2,2013-06-25,18.0,28.0
FOODS_3_099,TX_2,2013-06-26,18.0,19.0
FOODS_3_099,TX_2,2013-06-27,17.0,24.0
FOODS_3_099,TX_2,2013-06-28,22.0,19.0
FOODS_3_099,TX_2,2013-06-29,21.0,27.0
FOODS_3_099,TX_2,2013-06-30,22.0,27.0
FOODS_3_099,TX_2,2013-07-01,22.0,28.0
FOODS_3_099,TX_2,2013-07-02,29.0,18.0
FOODS_3_099,TX_2,2013-07-03,23.0,18.0
FOODS_3_099,TX_2,2013-07-04,22.0,17.0
FOODS_3_099,TX_2,2013-07-05,19.0,22.0
FOODS_3_099,TX_2,2013-07-06,21.0,21.0
FOODS_3_099,TX_2,2013-07-07,31.0,22.0
FOODS_3_099,TX_2,2013-07-08,21.0,22.0
FOODS_3_099,TX_2,2013-07-09,27.0,29.0
FOODS_3_099,TX_2,2013-07-10,20.0,23.0
FOODS_3_099,TX_2,2013-07-11,21.0,22.0
FOODS_3_099,TX_2,2013-07-12,17.0,19.0
FOODS_3_099,TX_2,2013-07-13,36.0,21.0
FOODS_3_099,TX_2,2013-07-14,22.0,31.0
FOODS_3_099,TX_2,2013-07-15,32.0,21.0
FOODS_3_120,CA_1,2013-06-18,50.0,53.0
FOODS_3_120,CA_1,2013-06-19,43.0,45.0
FOODS_3_120,CA_1,2013-06-20,35.0,51.0
FOODS_3_120,CA_1,2013-06-21,26.0,56.0
FOODS_3_120,CA_1,2013-06-22,72.0,51.0
FOODS_3_120,CA_1,2013-06-23,60.0,57.0
FOODS_3_120,CA_1,2013-06-24,45.0,57.0
FOODS_3_120,CA_1,2013-06-25,55.0,50.0
FOODS_3_120,CA_1,2013-06-26,83.0,43.0
FOODS_3_120,CA_1,2013-06-27,66.0,35.0
FOODS_3_120,CA_1,2013-06-28,87.0,26.0
FOODS_3_120,CA_1,2013-06-29,112.0,72.0
FOODS_3_120,CA_1,2013-06-30,115.0,60.0
FOODS_3_120,CA_1,2013-07-01,86.0,45.0
FOODS_3_120,CA_1,2013-07-02,94.0,55.0
FOODS_3_120,CA_1,2013-07-03,121.0,83.0
FOODS_3_120,CA_1,2013-07-04,72.0,66.0
FOODS_3_120,CA_1,2013-07-05,61.0,87.0
FOODS_3_120,CA_1,2013-07-06,76.0,112.0
FOODS_3_120,CA_1,2013-07-07,100.0,115.0
FOODS_3_120,CA_1,2013-07-08,7.0,86.0
FOODS_3_120,CA_1,2013-07-09,58.0,94.0
FOODS_3_120,CA_1,2013-07-10,41.0,121.0
FOODS_3_120,CA_1,2013-07-11,59.0,72.0
FOODS_3_120,CA_1,2013-07-12,58.0,61.0
FOODS_3_120,CA_1,2013-07-13,50.0,76.0
FOODS_3_120,CA_1,2013-07-14,89.0,100.0
FOODS_3_120,CA_1,2013-07-15,48.0,7.0
FOODS_3_120,CA_3,2013-06-18,57.0,51.0
FOODS_3_120,CA_3,2013-06-19,56.0,54.0
FOODS_3_120,CA_3,2013-06-20,41.0,52.0
FOODS_3_120,CA_3,2013-06-21,48.0,10.0
FOODS_3_120,CA_3,2013-06-22,54.0,59.0
FOODS_3_120,CA_3,2013-06-23,57.0,58.0
FOODS_3_120,CA_3,2013-06-24,61.0,1.0
FOODS_3_120,CA_3,2013-06-25,55.0,57.0
FOODS_3_120,CA_3,2013-06-26,38.0,56.0
FOODS_3_120,CA_3,2013-06-27,61.0,41.0
FOODS_3_120,CA_3,2013-06-28,57.0,48.0
FOODS_3_120,CA_3,2013-06-29,153.0,54.0
FOODS_3_120,CA_3,2013-06-30,72.0,57.0
FOODS_3_120,CA_3,2013-07-01,8.0,61.0
FOODS_3_120,CA_3,2013-07-02,66.0,55.0
FOODS_3_120,CA_3,2013-07-03,112.0,38.0
FOODS_3_120,CA_3,2013-07-04,6.0,61.0
FOODS_3_120,CA_3,2013-07-05,59.0,57.0
FOODS_3_120,CA_3,2013-07-06,61.0,153.0
FOODS_3_120,CA_3,2013-07-07,120.0,72.0
FOODS_3_120,CA_3,2013-07-08,0.0,8.0
FOODS_3_120,CA_3,2013-07-09,60.0,66.0
FOODS_3_120,CA_3,2013-07-10,56.0,112.0
FOODS_3_120,CA_3,2013-07-11,60.0,6.0
FOODS_3_120,CA_3,2013-07-12,56.0,59.0
FOODS_3_120,CA_3,2013-07-13,61.0,61.0
FOODS_3_120,CA_3,2013-07-14,67.0,120.0
FOODS_3_120,CA_3,2013-07-15,45.0,0.0
FOODS_3_202,CA_3,2013-06-18,30.0,47.0
FOODS_3_202,CA_3,2013-06-19,20.0,43.0
FOODS_3_202,CA_3,2013-06-20,25.0,35.0
FOODS_3_202,CA_3,2013-06-21,22.0,48.0
FOODS_3_202,CA_3,2013-06-22,36.0,37.0
FOODS_3_202,CA_3,2013-06-23,39.0,56.0
FOODS_3_202,CA_3,2013-06-24,23.0,34.0
FOODS_3_202,CA_3,2013-06-25,18.0,30.0
FOODS_3_202,CA_3,2013-06-26,23.0,20.0
FOODS_3_202,CA_3,2013-06-27,27.0,25.0
FOODS_3_202,CA_3,2013-06-28,32.0,22.0
FOODS_3_202,CA_3,2013-06-29,40.0,36.0
FOODS_3_202,CA_3,2013-06-30,41.0,39.0
FOODS_3_202,CA_3,2013-07-01,39.0,23.0
FOODS_3_202,CA_3,2013-07-02,33.0,18.0
FOODS_3_202,CA_3,2013-07-03,44.0,23.0
FOODS_3_202,CA_3,2013-07-04,71.0,27.0
FOODS_3_202,CA_3,2013-07-05,36.0,32.0
FOODS_3_202,CA_3,2013-07-06,29.0,40.0
FOODS_3_202,CA_3,2013-07-07,48.0,41.0
FOODS_3_202,CA_3,2013-07-08,32.0,39.0
FOODS_3_202,CA_3,2013-07-09,31.0,33.0
FOODS_3_202,CA_3,2013-07-10,31.0,44.0
FOODS_3_202,CA_3,2013-07-11,28.0,71.0
FOODS_3_202,CA_3,2013-07-12,36.0,36.0
FOODS_3_202,CA_3,2013-07-13,36.0,29.0
FOODS_3_202,CA_3,2013-07-14,56.0,48.0
FOODS_3_202,CA_3,2013-07-15,35.0,32.0
FOODS_3_202,TX_1,2013-06-18,39.0,18.0
FOODS_3_202,TX_1,2013-06-19,0.0,18.0
FOODS_3_202,TX_1,2013-06-20,6.0,2.0
FOODS_3_202,TX_1,2013-06-21,0.0,18.0
FOODS_3_202,TX_1,2013-06-22,35.0,64.0
FOODS_3_202,TX_1,2013-06-23,29.0,38.0
FOODS_3_202,TX_1,2013-06-24,19.0,61.0
FOODS_3_202,TX_1,2013-06-25,24.0,39.0
FOODS_3_202,TX_1,2013-06-26,15.0,0.0
FOODS_3_202,TX_1,2013-06-27,19.0,6.0
FOODS_3_202,TX_1,2013-06-28,23.0,0.0
FOODS_3_202,TX_1,2013-06-29,41.0,35.0
FOODS_3_202,TX_1,2013-06-30,50.0,29.0
FOODS_3_202,TX_1,2013-07-01,23.0,19.0
FOODS_3_202,TX_1,2013-07-02,12.0,24.0
FOODS_3_202,TX_1,2013-07-03,40.0,15.0
FOODS_3_202,TX_1,2013-07-04,23.0,19.0
FOODS_3_202,TX_1,2013-07-05,21.0,23.0
FOODS_3_202,TX_1,2013-07-06,40.0,41.0
FOODS_3_202,TX_1,2013-07-07,43.0,50.0
FOODS_3_202,TX_1,2013-07-08,17.0,23.0
FOODS_3_202,TX_1,2013-07-09,21.0,12.0
FOODS_3_202,TX_1,2013-07-10,17.0,40.0
FOODS_3_202,TX_1,2013-07-11,22.0,23.0
FOODS_3_202,TX_1,2013-07-12,30.0,21.0
FOODS_3_202,TX_1,2013-07-13,48.0,40.0
FOODS_3_202,TX_1,2013-07-14,47.0,43.0
FOODS_3_202,TX_1,2013-07-15,31.0,17.0
FOODS_3_202,TX_2,2013-06-18,32.0,45.0
FOODS_3_202,TX_2,2013-06-19,32.0,28.0
FOODS_3_202,TX_2,2013-06-20,22.0,33.0
FOODS_3_202,TX_2,2013-06-21,39.0,39.0
FOODS_3_202,TX_2,2013-06-22,44.0,50.0
FOODS_3_202,TX_2,2013-06-23,31.0,47.0
FOODS_3_202,TX_2,2013-06-24,29.0,23.0
FOODS_3_202,TX_2,2013-06-25,21.0,32.0
FOODS_3_202,TX_2,2013-06-26,20.0,32.0
FOODS_3_202,TX_2,2013-06-27,15.0,22.0
FOODS_3_202,TX_2,2013-06-28,23.0,39.0
FOODS_3_202,TX_2,2013-06-29,54.0,44.0
FOODS_3_202,TX_2,2013-06-30,39.0,31.0
FOODS_3_202,TX_2,2013-07-01,17.0,29.0
FOODS_3_202,TX_2,2013-07-02,23.0,21.0
FOODS_3_202,TX_2,2013-07-03,33.0,20.0
FOODS_3_202,TX_2,2013-07-04,50.0,15.0
FOODS_3_202,TX_2,2013-07-05,18.0,23.0
FOODS_3_202,TX_2,2013-07-06,46.0,54.0
FOODS_3_202,TX_2,2013-07-07,33.0,39.0
FOODS_3_202,TX_2,2013-07-08,24.0,17.0
FOODS_3_202,TX_2,2013-07-09,43.0,23.0
FOODS_3_202,TX_2,2013-07-10,23.0,33.0
FOODS_3_202,TX_2,2013-07-11,37.0,50.0
FOODS_3_202,TX_2,2013-07-12,28.0,18.0
FOODS_3_202,TX_2,2013-07-13,41.0,46.0
FOODS_3_202,TX_2,2013-07-14,41.0,33.0
FOODS_3_202,TX_2,2013-07-15,27.0,24.0
FOODS_3_202,TX_3,2013-06-17,27.0,25.0
FOODS_3_202,TX_3,2013-06-18,22.0,25.0
FOODS_3_202,TX_3,2013-06-19,16.0,31.0
FOODS_3_202,TX_3,2013-06-20,16.0,20.0
FOODS_3_202,TX_3,2013-06-21,28.0,29.0
FOODS_3_202,TX_3,2013-06-22,36.0,39.0
FOODS_3_202,TX_3,2013-06-23,48.0,53.0
FOODS_3_202,TX_3,2013-06-24,20.0,27.0
FOODS_3_202,TX_3,2013-06-25,23.0,22.0
FOODS_3_202,TX_3,2013-06-26,19.0,16.0
FOODS_3_202,TX_3,2013-06-27,24.0,16.0
FOODS_3_202,TX_3,2013-06-28,21.0,28.0
FOODS_3_202,TX_3,2013-06-29,34.0,36.0
FOODS_3_202,TX_3,2013-06-30,26.0,48.0
FOODS_3_202,TX_3,2013-07-01,21.0,20.0
FOODS_3_202,TX_3,2013-07-02,16.0,23.0
FOODS_3_202,TX_3,2013-07-03,43.0,19.0
FOODS_3_202,TX_3,2013-07-04,38.0,24.0
FOODS_3_202,TX_3,2013-07-05,20.0,21.0
FOODS_3_202,TX_3,2013-07-06,31.0,34.0
FOODS_3_202,TX_3,2013-07-07,31.0,26.0
FOODS_3_202,TX_3,2013-07-08,20.0,21.0
FOODS_3_202,TX_3,2013-07-09,15.0,16.0
FOODS_3_202,TX_3,2013-07-10,21.0,43.0
FOODS_3_202,TX_3,2013-07-11,37.0,38.0
FOODS_3_202,TX_3,2013-07-12,36.0,20.0
FOODS_3_202,TX_3,2013-07-13,66.0,31.0
FOODS_3_202,TX_3,2013-07-14,35.0,31.0
FOODS_3_226,WI_1,2013-06-17,41.0,42.0
FOODS_3_226,WI_1,2013-06-18,37.0,44.0
FOODS_3_226,WI_1,2013-06-19,38.0,39.0
FOODS_3_226,WI_1,2013-06-20,43.0,43.0
FOODS_3_226,WI_1,2013-06-21,54.0,43.0
FOODS_3_226,WI_1,2013-06-22,46.0,48.0
FOODS_3_226,WI_1,2013-06-23,63.0,61.0
FOODS_3_226,WI_1,2013-06-24,46.0,41.0
FOODS_3_226,WI_1,2013-06-25,28.0,37.0
FOODS_3_226,WI_1,2013-06-26,32.0,38.0
FOODS_3_226,WI_1,2013-06-27,42.0,43.0
FOODS_3_226,WI_1,2013-06-28,47.0,54.0
FOODS_3_226,WI_1,2013-06-29,63.0,46.0
FOODS_3_226,WI_1,2013-06-30,50.0,63.0
FOODS_3_226,WI_1,2013-07-01,40.0,46.0
FOODS_3_226,WI_1,2013-07-02,32.0,28.0
FOODS_3_226,WI_1,2013-07-03,42.0,32.0
FOODS_3_226,WI_1,2013-07-04,58.0,42.0
FOODS_3_226,WI_1,2013-07-05,62.0,47.0
FOODS_3_226,WI_1,2013-07-06,59.0,63.0
FOODS_3_226,WI_1,2013-07-07,64.0,50.0
FOODS_3_226,WI_1,2013-07-08,37.0,40.0
FOODS_3_226,WI_1,2013-07-09,42.0,32.0
FOODS_3_226,WI_1,2013-07-10,29.0,42.0
FOODS_3_226,WI_1,2013-07-11,42.0,58.0
FOODS_3_226,WI_1,2013-07-12,75.0,62.0
FOODS_3_226,WI_1,2013-07-13,71.0,59.0
FOODS_3_226,WI_1,2013-07-14,60.0,64.0
FOODS_3_226,WI_2,2013-06-17,41.0,48.0
FOODS_3_226,WI_2,2013-06-18,31.0,49.0
FOODS_3_226,WI_2,2013-06-19,32.0,48.0
FOODS_3_226,WI_2,2013-06-20,42.0,34.0
FOODS_3_226,WI_2,2013-06-21,32.0,57.0
FOODS_3_226,WI_2,2013-06-22,51.0,45.0
FOODS_3_226,WI_2,2013-06-23,51.0,64.0
FOODS_3_226,WI_2,2013-06-24,40.0,41.0
FOODS_3_226,WI_2,2013-06-25,33.0,31.0
FOODS_3_226,WI_2,2013-06-26,30.0,32.0
FOODS_3_226,WI_2,2013-06-27,55.0,42.0
FOODS_3_226,WI_2,2013-06-28,53.0,32.0
FOODS_3_226,WI_2,2013-06-29,56.0,51.0
FOODS_3_226,WI_2,2013-06-30,32.0,51.0
FOODS_3_226,WI_2,2013-07-01,64.0,40.0
FOODS_3_226,WI_2,2013-07-02,50.0,33.0
FOODS_3_226,WI_2,2013-07-03,48.0,30.0
FOODS_3_226,WI_2,2013-07-04,55.0,55.0
FOODS_3_226,WI_2,2013-07-05,53.0,53.0
FOODS_3_226,WI_2,2013-07-06,66.0,56.0
FOODS_3_226,WI_2,2013-07-07,46.0,32.0
FOODS_3_226,WI_2,2013-07-08,46.0,64.0
FOODS_3_226,WI_2,2013-07-09,55.0,50.0
FOODS_3_226,WI_2,2013-07-10,50.0,48.0
FOODS_3_226,WI_2,2013-07-11,52.0,55.0
FOODS_3_226,WI_2,2013-07-12,70.0,53.0
FOODS_3_226,WI_2,2013-07-13,65.0,66.0
FOODS_3_226,WI_2,2013-07-14,60.0,46.0
FOODS_3_226,WI_3,2013-06-17,42.0,57.0
FOODS_3_226,WI_3,2013-06-18,46.0,62.0
FOODS_3_226,WI_3,2013-06-19,48.0,36.0
FOODS_3_226,WI_3,2013-06-20,40.0,59.0
FOODS_3_226,WI_3,2013-06-21,61.0,79.0
FOODS_3_226,WI_3,2013-06-22,48.0,74.0
FOODS_3_226,WI_3,2013-06-23,50.0,58.0
FOODS_3_226,WI_3,2013-06-24,53.0,42.0
FOODS_3_226,WI_3,2013-06-25,44.0,46.0
FOODS_3_226,WI_3,2013-06-26,41.0,48.0
FOODS_3_226,WI_3,2013-06-27,60.0,40.0
FOODS_3_226,WI_3,2013-06-28,54.0,61.0
FOODS_3_226,WI_3,2013-06-29,69.0,48.0
FOODS_3_226,WI_3,2013-06-30,52.0,50.0
FOODS_3_226,WI_3,2013-07-01,57.0,53.0
FOODS_3_226,WI_3,2013-07-02,55.0,44.0
FOODS_3_226,WI_3,2013-07-03,69.0,41.0
FOODS_3_226,WI_3,2013-07-04,65.0,60.0
FOODS_3_226,WI_3,2013-07-05,74.0,54.0
FOODS_3_226,WI_3,2013-07-06,61.0,69.0
FOODS_3_226,WI_3,2013-07-07,63.0,52.0
FOODS_3_226,WI_3,2013-07-08,56.0,57.0
FOODS_3_226,WI_3,2013-07-09,44.0,55.0
FOODS_3_226,WI_3,2013-07-10,57.0,69.0
FOODS_3_226,WI_3,2013-07-11,53.0,65.0
FOODS_3_226,WI_3,2013-07-12,68.0,74.0
FOODS_3_226,WI_3,2013-07-13,60.0,61.0
FOODS_3_226,WI_3,2013-07-14,67.0,63.0
FOODS_3_234,CA_3,2013-06-18,14.0,23.0
FOODS_3_234,CA_3,2013-06-19,10.0,15.0
FOODS_3_234,CA_3,2013-06-20,12.0,24.0
FOODS_3_234,CA_3,2013-06-21,15.0,14.0
FOODS_3_234,CA_3,2013-06-22,5.0,26.0
FOODS_3_234,CA_3,2013-06-23,21.0,37.0
FOODS_3_234,CA_3,2013-06-24,14.0,17.0
FOODS_3_234,CA_3,2013-06-25,7.0,14.0
FOODS_3_234,CA_3,2013-06-26,7.0,10.0
FOODS_3_234,CA_3,2013-06-27,26.0,12.0
FOODS_3_234,CA_3,2013-06-28,30.0,15.0
FOODS_3_234,CA_3,2013-06-29,103.0,5.0
FOODS_3_234,CA_3,2013-06-30,53.0,21.0
FOODS_3_234,CA_3,2013-07-01,38.0,14.0
FOODS_3_234,CA_3,2013-07-02,35.0,7.0
FOODS_3_234,CA_3,2013-07-03,24.0,7.0
FOODS_3_234,CA_3,2013-07-04,28.0,26.0
FOODS_3_234,CA_3,2013-07-05,18.0,30.0
FOODS_3_234,CA_3,2013-07-06,45.0,103.0
FOODS_3_234,CA_3,2013-07-07,55.0,53.0
FOODS_3_234,CA_3,2013-07-08,28.0,38.0
FOODS_3_234,CA_3,2013-07-09,90.0,35.0
FOODS_3_234,CA_3,2013-07-10,22.0,24.0
FOODS_3_234,CA_3,2013-07-11,18.0,28.0
FOODS_3_234,CA_3,2013-07-12,29.0,18.0
FOODS_3_234,CA_3,2013-07-13,35.0,45.0
FOODS_3_234,CA_3,2013-07-14,13.0,55.0
FOODS_3_234,CA_3,2013-07-15,29.0,28.0
FOODS_3_234,WI_3,2013-06-17,22.0,1.0
FOODS_3_234,WI_3,2013-06-18,15.0,30.0
FOODS_3_234,WI_3,2013-06-19,9.0,15.0
FOODS_3_234,WI_3,2013-06-20,29.0,7.0
FOODS_3_234,WI_3,2013-06-21,5.0,2.0
FOODS_3_234,WI_3,2013-06-22,11.0,61.0
FOODS_3_234,WI_3,2013-06-23,3.0,19.0
FOODS_3_234,WI_3,2013-06-24,6.0,22.0
FOODS_3_234,WI_3,2013-06-25,2.0,15.0
FOODS_3_234,WI_3,2013-06-26,11.0,9.0
FOODS_3_234,WI_3,2013-06-27,25.0,29.0
FOODS_3_234,WI_3,2013-06-28,5.0,5.0
FOODS_3_234,WI_3,2013-06-29,8.0,11.0
FOODS_3_234,WI_3,2013-06-30,11.0,3.0
FOODS_3_234,WI_3,2013-07-01,7.0,6.0
FOODS_3_234,WI_3,2013-07-02,32.0,2.0
FOODS_3_234,WI_3,2013-07-03,18.0,11.0
FOODS_3_234,WI_3,2013-07-04,10.0,25.0
FOODS_3_234,WI_3,2013-07-05,7.0,5.0
FOODS_3_234,WI_3,2013-07-06,4.0,8.0
FOODS_3_234,WI_3,2013-07-07,13.0,11.0
FOODS_3_234,WI_3,2013-07-08,13.0,7.0
FOODS_3_234,WI_3,2013-07-09,15.0,32.0
FOODS_3_234,WI_3,2013-07-10,13.0,18.0
FOODS_3_234,WI_3,2013-07-11,45.0,10.0
FOODS_3_234,WI_3,2013-07-12,8.0,7.0
FOODS_3_234,WI_3,2013-07-13,32.0,4.0
FOODS_3_234,WI_3,2013-07-14,30.0,13.0
FOODS_3_252,CA_1,2013-06-18,38.0,39.0
FOODS_3_252,CA_1,2013-06-19,40.0,52.0
FOODS_3_252,CA_1,2013-06-20,49.0,48.0
FOODS_3_252,CA_1,2013-06-21,57.0,80.0
FOODS_3_252,CA_1,2013-06-22,87.0,64.0
FOODS_3_252,CA_1,2013-06-23,55.0,39.0
FOODS_3_252,CA_1,2013-06-24,20.0,28.0
FOODS_3_252,CA_1,2013-06-25,36.0,38.0
FOODS_3_252,CA_1,2013-06-26,62.0,40.0
FOODS_3_252,CA_1,2013-06-27,83.0,49.0
FOODS_3_252,CA_1,2013-06-28,94.0,57.0
FOODS_3_252,CA_1,2013-06-29,97.0,87.0
FOODS_3_252,CA_1,2013-06-30,101.0,55.0
FOODS_3_252,CA_1,2013-07-01,59.0,20.0
FOODS_3_252,CA_1,2013-07-02,64.0,36.0
FOODS_3_252,CA_1,2013-07-03,78.0,62.0
FOODS_3_252,CA_1,2013-07-04,83.0,83.0
FOODS_3_252,CA_1,2013-07-05,53.0,94.0
FOODS_3_252,CA_1,2013-07-06,56.0,97.0
FOODS_3_252,CA_1,2013-07-07,79.0,101.0
FOODS_3_252,CA_1,2013-07-08,67.0,59.0
FOODS_3_252,CA_1,2013-07-09,52.0,64.0
FOODS_3_252,CA_1,2013-07-10,41.0,78.0
FOODS_3_252,CA_1,2013-07-11,42.0,83.0
FOODS_3_252,CA_1,2013-07-12,83.0,53.0
FOODS_3_252,CA_1,2013-07-13,89.0,56.0
FOODS_3_252,CA_1,2013-07-14,73.0,79.0
FOODS_3_252,CA_1,2013-07-15,62.0,67.0
FOODS_3_252,CA_2,2013-06-18,18.0,21.0
FOODS_3_252,CA_2,2013-06-19,21.0,18.0
FOODS_3_252,CA_2,2013-06-20,26.0,31.0
FOODS_3_252,CA_2,2013-06-21,28.0,45.0
FOODS_3_252,CA_2,2013-06-22,47.0,46.0
FOODS_3_252,CA_2,2013-06-23,42.0,42.0
FOODS_3_252,CA_2,2013-06-24,14.0,25.0
FOODS_3_252,CA_2,2013-06-25,23.0,18.0
FOODS_3_252,CA_2,2013-06-26,21.0,21.0
FOODS_3_252,CA_2,2013-06-27,37.0,26.0
FOODS_3_252,CA_2,2013-06-28,52.0,28.0
FOODS_3_252,CA_2,2013-06-29,78.0,47.0
FOODS_3_252,CA_2,2013-06-30,48.0,42.0
FOODS_3_252,CA_2,2013-07-01,33.0,14.0
FOODS_3_252,CA_2,2013-07-02,25.0,23.0
FOODS_3_252,CA_2,2013-07-03,45.0,21.0
FOODS_3_252,CA_2,2013-07-04,39.0,37.0
FOODS_3_252,CA_2,2013-07-05,35.0,52.0
FOODS_3_252,CA_2,2013-07-06,30.0,78.0
FOODS_3_252,CA_2,2013-07-07,29.0,48.0
FOODS_3_252,CA_2,2013-07-08,22.0,33.0
FOODS_3_252,CA_2,2013-07-09,31.0,25.0
FOODS_3_252,CA_2,2013-07-10,18.0,45.0
FOODS_3_252,CA_2,2013-07-11,38.0,39.0
FOODS_3_252,CA_2,2013-07-12,35.0,35.0
FOODS_3_252,CA_2,2013-07-13,59.0,30.0
FOODS_3_252,CA_2,2013-07-14,35.0,29.0
FOODS_3_252,CA_2,2013-07-15,15.0,22.0
FOODS_3_252,CA_3,2013-06-18,33.0,32.0
FOODS_3_252,CA_3,2013-06-19,33.0,64.0
FOODS_3_252,CA_3,2013-06-20,41.0,38.0
FOODS_3_252,CA_3,2013-06-21,32.0,70.0
FOODS_3_252,CA_3,2013-06-22,60.0,46.0
FOODS_3_252,CA_3,2013-06-23,46.0,49.0
FOODS_3_252,CA_3,2013-06-24,33.0,44.0
FOODS_3_252,CA_3,2013-06-25,35.0,33.0
FOODS_3_252,CA_3,2013-06-26,40.0,33.0
FOODS_3_252,CA_3,2013-06-27,52.0,41.0
FOODS_3_252,CA_3,2013-06-28,86.0,32.0
FOODS_3_252,CA_3,2013-06-29,101.0,60.0
FOODS_3_252,CA_3,2013-06-30,65.0,46.0
FOODS_3_252,CA_3,2013-07-01,72.0,33.0
FOODS_3_252,CA_3,2013-07-02,93.0,35.0
FOODS_3_252,CA_3,2013-07-03,53.0,40.0
FOODS_3_252,CA_3,2013-07-04,88.0,52.0
FOODS_3_252,CA_3,2013-07-05,47.0,86.0
FOODS_3_252,CA_3,2013-07-06,60.0,101.0
FOODS_3_252,CA_3,2013-07-07,31.0,65.0
FOODS_3_252,CA_3,2013-07-08,50.0,72.0
FOODS_3_252,CA_3,2013-07-09,59.0,93.0
FOODS_3_252,CA_3,2013-07-10,54.0,53.0
FOODS_3_252,CA_3,2013-07-11,46.0,88.0
FOODS_3_252,CA_3,2013-07-12,64.0,47.0
FOODS_3_252,CA_3,2013-07-13,77.0,60.0
FOODS_3_252,CA_3,2013-07-14,58.0,31.0
FOODS_3_252,CA_3,2013-07-15,45.0,50.0
FOODS_3_252,TX_1,2013-06-18,20.0,48.0
FOODS_3_252,TX_1,2013-06-19,36.0,53.0
FOODS_3_252,TX_1,2013-06-20,48.0,55.0
FOODS_3_252,TX_1,2013-06-21,51.0,35.0
FOODS_3_252,TX_1,2013-06-22,52.0,61.0
FOODS_3_252,TX_1,2013-06-23,54.0,70.0
FOODS_3_252,TX_1,2013-06-24,43.0,48.0
FOODS_3_252,TX_1,2013-06-25,30.0,20.0
FOODS_3_252,TX_1,2013-06-26,31.0,36.0
FOODS_3_252,TX_1,2013-06-27,35.0,48.0
FOODS_3_252,TX_1,2013-06-28,46.0,51.0
FOODS_3_252,TX_1,2013-06-29,61.0,52.0
FOODS_3_252,TX_1,2013-06-30,62.0,54.0
FOODS_3_252,TX_1,2013-07-01,40.0,43.0
FOODS_3_252,TX_1,2013-07-02,43.0,30.0
FOODS_3_252,TX_1,2013-07-03,20.0,31.0
FOODS_3_252,TX_1,2013-07-04,38.0,35.0
FOODS_3_252,TX_1,2013-07-05,35.0,46.0
FOODS_3_252,TX_1,2013-07-06,36.0,61.0
FOODS_3_252,TX_1,2013-07-07,34.0,62.0
FOODS_3_252,TX_1,2013-07-08,24.0,40.0
FOODS_3_252,TX_1,2013-07-09,34.0,43.0
FOODS_3_252,TX_1,2013-07-10,29.0,20.0
FOODS_3_252,TX_1,2013-07-11,35.0,38.0
FOODS_3_252,TX_1,2013-07-12,46.0,35.0
FOODS_3_252,TX_1,2013-07-13,43.0,36.0
FOODS_3_252,TX_1,2013-07-14,38.0,34.0
FOODS_3_252,TX_1,2013-07-15,28.0,24.0
FOODS_3_252,TX_2,2013-06-18,76.0,62.0
FOODS_3_252,TX_2,2013-06-19,68.0,36.0
FOODS_3_252,TX_2,2013-06-20,66.0,70.0
FOODS_3_252,TX_2,2013-06-21,61.0,113.0
FOODS_3_252,TX_2,2013-06-22,51.0,130.0
FOODS_3_252,TX_2,2013-06-23,11.0,77.0
FOODS_3_252,TX_2,2013-06-24,43.0,87.0
FOODS_3_252,TX_2,2013-06-25,52.0,76.0
FOODS_3_252,TX_2,2013-06-26,62.0,68.0
FOODS_3_252,TX_2,2013-06-27,38.0,66.0
FOODS_3_252,TX_2,2013-06-28,86.0,61.0
FOODS_3_252,TX_2,2013-06-29,142.0,51.0
FOODS_3_252,TX_2,2013-06-30,96.0,11.0
FOODS_3_252,TX_2,2013-07-01,48.0,43.0
FOODS_3_252,TX_2,2013-07-02,69.0,52.0
FOODS_3_252,TX_2,2013-07-03,78.0,62.0
FOODS_3_252,TX_2,2013-07-04,99.0,38.0
FOODS_3_252,TX_2,2013-07-05,90.0,86.0
FOODS_3_252,TX_2,2013-07-06,70.0,142.0
FOODS_3_252,TX_2,2013-07-07,46.0,96.0
FOODS_3_252,TX_2,2013-07-08,46.0,48.0
FOODS_3_252,TX_2,2013-07-09,60.0,69.0
FOODS_3_252,TX_2,2013-07-10,73.0,78.0
FOODS_3_252,TX_2,2013-07-11,63.0,99.0
FOODS_3_252,TX_2,2013-07-12,84.0,90.0
FOODS_3_252,TX_2,2013-07-13,125.0,70.0
FOODS_3_252,TX_2,2013-07-14,104.0,46.0
FOODS_3_252,TX_2,2013-07-15,52.0,46.0
FOODS_3_252,TX_3,2013-06-17,49.0,23.0
FOODS_3_252,TX_3,2013-06-18,27.0,2.0
FOODS_3_252,TX_3,2013-06-19,35.0,46.0
FOODS_3_252,TX_3,2013-06-20,53.0,52.0
FOODS_3_252,TX_3,2013-06-21,69.0,55.0
FOODS_3_252,TX_3,2013-06-22,64.0,79.0
FOODS_3_252,TX_3,2013-06-23,64.0,70.0
FOODS_3_252,TX_3,2013-06-24,46.0,49.0
FOODS_3_252,TX_3,2013-06-25,16.0,27.0
FOODS_3_252,TX_3,2013-06-26,47.0,35.0
FOODS_3_252,TX_3,2013-06-27,43.0,53.0
FOODS_3_252,TX_3,2013-06-28,60.0,69.0
FOODS_3_252,TX_3,2013-06-29,102.0,64.0
FOODS_3_252,TX_3,2013-06-30,76.0,64.0
FOODS_3_252,TX_3,2013-07-01,40.0,46.0
FOODS_3_252,TX_3,2013-07-02,26.0,16.0
FOODS_3_252,TX_3,2013-07-03,38.0,47.0
FOODS_3_252,TX_3,2013-07-04,48.0,43.0
FOODS_3_252,TX_3,2013-07-05,42.0,60.0
FOODS_3_252,TX_3,2013-07-06,62.0,102.0
FOODS_3_252,TX_3,2013-07-07,42.0,76.0
FOODS_3_252,TX_3,2013-07-08,27.0,40.0
FOODS_3_252,TX_3,2013-07-09,29.0,26.0
FOODS_3_252,TX_3,2013-07-10,43.0,38.0
FOODS_3_252,TX_3,2013-07-11,47.0,48.0
FOODS_3_252,TX_3,2013-07-12,68.0,42.0
FOODS_3_252,TX_3,2013-07-13,66.0,62.0
FOODS_3_252,TX_3,2013-07-14,52.0,42.0
FOODS_3_252,WI_3,2013-06-17,9.0,11.0
FOODS_3_252,WI_3,2013-06-18,11.0,15.0
FOODS_3_252,WI_3,2013-06-19,9.0,10.0
FOODS_3_252,WI_3,2013-06-20,17.0,8.0
FOODS_3_252,WI_3,2013-06-21,9.0,12.0
FOODS_3_252,WI_3,2013-06-22,13.0,13.0
FOODS_3_252,WI_3,2013-06-23,21.0,15.0
FOODS_3_252,WI_3,2013-06-24,19.0,9.0
FOODS_3_252,WI_3,2013-06-25,16.0,11.0
FOODS_3_252,WI_3,2013-06-26,15.0,9.0
FOODS_3_252,WI_3,2013-06-27,11.0,17.0
FOODS_3_252,WI_3,2013-06-28,15.0,9.0
FOODS_3_252,WI_3,2013-06-29,17.0,13.0
FOODS_3_252,WI_3,2013-06-30,14.0,21.0
FOODS_3_252,WI_3,2013-07-01,16.0,19.0
FOODS_3_252,WI_3,2013-07-02,15.0,16.0
FOODS_3_252,WI_3,2013-07-03,8.0,15.0
FOODS_3_252,WI_3,2013-07-04,20.0,11.0
FOODS_3_252,WI_3,2013-07-05,23.0,15.0
FOODS_3_252,WI_3,2013-07-06,20.0,17.0
FOODS_3_252,WI_3,2013-07-07,22.0,14.0
FOODS_3_252,WI_3,2013-07-08,17.0,16.0
FOODS_3_252,WI_3,2013-07-09,17.0,15.0
FOODS_3_252,WI_3,2013-07-10,12.0,8.0
FOODS_3_252,WI_3,2013-07-11,21.0,20.0
FOODS_3_252,WI_3,2013-07-12,26.0,23.0
FOODS_3_252,WI_3,2013-07-13,26.0,20.0
FOODS_3_252,WI_3,2013-07-14,33.0,22.0
FOODS_3_281,CA_3,2013-06-18,18.0,19.0
FOODS_3_281,CA_3,2013-06-19,17.0,28.0
FOODS_3_281,CA_3,2013-06-20,26.0,17.0
FOODS_3_281,CA_3,2013-06-21,37.0,21.0
FOODS_3_281,CA_3,2013-06-22,25.0,33.0
FOODS_3_281,CA_3,2013-06-23,23.0,26.0
FOODS_3_281,CA_3,2013-06-24,12.0,12.0
FOODS_3_281,CA_3,2013-06-25,13.0,18.0
FOODS_3_281,CA_3,2013-06-26,17.0,17.0
FOODS_3_281,CA_3,2013-06-27,24.0,26.0
FOODS_3_281,CA_3,2013-06-28,19.0,37.0
FOODS_3_281,CA_3,2013-06-29,26.0,25.0
FOODS_3_281,CA_3,2013-06-30,23.0,23.0
FOODS_3_281,CA_3,2013-07-01,24.0,12.0
FOODS_3_281,CA_3,2013-07-02,25.0,13.0
FOODS_3_281,CA_3,2013-07-03,59.0,17.0
FOODS_3_281,CA_3,2013-07-04,31.0,24.0
FOODS_3_281,CA_3,2013-07-05,23.0,19.0
FOODS_3_281,CA_3,2013-07-06,27.0,26.0
FOODS_3_281,CA_3,2013-07-07,35.0,23.0
FOODS_3_281,CA_3,2013-07-08,20.0,24.0
FOODS_3_281,CA_3,2013-07-09,19.0,25.0
FOODS_3_281,CA_3,2013-07-10,20.0,59.0
FOODS_3_281,CA_3,2013-07-11,22.0,31.0
FOODS_3_281,CA_3,2013-07-12,26.0,23.0
FOODS_3_281,CA_3,2013-07-13,41.0,27.0
FOODS_3_281,CA_3,2013-07-14,17.0,35.0
FOODS_3_281,CA_3,2013-07-15,5.0,20.0
FOODS_3_318,CA_3,2013-06-18,27.0,37.0
FOODS_3_318,CA_3,2013-06-19,26.0,40.0
FOODS_3_318,CA_3,2013-06-20,14.0,31.0
FOODS_3_318,CA_3,2013-06-21,27.0,46.0
FOODS_3_318,CA_3,2013-06-22,28.0,63.0
FOODS_3_318,CA_3,2013-06-23,16.0,127.0
FOODS_3_318,CA_3,2013-06-24,15.0,47.0
FOODS_3_318,CA_3,2013-06-25,17.0,27.0
FOODS_3_318,CA_3,2013-06-26,13.0,26.0
FOODS_3_318,CA_3,2013-06-27,37.0,14.0
FOODS_3_318,CA_3,2013-06-28,25.0,27.0
FOODS_3_318,CA_3,2013-06-29,27.0,28.0
FOODS_3_318,CA_3,2013-06-30,32.0,16.0
FOODS_3_318,CA_3,2013-07-01,17.0,15.0
FOODS_3_318,CA_3,2013-07-02,18.0,17.0
FOODS_3_318,CA_3,2013-07-03,64.0,13.0
FOODS_3_318,CA_3,2013-07-04,27.0,37.0
FOODS_3_318,CA_3,2013-07-05,29.0,25.0
FOODS_3_318,CA_3,2013-07-06,19.0,27.0
FOODS_3_318,CA_3,2013-07-07,22.0,32.0
FOODS_3_318,CA_3,2013-07-08,18.0,17.0
FOODS_3_318,CA_3,2013-07-09,23.0,18.0
FOODS_3_318,CA_3,2013-07-10,47.0,64.0
FOODS_3_318,CA_3,2013-07-11,12.0,27.0
FOODS_3_318,CA_3,2013-07-12,17.0,29.0
FOODS_3_318,CA_3,2013-07-13,20.0,19.0
FOODS_3_318,CA_3,2013-07-14,25.0,22.0
FOODS_3_318,CA_3,2013-07-15,23.0,18.0
FOODS_3_318,WI_3,2013-06-17,13.0,16.0
FOODS_3_318,WI_3,2013-06-18,9.0,12.0
FOODS_3_318,WI_3,2013-06-19,13.0,21.0
FOODS_3_318,WI_3,2013-06-20,12.0,23.0
FOODS_3_318,WI_3,2013-06-21,18.0,52.0
FOODS_3_318,WI_3,2013-06-22,32.0,54.0
FOODS_3_318,WI_3,2013-06-23,26.0,32.0
FOODS_3_318,WI_3,2013-06-24,22.0,13.0
FOODS_3_318,WI_3,2013-06-25,19.0,9.0
FOODS_3_318,WI_3,2013-06-26,13.0,13.0
FOODS_3_318,WI_3,2013-06-27,15.0,12.0
FOODS_3_318,WI_3,2013-06-28,27.0,18.0
FOODS_3_318,WI_3,2013-06-29,15.0,32.0
FOODS_3_318,WI_3,2013-06-30,26.0,26.0
FOODS_3_318,WI_3,2013-07-01,14.0,22.0
FOODS_3_318,WI_3,2013-07-02,31.0,19.0
FOODS_3_318,WI_3,2013-07-03,32.0,13.0
FOODS_3_318,WI_3,2013-07-04,30.0,15.0
FOODS_3_318,WI_3,2013-07-05,24.0,27.0
FOODS_3_318,WI_3,2013-07-06,26.0,15.0
FOODS_3_318,WI_3,2013-07-07,24.0,26.0
FOODS_3_318,WI_3,2013-07-08,31.0,14.0
FOODS_3_318,WI_3,2013-07-09,23.0,31.0
FOODS_3_318,WI_3,2013-07-10,17.0,32.0
FOODS_3_318,WI_3,2013-07-11,22.0,30.0
FOODS_3_318,WI_3,2013-07-12,29.0,24.0
FOODS_3_318,WI_3,2013-07-13,23.0,26.0
FOODS_3_318,WI_3,2013-07-14,31.0,24.0
FOODS_3_319,CA_3,2013-06-18,35.0,22.0
FOODS_3_319,CA_3,2013-06-19,43.0,35.0
FOODS_3_319,CA_3,2013-06-20,21.0,15.0
FOODS_3_319,CA_3,2013-06-21,37.0,32.0
FOODS_3_319,CA_3,2013-06-22,50.0,20.0
FOODS_3_319,CA_3,2013-06-23,63.0,34.0
FOODS_3_319,CA_3,2013-06-24,46.0,44.0
FOODS_3_319,CA_3,2013-06-25,24.0,35.0
FOODS_3_319,CA_3,2013-06-26,32.0,43.0
FOODS_3_319,CA_3,2013-06-27,22.0,21.0
FOODS_3_319,CA_3,2013-06-28,49.0,37.0
FOODS_3_319,CA_3,2013-06-29,55.0,50.0
FOODS_3_319,CA_3,2013-06-30,66.0,63.0
FOODS_3_319,CA_3,2013-07-01,162.0,46.0
FOODS_3_319,CA_3,2013-07-02,129.0,24.0
FOODS_3_319,CA_3,2013-07-03,78.0,32.0
FOODS_3_319,CA_3,2013-07-04,95.0,22.0
FOODS_3_319,CA_3,2013-07-05,78.0,49.0
FOODS_3_319,CA_3,2013-07-06,57.0,55.0
FOODS_3_319,CA_3,2013-07-07,69.0,66.0
FOODS_3_319,CA_3,2013-07-08,146.0,162.0
FOODS_3_319,CA_3,2013-07-09,86.0,129.0
FOODS_3_319,CA_3,2013-07-10,58.0,78.0
FOODS_3_319,CA_3,2013-07-11,44.0,95.0
FOODS_3_319,CA_3,2013-07-12,48.0,78.0
FOODS_3_319,CA_3,2013-07-13,24.0,57.0
FOODS_3_319,CA_3,2013-07-14,48.0,69.0
FOODS_3_319,CA_3,2013-07-15,36.0,146.0
FOODS_3_376,CA_3,2013-06-18,45.0,17.0
FOODS_3_376,CA_3,2013-06-19,27.0,27.0
FOODS_3_376,CA_3,2013-06-20,32.0,57.0
FOODS_3_376,CA_3,2013-06-21,46.0,35.0
FOODS_3_376,CA_3,2013-06-22,28.0,57.0
FOODS_3_376,CA_3,2013-06-23,61.0,35.0
FOODS_3_376,CA_3,2013-06-24,43.0,19.0
FOODS_3_376,CA_3,2013-06-25,28.0,45.0
FOODS_3_376,CA_3,2013-06-26,31.0,27.0
FOODS_3_376,CA_3,2013-06-27,33.0,32.0
FOODS_3_376,CA_3,2013-06-28,33.0,46.0
FOODS_3_376,CA_3,2013-06-29,63.0,28.0
FOODS_3_376,CA_3,2013-06-30,30.0,61.0
FOODS_3_376,CA_3,2013-07-01,26.0,43.0
FOODS_3_376,CA_3,2013-07-02,33.0,28.0
FOODS_3_376,CA_3,2013-07-03,71.0,31.0
FOODS_3_376,CA_3,2013-07-04,77.0,33.0
FOODS_3_376,CA_3,2013-07-05,35.0,33.0
FOODS_3_376,CA_3,2013-07-06,52.0,63.0
FOODS_3_376,CA_3,2013-07-07,48.0,30.0
FOODS_3_376,CA_3,2013-07-08,49.0,26.0
FOODS_3_376,CA_3,2013-07-09,18.0,33.0
FOODS_3_376,CA_3,2013-07-10,22.0,71.0
FOODS_3_376,CA_3,2013-07-11,14.0,77.0
FOODS_3_376,CA_3,2013-07-12,7.0,35.0
FOODS_3_376,CA_3,2013-07-13,22.0,52.0
FOODS_3_376,CA_3,2013-07-14,30.0,48.0
FOODS_3_376,CA_3,2013-07-15,12.0,49.0
FOODS_3_376,WI_2,2013-06-17,28.0,15.0
FOODS_3_376,WI_2,2013-06-18,25.0,43.0
FOODS_3_376,WI_2,2013-06-19,31.0,45.0
FOODS_3_376,WI_2,2013-06-20,40.0,26.0
FOODS_3_376,WI_2,2013-06-21,28.0,56.0
FOODS_3_376,WI_2,2013-06-22,45.0,36.0
FOODS_3_376,WI_2,2013-06-23,49.0,44.0
FOODS_3_376,WI_2,2013-06-24,39.0,28.0
FOODS_3_376,WI_2,2013-06-25,25.0,25.0
FOODS_3_376,WI_2,2013-06-26,33.0,31.0
FOODS_3_376,WI_2,2013-06-27,25.0,40.0
FOODS_3_376,WI_2,2013-06-28,33.0,28.0
FOODS_3_376,WI_2,2013-06-29,30.0,45.0
FOODS_3_376,WI_2,2013-06-30,30.0,49.0
FOODS_3_376,WI_2,2013-07-01,19.0,39.0
FOODS_3_376,WI_2,2013-07-02,40.0,25.0
FOODS_3_376,WI_2,2013-07-03,54.0,33.0
FOODS_3_376,WI_2,2013-07-04,61.0,25.0
FOODS_3_376,WI_2,2013-07-05,43.0,33.0
FOODS_3_376,WI_2,2013-07-06,27.0,30.0
FOODS_3_376,WI_2,2013-07-07,15.0,30.0
FOODS_3_376,WI_2,2013-07-08,39.0,19.0
FOODS_3_376,WI_2,2013-07-09,38.0,40.0
FOODS_3_376,WI_2,2013-07-10,18.0,54.0
FOODS_3_376,WI_2,2013-07-11,33.0,61.0
FOODS_3_376,WI_2,2013-07-12,16.0,43.0
FOODS_3_376,WI_2,2013-07-13,23.0,27.0
FOODS_3_376,WI_2,2013-07-14,39.0,15.0
FOODS_3_376,WI_3,2013-06-17,14.0,0.0
FOODS_3_376,WI_3,2013-06-18,6.0,0.0
FOODS_3_376,WI_3,2013-06-19,12.0,13.0
FOODS_3_376,WI_3,2013-06-20,27.0,41.0
FOODS_3_376,WI_3,2013-06-21,16.0,40.0
FOODS_3_376,WI_3,2013-06-22,33.0,59.0
FOODS_3_376,WI_3,2013-06-23,38.0,16.0
FOODS_3_376,WI_3,2013-06-24,34.0,14.0
FOODS_3_376,WI_3,2013-06-25,34.0,6.0
FOODS_3_376,WI_3,2013-06-26,30.0,12.0
FOODS_3_376,WI_3,2013-06-27,29.0,27.0
FOODS_3_376,WI_3,2013-06-28,36.0,16.0
FOODS_3_376,WI_3,2013-06-29,36.0,33.0
FOODS_3_376,WI_3,2013-06-30,36.0,38.0
FOODS_3_376,WI_3,2013-07-01,23.0,34.0
FOODS_3_376,WI_3,2013-07-02,34.0,34.0
FOODS_3_376,WI_3,2013-07-03,33.0,30.0
FOODS_3_376,WI_3,2013-07-04,68.0,29.0
FOODS_3_376,WI_3,2013-07-05,51.0,36.0
FOODS_3_376,WI_3,2013-07-06,26.0,36.0
FOODS_3_376,WI_3,2013-07-07,14.0,36.0
FOODS_3_376,WI_3,2013-07-08,14.0,23.0
FOODS_3_376,WI_3,2013-07-09,11.0,34.0
FOODS_3_376,WI_3,2013-07-10,18.0,33.0
FOODS_3_376,WI_3,2013-07-11,20.0,68.0
FOODS_3_376,WI_3,2013-07-12,11.0,51.0
FOODS_3_376,WI_3,2013-07-13,23.0,26.0
FOODS_3_376,WI_3,2013-07-14,9.0,14.0
FOODS_3_377,TX_2,2013-06-18,23.0,35.0
FOODS_3_377,TX_2,2013-06-19,32.0,37.0
FOODS_3_377,TX_2,2013-06-20,20.0,34.0
FOODS_3_377,TX_2,2013-06-21,42.0,41.0
FOODS_3_377,TX_2,2013-06-22,45.0,49.0
FOODS_3_377,TX_2,2013-06-23,30.0,55.0
FOODS_3_377,TX_2,2013-06-24,40.0,21.0
FOODS_3_377,TX_2,2013-06-25,28.0,23.0
FOODS_3_377,TX_2,2013-06-26,24.0,32.0
FOODS_3_377,TX_2,2013-06-27,48.0,20.0
FOODS_3_377,TX_2,2013-06-28,42.0,42.0
FOODS_3_377,TX_2,2013-06-29,37.0,45.0
FOODS_3_377,TX_2,2013-06-30,28.0,30.0
FOODS_3_377,TX_2,2013-07-01,43.0,40.0
FOODS_3_377,TX_2,2013-07-02,26.0,28.0
FOODS_3_377,TX_2,2013-07-03,51.0,24.0
FOODS_3_377,TX_2,2013-07-04,34.0,48.0
FOODS_3_377,TX_2,2013-07-05,34.0,42.0
FOODS_3_377,TX_2,2013-07-06,61.0,37.0
FOODS_3_377,TX_2,2013-07-07,51.0,28.0
FOODS_3_377,TX_2,2013-07-08,40.0,43.0
FOODS_3_377,TX_2,2013-07-09,24.0,26.0
FOODS_3_377,TX_2,2013-07-10,42.0,51.0
FOODS_3_377,TX_2,2013-07-11,51.0,34.0
FOODS_3_377,TX_2,2013-07-12,37.0,34.0
FOODS_3_377,TX_2,2013-07-13,65.0,61.0
FOODS_3_377,TX_2,2013-07-14,51.0,51.0
FOODS_3_377,TX_2,2013-07-15,32.0,40.0
FOODS_3_377,TX_3,2013-06-17,52.0,31.0
FOODS_3_377,TX_3,2013-06-18,28.0,31.0
FOODS_3_377,TX_3,2013-06-19,32.0,10.0
FOODS_3_377,TX_3,2013-06-20,36.0,5.0
FOODS_3_377,TX_3,2013-06-21,37.0,30.0
FOODS_3_377,TX_3,2013-06-22,34.0,29.0
FOODS_3_377,TX_3,2013-06-23,45.0,58.0
FOODS_3_377,TX_3,2013-06-24,31.0,52.0
FOODS_3_377,TX_3,2013-06-25,30.0,28.0
FOODS_3_377,TX_3,2013-06-26,42.0,32.0
FOODS_3_377,TX_3,2013-06-27,29.0,36.0
FOODS_3_377,TX_3,2013-06-28,48.0,37.0
FOODS_3_377,TX_3,2013-06-29,53.0,34.0
FOODS_3_377,TX_3,2013-06-30,35.0,45.0
FOODS_3_377,TX_3,2013-07-01,36.0,31.0
FOODS_3_377,TX_3,2013-07-02,27.0,30.0
FOODS_3_377,TX_3,2013-07-03,42.0,42.0
FOODS_3_377,TX_3,2013-07-04,29.0,29.0
FOODS_3_377,TX_3,2013-07-05,48.0,48.0
FOODS_3_377,TX_3,2013-07-06,33.0,53.0
FOODS_3_377,TX_3,2013-07-07,44.0,35.0
FOODS_3_377,TX_3,2013-07-08,30.0,36.0
FOODS_3_377,TX_3,2013-07-09,31.0,27.0
FOODS_3_377,TX_3,2013-07-10,34.0,42.0
FOODS_3_377,TX_3,2013-07-11,38.0,29.0
FOODS_3_377,TX_3,2013-07-12,33.0,48.0
FOODS_3_377,TX_3,2013-07-13,55.0,33.0
FOODS_3_377,TX_3,2013-07-14,39.0,44.0
FOODS_3_491,CA_3,2013-06-18,24.0,28.0
FOODS_3_491,CA_3,2013-06-19,7.0,12.0
FOODS_3_491,CA_3,2013-06-20,32.0,15.0
FOODS_3_491,CA_3,2013-06-21,39.0,22.0
FOODS_3_491,CA_3,2013-06-22,32.0,34.0
FOODS_3_491,CA_3,2013-06-23,14.0,13.0
FOODS_3_491,CA_3,2013-06-24,5.0,11.0
FOODS_3_491,CA_3,2013-06-25,24.0,24.0
FOODS_3_491,CA_3,2013-06-26,21.0,7.0
FOODS_3_491,CA_3,2013-06-27,31.0,32.0
FOODS_3_491,CA_3,2013-06-28,24.0,39.0
FOODS_3_491,CA_3,2013-06-29,53.0,32.0
FOODS_3_491,CA_3,2013-06-30,16.0,14.0
FOODS_3_491,CA_3,2013-07-01,20.0,5.0
FOODS_3_491,CA_3,2013-07-02,13.0,24.0
FOODS_3_491,CA_3,2013-07-03,24.0,21.0
FOODS_3_491,CA_3,2013-07-04,29.0,31.0
FOODS_3_491,CA_3,2013-07-05,29.0,24.0
FOODS_3_491,CA_3,2013-07-06,37.0,53.0
FOODS_3_491,CA_3,2013-07-07,17.0,16.0
FOODS_3_491,CA_3,2013-07-08,20.0,20.0
FOODS_3_491,CA_3,2013-07-09,23.0,13.0
FOODS_3_491,CA_3,2013-07-10,32.0,24.0
FOODS_3_491,CA_3,2013-07-11,20.0,29.0
FOODS_3_491,CA_3,2013-07-12,20.0,29.0
FOODS_3_491,CA_3,2013-07-13,14.0,37.0
FOODS_3_491,CA_3,2013-07-14,15.0,17.0
FOODS_3_491,CA_3,2013-07-15,12.0,20.0
FOODS_3_498,WI_3,2013-06-17,11.0,12.0
FOODS_3_498,WI_3,2013-06-18,24.0,32.0
FOODS_3_498,WI_3,2013-06-19,27.0,6.0
FOODS_3_498,WI_3,2013-06-20,2.0,12.0
FOODS_3_498,WI_3,2013-06-21,19.0,3.0
FOODS_3_498,WI_3,2013-06-22,8.0,30.0
FOODS_3_498,WI_3,2013-06-23,3.0,15.0
FOODS_3_498,WI_3,2013-06-24,4.0,11.0
FOODS_3_498,WI_3,2013-06-25,6.0,24.0
FOODS_3_498,WI_3,2013-06-26,2.0,27.0
FOODS_3_498,WI_3,2013-06-27,1.0,2.0
FOODS_3_498,WI_3,2013-06-28,5.0,19.0
FOODS_3_498,WI_3,2013-06-29,0.0,8.0
FOODS_3_498,WI_3,2013-06-30,3.0,3.0
FOODS_3_498,WI_3,2013-07-01,4.0,4.0
FOODS_3_498,WI_3,2013-07-02,7.0,6.0
FOODS_3_498,WI_3,2013-07-03,30.0,2.0
FOODS_3_498,WI_3,2013-07-04,2.0,1.0
FOODS_3_498,WI_3,2013-07-05,0.0,5.0
FOODS_3_498,WI_3,2013-07-06,0.0,0.0
FOODS_3_498,WI_3,2013-07-07,0.0,3.0
FOODS_3_498,WI_3,2013-07-08,0.0,4.0
FOODS_3_498,WI_3,2013-07-09,0.0,7.0
FOODS_3_498,WI_3,2013-07-10,0.0,30.0
FOODS_3_498,WI_3,2013-07-11,9.0,2.0
FOODS_3_498,WI_3,2013-07-12,21.0,0.0
FOODS_3_498,WI_3,2013-07-13,20.0,0.0
FOODS_3_498,WI_3,2013-07-14,16.0,0.0
FOODS_3_501,CA_3,2013-06-18,36.0,21.0
FOODS_3_501,CA_3,2013-06-19,26.0,25.0
FOODS_3_501,CA_3,2013-06-20,20.0,12.0
FOODS_3_501,CA_3,2013-06-21,29.0,20.0
FOODS_3_501,CA_3,2013-06-22,21.0,26.0
FOODS_3_501,CA_3,2013-06-23,52.0,36.0
FOODS_3_501,CA_3,2013-06-24,8.0,16.0
FOODS_3_501,CA_3,2013-06-25,18.0,36.0
FOODS_3_501,CA_3,2013-06-26,17.0,26.0
FOODS_3_501,CA_3,2013-06-27,36.0,20.0
FOODS_3_501,CA_3,2013-06-28,33.0,29.0
FOODS_3_501,CA_3,2013-06-29,18.0,21.0
FOODS_3_501,CA_3,2013-06-30,31.0,52.0
FOODS_3_501,CA_3,2013-07-01,42.0,8.0
FOODS_3_501,CA_3,2013-07-02,36.0,18.0
FOODS_3_501,CA_3,2013-07-03,27.0,17.0
FOODS_3_501,CA_3,2013-07-04,18.0,36.0
FOODS_3_501,CA_3,2013-07-05,31.0,33.0
FOODS_3_501,CA_3,2013-07-06,17.0,18.0
FOODS_3_501,CA_3,2013-07-07,30.0,31.0
FOODS_3_501,CA_3,2013-07-08,14.0,42.0
FOODS_3_501,CA_3,2013-07-09,7.0,36.0
FOODS_3_501,CA_3,2013-07-10,33.0,27.0
FOODS_3_501,CA_3,2013-07-11,22.0,18.0
FOODS_3_501,CA_3,2013-07-12,23.0,31.0
FOODS_3_501,CA_3,2013-07-13,22.0,17.0
FOODS_3_501,CA_3,2013-07-14,32.0,30.0
FOODS_3_501,CA_3,2013-07-15,21.0,14.0
FOODS_3_541,CA_1,2013-06-18,34.0,10.0
FOODS_3_541,CA_1,2013-06-19,25.0,7.0
FOODS_3_541,CA_1,2013-06-20,21.0,3.0
FOODS_3_541,CA_1,2013-06-21,44.0,9.0
FOODS_3_541,CA_1,2013-06-22,46.0,16.0
FOODS_3_541,CA_1,2013-06-23,55.0,11.0
FOODS_3_541,CA_1,2013-06-24,46.0,2.0
FOODS_3_541,CA_1,2013-06-25,16.0,34.0
FOODS_3_541,CA_1,2013-06-26,47.0,25.0
FOODS_3_541,CA_1,2013-06-27,41.0,21.0
FOODS_3_541,CA_1,2013-06-28,61.0,44.0
FOODS_3_541,CA_1,2013-06-29,65.0,46.0
FOODS_3_541,CA_1,2013-06-30,67.0,55.0
FOODS_3_541,CA_1,2013-07-01,56.0,46.0
FOODS_3_541,CA_1,2013-07-02,22.0,16.0
FOODS_3_541,CA_1,2013-07-03,45.0,47.0
FOODS_3_541,CA_1,2013-07-04,59.0,41.0
FOODS_3_541,CA_1,2013-07-05,19.0,61.0
FOODS_3_541,CA_1,2013-07-06,40.0,65.0
FOODS_3_541,CA_1,2013-07-07,66.0,67.0
FOODS_3_541,CA_1,2013-07-08,57.0,56.0
FOODS_3_541,CA_1,2013-07-09,56.0,22.0
FOODS_3_541,CA_1,2013-07-10,25.0,45.0
FOODS_3_541,CA_1,2013-07-11,31.0,59.0
FOODS_3_541,CA_1,2013-07-12,27.0,19.0
FOODS_3_541,CA_1,2013-07-13,30.0,40.0
FOODS_3_541,CA_1,2013-07-14,90.0,66.0
FOODS_3_541,CA_1,2013-07-15,32.0,57.0
FOODS_3_541,CA_3,2013-06-18,39.0,58.0
FOODS_3_541,CA_3,2013-06-19,59.0,57.0
FOODS_3_541,CA_3,2013-06-20,47.0,55.0
FOODS_3_541,CA_3,2013-06-21,56.0,89.0
FOODS_3_541,CA_3,2013-06-22,112.0,54.0
FOODS_3_541,CA_3,2013-06-23,119.0,105.0
FOODS_3_541,CA_3,2013-06-24,105.0,82.0
FOODS_3_541,CA_3,2013-06-25,121.0,39.0
FOODS_3_541,CA_3,2013-06-26,78.0,59.0
FOODS_3_541,CA_3,2013-06-27,109.0,47.0
FOODS_3_541,CA_3,2013-06-28,201.0,56.0
FOODS_3_541,CA_3,2013-06-29,306.0,112.0
FOODS_3_541,CA_3,2013-06-30,283.0,119.0
FOODS_3_541,CA_3,2013-07-01,174.0,105.0
FOODS_3_541,CA_3,2013-07-02,104.0,121.0
FOODS_3_541,CA_3,2013-07-03,149.0,78.0
FOODS_3_541,CA_3,2013-07-04,168.0,109.0
FOODS_3_541,CA_3,2013-07-05,93.0,201.0
FOODS_3_541,CA_3,2013-07-06,132.0,306.0
FOODS_3_541,CA_3,2013-07-07,145.0,283.0
FOODS_3_541,CA_3,2013-07-08,180.0,174.0
FOODS_3_541,CA_3,2013-07-09,139.0,104.0
FOODS_3_541,CA_3,2013-07-10,47.0,149.0
FOODS_3_541,CA_3,2013-07-11,42.0,168.0
FOODS_3_541,CA_3,2013-07-12,83.0,93.0
FOODS_3_541,CA_3,2013-07-13,59.0,132.0
FOODS_3_541,CA_3,2013-07-14,133.0,145.0
FOODS_3_541,CA_3,2013-07-15,76.0,180.0
FOODS_3_541,WI_3,2013-06-17,15.0,15.0
FOODS_3_541,WI_3,2013-06-18,27.0,15.0
FOODS_3_541,WI_3,2013-06-19,20.0,13.0
FOODS_3_541,WI_3,2013-06-20,20.0,1.0
FOODS_3_541,WI_3,2013-06-21,9.0,5.0
FOODS_3_541,WI_3,2013-06-22,20.0,6.0
FOODS_3_541,WI_3,2013-06-23,45.0,22.0
FOODS_3_541,WI_3,2013-06-24,16.0,15.0
FOODS_3_541,WI_3,2013-06-25,12.0,27.0
FOODS_3_541,WI_3,2013-06-26,8.0,20.0
FOODS_3_541,WI_3,2013-06-27,7.0,20.0
FOODS_3_541,WI_3,2013-06-28,26.0,9.0
FOODS_3_541,WI_3,2013-06-29,58.0,20.0
FOODS_3_541,WI_3,2013-06-30,40.0,45.0
FOODS_3_541,WI_3,2013-07-01,14.0,16.0
FOODS_3_541,WI_3,2013-07-02,16.0,12.0
FOODS_3_541,WI_3,2013-07-03,13.0,8.0
FOODS_3_541,WI_3,2013-07-04,15.0,7.0
FOODS_3_541,WI_3,2013-07-05,24.0,26.0
FOODS_3_541,WI_3,2013-07-06,34.0,58.0
FOODS_3_541,WI_3,2013-07-07,37.0,40.0
FOODS_3_541,WI_3,2013-07-08,49.0,14.0
FOODS_3_541,WI_3,2013-07-09,46.0,16.0
FOODS_3_541,WI_3,2013-07-10,45.0,13.0
FOODS_3_541,WI_3,2013-07-11,55.0,15.0
FOODS_3_541,WI_3,2013-07-12,42.0,24.0
FOODS_3_541,WI_3,2013-07-13,38.0,34.0
FOODS_3_541,WI_3,2013-07-14,75.0,37.0
FOODS_3_547,WI_3,2013-06-17,29.0,12.0
FOODS_3_547,WI_3,2013-06-18,13.0,18.0
FOODS_3_547,WI_3,2013-06-19,5.0,22.0
FOODS_3_547,WI_3,2013-06-20,7.0,17.0
FOODS_3_547,WI_3,2013-06-21,10.0,7.0
FOODS_3_547,WI_3,2013-06-22,8.0,41.0
FOODS_3_547,WI_3,2013-06-23,12.0,6.0
FOODS_3_547,WI_3,2013-06-24,6.0,29.0
FOODS_3_547,WI_3,2013-06-25,10.0,13.0
FOODS_3_547,WI_3,2013-06-26,7.0,5.0
FOODS_3_547,WI_3,2013-06-27,2.0,7.0
FOODS_3_547,WI_3,2013-06-28,5.0,10.0
FOODS_3_547,WI_3,2013-06-29,18.0,8.0
FOODS_3_547,WI_3,2013-06-30,46.0,12.0
FOODS_3_547,WI_3,2013-07-01,5.0,6.0
FOODS_3_547,WI_3,2013-07-02,32.0,10.0
FOODS_3_547,WI_3,2013-07-03,42.0,7.0
FOODS_3_547,WI_3,2013-07-04,3.0,2.0
FOODS_3_547,WI_3,2013-07-05,23.0,5.0
FOODS_3_547,WI_3,2013-07-06,16.0,18.0
FOODS_3_547,WI_3,2013-07-07,3.0,46.0
FOODS_3_547,WI_3,2013-07-08,0.0,5.0
FOODS_3_547,WI_3,2013-07-09,0.0,32.0
FOODS_3_547,WI_3,2013-07-10,0.0,42.0
FOODS_3_547,WI_3,2013-07-11,0.0,3.0
FOODS_3_547,WI_3,2013-07-12,0.0,23.0
FOODS_3_547,WI_3,2013-07-13,0.0,16.0
FOODS_3_547,WI_3,2013-07-14,0.0,3.0
FOODS_3_555,CA_3,2013-06-18,20.0,43.0
FOODS_3_555,CA_3,2013-06-19,33.0,28.0
FOODS_3_555,CA_3,2013-06-20,29.0,33.0
FOODS_3_555,CA_3,2013-06-21,29.0,42.0
FOODS_3_555,CA_3,2013-06-22,37.0,33.0
FOODS_3_555,CA_3,2013-06-23,32.0,28.0
FOODS_3_555,CA_3,2013-06-24,25.0,36.0
FOODS_3_555,CA_3,2013-06-25,23.0,20.0
FOODS_3_555,CA_3,2013-06-26,31.0,33.0
FOODS_3_555,CA_3,2013-06-27,25.0,29.0
FOODS_3_555,CA_3,2013-06-28,40.0,29.0
FOODS_3_555,CA_3,2013-06-29,62.0,37.0
FOODS_3_555,CA_3,2013-06-30,41.0,32.0
FOODS_3_555,CA_3,2013-07-01,37.0,25.0
FOODS_3_555,CA_3,2013-07-02,28.0,23.0
FOODS_3_555,CA_3,2013-07-03,34.0,31.0
FOODS_3_555,CA_3,2013-07-04,45.0,25.0
FOODS_3_555,CA_3,2013-07-05,17.0,40.0
FOODS_3_555,CA_3,2013-07-06,31.0,62.0
FOODS_3_555,CA_3,2013-07-07,19.0,41.0
FOODS_3_555,CA_3,2013-07-08,41.0,37.0
FOODS_3_555,CA_3,2013-07-09,36.0,28.0
FOODS_3_555,CA_3,2013-07-10,36.0,34.0
FOODS_3_555,CA_3,2013-07-11,44.0,45.0
FOODS_3_555,CA_3,2013-07-12,52.0,17.0
FOODS_3_555,CA_3,2013-07-13,55.0,31.0
FOODS_3_555,CA_3,2013-07-14,25.0,19.0
FOODS_3_555,CA_3,2013-07-15,27.0,41.0
FOODS_3_555,TX_1,2013-06-18,38.0,58.0
FOODS_3_555,TX_1,2013-06-19,31.0,46.0
FOODS_3_555,TX_1,2013-06-20,47.0,52.0
FOODS_3_555,TX_1,2013-06-21,50.0,30.0
FOODS_3_555,TX_1,2013-06-22,71.0,48.0
FOODS_3_555,TX_1,2013-06-23,49.0,59.0
FOODS_3_555,TX_1,2013-06-24,31.0,34.0
FOODS_3_555,TX_1,2013-06-25,30.0,38.0
FOODS_3_555,TX_1,2013-06-26,38.0,31.0
FOODS_3_555,TX_1,2013-06-27,28.0,47.0
FOODS_3_555,TX_1,2013-06-28,29.0,50.0
FOODS_3_555,TX_1,2013-06-29,62.0,71.0
FOODS_3_555,TX_1,2013-06-30,55.0,49.0
FOODS_3_555,TX_1,2013-07-01,38.0,31.0
FOODS_3_555,TX_1,2013-07-02,26.0,30.0
FOODS_3_555,TX_1,2013-07-03,30.0,38.0
FOODS_3_555,TX_1,2013-07-04,46.0,28.0
FOODS_3_555,TX_1,2013-07-05,42.0,29.0
FOODS_3_555,TX_1,2013-07-06,62.0,62.0
FOODS_3_555,TX_1,2013-07-07,52.0,55.0
FOODS_3_555,TX_1,2013-07-08,25.0,38.0
FOODS_3_555,TX_1,2013-07-09,39.0,26.0
FOODS_3_555,TX_1,2013-07-10,19.0,30.0
FOODS_3_555,TX_1,2013-07-11,34.0,46.0
FOODS_3_555,TX_1,2013-07-12,60.0,42.0
FOODS_3_555,TX_1,2013-07-13,50.0,62.0
FOODS_3_555,TX_1,2013-07-14,34.0,52.0
FOODS_3_555,TX_1,2013-07-15,26.0,25.0
FOODS_3_555,TX_2,2013-06-18,22.0,35.0
FOODS_3_555,TX_2,2013-06-19,28.0,38.0
FOODS_3_555,TX_2,2013-06-20,60.0,48.0
FOODS_3_555,TX_2,2013-06-21,56.0,61.0
FOODS_3_555,TX_2,2013-06-22,56.0,95.0
FOODS_3_555,TX_2,2013-06-23,28.0,70.0
FOODS_3_555,TX_2,2013-06-24,37.0,27.0
FOODS_3_555,TX_2,2013-06-25,39.0,22.0
FOODS_3_555,TX_2,2013-06-26,28.0,28.0
FOODS_3_555,TX_2,2013-06-27,32.0,60.0
FOODS_3_555,TX_2,2013-06-28,37.0,56.0
FOODS_3_555,TX_2,2013-06-29,52.0,56.0
FOODS_3_555,TX_2,2013-06-30,77.0,28.0
FOODS_3_555,TX_2,2013-07-01,46.0,37.0
FOODS_3_555,TX_2,2013-07-02,37.0,39.0
FOODS_3_555,TX_2,2013-07-03,56.0,28.0
FOODS_3_555,TX_2,2013-07-04,67.0,32.0
FOODS_3_555,TX_2,2013-07-05,61.0,37.0
FOODS_3_555,TX_2,2013-07-06,45.0,52.0
FOODS_3_555,TX_2,2013-07-07,22.0,77.0
FOODS_3_555,TX_2,2013-07-08,32.0,46.0
FOODS_3_555,TX_2,2013-07-09,46.0,37.0
FOODS_3_555,TX_2,2013-07-10,37.0,56.0
FOODS_3_555,TX_2,2013-07-11,51.0,67.0
FOODS_3_555,TX_2,2013-07-12,40.0,61.0
FOODS_3_555,TX_2,2013-07-13,100.0,45.0
FOODS_3_555,TX_2,2013-07-14,50.0,22.0
FOODS_3_555,TX_2,2013-07-15,47.0,32.0
FOODS_3_555,TX_3,2013-06-17,26.0,56.0
FOODS_3_555,TX_3,2013-06-18,17.0,18.0
FOODS_3_555,TX_3,2013-06-19,32.0,39.0
FOODS_3_555,TX_3,2013-06-20,42.0,45.0
FOODS_3_555,TX_3,2013-06-21,44.0,51.0
FOODS_3_555,TX_3,2013-06-22,66.0,76.0
FOODS_3_555,TX_3,2013-06-23,22.0,63.0
FOODS_3_555,TX_3,2013-06-24,5.0,26.0
FOODS_3_555,TX_3,2013-06-25,27.0,17.0
FOODS_3_555,TX_3,2013-06-26,46.0,32.0
FOODS_3_555,TX_3,2013-06-27,33.0,42.0
FOODS_3_555,TX_3,2013-06-28,46.0,44.0
FOODS_3_555,TX_3,2013-06-29,51.0,66.0
FOODS_3_555,TX_3,2013-06-30,60.0,22.0
FOODS_3_555,TX_3,2013-07-01,45.0,5.0
FOODS_3_555,TX_3,2013-07-02,23.0,27.0
FOODS_3_555,TX_3,2013-07-03,52.0,46.0
FOODS_3_555,TX_3,2013-07-04,47.0,33.0
FOODS_3_555,TX_3,2013-07-05,46.0,46.0
FOODS_3_555,TX_3,2013-07-06,55.0,51.0
FOODS_3_555,TX_3,2013-07-07,53.0,60.0
FOODS_3_555,TX_3,2013-07-08,32.0,45.0
FOODS_3_555,TX_3,2013-07-09,36.0,23.0
FOODS_3_555,TX_3,2013-07-10,33.0,52.0
FOODS_3_555,TX_3,2013-07-11,39.0,47.0
FOODS_3_555,TX_3,2013-07-12,63.0,46.0
FOODS_3_555,TX_3,2013-07-13,64.0,55.0
FOODS_3_555,TX_3,2013-07-14,43.0,53.0
FOODS_3_555,WI_3,2013-06-17,12.0,22.0
FOODS_3_555,WI_3,2013-06-18,18.0,30.0
FOODS_3_555,WI_3,2013-06-19,20.0,17.0
FOODS_3_555,WI_3,2013-06-20,32.0,21.0
FOODS_3_555,WI_3,2013-06-21,24.0,28.0
FOODS_3_555,WI_3,2013-06-22,21.0,23.0
FOODS_3_555,WI_3,2013-06-23,30.0,26.0
FOODS_3_555,WI_3,2013-06-24,24.0,12.0
FOODS_3_555,WI_3,2013-06-25,23.0,18.0
FOODS_3_555,WI_3,2013-06-26,25.0,20.0
FOODS_3_555,WI_3,2013-06-27,28.0,32.0
FOODS_3_555,WI_3,2013-06-28,21.0,24.0
FOODS_3_555,WI_3,2013-06-29,27.0,21.0
FOODS_3_555,WI_3,2013-06-30,29.0,30.0
FOODS_3_555,WI_3,2013-07-01,20.0,24.0
FOODS_3_555,WI_3,2013-07-02,19.0,23.0
FOODS_3_555,WI_3,2013-07-03,56.0,25.0
FOODS_3_555,WI_3,2013-07-04,31.0,28.0
FOODS_3_555,WI_3,2013-07-05,42.0,21.0
FOODS_3_555,WI_3,2013-07-06,39.0,27.0
FOODS_3_555,WI_3,2013-07-07,25.0,29.0
FOODS_3_555,WI_3,2013-07-08,37.0,20.0
FOODS_3_555,WI_3,2013-07-09,30.0,19.0
FOODS_3_555,WI_3,2013-07-10,33.0,56.0
FOODS_3_555,WI_3,2013-07-11,38.0,31.0
FOODS_3_555,WI_3,2013-07-12,39.0,42.0
FOODS_3_555,WI_3,2013-07-13,42.0,39.0
FOODS_3_555,WI_3,2013-07-14,43.0,25.0
FOODS_3_586,CA_1,2013-06-18,40.0,41.0
FOODS_3_586,CA_1,2013-06-19,33.0,47.0
FOODS_3_586,CA_1,2013-06-20,38.0,51.0
FOODS_3_586,CA_1,2013-06-21,55.0,51.0
FOODS_3_586,CA_1,2013-06-22,62.0,67.0
FOODS_3_586,CA_1,2013-06-23,65.0,72.0
FOODS_3_586,CA_1,2013-06-24,25.0,36.0
FOODS_3_586,CA_1,2013-06-25,31.0,40.0
FOODS_3_586,CA_1,2013-06-26,32.0,33.0
FOODS_3_586,CA_1,2013-06-27,39.0,38.0
FOODS_3_586,CA_1,2013-06-28,73.0,55.0
FOODS_3_586,CA_1,2013-06-29,65.0,62.0
FOODS_3_586,CA_1,2013-06-30,67.0,65.0
FOODS_3_586,CA_1,2013-07-01,67.0,25.0
FOODS_3_586,CA_1,2013-07-02,55.0,31.0
FOODS_3_586,CA_1,2013-07-03,55.0,32.0
FOODS_3_586,CA_1,2013-07-04,69.0,39.0
FOODS_3_586,CA_1,2013-07-05,56.0,73.0
FOODS_3_586,CA_1,2013-07-06,53.0,65.0
FOODS_3_586,CA_1,2013-07-07,74.0,67.0
FOODS_3_586,CA_1,2013-07-08,59.0,67.0
FOODS_3_586,CA_1,2013-07-09,45.0,55.0
FOODS_3_586,CA_1,2013-07-10,56.0,55.0
FOODS_3_586,CA_1,2013-07-11,45.0,69.0
FOODS_3_586,CA_1,2013-07-12,49.0,56.0
FOODS_3_586,CA_1,2013-07-13,69.0,53.0
FOODS_3_586,CA_1,2013-07-14,84.0,74.0
FOODS_3_586,CA_1,2013-07-15,44.0,59.0
FOODS_3_586,CA_2,2013-06-18,20.0,23.0
FOODS_3_586,CA_2,2013-06-19,28.0,23.0
FOODS_3_586,CA_2,2013-06-20,32.0,20.0
FOODS_3_586,CA_2,2013-06-21,27.0,28.0
FOODS_3_586,CA_2,2013-06-22,29.0,48.0
FOODS_3_586,CA_2,2013-06-23,35.0,33.0
FOODS_3_586,CA_2,2013-06-24,20.0,21.0
FOODS_3_586,CA_2,2013-06-25,25.0,20.0
FOODS_3_586,CA_2,2013-06-26,35.0,28.0
FOODS_3_586,CA_2,2013-06-27,34.0,32.0
FOODS_3_586,CA_2,2013-06-28,34.0,27.0
FOODS_3_586,CA_2,2013-06-29,60.0,29.0
FOODS_3_586,CA_2,2013-06-30,58.0,35.0
FOODS_3_586,CA_2,2013-07-01,32.0,20.0
FOODS_3_586,CA_2,2013-07-02,33.0,25.0
FOODS_3_586,CA_2,2013-07-03,45.0,35.0
FOODS_3_586,CA_2,2013-07-04,56.0,34.0
FOODS_3_586,CA_2,2013-07-05,33.0,34.0
FOODS_3_586,CA_2,2013-07-06,41.0,60.0
FOODS_3_586,CA_2,2013-07-07,29.0,58.0
FOODS_3_586,CA_2,2013-07-08,21.0,32.0
FOODS_3_586,CA_2,2013-07-09,28.0,33.0
FOODS_3_586,CA_2,2013-07-10,25.0,45.0
FOODS_3_586,CA_2,2013-07-11,31.0,56.0
FOODS_3_586,CA_2,2013-07-12,37.0,33.0
FOODS_3_586,CA_2,2013-07-13,49.0,41.0
FOODS_3_586,CA_2,2013-07-14,51.0,29.0
FOODS_3_586,CA_2,2013-07-15,18.0,21.0
FOODS_3_586,CA_3,2013-06-18,71.0,73.0
FOODS_3_586,CA_3,2013-06-19,56.0,73.0
FOODS_3_586,CA_3,2013-06-20,77.0,62.0
FOODS_3_586,CA_3,2013-06-21,67.0,81.0
FOODS_3_586,CA_3,2013-06-22,80.0,79.0
FOODS_3_586,CA_3,2013-06-23,90.0,87.0
FOODS_3_586,CA_3,2013-06-24,54.0,76.0
FOODS_3_586,CA_3,2013-06-25,67.0,71.0
FOODS_3_586,CA_3,2013-06-26,81.0,56.0
FOODS_3_586,CA_3,2013-06-27,75.0,77.0
FOODS_3_586,CA_3,2013-06-28,61.0,67.0
FOODS_3_586,CA_3,2013-06-29,105.0,80.0
FOODS_3_586,CA_3,2013-06-30,87.0,90.0
FOODS_3_586,CA_3,2013-07-01,90.0,54.0
FOODS_3_586,CA_3,2013-07-02,85.0,67.0
FOODS_3_586,CA_3,2013-07-03,94.0,81.0
FOODS_3_586,CA_3,2013-07-04,124.0,75.0
FOODS_3_586,CA_3,2013-07-05,72.0,61.0
FOODS_3_586,CA_3,2013-07-06,102.0,105.0
FOODS_3_586,CA_3,2013-07-07,87.0,87.0
FOODS_3_586,CA_3,2013-07-08,59.0,90.0
FOODS_3_586,CA_3,2013-07-09,91.0,85.0
FOODS_3_586,CA_3,2013-07-10,109.0,94.0
FOODS_3_586,CA_3,2013-07-11,87.0,124.0
FOODS_3_586,CA_3,2013-07-12,69.0,72.0
FOODS_3_586,CA_3,2013-07-13,90.0,102.0
FOODS_3_586,CA_3,2013-07-14,84.0,87.0
FOODS_3_586,CA_3,2013-07-15,82.0,59.0
FOODS_3_586,TX_1,2013-06-18,55.0,68.0
FOODS_3_586,TX_1,2013-06-19,39.0,67.0
FOODS_3_586,TX_1,2013-06-20,50.0,65.0
FOODS_3_586,TX_1,2013-06-21,70.0,68.0
FOODS_3_586,TX_1,2013-06-22,65.0,83.0
FOODS_3_586,TX_1,2013-06-23,72.0,52.0
FOODS_3_586,TX_1,2013-06-24,46.0,48.0
FOODS_3_586,TX_1,2013-06-25,49.0,55.0
FOODS_3_586,TX_1,2013-06-26,55.0,39.0
FOODS_3_586,TX_1,2013-06-27,48.0,50.0
FOODS_3_586,TX_1,2013-06-28,55.0,70.0
FOODS_3_586,TX_1,2013-06-29,69.0,65.0
FOODS_3_586,TX_1,2013-06-30,67.0,72.0
FOODS_3_586,TX_1,2013-07-01,62.0,46.0
FOODS_3_586,TX_1,2013-07-02,47.0,49.0
FOODS_3_586,TX_1,2013-07-03,33.0,55.0
FOODS_3_586,TX_1,2013-07-04,60.0,48.0
FOODS_3_586,TX_1,2013-07-05,65.0,55.0
FOODS_3_586,TX_1,2013-07-06,83.0,69.0
FOODS_3_586,TX_1,2013-07-07,62.0,67.0
FOODS_3_586,TX_1,2013-07-08,32.0,62.0
FOODS_3_586,TX_1,2013-07-09,53.0,47.0
FOODS_3_586,TX_1,2013-07-10,40.0,33.0
FOODS_3_586,TX_1,2013-07-11,54.0,60.0
FOODS_3_586,TX_1,2013-07-12,77.0,65.0
FOODS_3_586,TX_1,2013-07-13,66.0,83.0
FOODS_3_586,TX_1,2013-07-14,64.0,62.0
FOODS_3_586,TX_1,2013-07-15,48.0,32.0
FOODS_3_586,TX_2,2013-06-18,75.0,119.0
FOODS_3_586,TX_2,2013-06-19,79.0,91.0
FOODS_3_586,TX_2,2013-06-20,108.0,117.0
FOODS_3_586,TX_2,2013-06-21,94.0,146.0
FOODS_3_586,TX_2,2013-06-22,155.0,170.0
FOODS_3_586,TX_2,2013-06-23,149.0,145.0
FOODS_3_586,TX_2,2013-06-24,92.0,91.0
FOODS_3_586,TX_2,2013-06-25,109.0,75.0
FOODS_3_586,TX_2,2013-06-26,104.0,79.0
FOODS_3_586,TX_2,2013-06-27,103.0,108.0
FOODS_3_586,TX_2,2013-06-28,92.0,94.0
FOODS_3_586,TX_2,2013-06-29,174.0,155.0
FOODS_3_586,TX_2,2013-06-30,115.0,149.0
FOODS_3_586,TX_2,2013-07-01,119.0,92.0
FOODS_3_586,TX_2,2013-07-02,73.0,109.0
FOODS_3_586,TX_2,2013-07-03,122.0,104.0
FOODS_3_586,TX_2,2013-07-04,145.0,103.0
FOODS_3_586,TX_2,2013-07-05,112.0,92.0
FOODS_3_586,TX_2,2013-07-06,107.0,174.0
FOODS_3_586,TX_2,2013-07-07,68.0,115.0
FOODS_3_586,TX_2,2013-07-08,74.0,119.0
FOODS_3_586,TX_2,2013-07-09,98.0,73.0
FOODS_3_586,TX_2,2013-07-10,93.0,122.0
FOODS_3_586,TX_2,2013-07-11,90.0,145.0
FOODS_3_586,TX_2,2013-07-12,114.0,112.0
FOODS_3_586,TX_2,2013-07-13,153.0,107.0
FOODS_3_586,TX_2,2013-07-14,142.0,68.0
FOODS_3_586,TX_2,2013-07-15,101.0,74.0
FOODS_3_586,TX_3,2013-06-17,94.0,85.0
FOODS_3_586,TX_3,2013-06-18,70.0,67.0
FOODS_3_586,TX_3,2013-06-19,61.0,58.0
FOODS_3_586,TX_3,2013-06-20,64.0,85.0
FOODS_3_586,TX_3,2013-06-21,92.0,88.0
FOODS_3_586,TX_3,2013-06-22,98.0,123.0
FOODS_3_586,TX_3,2013-06-23,102.0,107.0
FOODS_3_586,TX_3,2013-06-24,78.0,94.0
FOODS_3_586,TX_3,2013-06-25,48.0,70.0
FOODS_3_586,TX_3,2013-06-26,50.0,61.0
FOODS_3_586,TX_3,2013-06-27,77.0,64.0
FOODS_3_586,TX_3,2013-06-28,80.0,92.0
FOODS_3_586,TX_3,2013-06-29,85.0,98.0
FOODS_3_586,TX_3,2013-06-30,96.0,102.0
FOODS_3_586,TX_3,2013-07-01,95.0,78.0
FOODS_3_586,TX_3,2013-07-02,73.0,48.0
FOODS_3_586,TX_3,2013-07-03,85.0,50.0
FOODS_3_586,TX_3,2013-07-04,72.0,77.0
FOODS_3_586,TX_3,2013-07-05,87.0,80.0
FOODS_3_586,TX_3,2013-07-06,83.0,85.0
FOODS_3_586,TX_3,2013-07-07,100.0,96.0
FOODS_3_586,TX_3,2013-07-08,55.0,95.0
FOODS_3_586,TX_3,2013-07-09,61.0,73.0
FOODS_3_586,TX_3,2013-07-10,76.0,85.0
FOODS_3_586,TX_3,2013-07-11,72.0,72.0
FOODS_3_586,TX_3,2013-07-12,91.0,87.0
FOODS_3_586,TX_3,2013-07-13,80.0,83.0
FOODS_3_586,TX_3,2013-07-14,93.0,100.0
FOODS_3_586,WI_3,2013-06-17,24.0,23.0
FOODS_3_586,WI_3,2013-06-18,18.0,32.0
FOODS_3_586,WI_3,2013-06-19,31.0,31.0
FOODS_3_586,WI_3,2013-06-20,19.0,36.0
FOODS_3_586,WI_3,2013-06-21,28.0,31.0
FOODS_3_586,WI_3,2013-06-22,26.0,44.0
FOODS_3_586,WI_3,2013-06-23,38.0,38.0
FOODS_3_586,WI_3,2013-06-24,28.0,24.0
FOODS_3_586,WI_3,2013-06-25,39.0,18.0
FOODS_3_586,WI_3,2013-06-26,30.0,31.0
FOODS_3_586,WI_3,2013-06-27,27.0,19.0
FOODS_3_586,WI_3,2013-06-28,38.0,28.0
FOODS_3_586,WI_3,2013-06-29,52.0,26.0
FOODS_3_586,WI_3,2013-06-30,52.0,38.0
FOODS_3_586,WI_3,2013-07-01,38.0,28.0
FOODS_3_586,WI_3,2013-07-02,41.0,39.0
FOODS_3_586,WI_3,2013-07-03,46.0,30.0
FOODS_3_586,WI_3,2013-07-04,46.0,27.0
FOODS_3_586,WI_3,2013-07-05,55.0,38.0
FOODS_3_586,WI_3,2013-07-06,52.0,52.0
FOODS_3_586,WI_3,2013-07-07,43.0,52.0
FOODS_3_586,WI_3,2013-07-08,42.0,38.0
FOODS_3_586,WI_3,2013-07-09,34.0,41.0
FOODS_3_586,WI_3,2013-07-10,24.0,46.0
FOODS_3_586,WI_3,2013-07-11,27.0,46.0
FOODS_3_586,WI_3,2013-07-12,43.0,55.0
FOODS_3_586,WI_3,2013-07-13,56.0,52.0
FOODS_3_586,WI_3,2013-07-14,42.0,43.0
FOODS_3_587,CA_1,2013-06-18,0.0,0.0
FOODS_3_587,CA_1,2013-06-19,0.0,0.0
FOODS_3_587,CA_1,2013-06-20,0.0,0.0
FOODS_3_587,CA_1,2013-06-21,0.0,0.0
FOODS_3_587,CA_1,2013-06-22,0.0,0.0
FOODS_3_587,CA_1,2013-06-23,0.0,0.0
FOODS_3_587,CA_1,2013-06-24,0.0,0.0
FOODS_3_587,CA_1,2013-06-25,0.0,0.0
FOODS_3_587,CA_1,2013-06-26,0.0,0.0
FOODS_3_587,CA_1,2013-06-27,0.0,0.0
FOODS_3_587,CA_1,2013-06-28,0.0,0.0
FOODS_3_587,CA_1,2013-06-29,0.0,0.0
FOODS_3_587,CA_1,2013-06-30,0.0,0.0
FOODS_3_587,CA_1,2013-07-01,0.0,0.0
FOODS_3_587,CA_1,2013-07-02,0.0,0.0
FOODS_3_587,CA_1,2013-07-03,0.0,0.0
FOODS_3_587,CA_1,2013-07-04,0.0,0.0
FOODS_3_587,CA_1,2013-07-05,0.0,0.0
FOODS_3_587,CA_1,2013-07-06,0.0,0.0
FOODS_3_587,CA_1,2013-07-07,0.0,0.0
FOODS_3_587,CA_1,2013-07-08,0.0,0.0
FOODS_3_587,CA_1,2013-07-09,0.0,0.0
FOODS_3_587,CA_1,2013-07-10,0.0,0.0
FOODS_3_587,CA_1,2013-07-11,0.0,0.0
FOODS_3_587,CA_1,2013-07-12,0.0,0.0
FOODS_3_587,CA_1,2013-07-13,0.0,0.0
FOODS_3_587,CA_1,2013-07-14,0.0,0.0
FOODS_3_587,CA_1,2013-07-15,0.0,0.0
FOODS_3_587,CA_3,2013-06-18,0.0,1.0
FOODS_3_587,CA_3,2013-06-19,0.0,0.0
FOODS_3_587,CA_3,2013-06-20,3.0,2.0
FOODS_3_587,CA_3,2013-06-21,0.0,13.0
FOODS_3_587,CA_3,2013-06-22,1.0,6.0
FOODS_3_587,CA_3,2013-06-23,3.0,0.0
FOODS_3_587,CA_3,2013-06-24,4.0,4.0
FOODS_3_587,CA_3,2013-06-25,2.0,0.0
FOODS_3_587,CA_3,2013-06-26,5.0,0.0
FOODS_3_587,CA_3,2013-06-27,2.0,3.0
FOODS_3_587,CA_3,2013-06-28,5.0,0.0
FOODS_3_587,CA_3,2013-06-29,0.0,1.0
FOODS_3_587,CA_3,2013-06-30,7.0,3.0
FOODS_3_587,CA_3,2013-07-01,3.0,4.0
FOODS_3_587,CA_3,2013-07-02,4.0,2.0
FOODS_3_587,CA_3,2013-07-03,1.0,5.0
FOODS_3_587,CA_3,2013-07-04,3.0,2.0
FOODS_3_587,CA_3,2013-07-05,1.0,5.0
FOODS_3_587,CA_3,2013-07-06,0.0,0.0
FOODS_3_587,CA_3,2013-07-07,3.0,7.0
FOODS_3_587,CA_3,2013-07-08,2.0,3.0
FOODS_3_587,CA_3,2013-07-09,4.0,4.0
FOODS_3_587,CA_3,2013-07-10,1.0,1.0
FOODS_3_587,CA_3,2013-07-11,2.0,3.0
FOODS_3_587,CA_3,2013-07-12,1.0,1.0
FOODS_3_587,CA_3,2013-07-13,0.0,0.0
FOODS_3_587,CA_3,2013-07-14,0.0,3.0
FOODS_3_587,CA_3,2013-07-15,7.0,2.0
FOODS_3_587,WI_3,2013-06-17,0.0,0.0
FOODS_3_587,WI_3,2013-06-18,0.0,0.0
FOODS_3_587,WI_3,2013-06-19,0.0,0.0
FOODS_3_587,WI_3,2013-06-20,0.0,0.0
FOODS_3_587,WI_3,2013-06-21,0.0,0.0
FOODS_3_587,WI_3,2013-06-22,0.0,0.0
FOODS_3_587,WI_3,2013-06-23,0.0,0.0
FOODS_3_587,WI_3,2013-06-24,0.0,0.0
FOODS_3_587,WI_3,2013-06-25,0.0,0.0
FOODS_3_587,WI_3,2013-06-26,0.0,0.0
FOODS_3_587,WI_3,2013-06-27,0.0,0.0
FOODS_3_587,WI_3,2013-06-28,0.0,0.0
FOODS_3_587,WI_3,2013-06-29,0.0,0.0
FOODS_3_587,WI_3,2013-06-30,0.0,0.0
FOODS_3_587,WI_3,2013-07-01,0.0,0.0
FOODS_3_587,WI_3,2013-07-02,0.0,0.0
FOODS_3_587,WI_3,2013-07-03,0.0,0.0
FOODS_3_587,WI_3,2013-07-04,0.0,0.0
FOODS_3_587,WI_3,2013-07-05,0.0,0.0
FOODS_3_587,WI_3,2013-07-06,0.0,0.0
FOODS_3_587,WI_3,2013-07-07,0.0,0.0
FOODS_3_587,WI_3,2013-07-08,0.0,0.0
FOODS_3_587,WI_3,2013-07-09,0.0,0.0
FOODS_3_587,WI_3,2013-07-10,0.0,0.0
FOODS_3_587,WI_3,2013-07-11,0.0,0.0
FOODS_3_587,WI_3,2013-07-12,0.0,0.0
FOODS_3_587,WI_3,2013-07-13,0.0,0.0
FOODS_3_587,WI_3,2013-07-14,0.0,0.0
FOODS_3_635,CA_1,2013-06-18,3.0,19.0
FOODS_3_635,CA_1,2013-06-19,21.0,30.0
FOODS_3_635,CA_1,2013-06-20,19.0,23.0
FOODS_3_635,CA_1,2013-06-21,29.0,39.0
FOODS_3_635,CA_1,2013-06-22,61.0,28.0
FOODS_3_635,CA_1,2013-06-23,55.0,22.0
FOODS_3_635,CA_1,2013-06-24,27.0,16.0
FOODS_3_635,CA_1,2013-06-25,17.0,3.0
FOODS_3_635,CA_1,2013-06-26,22.0,21.0
FOODS_3_635,CA_1,2013-06-27,24.0,19.0
FOODS_3_635,CA_1,2013-06-28,22.0,29.0
FOODS_3_635,CA_1,2013-06-29,40.0,61.0
FOODS_3_635,CA_1,2013-06-30,40.0,55.0
FOODS_3_635,CA_1,2013-07-01,58.0,27.0
FOODS_3_635,CA_1,2013-07-02,39.0,17.0
FOODS_3_635,CA_1,2013-07-03,50.0,22.0
FOODS_3_635,CA_1,2013-07-04,61.0,24.0
FOODS_3_635,CA_1,2013-07-05,33.0,22.0
FOODS_3_635,CA_1,2013-07-06,38.0,40.0
FOODS_3_635,CA_1,2013-07-07,35.0,40.0
FOODS_3_635,CA_1,2013-07-08,37.0,58.0
FOODS_3_635,CA_1,2013-07-09,36.0,39.0
FOODS_3_635,CA_1,2013-07-10,53.0,50.0
FOODS_3_635,CA_1,2013-07-11,29.0,61.0
FOODS_3_635,CA_1,2013-07-12,40.0,33.0
FOODS_3_635,CA_1,2013-07-13,61.0,38.0
FOODS_3_635,CA_1,2013-07-14,90.0,35.0
FOODS_3_635,CA_1,2013-07-15,42.0,37.0
FOODS_3_635,CA_3,2013-06-18,84.0,52.0
FOODS_3_635,CA_3,2013-06-19,48.0,66.0
FOODS_3_635,CA_3,2013-06-20,67.0,35.0
FOODS_3_635,CA_3,2013-06-21,63.0,59.0
FOODS_3_635,CA_3,2013-06-22,80.0,63.0
FOODS_3_635,CA_3,2013-06-23,102.0,73.0
FOODS_3_635,CA_3,2013-06-24,105.0,94.0
FOODS_3_635,CA_3,2013-06-25,106.0,84.0
FOODS_3_635,CA_3,2013-06-26,125.0,48.0
FOODS_3_635,CA_3,2013-06-27,127.0,67.0
FOODS_3_635,CA_3,2013-06-28,129.0,63.0
FOODS_3_635,CA_3,2013-06-29,355.0,80.0
FOODS_3_635,CA_3,2013-06-30,298.0,102.0
FOODS_3_635,CA_3,2013-07-01,81.0,105.0
FOODS_3_635,CA_3,2013-07-02,105.0,106.0
FOODS_3_635,CA_3,2013-07-03,106.0,125.0
FOODS_3_635,CA_3,2013-07-04,70.0,127.0
FOODS_3_635,CA_3,2013-07-05,115.0,129.0
FOODS_3_635,CA_3,2013-07-06,92.0,355.0
FOODS_3_635,CA_3,2013-07-07,69.0,298.0
FOODS_3_635,CA_3,2013-07-08,59.0,81.0
FOODS_3_635,CA_3,2013-07-09,84.0,105.0
FOODS_3_635,CA_3,2013-07-10,22.0,106.0
FOODS_3_635,CA_3,2013-07-11,40.0,70.0
FOODS_3_635,CA_3,2013-07-12,56.0,115.0
FOODS_3_635,CA_3,2013-07-13,47.0,92.0
FOODS_3_635,CA_3,2013-07-14,71.0,69.0
FOODS_3_635,CA_3,2013-07-15,73.0,59.0
FOODS_3_635,WI_3,2013-06-17,38.0,13.0
FOODS_3_635,WI_3,2013-06-18,22.0,17.0
FOODS_3_635,WI_3,2013-06-19,17.0,11.0
FOODS_3_635,WI_3,2013-06-20,13.0,9.0
FOODS_3_635,WI_3,2013-06-21,25.0,9.0
FOODS_3_635,WI_3,2013-06-22,14.0,16.0
FOODS_3_635,WI_3,2013-06-23,36.0,16.0
FOODS_3_635,WI_3,2013-06-24,17.0,38.0
FOODS_3_635,WI_3,2013-06-25,15.0,22.0
FOODS_3_635,WI_3,2013-06-26,9.0,17.0
FOODS_3_635,WI_3,2013-06-27,7.0,13.0
FOODS_3_635,WI_3,2013-06-28,38.0,25.0
FOODS_3_635,WI_3,2013-06-29,102.0,14.0
FOODS_3_635,WI_3,2013-06-30,55.0,36.0
FOODS_3_635,WI_3,2013-07-01,16.0,17.0
FOODS_3_635,WI_3,2013-07-02,17.0,15.0
FOODS_3_635,WI_3,2013-07-03,22.0,9.0
FOODS_3_635,WI_3,2013-07-04,12.0,7.0
FOODS_3_635,WI_3,2013-07-05,30.0,38.0
FOODS_3_635,WI_3,2013-07-06,55.0,102.0
FOODS_3_635,WI_3,2013-07-07,45.0,55.0
FOODS_3_635,WI_3,2013-07-08,82.0,16.0
FOODS_3_635,WI_3,2013-07-09,50.0,17.0
FOODS_3_635,WI_3,2013-07-10,52.0,22.0
FOODS_3_635,WI_3,2013-07-11,56.0,12.0
FOODS_3_635,WI_3,2013-07-12,51.0,30.0
FOODS_3_635,WI_3,2013-07-13,42.0,55.0
FOODS_3_635,WI_3,2013-07-14,48.0,45.0
FOODS_3_681,CA_3,2013-06-18,18.0,36.0
FOODS_3_681,CA_3,2013-06-19,17.0,51.0
FOODS_3_681,CA_3,2013-06-20,12.0,41.0
FOODS_3_681,CA_3,2013-06-21,44.0,23.0
FOODS_3_681,CA_3,2013-06-22,32.0,51.0
FOODS_3_681,CA_3,2013-06-23,29.0,49.0
FOODS_3_681,CA_3,2013-06-24,30.0,32.0
FOODS_3_681,CA_3,2013-06-25,34.0,18.0
FOODS_3_681,CA_3,2013-06-26,25.0,17.0
FOODS_3_681,CA_3,2013-06-27,26.0,12.0
FOODS_3_681,CA_3,2013-06-28,31.0,44.0
FOODS_3_681,CA_3,2013-06-29,48.0,32.0
FOODS_3_681,CA_3,2013-06-30,20.0,29.0
FOODS_3_681,CA_3,2013-07-01,30.0,30.0
FOODS_3_681,CA_3,2013-07-02,20.0,34.0
FOODS_3_681,CA_3,2013-07-03,46.0,25.0
FOODS_3_681,CA_3,2013-07-04,18.0,26.0
FOODS_3_681,CA_3,2013-07-05,20.0,31.0
FOODS_3_681,CA_3,2013-07-06,26.0,48.0
FOODS_3_681,CA_3,2013-07-07,29.0,20.0
FOODS_3_681,CA_3,2013-07-08,35.0,30.0
FOODS_3_681,CA_3,2013-07-09,24.0,20.0
FOODS_3_681,CA_3,2013-07-10,40.0,46.0
FOODS_3_681,CA_3,2013-07-11,22.0,18.0
FOODS_3_681,CA_3,2013-07-12,43.0,20.0
FOODS_3_681,CA_3,2013-07-13,48.0,26.0
FOODS_3_681,CA_3,2013-07-14,17.0,29.0
FOODS_3_681,CA_3,2013-07-15,28.0,35.0
FOODS_3_681,WI_3,2013-06-17,33.0,48.0
FOODS_3_681,WI_3,2013-06-18,34.0,24.0
FOODS_3_681,WI_3,2013-06-19,4.0,29.0
FOODS_3_681,WI_3,2013-06-20,17.0,64.0
FOODS_3_681,WI_3,2013-06-21,19.0,35.0
FOODS_3_681,WI_3,2013-06-22,16.0,73.0
FOODS_3_681,WI_3,2013-06-23,18.0,74.0
FOODS_3_681,WI_3,2013-06-24,14.0,33.0
FOODS_3_681,WI_3,2013-06-25,11.0,34.0
FOODS_3_681,WI_3,2013-06-26,8.0,4.0
FOODS_3_681,WI_3,2013-06-27,14.0,17.0
FOODS_3_681,WI_3,2013-06-28,14.0,19.0
FOODS_3_681,WI_3,2013-06-29,20.0,16.0
FOODS_3_681,WI_3,2013-06-30,19.0,18.0
FOODS_3_681,WI_3,2013-07-01,13.0,14.0
FOODS_3_681,WI_3,2013-07-02,18.0,11.0
FOODS_3_681,WI_3,2013-07-03,16.0,8.0
FOODS_3_681,WI_3,2013-07-04,49.0,14.0
FOODS_3_681,WI_3,2013-07-05,18.0,14.0
FOODS_3_681,WI_3,2013-07-06,40.0,20.0
FOODS_3_681,WI_3,2013-07-07,60.0,19.0
FOODS_3_681,WI_3,2013-07-08,45.0,13.0
FOODS_3_681,WI_3,2013-07-09,34.0,18.0
FOODS_3_681,WI_3,2013-07-10,57.0,16.0
FOODS_3_681,WI_3,2013-07-11,48.0,49.0
FOODS_3_681,WI_3,2013-07-12,37.0,18.0
FOODS_3_681,WI_3,2013-07-13,44.0,40.0
FOODS_3_681,WI_3,2013-07-14,52.0,60.0
FOODS_3_694,CA_3,2013-06-18,15.0,25.0
FOODS_3_694,CA_3,2013-06-19,15.0,22.0
FOODS_3_694,CA_3,2013-06-20,24.0,20.0
FOODS_3_694,CA_3,2013-06-21,27.0,34.0
FOODS_3_694,CA_3,2013-06-22,30.0,18.0
FOODS_3_694,CA_3,2013-06-23,15.0,22.0
FOODS_3_694,CA_3,2013-06-24,21.0,24.0
FOODS_3_694,CA_3,2013-06-25,20.0,15.0
FOODS_3_694,CA_3,2013-06-26,27.0,15.0
FOODS_3_694,CA_3,2013-06-27,19.0,24.0
FOODS_3_694,CA_3,2013-06-28,35.0,27.0
FOODS_3_694,CA_3,2013-06-29,37.0,30.0
FOODS_3_694,CA_3,2013-06-30,31.0,15.0
FOODS_3_694,CA_3,2013-07-01,48.0,21.0
FOODS_3_694,CA_3,2013-07-02,31.0,20.0
FOODS_3_694,CA_3,2013-07-03,39.0,27.0
FOODS_3_694,CA_3,2013-07-04,41.0,19.0
FOODS_3_694,CA_3,2013-07-05,21.0,35.0
FOODS_3_694,CA_3,2013-07-06,26.0,37.0
FOODS_3_694,CA_3,2013-07-07,26.0,31.0
FOODS_3_694,CA_3,2013-07-08,23.0,48.0
FOODS_3_694,CA_3,2013-07-09,22.0,31.0
FOODS_3_694,CA_3,2013-07-10,28.0,39.0
FOODS_3_694,CA_3,2013-07-11,27.0,41.0
FOODS_3_694,CA_3,2013-07-12,27.0,21.0
FOODS_3_694,CA_3,2013-07-13,36.0,26.0
FOODS_3_694,CA_3,2013-07-14,30.0,26.0
FOODS_3_694,CA_3,2013-07-15,20.0,23.0
FOODS_3_694,TX_1,2013-06-18,11.0,23.0
FOODS_3_694,TX_1,2013-06-19,13.0,17.0
FOODS_3_694,TX_1,2013-06-20,16.0,23.0
FOODS_3_694,TX_1,2013-06-21,21.0,30.0
FOODS_3_694,TX_1,2013-06-22,20.0,32.0
FOODS_3_694,TX_1,2013-06-23,31.0,39.0
FOODS_3_694,TX_1,2013-06-24,29.0,29.0
FOODS_3_694,TX_1,2013-06-25,14.0,11.0
FOODS_3_694,TX_1,2013-06-26,13.0,13.0
FOODS_3_694,TX_1,2013-06-27,20.0,16.0
FOODS_3_694,TX_1,2013-06-28,12.0,21.0
FOODS_3_694,TX_1,2013-06-29,34.0,20.0
FOODS_3_694,TX_1,2013-06-30,26.0,31.0
FOODS_3_694,TX_1,2013-07-01,25.0,29.0
FOODS_3_694,TX_1,2013-07-02,23.0,14.0
FOODS_3_694,TX_1,2013-07-03,20.0,13.0
FOODS_3_694,TX_1,2013-07-04,17.0,20.0
FOODS_3_694,TX_1,2013-07-05,17.0,12.0
FOODS_3_694,TX_1,2013-07-06,28.0,34.0
FOODS_3_694,TX_1,2013-07-07,29.0,26.0
FOODS_3_694,TX_1,2013-07-08,22.0,25.0
FOODS_3_694,TX_1,2013-07-09,19.0,23.0
FOODS_3_694,TX_1,2013-07-10,25.0,20.0
FOODS_3_694,TX_1,2013-07-11,30.0,17.0
FOODS_3_694,TX_1,2013-07-12,24.0,17.0
FOODS_3_694,TX_1,2013-07-13,35.0,28.0
FOODS_3_694,TX_1,2013-07-14,30.0,29.0
FOODS_3_694,TX_1,2013-07-15,21.0,22.0
FOODS_3_694,WI_1,2013-06-17,23.0,27.0
FOODS_3_694,WI_1,2013-06-18,24.0,26.0
FOODS_3_694,WI_1,2013-06-19,23.0,23.0
FOODS_3_694,WI_1,2013-06-20,23.0,26.0
FOODS_3_694,WI_1,2013-06-21,31.0,30.0
FOODS_3_694,WI_1,2013-06-22,31.0,44.0
FOODS_3_694,WI_1,2013-06-23,35.0,29.0
FOODS_3_694,WI_1,2013-06-24,21.0,23.0
FOODS_3_694,WI_1,2013-06-25,19.0,24.0
FOODS_3_694,WI_1,2013-06-26,19.0,23.0
FOODS_3_694,WI_1,2013-06-27,24.0,23.0
FOODS_3_694,WI_1,2013-06-28,26.0,31.0
FOODS_3_694,WI_1,2013-06-29,30.0,31.0
FOODS_3_694,WI_1,2013-06-30,34.0,35.0
FOODS_3_694,WI_1,2013-07-01,20.0,21.0
FOODS_3_694,WI_1,2013-07-02,30.0,19.0
FOODS_3_694,WI_1,2013-07-03,24.0,19.0
FOODS_3_694,WI_1,2013-07-04,32.0,24.0
FOODS_3_694,WI_1,2013-07-05,42.0,26.0
FOODS_3_694,WI_1,2013-07-06,37.0,30.0
FOODS_3_694,WI_1,2013-07-07,39.0,34.0
FOODS_3_694,WI_1,2013-07-08,26.0,20.0
FOODS_3_694,WI_1,2013-07-09,22.0,30.0
FOODS_3_694,WI_1,2013-07-10,15.0,24.0
FOODS_3_694,WI_1,2013-07-11,27.0,32.0
FOODS_3_694,WI_1,2013-07-12,24.0,42.0
FOODS_3_694,WI_1,2013-07-13,24.0,37.0
FOODS_3_694,WI_1,2013-07-14,24.0,39.0
FOODS_3_694,WI_2,2013-06-17,28.0,29.0
FOODS_3_694,WI_2,2013-06-18,23.0,37.0
FOODS_3_694,WI_2,2013-06-19,20.0,31.0
FOODS_3_694,WI_2,2013-06-20,20.0,24.0
FOODS_3_694,WI_2,2013-06-21,32.0,38.0
FOODS_3_694,WI_2,2013-06-22,28.0,37.0
FOODS_3_694,WI_2,2013-06-23,27.0,34.0
FOODS_3_694,WI_2,2013-06-24,28.0,28.0
FOODS_3_694,WI_2,2013-06-25,28.0,23.0
FOODS_3_694,WI_2,2013-06-26,28.0,20.0
FOODS_3_694,WI_2,2013-06-27,31.0,20.0
FOODS_3_694,WI_2,2013-06-28,33.0,32.0
FOODS_3_694,WI_2,2013-06-29,40.0,28.0
FOODS_3_694,WI_2,2013-06-30,25.0,27.0
FOODS_3_694,WI_2,2013-07-01,29.0,28.0
FOODS_3_694,WI_2,2013-07-02,30.0,28.0
FOODS_3_694,WI_2,2013-07-03,41.0,28.0
FOODS_3_694,WI_2,2013-07-04,31.0,31.0
FOODS_3_694,WI_2,2013-07-05,38.0,33.0
FOODS_3_694,WI_2,2013-07-06,35.0,40.0
FOODS_3_694,WI_2,2013-07-07,32.0,25.0
FOODS_3_694,WI_2,2013-07-08,32.0,29.0
FOODS_3_694,WI_2,2013-07-09,32.0,30.0
FOODS_3_694,WI_2,2013-07-10,40.0,41.0
FOODS_3_694,WI_2,2013-07-11,36.0,31.0
FOODS_3_694,WI_2,2013-07-12,41.0,38.0
FOODS_3_694,WI_2,2013-07-13,34.0,35.0
FOODS_3_694,WI_2,2013-07-14,54.0,32.0
FOODS_3_694,WI_3,2013-06-17,50.0,47.0
FOODS_3_694,WI_3,2013-06-18,33.0,58.0
FOODS_3_694,WI_3,2013-06-19,53.0,56.0
FOODS_3_694,WI_3,2013-06-20,50.0,41.0
FOODS_3_694,WI_3,2013-06-21,53.0,71.0
FOODS_3_694,WI_3,2013-06-22,39.0,57.0
FOODS_3_694,WI_3,2013-06-23,44.0,53.0
FOODS_3_694,WI_3,2013-06-24,49.0,50.0
FOODS_3_694,WI_3,2013-06-25,35.0,33.0
FOODS_3_694,WI_3,2013-06-26,29.0,53.0
FOODS_3_694,WI_3,2013-06-27,36.0,50.0
FOODS_3_694,WI_3,2013-06-28,50.0,53.0
FOODS_3_694,WI_3,2013-06-29,47.0,39.0
FOODS_3_694,WI_3,2013-06-30,39.0,44.0
FOODS_3_694,WI_3,2013-07-01,43.0,49.0
FOODS_3_694,WI_3,2013-07-02,42.0,35.0
FOODS_3_694,WI_3,2013-07-03,55.0,29.0
FOODS_3_694,WI_3,2013-07-04,52.0,36.0
FOODS_3_694,WI_3,2013-07-05,67.0,50.0
FOODS_3_694,WI_3,2013-07-06,45.0,47.0
FOODS_3_694,WI_3,2013-07-07,36.0,39.0
FOODS_3_694,WI_3,2013-07-08,43.0,43.0
FOODS_3_694,WI_3,2013-07-09,49.0,42.0
FOODS_3_694,WI_3,2013-07-10,49.0,55.0
FOODS_3_694,WI_3,2013-07-11,43.0,52.0
FOODS_3_694,WI_3,2013-07-12,42.0,67.0
FOODS_3_694,WI_3,2013-07-13,44.0,45.0
FOODS_3_694,WI_3,2013-07-14,85.0,36.0
FOODS_3_711,CA_3,2013-06-18,19.0,27.0
FOODS_3_711,CA_3,2013-06-19,7.0,9.0
FOODS_3_711,CA_3,2013-06-20,14.0,37.0
FOODS_3_711,CA_3,2013-06-21,36.0,30.0
FOODS_3_711,CA_3,2013-06-22,10.0,21.0
FOODS_3_711,CA_3,2013-06-23,20.0,13.0
FOODS_3_711,CA_3,2013-06-24,20.0,8.0
FOODS_3_711,CA_3,2013-06-25,53.0,19.0
FOODS_3_711,CA_3,2013-06-26,13.0,7.0
FOODS_3_711,CA_3,2013-06-27,5.0,14.0
FOODS_3_711,CA_3,2013-06-28,35.0,36.0
FOODS_3_711,CA_3,2013-06-29,13.0,10.0
FOODS_3_711,CA_3,2013-06-30,23.0,20.0
FOODS_3_711,CA_3,2013-07-01,36.0,20.0
FOODS_3_711,CA_3,2013-07-02,25.0,53.0
FOODS_3_711,CA_3,2013-07-03,30.0,13.0
FOODS_3_711,CA_3,2013-07-04,31.0,5.0
FOODS_3_711,CA_3,2013-07-05,35.0,35.0
FOODS_3_711,CA_3,2013-07-06,81.0,13.0
FOODS_3_711,CA_3,2013-07-07,40.0,23.0
FOODS_3_711,CA_3,2013-07-08,26.0,36.0
FOODS_3_711,CA_3,2013-07-09,64.0,25.0
FOODS_3_711,CA_3,2013-07-10,17.0,30.0
FOODS_3_711,CA_3,2013-07-11,31.0,31.0
FOODS_3_711,CA_3,2013-07-12,13.0,35.0
FOODS_3_711,CA_3,2013-07-13,21.0,81.0
FOODS_3_711,CA_3,2013-07-14,7.0,40.0
FOODS_3_711,CA_3,2013-07-15,27.0,26.0
FOODS_3_714,CA_1,2013-06-18,4.0,17.0
FOODS_3_714,CA_1,2013-06-19,15.0,25.0
FOODS_3_714,CA_1,2013-06-20,17.0,22.0
FOODS_3_714,CA_1,2013-06-21,29.0,31.0
FOODS_3_714,CA_1,2013-06-22,36.0,41.0
FOODS_3_714,CA_1,2013-06-23,15.0,33.0
FOODS_3_714,CA_1,2013-06-24,11.0,31.0
FOODS_3_714,CA_1,2013-06-25,18.0,4.0
FOODS_3_714,CA_1,2013-06-26,28.0,15.0
FOODS_3_714,CA_1,2013-06-27,22.0,17.0
FOODS_3_714,CA_1,2013-06-28,41.0,29.0
FOODS_3_714,CA_1,2013-06-29,65.0,36.0
FOODS_3_714,CA_1,2013-06-30,61.0,15.0
FOODS_3_714,CA_1,2013-07-01,58.0,11.0
FOODS_3_714,CA_1,2013-07-02,17.0,18.0
FOODS_3_714,CA_1,2013-07-03,35.0,28.0
FOODS_3_714,CA_1,2013-07-04,21.0,22.0
FOODS_3_714,CA_1,2013-07-05,26.0,41.0
FOODS_3_714,CA_1,2013-07-06,38.0,65.0
FOODS_3_714,CA_1,2013-07-07,41.0,61.0
FOODS_3_714,CA_1,2013-07-08,16.0,58.0
FOODS_3_714,CA_1,2013-07-09,29.0,17.0
FOODS_3_714,CA_1,2013-07-10,18.0,35.0
FOODS_3_714,CA_1,2013-07-11,28.0,21.0
FOODS_3_714,CA_1,2013-07-12,20.0,26.0
FOODS_3_714,CA_1,2013-07-13,38.0,38.0
FOODS_3_714,CA_1,2013-07-14,45.0,41.0
FOODS_3_714,CA_1,2013-07-15,12.0,16.0
FOODS_3_714,CA_3,2013-06-18,19.0,19.0
FOODS_3_714,CA_3,2013-06-19,20.0,25.0
FOODS_3_714,CA_3,2013-06-20,29.0,21.0
FOODS_3_714,CA_3,2013-06-21,24.0,42.0
FOODS_3_714,CA_3,2013-06-22,34.0,40.0
FOODS_3_714,CA_3,2013-06-23,27.0,32.0
FOODS_3_714,CA_3,2013-06-24,9.0,34.0
FOODS_3_714,CA_3,2013-06-25,27.0,19.0
FOODS_3_714,CA_3,2013-06-26,19.0,20.0
FOODS_3_714,CA_3,2013-06-27,35.0,29.0
FOODS_3_714,CA_3,2013-06-28,43.0,24.0
FOODS_3_714,CA_3,2013-06-29,63.0,34.0
FOODS_3_714,CA_3,2013-06-30,43.0,27.0
FOODS_3_714,CA_3,2013-07-01,34.0,9.0
FOODS_3_714,CA_3,2013-07-02,58.0,27.0
FOODS_3_714,CA_3,2013-07-03,56.0,19.0
FOODS_3_714,CA_3,2013-07-04,63.0,35.0
FOODS_3_714,CA_3,2013-07-05,41.0,43.0
FOODS_3_714,CA_3,2013-07-06,38.0,63.0
FOODS_3_714,CA_3,2013-07-07,37.0,43.0
FOODS_3_714,CA_3,2013-07-08,26.0,34.0
FOODS_3_714,CA_3,2013-07-09,26.0,58.0
FOODS_3_714,CA_3,2013-07-10,29.0,56.0
FOODS_3_714,CA_3,2013-07-11,21.0,63.0
FOODS_3_714,CA_3,2013-07-12,30.0,41.0
FOODS_3_714,CA_3,2013-07-13,45.0,38.0
FOODS_3_714,CA_3,2013-07-14,41.0,37.0
FOODS_3_714,CA_3,2013-07-15,24.0,26.0
FOODS_3_714,TX_1,2013-06-18,34.0,10.0
FOODS_3_714,TX_1,2013-06-19,24.0,5.0
FOODS_3_714,TX_1,2013-06-20,28.0,24.0
FOODS_3_714,TX_1,2013-06-21,29.0,30.0
FOODS_3_714,TX_1,2013-06-22,53.0,48.0
FOODS_3_714,TX_1,2013-06-23,39.0,42.0
FOODS_3_714,TX_1,2013-06-24,20.0,29.0
FOODS_3_714,TX_1,2013-06-25,35.0,34.0
FOODS_3_714,TX_1,2013-06-26,38.0,24.0
FOODS_3_714,TX_1,2013-06-27,35.0,28.0
FOODS_3_714,TX_1,2013-06-28,35.0,29.0
FOODS_3_714,TX_1,2013-06-29,42.0,53.0
FOODS_3_714,TX_1,2013-06-30,20.0,39.0
FOODS_3_714,TX_1,2013-07-01,22.0,20.0
FOODS_3_714,TX_1,2013-07-02,29.0,35.0
FOODS_3_714,TX_1,2013-07-03,27.0,38.0
FOODS_3_714,TX_1,2013-07-04,41.0,35.0
FOODS_3_714,TX_1,2013-07-05,32.0,35.0
FOODS_3_714,TX_1,2013-07-06,51.0,42.0
FOODS_3_714,TX_1,2013-07-07,44.0,20.0
FOODS_3_714,TX_1,2013-07-08,20.0,22.0
FOODS_3_714,TX_1,2013-07-09,13.0,29.0
FOODS_3_714,TX_1,2013-07-10,21.0,27.0
FOODS_3_714,TX_1,2013-07-11,41.0,41.0
FOODS_3_714,TX_1,2013-07-12,39.0,32.0
FOODS_3_714,TX_1,2013-07-13,48.0,51.0
FOODS_3_714,TX_1,2013-07-14,53.0,44.0
FOODS_3_714,TX_1,2013-07-15,15.0,20.0
FOODS_3_714,TX_2,2013-06-18,21.0,22.0
FOODS_3_714,TX_2,2013-06-19,21.0,28.0
FOODS_3_714,TX_2,2013-06-20,21.0,35.0
FOODS_3_714,TX_2,2013-06-21,30.0,36.0
FOODS_3_714,TX_2,2013-06-22,60.0,47.0
FOODS_3_714,TX_2,2013-06-23,64.0,52.0
FOODS_3_714,TX_2,2013-06-24,27.0,19.0
FOODS_3_714,TX_2,2013-06-25,24.0,21.0
FOODS_3_714,TX_2,2013-06-26,27.0,21.0
FOODS_3_714,TX_2,2013-06-27,50.0,21.0
FOODS_3_714,TX_2,2013-06-28,13.0,30.0
FOODS_3_714,TX_2,2013-06-29,52.0,60.0
FOODS_3_714,TX_2,2013-06-30,47.0,64.0
FOODS_3_714,TX_2,2013-07-01,49.0,27.0
FOODS_3_714,TX_2,2013-07-02,19.0,24.0
FOODS_3_714,TX_2,2013-07-03,37.0,27.0
FOODS_3_714,TX_2,2013-07-04,46.0,50.0
FOODS_3_714,TX_2,2013-07-05,28.0,13.0
FOODS_3_714,TX_2,2013-07-06,14.0,52.0
FOODS_3_714,TX_2,2013-07-07,5.0,47.0
FOODS_3_714,TX_2,2013-07-08,8.0,49.0
FOODS_3_714,TX_2,2013-07-09,19.0,19.0
FOODS_3_714,TX_2,2013-07-10,31.0,37.0
FOODS_3_714,TX_2,2013-07-11,22.0,46.0
FOODS_3_714,TX_2,2013-07-12,34.0,28.0
FOODS_3_714,TX_2,2013-07-13,40.0,14.0
FOODS_3_714,TX_2,2013-07-14,21.0,5.0
FOODS_3_714,TX_2,2013-07-15,27.0,8.0
FOODS_3_714,TX_3,2013-06-17,18.0,18.0
FOODS_3_714,TX_3,2013-06-18,22.0,22.0
FOODS_3_714,TX_3,2013-06-19,18.0,22.0
FOODS_3_714,TX_3,2013-06-20,16.0,30.0
FOODS_3_714,TX_3,2013-06-21,33.0,40.0
FOODS_3_714,TX_3,2013-06-22,20.0,44.0
FOODS_3_714,TX_3,2013-06-23,55.0,49.0
FOODS_3_714,TX_3,2013-06-24,26.0,18.0
FOODS_3_714,TX_3,2013-06-25,14.0,22.0
FOODS_3_714,TX_3,2013-06-26,39.0,18.0
FOODS_3_714,TX_3,2013-06-27,31.0,16.0
FOODS_3_714,TX_3,2013-06-28,33.0,33.0
FOODS_3_714,TX_3,2013-06-29,45.0,20.0
FOODS_3_714,TX_3,2013-06-30,49.0,55.0
FOODS_3_714,TX_3,2013-07-01,31.0,26.0
FOODS_3_714,TX_3,2013-07-02,32.0,14.0
FOODS_3_714,TX_3,2013-07-03,37.0,39.0
FOODS_3_714,TX_3,2013-07-04,18.0,31.0
FOODS_3_714,TX_3,2013-07-05,24.0,33.0
FOODS_3_714,TX_3,2013-07-06,32.0,45.0
FOODS_3_714,TX_3,2013-07-07,25.0,49.0
FOODS_3_714,TX_3,2013-07-08,21.0,31.0
FOODS_3_714,TX_3,2013-07-09,25.0,32.0
FOODS_3_714,TX_3,2013-07-10,26.0,37.0
FOODS_3_714,TX_3,2013-07-11,21.0,18.0
FOODS_3_714,TX_3,2013-07-12,31.0,24.0
FOODS_3_714,TX_3,2013-07-13,31.0,32.0
FOODS_3_714,TX_3,2013-07-14,27.0,25.0
FOODS_3_714,WI_3,2013-06-17,45.0,39.0
FOODS_3_714,WI_3,2013-06-18,42.0,58.0
FOODS_3_714,WI_3,2013-06-19,36.0,33.0
FOODS_3_714,WI_3,2013-06-20,55.0,35.0
FOODS_3_714,WI_3,2013-06-21,44.0,51.0
FOODS_3_714,WI_3,2013-06-22,35.0,65.0
FOODS_3_714,WI_3,2013-06-23,55.0,67.0
FOODS_3_714,WI_3,2013-06-24,36.0,45.0
FOODS_3_714,WI_3,2013-06-25,33.0,42.0
FOODS_3_714,WI_3,2013-06-26,20.0,36.0
FOODS_3_714,WI_3,2013-06-27,29.0,55.0
FOODS_3_714,WI_3,2013-06-28,31.0,44.0
FOODS_3_714,WI_3,2013-06-29,41.0,35.0
FOODS_3_714,WI_3,2013-06-30,45.0,55.0
FOODS_3_714,WI_3,2013-07-01,41.0,36.0
FOODS_3_714,WI_3,2013-07-02,27.0,33.0
FOODS_3_714,WI_3,2013-07-03,34.0,20.0
FOODS_3_714,WI_3,2013-07-04,43.0,29.0
FOODS_3_714,WI_3,2013-07-05,56.0,31.0
FOODS_3_714,WI_3,2013-07-06,63.0,41.0
FOODS_3_714,WI_3,2013-07-07,55.0,45.0
FOODS_3_714,WI_3,2013-07-08,52.0,41.0
FOODS_3_714,WI_3,2013-07-09,32.0,27.0
FOODS_3_714,WI_3,2013-07-10,35.0,34.0
FOODS_3_714,WI_3,2013-07-11,29.0,43.0
FOODS_3_714,WI_3,2013-07-12,51.0,56.0
FOODS_3_714,WI_3,2013-07-13,47.0,63.0
FOODS_3_714,WI_3,2013-07-14,62.0,55.0
FOODS_3_723,CA_3,2013-06-18,16.0,21.0
FOODS_3_723,CA_3,2013-06-19,18.0,38.0
FOODS_3_723,CA_3,2013-06-20,16.0,27.0
FOODS_3_723,CA_3,2013-06-21,64.0,31.0
FOODS_3_723,CA_3,2013-06-22,32.0,37.0
FOODS_3_723,CA_3,2013-06-23,15.0,23.0
FOODS_3_723,CA_3,2013-06-24,15.0,13.0
FOODS_3_723,CA_3,2013-06-25,14.0,16.0
FOODS_3_723,CA_3,2013-06-26,19.0,18.0
FOODS_3_723,CA_3,2013-06-27,21.0,16.0
FOODS_3_723,CA_3,2013-06-28,39.0,64.0
FOODS_3_723,CA_3,2013-06-29,33.0,32.0
FOODS_3_723,CA_3,2013-06-30,17.0,15.0
FOODS_3_723,CA_3,2013-07-01,24.0,15.0
FOODS_3_723,CA_3,2013-07-02,10.0,14.0
FOODS_3_723,CA_3,2013-07-03,57.0,19.0
FOODS_3_723,CA_3,2013-07-04,53.0,21.0
FOODS_3_723,CA_3,2013-07-05,21.0,39.0
FOODS_3_723,CA_3,2013-07-06,37.0,33.0
FOODS_3_723,CA_3,2013-07-07,31.0,17.0
FOODS_3_723,CA_3,2013-07-08,12.0,24.0
FOODS_3_723,CA_3,2013-07-09,11.0,10.0
FOODS_3_723,CA_3,2013-07-10,46.0,57.0
FOODS_3_723,CA_3,2013-07-11,23.0,53.0
FOODS_3_723,CA_3,2013-07-12,34.0,21.0
FOODS_3_723,CA_3,2013-07-13,60.0,37.0
FOODS_3_723,CA_3,2013-07-14,28.0,31.0
FOODS_3_723,CA_3,2013-07-15,11.0,12.0
FOODS_3_723,WI_3,2013-06-17,13.0,15.0
FOODS_3_723,WI_3,2013-06-18,8.0,14.0
FOODS_3_723,WI_3,2013-06-19,10.0,16.0
FOODS_3_723,WI_3,2013-06-20,21.0,14.0
FOODS_3_723,WI_3,2013-06-21,8.0,25.0
FOODS_3_723,WI_3,2013-06-22,35.0,20.0
FOODS_3_723,WI_3,2013-06-23,27.0,25.0
FOODS_3_723,WI_3,2013-06-24,13.0,13.0
FOODS_3_723,WI_3,2013-06-25,6.0,8.0
FOODS_3_723,WI_3,2013-06-26,14.0,10.0
FOODS_3_723,WI_3,2013-06-27,14.0,21.0
FOODS_3_723,WI_3,2013-06-28,23.0,8.0
FOODS_3_723,WI_3,2013-06-29,17.0,35.0
FOODS_3_723,WI_3,2013-06-30,9.0,27.0
FOODS_3_723,WI_3,2013-07-01,17.0,13.0
FOODS_3_723,WI_3,2013-07-02,7.0,6.0
FOODS_3_723,WI_3,2013-07-03,30.0,14.0
FOODS_3_723,WI_3,2013-07-04,18.0,14.0
FOODS_3_723,WI_3,2013-07-05,16.0,23.0
FOODS_3_723,WI_3,2013-07-06,26.0,17.0
FOODS_3_723,WI_3,2013-07-07,22.0,9.0
FOODS_3_723,WI_3,2013-07-08,18.0,17.0
FOODS_3_723,WI_3,2013-07-09,17.0,7.0
FOODS_3_723,WI_3,2013-07-10,20.0,30.0
FOODS_3_723,WI_3,2013-07-11,11.0,18.0
FOODS_3_723,WI_3,2013-07-12,18.0,16.0
FOODS_3_723,WI_3,2013-07-13,48.0,26.0
FOODS_3_723,WI_3,2013-07-14,20.0,22.0
FOODS_3_741,CA_1,2013-06-18,33.0,13.0
FOODS_3_741,CA_1,2013-06-19,3.0,0.0
FOODS_3_741,CA_1,2013-06-20,13.0,2.0
FOODS_3_741,CA_1,2013-06-21,12.0,7.0
FOODS_3_741,CA_1,2013-06-22,8.0,3.0
FOODS_3_741,CA_1,2013-06-23,3.0,8.0
FOODS_3_741,CA_1,2013-06-24,6.0,3.0
FOODS_3_741,CA_1,2013-06-25,7.0,33.0
FOODS_3_741,CA_1,2013-06-26,7.0,3.0
FOODS_3_741,CA_1,2013-06-27,9.0,13.0
FOODS_3_741,CA_1,2013-06-28,4.0,12.0
FOODS_3_741,CA_1,2013-06-29,1.0,8.0
FOODS_3_741,CA_1,2013-06-30,5.0,3.0
FOODS_3_741,CA_1,2013-07-01,6.0,6.0
FOODS_3_741,CA_1,2013-07-02,29.0,7.0
FOODS_3_741,CA_1,2013-07-03,5.0,7.0
FOODS_3_741,CA_1,2013-07-04,6.0,9.0
FOODS_3_741,CA_1,2013-07-05,13.0,4.0
FOODS_3_741,CA_1,2013-07-06,0.0,1.0
FOODS_3_741,CA_1,2013-07-07,4.0,5.0
FOODS_3_741,CA_1,2013-07-08,12.0,6.0
FOODS_3_741,CA_1,2013-07-09,10.0,29.0
FOODS_3_741,CA_1,2013-07-10,10.0,5.0
FOODS_3_741,CA_1,2013-07-11,4.0,6.0
FOODS_3_741,CA_1,2013-07-12,5.0,13.0
FOODS_3_741,CA_1,2013-07-13,5.0,0.0
FOODS_3_741,CA_1,2013-07-14,6.0,4.0
FOODS_3_741,CA_1,2013-07-15,5.0,12.0
FOODS_3_752,CA_3,2013-06-18,9.0,22.0
FOODS_3_752,CA_3,2013-06-19,8.0,12.0
FOODS_3_752,CA_3,2013-06-20,13.0,17.0
FOODS_3_752,CA_3,2013-06-21,16.0,12.0
FOODS_3_752,CA_3,2013-06-22,28.0,13.0
FOODS_3_752,CA_3,2013-06-23,39.0,9.0
FOODS_3_752,CA_3,2013-06-24,35.0,2.0
FOODS_3_752,CA_3,2013-06-25,13.0,9.0
FOODS_3_752,CA_3,2013-06-26,24.0,8.0
FOODS_3_752,CA_3,2013-06-27,30.0,13.0
FOODS_3_752,CA_3,2013-06-28,14.0,16.0
FOODS_3_752,CA_3,2013-06-29,16.0,28.0
FOODS_3_752,CA_3,2013-06-30,36.0,39.0
FOODS_3_752,CA_3,2013-07-01,35.0,35.0
FOODS_3_752,CA_3,2013-07-02,27.0,13.0
FOODS_3_752,CA_3,2013-07-03,27.0,24.0
FOODS_3_752,CA_3,2013-07-04,48.0,30.0
FOODS_3_752,CA_3,2013-07-05,6.0,14.0
FOODS_3_752,CA_3,2013-07-06,46.0,16.0
FOODS_3_752,CA_3,2013-07-07,56.0,36.0
FOODS_3_752,CA_3,2013-07-08,11.0,35.0
FOODS_3_752,CA_3,2013-07-09,74.0,27.0
FOODS_3_752,CA_3,2013-07-10,111.0,27.0
FOODS_3_752,CA_3,2013-07-11,16.0,48.0
FOODS_3_752,CA_3,2013-07-12,7.0,6.0
FOODS_3_752,CA_3,2013-07-13,22.0,46.0
FOODS_3_752,CA_3,2013-07-14,17.0,56.0
FOODS_3_752,CA_3,2013-07-15,30.0,11.0
FOODS_3_752,WI_3,2013-06-17,0.0,4.0
FOODS_3_752,WI_3,2013-06-18,2.0,17.0
FOODS_3_752,WI_3,2013-06-19,0.0,0.0
FOODS_3_752,WI_3,2013-06-20,0.0,10.0
FOODS_3_752,WI_3,2013-06-21,15.0,0.0
FOODS_3_752,WI_3,2013-06-22,35.0,14.0
FOODS_3_752,WI_3,2013-06-23,1.0,1.0
FOODS_3_752,WI_3,2013-06-24,6.0,0.0
FOODS_3_752,WI_3,2013-06-25,9.0,2.0
FOODS_3_752,WI_3,2013-06-26,12.0,0.0
FOODS_3_752,WI_3,2013-06-27,0.0,0.0
FOODS_3_752,WI_3,2013-06-28,6.0,15.0
FOODS_3_752,WI_3,2013-06-29,0.0,35.0
FOODS_3_752,WI_3,2013-06-30,10.0,1.0
FOODS_3_752,WI_3,2013-07-01,10.0,6.0
FOODS_3_752,WI_3,2013-07-02,17.0,9.0
FOODS_3_752,WI_3,2013-07-03,17.0,12.0
FOODS_3_752,WI_3,2013-07-04,9.0,0.0
FOODS_3_752,WI_3,2013-07-05,1.0,6.0
FOODS_3_752,WI_3,2013-07-06,6.0,0.0
FOODS_3_752,WI_3,2013-07-07,22.0,10.0
FOODS_3_752,WI_3,2013-07-08,8.0,10.0
FOODS_3_752,WI_3,2013-07-09,20.0,17.0
FOODS_3_752,WI_3,2013-07-10,18.0,17.0
FOODS_3_752,WI_3,2013-07-11,4.0,9.0
FOODS_3_752,WI_3,2013-07-12,12.0,1.0
FOODS_3_752,WI_3,2013-07-13,9.0,6.0
FOODS_3_752,WI_3,2013-07-14,11.0,22.0
FOODS_3_764,CA_3,2013-06-18,26.0,3.0
FOODS_3_764,CA_3,2013-06-19,32.0,33.0
FOODS_3_764,CA_3,2013-06-20,26.0,14.0
FOODS_3_764,CA_3,2013-06-21,22.0,35.0
FOODS_3_764,CA_3,2013-06-22,35.0,29.0
FOODS_3_764,CA_3,2013-06-23,44.0,38.0
FOODS_3_764,CA_3,2013-06-24,35.0,35.0
FOODS_3_764,CA_3,2013-06-25,27.0,26.0
FOODS_3_764,CA_3,2013-06-26,24.0,32.0
FOODS_3_764,CA_3,2013-06-27,33.0,26.0
FOODS_3_764,CA_3,2013-06-28,19.0,22.0
FOODS_3_764,CA_3,2013-06-29,24.0,35.0
FOODS_3_764,CA_3,2013-06-30,32.0,44.0
FOODS_3_764,CA_3,2013-07-01,36.0,35.0
FOODS_3_764,CA_3,2013-07-02,35.0,27.0
FOODS_3_764,CA_3,2013-07-03,42.0,24.0
FOODS_3_764,CA_3,2013-07-04,32.0,33.0
FOODS_3_764,CA_3,2013-07-05,29.0,19.0
FOODS_3_764,CA_3,2013-07-06,16.0,24.0
FOODS_3_764,CA_3,2013-07-07,13.0,32.0
FOODS_3_764,CA_3,2013-07-08,6.0,36.0
FOODS_3_764,CA_3,2013-07-09,9.0,35.0
FOODS_3_764,CA_3,2013-07-10,29.0,42.0
FOODS_3_764,CA_3,2013-07-11,21.0,32.0
FOODS_3_764,CA_3,2013-07-12,22.0,29.0
FOODS_3_764,CA_3,2013-07-13,26.0,16.0
FOODS_3_764,CA_3,2013-07-14,48.0,13.0
FOODS_3_764,CA_3,2013-07-15,31.0,6.0
FOODS_3_804,CA_3,2013-06-18,27.0,26.0
FOODS_3_804,CA_3,2013-06-19,9.0,13.0
FOODS_3_804,CA_3,2013-06-20,15.0,13.0
FOODS_3_804,CA_3,2013-06-21,25.0,71.0
FOODS_3_804,CA_3,2013-06-22,56.0,17.0
FOODS_3_804,CA_3,2013-06-23,39.0,29.0
FOODS_3_804,CA_3,2013-06-24,20.0,30.0
FOODS_3_804,CA_3,2013-06-25,19.0,27.0
FOODS_3_804,CA_3,2013-06-26,17.0,9.0
FOODS_3_804,CA_3,2013-06-27,41.0,15.0
FOODS_3_804,CA_3,2013-06-28,29.0,25.0
FOODS_3_804,CA_3,2013-06-29,67.0,56.0
FOODS_3_804,CA_3,2013-06-30,34.0,39.0
FOODS_3_804,CA_3,2013-07-01,28.0,20.0
FOODS_3_804,CA_3,2013-07-02,48.0,19.0
FOODS_3_804,CA_3,2013-07-03,60.0,17.0
FOODS_3_804,CA_3,2013-07-04,42.0,41.0
FOODS_3_804,CA_3,2013-07-05,30.0,29.0
FOODS_3_804,CA_3,2013-07-06,28.0,67.0
FOODS_3_804,CA_3,2013-07-07,34.0,34.0
FOODS_3_804,CA_3,2013-07-08,16.0,28.0
FOODS_3_804,CA_3,2013-07-09,29.0,48.0
FOODS_3_804,CA_3,2013-07-10,31.0,60.0
FOODS_3_804,CA_3,2013-07-11,32.0,42.0
FOODS_3_804,CA_3,2013-07-12,59.0,30.0
FOODS_3_804,CA_3,2013-07-13,44.0,28.0
FOODS_3_804,CA_3,2013-07-14,26.0,34.0
FOODS_3_804,CA_3,2013-07-15,25.0,16.0
FOODS_3_808,CA_1,2013-06-18,72.0,26.0
FOODS_3_808,CA_1,2013-06-19,42.0,42.0
FOODS_3_808,CA_1,2013-06-20,28.0,37.0
FOODS_3_808,CA_1,2013-06-21,50.0,44.0
FOODS_3_808,CA_1,2013-06-22,59.0,41.0
FOODS_3_808,CA_1,2013-06-23,53.0,75.0
FOODS_3_808,CA_1,2013-06-24,39.0,30.0
FOODS_3_808,CA_1,2013-06-25,13.0,72.0
FOODS_3_808,CA_1,2013-06-26,55.0,42.0
FOODS_3_808,CA_1,2013-06-27,42.0,28.0
FOODS_3_808,CA_1,2013-06-28,84.0,50.0
FOODS_3_808,CA_1,2013-06-29,78.0,59.0
FOODS_3_808,CA_1,2013-06-30,91.0,53.0
FOODS_3_808,CA_1,2013-07-01,75.0,39.0
FOODS_3_808,CA_1,2013-07-02,50.0,13.0
FOODS_3_808,CA_1,2013-07-03,50.0,55.0
FOODS_3_808,CA_1,2013-07-04,47.0,42.0
FOODS_3_808,CA_1,2013-07-05,28.0,84.0
FOODS_3_808,CA_1,2013-07-06,37.0,78.0
FOODS_3_808,CA_1,2013-07-07,70.0,91.0
FOODS_3_808,CA_1,2013-07-08,44.0,75.0
FOODS_3_808,CA_1,2013-07-09,86.0,50.0
FOODS_3_808,CA_1,2013-07-10,43.0,50.0
FOODS_3_808,CA_1,2013-07-11,66.0,47.0
FOODS_3_808,CA_1,2013-07-12,34.0,28.0
FOODS_3_808,CA_1,2013-07-13,73.0,37.0
FOODS_3_808,CA_1,2013-07-14,73.0,70.0
FOODS_3_808,CA_1,2013-07-15,44.0,44.0
FOODS_3_808,CA_3,2013-06-18,63.0,54.0
FOODS_3_808,CA_3,2013-06-19,73.0,46.0
FOODS_3_808,CA_3,2013-06-20,45.0,46.0
FOODS_3_808,CA_3,2013-06-21,58.0,66.0
FOODS_3_808,CA_3,2013-06-22,82.0,49.0
FOODS_3_808,CA_3,2013-06-23,94.0,53.0
FOODS_3_808,CA_3,2013-06-24,94.0,78.0
FOODS_3_808,CA_3,2013-06-25,91.0,63.0
FOODS_3_808,CA_3,2013-06-26,68.0,73.0
FOODS_3_808,CA_3,2013-06-27,73.0,45.0
FOODS_3_808,CA_3,2013-06-28,184.0,58.0
FOODS_3_808,CA_3,2013-06-29,329.0,82.0
FOODS_3_808,CA_3,2013-06-30,305.0,94.0
FOODS_3_808,CA_3,2013-07-01,106.0,94.0
FOODS_3_808,CA_3,2013-07-02,129.0,91.0
FOODS_3_808,CA_3,2013-07-03,53.0,68.0
FOODS_3_808,CA_3,2013-07-04,160.0,73.0
FOODS_3_808,CA_3,2013-07-05,109.0,184.0
FOODS_3_808,CA_3,2013-07-06,86.0,329.0
FOODS_3_808,CA_3,2013-07-07,133.0,305.0
FOODS_3_808,CA_3,2013-07-08,61.0,106.0
FOODS_3_808,CA_3,2013-07-09,129.0,129.0
FOODS_3_808,CA_3,2013-07-10,27.0,53.0
FOODS_3_808,CA_3,2013-07-11,38.0,160.0
FOODS_3_808,CA_3,2013-07-12,28.0,109.0
FOODS_3_808,CA_3,2013-07-13,27.0,86.0
FOODS_3_808,CA_3,2013-07-14,11.0,133.0
FOODS_3_808,CA_3,2013-07-15,41.0,61.0
HOUSEHOLD_1_118,CA_3,2013-06-18,22.0,29.0
HOUSEHOLD_1_118,CA_3,2013-06-19,26.0,32.0
HOUSEHOLD_1_118,CA_3,2013-06-20,2.0,30.0
HOUSEHOLD_1_118,CA_3,2013-06-21,10.0,28.0
HOUSEHOLD_1_118,CA_3,2013-06-22,14.0,7.0
HOUSEHOLD_1_118,CA_3,2013-06-23,34.0,15.0
HOUSEHOLD_1_118,CA_3,2013-06-24,23.0,35.0
HOUSEHOLD_1_118,CA_3,2013-06-25,11.0,22.0
HOUSEHOLD_1_118,CA_3,2013-06-26,24.0,26.0
HOUSEHOLD_1_118,CA_3,2013-06-27,27.0,2.0
HOUSEHOLD_1_118,CA_3,2013-06-28,22.0,10.0
HOUSEHOLD_1_118,CA_3,2013-06-29,25.0,14.0
HOUSEHOLD_1_118,CA_3,2013-06-30,34.0,34.0
HOUSEHOLD_1_118,CA_3,2013-07-01,30.0,23.0
HOUSEHOLD_1_118,CA_3,2013-07-02,27.0,11.0
HOUSEHOLD_1_118,CA_3,2013-07-03,16.0,24.0
HOUSEHOLD_1_118,CA_3,2013-07-04,27.0,27.0
HOUSEHOLD_1_118,CA_3,2013-07-05,23.0,22.0
HOUSEHOLD_1_118,CA_3,2013-07-06,2.0,25.0
HOUSEHOLD_1_118,CA_3,2013-07-07,29.0,34.0
HOUSEHOLD_1_118,CA_3,2013-07-08,26.0,30.0
HOUSEHOLD_1_118,CA_3,2013-07-09,18.0,27.0
HOUSEHOLD_1_118,CA_3,2013-07-10,27.0,16.0
HOUSEHOLD_1_118,CA_3,2013-07-11,0.0,27.0
HOUSEHOLD_1_118,CA_3,2013-07-12,0.0,23.0
HOUSEHOLD_1_118,CA_3,2013-07-13,0.0,2.0
HOUSEHOLD_1_118,CA_3,2013-07-14,11.0,29.0
HOUSEHOLD_1_118,CA_3,2013-07-15,37.0,26.0
