item_id,store_id,date,sales,prediction
FOODS_1_218,TX_2,2013-06-18,21.0,4.712893179507772
FOODS_2_197,CA_1,2013-06-18,15.0,18.58867256243735
FOODS_2_197,CA_3,2013-06-18,24.0,18.658529742684035
FOODS_2_244,CA_3,2013-06-18,20.0,16.478452360590033
FOODS_2_276,CA_3,2013-06-18,22.0,20.266530561336065
FOODS_2_360,CA_3,2013-06-18,13.0,18.808551447155786
FOODS_2_360,TX_3,2013-06-18,3.0,20.37522182040888
FOODS_2_360,WI_2,2013-06-18,12.0,38.38845393667306
FOODS_3_030,TX_3,2013-06-18,13.0,17.920868738661277
FOODS_3_080,CA_1,2013-06-18,15.0,20.367730837711996
FOODS_3_080,CA_3,2013-06-18,17.0,19.19702522153393
FOODS_3_080,TX_2,2013-06-18,23.0,21.50122024126016
FOODS_3_090,CA_1,2013-06-18,84.0,64.76199534541034
FOODS_3_090,CA_2,2013-06-18,25.0,29.18617758870498
FOODS_3_090,CA_3,2013-06-18,145.0,206.28699333821046
FOODS_3_090,CA_4,2013-06-18,21.0,29.072987247274874
FOODS_3_090,TX_1,2013-06-18,105.0,43.62428791652492
FOODS_3_090,TX_3,2013-06-18,40.0,50.79839344454373
FOODS_3_090,WI_3,2013-06-18,40.0,53.99390420647921
FOODS_3_099,TX_2,2013-06-18,28.0,19.35544305432744
FOODS_3_120,CA_1,2013-06-18,50.0,48.34828217656478
FOODS_3_120,CA_3,2013-06-18,57.0,34.176916158547755
FOODS_3_202,CA_3,2013-06-18,30.0,32.741408797111454
FOODS_3_202,TX_2,2013-06-18,32.0,29.581060727236697
FOODS_3_202,TX_3,2013-06-18,22.0,24.70923791118547
FOODS_3_226,WI_2,2013-06-18,31.0,42.01708296403783
FOODS_3_226,WI_3,2013-06-18,46.0,51.95280096649242
FOODS_3_234,CA_3,2013-06-18,14.0,18.950878198469205
FOODS_3_252,CA_1,2013-06-18,38.0,37.48459162933394
FOODS_3_252,CA_2,2013-06-18,18.0,24.094922886006863
FOODS_3_377,TX_2,2013-06-18,23.0,34.21585210875466
FOODS_3_377,TX_3,2013-06-18,28.0,29.58527985469665
FOODS_3_501,CA_3,2013-06-18,36.0,20.867104163110856
FOODS_3_541,CA_1,2013-06-18,34.0,9.617685062335546
FOODS_3_541,WI_3,2013-06-18,27.0,13.059897714384949
FOODS_3_547,WI_3,2013-06-18,13.0,16.47009236235232
FOODS_3_555,TX_1,2013-06-18,38.0,38.42021322199049
FOODS_3_555,TX_2,2013-06-18,22.0,42.55801072215855
FOODS_3_555,TX_3,2013-06-18,17.0,38.3682767236422
FOODS_3_586,CA_1,2013-06-18,40.0,40.50321604882966
FOODS_3_586,CA_2,2013-06-18,20.0,21.496830582271144
FOODS_3_586,TX_1,2013-06-18,55.0,53.08208978867412
FOODS_3_694,WI_3,2013-06-18,33.0,47.46767585302287
FOODS_3_714,CA_3,2013-06-18,19.0,24.517640008835034
FOODS_3_714,TX_1,2013-06-18,34.0,24.759050508695257
FOODS_3_714,TX_3,2013-06-18,22.0,26.156133196627895
FOODS_3_714,WI_3,2013-06-18,42.0,38.75462879127479
FOODS_3_741,CA_1,2013-06-18,33.0,7.924772546514764
FOODS_3_764,CA_3,2013-06-18,26.0,24.694303400435043
FOODS_3_808,CA_3,2013-06-18,63.0,50.95763602667142
FOODS_3_252,CA_3,2013-06-18,33.0,40.10357103321176
FOODS_3_586,TX_3,2013-06-18,70.0,70.49803698882926
FOODS_3_635,CA_3,2013-06-18,84.0,55.81535233816442
FOODS_3_319,CA_3,2013-06-18,35.0,26.31543707904764
FOODS_3_252,WI_3,2013-06-18,11.0,11.665877660883487
FOODS_3_635,WI_3,2013-06-18,22.0,18.448013883379666
FOODS_3_681,CA_3,2013-06-18,18.0,34.433590647948
FOODS_3_694,WI_2,2013-06-18,23.0,31.11532528872949
FOODS_3_252,TX_1,2013-06-18,20.0,39.16565999658444
FOODS_3_318,CA_3,2013-06-18,27.0,40.65634820286616
FOODS_3_694,TX_1,2013-06-18,11.0,21.98902678916088
FOODS_3_587,CA_3,2013-06-18,0.0,6.6536481450559455
FOODS_3_587,CA_1,2013-06-18,0.0,0.0
FOODS_3_252,TX_3,2013-06-18,27.0,40.04257094516711
FOODS_3_635,CA_1,2013-06-18,3.0,23.891637545429777
FOODS_3_226,WI_1,2013-06-18,37.0,39.30083468702359
FOODS_3_090,TX_2,2013-06-18,46.0,49.1782032996894
FOODS_3_723,CA_3,2013-06-18,16.0,23.58040783639921
FOODS_3_376,WI_2,2013-06-18,25.0,29.901717574177876
FOODS_3_586,CA_3,2013-06-18,71.0,62.94234445989635
FOODS_3_202,TX_1,2013-06-18,39.0,24.944192557215935
FOODS_2_360,WI_3,2013-06-18,8.0,14.35828739623141
FOODS_3_252,TX_2,2013-06-18,76.0,63.46815757830789
FOODS_3_318,WI_3,2013-06-18,9.0,22.072279478220345
FOODS_3_555,WI_3,2013-06-18,18.0,19.8561206551617
FOODS_3_498,WI_3,2013-06-18,24.0,12.74281643138007
FOODS_3_752,WI_3,2013-06-18,2.0,8.424981281525518
FOODS_3_711,CA_3,2013-06-18,19.0,17.301380260851964
FOODS_3_714,CA_1,2013-06-18,4.0,22.236851035118434
FOODS_3_587,WI_3,2013-06-18,0.0,0.0
FOODS_3_752,CA_3,2013-06-18,9.0,15.011834338375712
FOODS_3_723,WI_3,2013-06-18,8.0,15.593990141493741
FOODS_3_586,TX_2,2013-06-18,75.0,101.3130269470906
FOODS_3_376,WI_3,2013-06-18,6.0,21.25514491734788
FOODS_3_376,CA_3,2013-06-18,45.0,29.331930330033778
FOODS_3_491,CA_3,2013-06-18,24.0,17.849377421748216
FOODS_3_694,WI_1,2013-06-18,24.0,23.00641679048259
FOODS_3_681,WI_3,2013-06-18,34.0,34.86058665228154
FOODS_3_007,WI_2,2013-06-18,1.0,0.37945282355434046
FOODS_3_808,CA_1,2013-06-18,72.0,36.11367864659657
FOODS_3_714,TX_2,2013-06-18,21.0,26.7971179182101
FOODS_3_555,CA_3,2013-06-18,20.0,28.80783271692189
FOODS_3_694,CA_3,2013-06-18,15.0,22.74674575390064
FOODS_3_586,WI_3,2013-06-18,18.0,27.499309507836347
FOODS_3_804,CA_3,2013-06-18,27.0,24.279494079482824
HOUSEHOLD_1_118,CA_3,2013-06-18,22.0,24.569819130102285
FOODS_3_541,CA_3,2013-06-18,39.0,61.20922273852442
FOODS_3_030,TX_2,2013-06-18,5.0,18.079091159136176
FOODS_3_281,CA_3,2013-06-18,18.0,20.023107437723162
FOODS_3_234,WI_3,2013-06-18,15.0,16.832755286577815
FOODS_1_218,TX_2,2013-06-19,23.0,5.371935962733445
FOODS_2_197,CA_1,2013-06-19,14.0,17.22814068063904
FOODS_2_197,CA_3,2013-06-19,16.0,20.028498866119453
FOODS_2_244,CA_3,2013-06-19,12.0,16.86855649240162
FOODS_2_276,CA_3,2013-06-19,20.0,19.881930547619394
FOODS_2_360,CA_3,2013-06-19,34.0,18.22390989382154
FOODS_2_360,TX_3,2013-06-19,11.0,18.137473999738294
FOODS_2_360,WI_2,2013-06-19,32.0,31.93878947092375
FOODS_3_030,TX_3,2013-06-19,17.0,17.389655541375852
FOODS_3_080,CA_1,2013-06-19,14.0,20.20702839238217
FOODS_3_080,TX_2,2013-06-19,22.0,21.797246583776154
FOODS_3_090,CA_1,2013-06-19,44.0,73.93354005371249
FOODS_3_090,CA_2,2013-06-19,30.0,28.627103225381777
FOODS_3_090,CA_3,2013-06-19,101.0,218.56437795839378
FOODS_3_090,CA_4,2013-06-19,24.0,28.5788433541118
FOODS_3_090,TX_1,2013-06-19,58.0,45.34485441874809
FOODS_3_090,TX_3,2013-06-19,59.0,47.719509130020334
FOODS_3_090,WI_3,2013-06-19,39.0,53.241750268177704
FOODS_3_099,TX_2,2013-06-19,19.0,18.55463635159159
FOODS_3_120,CA_1,2013-06-19,43.0,44.690979486014996
FOODS_3_120,CA_3,2013-06-19,56.0,34.113497811374195
FOODS_3_202,CA_3,2013-06-19,20.0,31.4695325715672
FOODS_3_202,TX_2,2013-06-19,32.0,28.755651256565763
FOODS_3_202,TX_3,2013-06-19,16.0,24.608037158893374
FOODS_3_226,WI_2,2013-06-19,32.0,39.63963682060366
FOODS_3_226,WI_3,2013-06-19,48.0,47.90934909103884
FOODS_3_234,CA_3,2013-06-19,10.0,18.137170661345703
FOODS_3_252,CA_1,2013-06-19,40.0,35.860842279789736
FOODS_3_252,CA_2,2013-06-19,21.0,24.086408616592248
FOODS_3_377,TX_2,2013-06-19,32.0,30.87016847817394
FOODS_3_377,TX_3,2013-06-19,32.0,27.548923286762054
FOODS_3_498,WI_3,2013-06-19,27.0,12.986629817635057
FOODS_3_501,CA_3,2013-06-19,26.0,21.55614863857586
FOODS_3_541,CA_1,2013-06-19,25.0,11.078789589229073
FOODS_3_541,WI_3,2013-06-19,20.0,12.566116643412041
FOODS_3_547,WI_3,2013-06-19,5.0,15.249541053601876
FOODS_3_555,TX_1,2013-06-19,31.0,36.455919388655666
FOODS_3_555,TX_2,2013-06-19,28.0,42.165382026932015
FOODS_3_555,TX_3,2013-06-19,32.0,36.753076111884575
FOODS_3_586,CA_1,2013-06-19,33.0,39.97590442696761
FOODS_3_586,CA_2,2013-06-19,28.0,22.07991257056693
FOODS_3_586,TX_1,2013-06-19,39.0,51.679208546782085
FOODS_3_694,WI_3,2013-06-19,53.0,41.94620022435297
FOODS_3_714,CA_3,2013-06-19,20.0,24.247608783965013
FOODS_3_714,TX_1,2013-06-19,24.0,24.83661931326386
FOODS_3_714,TX_3,2013-06-19,18.0,26.156133196627895
FOODS_3_714,WI_3,2013-06-19,36.0,35.10435389601229
FOODS_3_741,CA_1,2013-06-19,3.0,14.105259555269559
FOODS_3_764,CA_3,2013-06-19,32.0,26.187770657562005
FOODS_3_808,CA_3,2013-06-19,73.0,50.7236321979313
FOODS_3_252,CA_3,2013-06-19,33.0,39.12583263072141
FOODS_3_586,TX_3,2013-06-19,61.0,71.51744650835364
FOODS_3_635,CA_3,2013-06-19,48.0,60.50172432676675
FOODS_3_252,WI_3,2013-06-19,9.0,11.665877660883487
FOODS_3_635,WI_3,2013-06-19,17.0,17.329830481306914
FOODS_3_681,CA_3,2013-06-19,17.0,30.331539911823175
FOODS_3_694,WI_2,2013-06-19,20.0,27.70812947664388
FOODS_3_318,CA_3,2013-06-19,26.0,38.24039449116818
FOODS_3_694,TX_1,2013-06-19,13.0,21.61042680223736
FOODS_3_587,CA_3,2013-06-19,0.0,9.762295402065337
FOODS_3_587,CA_1,2013-06-19,0.0,0.0
FOODS_3_252,TX_3,2013-06-19,35.0,40.90524556605646
FOODS_3_635,CA_1,2013-06-19,21.0,20.22206443436294
FOODS_3_752,CA_3,2013-06-19,8.0,14.336353330240096
FOODS_3_080,CA_3,2013-06-19,19.0,18.90550561113829
FOODS_3_711,CA_3,2013-06-19,7.0,18.198723813628717
FOODS_3_555,CA_3,2013-06-19,33.0,26.578020273773966
FOODS_3_694,CA_3,2013-06-19,15.0,20.29535051812817
FOODS_3_319,CA_3,2013-06-19,43.0,26.69112536336843
FOODS_3_541,CA_3,2013-06-19,59.0,59.58907876508383
FOODS_3_586,CA_3,2013-06-19,56.0,61.73434395703543
FOODS_3_234,WI_3,2013-06-19,9.0,16.376466371549572
FOODS_3_376,CA_3,2013-06-19,27.0,31.452688128161267
FOODS_3_714,TX_2,2013-06-19,21.0,26.7971179182101
FOODS_3_694,WI_1,2013-06-19,23.0,22.79494299606915
FOODS_3_586,WI_3,2013-06-19,31.0,26.58271593045818
FOODS_3_723,CA_3,2013-06-19,18.0,24.566360476954817
FOODS_3_491,CA_3,2013-06-19,7.0,18.363415028141723
FOODS_3_681,WI_3,2013-06-19,4.0,36.33590132471467
FOODS_3_376,WI_2,2013-06-19,31.0,28.883210659153715
FOODS_3_808,CA_1,2013-06-19,42.0,37.335187603092336
FOODS_3_281,CA_3,2013-06-19,17.0,19.544715242059123
FOODS_3_007,WI_2,2013-06-19,0.0,1.292379987472829
FOODS_3_587,WI_3,2013-06-19,0.0,0.0
FOODS_3_376,WI_3,2013-06-19,12.0,20.170807090744265
FOODS_3_202,TX_1,2013-06-19,0.0,26.402619386965668
FOODS_3_252,TX_2,2013-06-19,68.0,64.30304556779775
HOUSEHOLD_1_118,CA_3,2013-06-19,26.0,23.195309972100734
FOODS_3_318,WI_3,2013-06-19,13.0,24.142615382413027
FOODS_3_714,CA_1,2013-06-19,15.0,21.178461006308797
FOODS_3_226,WI_1,2013-06-19,38.0,37.96771968563436
FOODS_3_723,WI_3,2013-06-19,10.0,15.377606778993304
FOODS_3_030,TX_2,2013-06-19,11.0,17.669554200025374
FOODS_3_586,TX_2,2013-06-19,79.0,98.12554869601342
FOODS_3_804,CA_3,2013-06-19,9.0,24.078645742620445
FOODS_2_360,WI_3,2013-06-19,19.0,14.286318615804323
FOODS_3_555,WI_3,2013-06-19,20.0,18.861420805035802
FOODS_3_252,TX_1,2013-06-19,36.0,37.259588717810175
FOODS_3_090,TX_2,2013-06-19,47.0,57.10124334675524
FOODS_3_752,WI_3,2013-06-19,0.0,12.446193433769427
FOODS_1_218,TX_2,2013-06-20,20.0,11.814830314226196
FOODS_2_197,CA_1,2013-06-20,12.0,17.188656351897574
FOODS_2_197,CA_3,2013-06-20,28.0,20.028153608343086
FOODS_2_244,CA_3,2013-06-20,17.0,16.583113562323454
FOODS_2_276,CA_3,2013-06-20,13.0,20.457279541254348
FOODS_2_360,CA_3,2013-06-20,10.0,18.503952113565305
FOODS_2_360,TX_3,2013-06-20,10.0,16.445572356322586
FOODS_2_360,WI_2,2013-06-20,20.0,31.93028589754966
FOODS_3_030,TX_3,2013-06-20,14.0,18.083222293218295
FOODS_3_080,CA_1,2013-06-20,19.0,20.560490969361034
FOODS_3_080,TX_2,2013-06-20,17.0,22.362256509165803
FOODS_3_090,CA_1,2013-06-20,59.0,69.9554320354584
FOODS_3_090,CA_2,2013-06-20,30.0,31.29122875743576
FOODS_3_090,CA_3,2013-06-20,189.0,248.35797861003854
FOODS_3_090,CA_4,2013-06-20,32.0,30.444118127859827
FOODS_3_090,TX_1,2013-06-20,56.0,53.59395596529914
FOODS_3_090,TX_3,2013-06-20,57.0,50.97833066938854
FOODS_3_090,WI_3,2013-06-20,72.0,53.88097110546045
FOODS_3_099,TX_2,2013-06-20,24.0,17.944520560154313
FOODS_3_120,CA_1,2013-06-20,35.0,42.38093292693604
FOODS_3_120,CA_3,2013-06-20,41.0,34.34975057760776
FOODS_3_202,CA_3,2013-06-20,25.0,29.8549992794985
FOODS_3_202,TX_2,2013-06-20,22.0,28.479773707221437
FOODS_3_202,TX_3,2013-06-20,16.0,23.58820261527733
FOODS_3_226,WI_2,2013-06-20,42.0,37.794515570458515
FOODS_3_226,WI_3,2013-06-20,40.0,52.5845189769725
FOODS_3_234,CA_3,2013-06-20,12.0,17.966373144935346
FOODS_3_252,CA_1,2013-06-20,49.0,35.29987814980533
FOODS_3_252,CA_2,2013-06-20,26.0,24.49296736153802
FOODS_3_377,TX_2,2013-06-20,20.0,30.861675034474928
FOODS_3_377,TX_3,2013-06-20,36.0,29.25370425349225
FOODS_3_498,WI_3,2013-06-20,2.0,14.636352282379878
FOODS_3_501,CA_3,2013-06-20,20.0,22.24541621780244
FOODS_3_541,CA_1,2013-06-20,21.0,12.080048036859163
FOODS_3_541,WI_3,2013-06-20,20.0,13.798273533511054
FOODS_3_547,WI_3,2013-06-20,7.0,15.679040148382164
FOODS_3_555,TX_1,2013-06-20,47.0,37.76474952481083
FOODS_3_555,TX_2,2013-06-20,60.0,42.28559128944284
FOODS_3_555,TX_3,2013-06-20,42.0,38.42213749189144
FOODS_3_586,CA_1,2013-06-20,38.0,41.652909097907944
FOODS_3_586,CA_2,2013-06-20,32.0,22.807911958217314
FOODS_3_586,TX_1,2013-06-20,50.0,51.923284257307785
FOODS_3_694,WI_3,2013-06-20,50.0,42.3003262309867
FOODS_3_714,CA_3,2013-06-20,29.0,23.944244291487617
FOODS_3_714,TX_1,2013-06-20,28.0,27.906940698363645
FOODS_3_714,TX_3,2013-06-20,16.0,25.88939277211849
FOODS_3_714,WI_3,2013-06-20,55.0,35.96448823768398
FOODS_3_741,CA_1,2013-06-20,13.0,10.297378560017505
FOODS_3_764,CA_3,2013-06-20,26.0,27.5454694906051
FOODS_3_808,CA_3,2013-06-20,45.0,53.53218406766768
FOODS_3_252,CA_3,2013-06-20,41.0,37.237283007086695
FOODS_3_586,TX_3,2013-06-20,64.0,74.55822819511368
FOODS_3_635,CA_3,2013-06-20,67.0,57.96853306525265
FOODS_3_252,WI_3,2013-06-20,17.0,11.850799578894323
FOODS_3_635,WI_3,2013-06-20,13.0,18.12380247239249
FOODS_3_681,CA_3,2013-06-20,12.0,27.93751574376923
FOODS_3_694,WI_2,2013-06-20,20.0,26.719378391314386
FOODS_3_318,CA_3,2013-06-20,14.0,37.87747898544507
FOODS_3_694,TX_1,2013-06-20,16.0,22.178672013308727
FOODS_3_587,CA_3,2013-06-20,3.0,6.405334182213189
FOODS_3_587,CA_1,2013-06-20,0.0,0.0
FOODS_3_635,CA_1,2013-06-20,19.0,19.276374331680238
FOODS_3_252,TX_3,2013-06-20,53.0,40.239477459483176
FOODS_3_491,CA_3,2013-06-20,32.0,18.11527582937847
FOODS_3_711,CA_3,2013-06-20,14.0,16.65065218087879
FOODS_3_752,CA_3,2013-06-20,13.0,13.333930147742015
FOODS_3_252,TX_2,2013-06-20,66.0,69.55774083909077
FOODS_3_376,WI_2,2013-06-20,40.0,28.321386607010872
FOODS_3_376,WI_3,2013-06-20,27.0,20.196295668669556
FOODS_3_318,WI_3,2013-06-20,12.0,23.207823996344978
HOUSEHOLD_1_118,CA_3,2013-06-20,2.0,22.69725659252033
FOODS_3_376,CA_3,2013-06-20,32.0,29.860474823965774
FOODS_3_714,CA_1,2013-06-20,17.0,21.145603951217836
FOODS_3_234,WI_3,2013-06-20,29.0,16.065996185169507
FOODS_3_030,TX_2,2013-06-20,10.0,17.55604419367516
FOODS_3_587,WI_3,2013-06-20,0.0,0.0
FOODS_3_226,WI_1,2013-06-20,43.0,36.652414640758295
FOODS_3_586,TX_2,2013-06-20,108.0,100.91727725988095
FOODS_3_281,CA_3,2013-06-20,26.0,19.277588449008814
FOODS_3_586,CA_3,2013-06-20,77.0,62.671138377345585
FOODS_3_541,CA_3,2013-06-20,47.0,60.89320836412008
FOODS_3_090,TX_2,2013-06-20,63.0,53.086918730386145
FOODS_3_681,WI_3,2013-06-20,17.0,33.26757242591042
FOODS_3_723,WI_3,2013-06-20,21.0,15.978901584040575
FOODS_3_555,CA_3,2013-06-20,29.0,27.611141805119637
FOODS_3_694,WI_1,2013-06-20,23.0,23.129591999534718
FOODS_3_586,WI_3,2013-06-20,19.0,26.533377843900325
FOODS_3_319,CA_3,2013-06-20,21.0,27.532918250543485
FOODS_3_252,TX_1,2013-06-20,48.0,37.81014091683658
FOODS_3_080,CA_3,2013-06-20,11.0,19.24015461460386
FOODS_3_714,TX_2,2013-06-20,21.0,26.115486089392352
FOODS_3_804,CA_3,2013-06-20,15.0,26.07052395971242
FOODS_3_007,WI_2,2013-06-20,0.0,1.2798471034089578
FOODS_3_723,CA_3,2013-06-20,16.0,23.211070931422274
FOODS_3_694,CA_3,2013-06-20,24.0,20.465402875304893
FOODS_3_555,WI_3,2013-06-20,32.0,19.350634679163658
FOODS_3_752,WI_3,2013-06-20,0.0,6.650054523436816
FOODS_3_202,TX_1,2013-06-20,6.0,28.827201998459724
FOODS_3_808,CA_1,2013-06-20,28.0,37.198596029868696
FOODS_2_360,WI_3,2013-06-20,15.0,13.919159805296413
FOODS_1_218,TX_2,2013-06-21,30.0,16.61488867543925
FOODS_2_197,CA_1,2013-06-21,20.0,18.987720033920276
FOODS_2_197,CA_3,2013-06-21,31.0,22.933856797731174
FOODS_2_244,CA_3,2013-06-21,13.0,16.836953987707453
FOODS_2_276,CA_3,2013-06-21,26.0,19.108504894759395
FOODS_2_360,CA_3,2013-06-21,10.0,17.95177014096514
FOODS_2_360,TX_3,2013-06-21,21.0,15.581170163851484
FOODS_2_360,WI_2,2013-06-21,27.0,29.185746685122666
FOODS_3_030,TX_3,2013-06-21,13.0,20.57529744941703
FOODS_3_080,CA_1,2013-06-21,39.0,22.692347260245732
FOODS_3_080,TX_2,2013-06-21,29.0,24.68433236457761
FOODS_3_090,CA_1,2013-06-21,110.0,96.50380440552541
FOODS_3_090,CA_2,2013-06-21,46.0,36.89798074586275
FOODS_3_090,CA_3,2013-06-21,252.0,226.778841135377
FOODS_3_090,CA_4,2013-06-21,55.0,42.197883542672265
FOODS_3_090,TX_1,2013-06-21,48.0,68.92137618565516
FOODS_3_090,TX_3,2013-06-21,67.0,58.38687640329342
FOODS_3_090,WI_3,2013-06-21,66.0,79.20750990637569
FOODS_3_120,CA_1,2013-06-21,26.0,51.375749543843504
FOODS_3_120,CA_3,2013-06-21,48.0,36.38787022409365
FOODS_3_202,CA_3,2013-06-21,22.0,32.35578241248125
FOODS_3_202,TX_2,2013-06-21,39.0,31.789446094671206
FOODS_3_202,TX_3,2013-06-21,28.0,26.7847693276148
FOODS_3_226,WI_2,2013-06-21,32.0,48.58891553090739
FOODS_3_226,WI_3,2013-06-21,61.0,62.95859207466991
FOODS_3_234,CA_3,2013-06-21,15.0,18.967451749585216
FOODS_3_252,CA_1,2013-06-21,57.0,46.20019264218076
FOODS_3_252,CA_2,2013-06-21,28.0,30.623111385260597
FOODS_3_377,TX_2,2013-06-21,42.0,35.64457134972707
FOODS_3_377,TX_3,2013-06-21,37.0,41.632830181820765
FOODS_3_498,WI_3,2013-06-21,19.0,14.574079028319145
FOODS_3_501,CA_3,2013-06-21,29.0,23.610999316149307
FOODS_3_541,CA_1,2013-06-21,44.0,13.669149133568961
FOODS_3_541,WI_3,2013-06-21,9.0,15.054725264873488
FOODS_3_547,WI_3,2013-06-21,10.0,14.007067829219839
FOODS_3_555,TX_1,2013-06-21,50.0,42.051935103165256
FOODS_3_555,TX_2,2013-06-21,56.0,51.02655797299923
FOODS_3_586,CA_1,2013-06-21,55.0,45.33043443249732
FOODS_3_586,CA_2,2013-06-21,27.0,29.212961500566266
FOODS_3_586,TX_1,2013-06-21,70.0,55.746078837355476
FOODS_3_694,WI_3,2013-06-21,53.0,52.87011523776142
FOODS_3_714,CA_3,2013-06-21,24.0,30.22125343989281
FOODS_3_714,TX_1,2013-06-21,29.0,34.841266577910154
FOODS_3_714,TX_3,2013-06-21,33.0,33.74944092389899
FOODS_3_714,WI_3,2013-06-21,44.0,44.91378113836848
FOODS_3_741,CA_1,2013-06-21,12.0,10.930318018354104
FOODS_3_764,CA_3,2013-06-21,22.0,30.25446887348228
FOODS_3_808,CA_3,2013-06-21,58.0,55.08142921798101
FOODS_3_252,CA_3,2013-06-21,32.0,44.00561368354069
FOODS_3_586,TX_3,2013-06-21,92.0,82.53913394794448
FOODS_3_635,CA_3,2013-06-21,63.0,65.64113849887096
FOODS_3_252,WI_3,2013-06-21,9.0,14.881705981810294
FOODS_3_635,WI_3,2013-06-21,25.0,18.67525134975027
FOODS_3_681,CA_3,2013-06-21,44.0,30.233055206380616
FOODS_3_694,WI_2,2013-06-21,32.0,32.9704190842159
FOODS_3_318,CA_3,2013-06-21,27.0,48.381808482177696
FOODS_3_694,TX_1,2013-06-21,21.0,24.48039682718888
FOODS_3_587,CA_3,2013-06-21,0.0,5.82931585273668
FOODS_3_252,TX_3,2013-06-21,69.0,51.599058446700575
FOODS_3_587,CA_1,2013-06-21,0.0,0.1094157508203894
FOODS_3_635,CA_1,2013-06-21,29.0,20.193690105867383
FOODS_3_319,CA_3,2013-06-21,37.0,29.78514463473791
FOODS_3_252,TX_1,2013-06-21,51.0,42.8044444185521
FOODS_3_099,TX_2,2013-06-21,19.0,16.985247956361967
FOODS_3_226,WI_1,2013-06-21,54.0,49.952672005525386
FOODS_3_090,TX_2,2013-06-21,47.0,68.4779000844329
FOODS_3_723,CA_3,2013-06-21,64.0,25.810503607673507
FOODS_3_555,TX_3,2013-06-21,44.0,45.96551146020768
FOODS_3_376,WI_3,2013-06-21,16.0,20.143387812618133
FOODS_3_586,CA_3,2013-06-21,67.0,77.92391430668805
FOODS_3_202,TX_1,2013-06-21,0.0,29.133737925099286
FOODS_3_234,WI_3,2013-06-21,5.0,17.155503197480922
FOODS_3_694,WI_1,2013-06-21,31.0,27.650133669805758
FOODS_3_555,WI_3,2013-06-21,24.0,25.09649236684285
FOODS_3_586,WI_3,2013-06-21,28.0,31.68531261043098
FOODS_3_752,CA_3,2013-06-21,16.0,15.087634221299053
FOODS_3_252,TX_2,2013-06-21,61.0,83.01590867746422
FOODS_3_555,CA_3,2013-06-21,29.0,32.882285691124146
FOODS_3_714,CA_1,2013-06-21,29.0,25.221450856314036
FOODS_3_723,WI_3,2013-06-21,8.0,20.09548994751168
FOODS_3_681,WI_3,2013-06-21,19.0,37.86029317448633
HOUSEHOLD_1_118,CA_3,2013-06-21,10.0,21.90213635528382
FOODS_3_808,CA_1,2013-06-21,50.0,41.58371584138439
FOODS_3_711,CA_3,2013-06-21,36.0,16.108612416335106
FOODS_3_587,WI_3,2013-06-21,0.0,0.0
FOODS_3_376,WI_2,2013-06-21,28.0,30.868369035731416
FOODS_3_318,WI_3,2013-06-21,18.0,30.634990452616893
FOODS_3_752,WI_3,2013-06-21,15.0,9.732521251461547
FOODS_3_030,TX_2,2013-06-21,16.0,20.228997731183537
FOODS_3_491,CA_3,2013-06-21,39.0,21.511829804051473
FOODS_3_281,CA_3,2013-06-21,37.0,21.733379559540744
FOODS_3_804,CA_3,2013-06-21,25.0,27.8534744124456
FOODS_3_376,CA_3,2013-06-21,46.0,30.769553714307257
FOODS_3_007,WI_2,2013-06-21,0.0,1.337167358871394
FOODS_3_694,CA_3,2013-06-21,27.0,23.772917608572186
FOODS_3_586,TX_2,2013-06-21,94.0,114.75857889720791
FOODS_3_714,TX_2,2013-06-21,30.0,30.14568248572902
FOODS_3_541,CA_3,2013-06-21,56.0,58.86769537373452
FOODS_3_080,CA_3,2013-06-21,18.0,20.982835899616457
FOODS_2_360,WI_3,2013-06-21,0.0,14.478402473937196
FOODS_1_218,TX_2,2013-06-22,27.0,22.00780493241337
FOODS_2_197,CA_1,2013-06-22,13.0,25.1048814943969
FOODS_2_197,CA_3,2013-06-22,35.0,27.54776991757293
FOODS_2_244,CA_3,2013-06-22,22.0,21.393067754302617
FOODS_2_276,CA_3,2013-06-22,25.0,27.331763809201064
FOODS_2_360,CA_3,2013-06-22,8.0,21.896740548491426
FOODS_2_360,TX_3,2013-06-22,20.0,20.015250862590754
FOODS_2_360,WI_2,2013-06-22,27.0,33.459290690556614
FOODS_3_030,TX_3,2013-06-22,17.0,24.392268778060476
FOODS_3_080,CA_1,2013-06-22,32.0,30.18753469427279
FOODS_3_080,TX_2,2013-06-22,23.0,29.630514592189915
FOODS_3_090,CA_1,2013-06-22,127.0,110.24689251562789
FOODS_3_090,CA_2,2013-06-22,51.0,46.183198688383015
FOODS_3_090,CA_3,2013-06-22,227.0,279.29171863165993
FOODS_3_090,CA_4,2013-06-22,42.0,48.338475516756894
FOODS_3_090,TX_1,2013-06-22,76.0,74.18514767429716
FOODS_3_090,TX_3,2013-06-22,80.0,80.13991918117172
FOODS_3_090,WI_3,2013-06-22,77.0,84.76438443152358
FOODS_3_120,CA_1,2013-06-22,72.0,60.864176596433055
FOODS_3_120,CA_3,2013-06-22,54.0,53.49176790023913
FOODS_3_202,CA_3,2013-06-22,36.0,38.72329175942133
FOODS_3_202,TX_1,2013-06-22,35.0,35.49570561269723
FOODS_3_202,TX_2,2013-06-22,44.0,40.92474744728221
FOODS_3_202,TX_3,2013-06-22,36.0,34.81485300029561
FOODS_3_226,WI_2,2013-06-22,51.0,46.226926693533194
FOODS_3_226,WI_3,2013-06-22,48.0,61.98607201508064
FOODS_3_234,CA_3,2013-06-22,5.0,22.354749629376666
FOODS_3_234,WI_3,2013-06-22,11.0,21.480016446194497
FOODS_3_252,CA_1,2013-06-22,87.0,55.08869626728983
FOODS_3_252,CA_2,2013-06-22,47.0,39.82337480998171
FOODS_3_377,TX_2,2013-06-22,45.0,43.36645878355922
FOODS_3_377,TX_3,2013-06-22,34.0,44.45211563919414
FOODS_3_498,WI_3,2013-06-22,8.0,21.409686820920424
FOODS_3_501,CA_3,2013-06-22,21.0,28.29319115549931
FOODS_3_541,CA_1,2013-06-22,46.0,25.63010388145674
FOODS_3_541,WI_3,2013-06-22,20.0,24.130170098390444
FOODS_3_547,WI_3,2013-06-22,8.0,18.24077765467145
FOODS_3_555,TX_1,2013-06-22,71.0,52.57238120489403
FOODS_3_555,TX_2,2013-06-22,56.0,66.70092868223142
FOODS_3_586,CA_1,2013-06-22,62.0,65.56209977543296
FOODS_3_586,CA_2,2013-06-22,29.0,38.93413300786989
FOODS_3_586,TX_1,2013-06-22,65.0,71.2481892244556
FOODS_3_694,WI_3,2013-06-22,39.0,59.68626005877045
FOODS_3_714,CA_3,2013-06-22,34.0,34.95368288602159
FOODS_3_714,TX_1,2013-06-22,53.0,41.80492169882197
FOODS_3_714,TX_3,2013-06-22,20.0,38.329153858767974
FOODS_3_714,WI_3,2013-06-22,35.0,53.34388985186677
FOODS_3_723,WI_3,2013-06-22,35.0,20.265814296663105
FOODS_3_741,CA_1,2013-06-22,8.0,12.925810022000483
FOODS_3_764,CA_3,2013-06-22,35.0,35.43663779452112
FOODS_3_808,CA_3,2013-06-22,82.0,70.45934055539175
FOODS_3_252,CA_3,2013-06-22,60.0,53.89130005457887
FOODS_3_586,TX_3,2013-06-22,98.0,101.60349586966045
FOODS_3_635,CA_3,2013-06-22,80.0,82.60019382050272
FOODS_3_252,WI_3,2013-06-22,13.0,16.119399826965623
FOODS_3_635,WI_3,2013-06-22,14.0,27.083498778452952
FOODS_3_586,TX_2,2013-06-22,155.0,142.55739590827784
FOODS_3_681,CA_3,2013-06-22,32.0,37.32452360490838
FOODS_3_694,WI_2,2013-06-22,28.0,30.718296959997602
FOODS_3_318,CA_3,2013-06-22,28.0,49.933808108148256
FOODS_3_694,TX_1,2013-06-22,20.0,27.2850739620346
FOODS_3_587,CA_3,2013-06-22,1.0,5.085202047802443
FOODS_3_252,TX_3,2013-06-22,64.0,63.508849160709886
FOODS_3_587,CA_1,2013-06-22,0.0,0.4948149010247617
FOODS_3_635,CA_1,2013-06-22,61.0,24.852970184050694
FOODS_3_080,CA_3,2013-06-22,25.0,22.64013139450754
FOODS_3_752,CA_3,2013-06-22,28.0,13.775139898590247
FOODS_3_555,CA_3,2013-06-22,37.0,36.54395463821519
FOODS_3_252,TX_2,2013-06-22,51.0,100.26763804359621
FOODS_3_694,CA_3,2013-06-22,30.0,24.97797851561469
FOODS_3_541,CA_3,2013-06-22,112.0,76.28798808838755
FOODS_3_376,CA_3,2013-06-22,28.0,34.94915303728652
FOODS_3_804,CA_3,2013-06-22,56.0,25.66537919157441
FOODS_3_723,CA_3,2013-06-22,32.0,32.9863772604227
FOODS_3_714,TX_2,2013-06-22,60.0,41.29261085156152
FOODS_3_099,TX_2,2013-06-22,27.0,22.57632839137024
FOODS_3_226,WI_1,2013-06-22,46.0,54.72881815302207
FOODS_3_586,CA_3,2013-06-22,80.0,86.13819407106256
FOODS_3_586,WI_3,2013-06-22,26.0,39.84449317845079
FOODS_3_030,TX_2,2013-06-22,30.0,24.964674525982556
FOODS_3_376,WI_3,2013-06-22,33.0,17.182051626731994
FOODS_3_007,WI_2,2013-06-22,68.0,3.413987147509676
FOODS_3_555,TX_3,2013-06-22,66.0,53.4062795635217
FOODS_3_555,WI_3,2013-06-22,21.0,27.57350458377508
FOODS_3_281,CA_3,2013-06-22,25.0,25.10364348854141
FOODS_3_252,TX_1,2013-06-22,52.0,54.68568936017002
FOODS_3_090,TX_2,2013-06-22,114.0,80.08869536360407
FOODS_3_681,WI_3,2013-06-22,16.0,45.84701974266584
FOODS_3_319,CA_3,2013-06-22,50.0,39.78295125613006
FOODS_3_711,CA_3,2013-06-22,10.0,19.87590037992204
FOODS_3_587,WI_3,2013-06-22,0.0,0.2691830225837491
FOODS_3_808,CA_1,2013-06-22,59.0,54.72689511764823
FOODS_3_318,WI_3,2013-06-22,32.0,31.59881202246971
HOUSEHOLD_1_118,CA_3,2013-06-22,14.0,23.64102473478987
FOODS_3_376,WI_2,2013-06-22,45.0,32.19376317233495
FOODS_3_491,CA_3,2013-06-22,32.0,27.49969390034317
FOODS_3_752,WI_3,2013-06-22,35.0,8.875682484125615
FOODS_3_694,WI_1,2013-06-22,31.0,35.33231284773557
FOODS_3_714,CA_1,2013-06-22,36.0,33.0940609329165
FOODS_2_360,WI_3,2013-06-22,10.0,14.829438252881268
FOODS_1_218,TX_2,2013-06-23,34.0,24.295079505141167
FOODS_2_197,CA_1,2013-06-23,33.0,25.481297321491247
FOODS_2_197,CA_3,2013-06-23,30.0,28.573370314478236
FOODS_2_244,CA_3,2013-06-23,19.0,22.11434128658535
FOODS_2_276,CA_3,2013-06-23,20.0,25.79699037174584
FOODS_2_360,CA_3,2013-06-23,20.0,18.745156798326963
FOODS_2_360,TX_3,2013-06-23,16.0,20.287047030047553
FOODS_2_360,WI_2,2013-06-23,35.0,30.867884167219785
FOODS_3_030,TX_3,2013-06-23,38.0,24.41604099532262
FOODS_3_080,CA_1,2013-06-23,18.0,26.892139780838292
FOODS_3_080,TX_2,2013-06-23,17.0,28.390183135257676
FOODS_3_090,CA_1,2013-06-23,65.0,110.04372584632169
FOODS_3_090,CA_2,2013-06-23,25.0,42.29541104366478
FOODS_3_090,CA_3,2013-06-23,225.0,250.67277435404318
FOODS_3_090,CA_4,2013-06-23,39.0,49.32112125154768
FOODS_3_090,TX_1,2013-06-23,73.0,75.37712524524174
FOODS_3_090,TX_3,2013-06-23,74.0,73.25877704614498
FOODS_3_090,WI_3,2013-06-23,81.0,71.35133644662746
FOODS_3_120,CA_1,2013-06-23,60.0,72.53272618153865
FOODS_3_120,CA_3,2013-06-23,57.0,51.666243698090526
FOODS_3_202,CA_3,2013-06-23,39.0,41.16815121390786
FOODS_3_202,TX_1,2013-06-23,29.0,34.4030743845748
FOODS_3_202,TX_2,2013-06-23,31.0,41.19629773889209
FOODS_3_202,TX_3,2013-06-23,48.0,36.63999094250631
FOODS_3_226,WI_2,2013-06-23,51.0,44.1686107265666
FOODS_3_226,WI_3,2013-06-23,50.0,56.78422871042675
FOODS_3_234,CA_3,2013-06-23,21.0,18.959808379930188
FOODS_3_234,WI_3,2013-06-23,3.0,17.9649856054888
FOODS_3_252,CA_1,2013-06-23,55.0,61.65065757695775
FOODS_3_252,CA_2,2013-06-23,42.0,37.818754256888404
FOODS_3_377,TX_2,2013-06-23,30.0,41.15705986356946
FOODS_3_377,TX_3,2013-06-23,45.0,43.69332148264326
FOODS_3_498,WI_3,2013-06-23,3.0,18.417566863090993
FOODS_3_501,CA_3,2013-06-23,52.0,28.110477498705745
FOODS_3_541,CA_1,2013-06-23,55.0,32.54199184707459
FOODS_3_541,WI_3,2013-06-23,45.0,24.046927627606067
FOODS_3_547,WI_3,2013-06-23,12.0,14.1272474698028
FOODS_3_555,TX_1,2013-06-23,49.0,53.62484235200966
FOODS_3_555,TX_2,2013-06-23,28.0,59.72984576022796
FOODS_3_586,CA_1,2013-06-23,65.0,59.38405427651881
FOODS_3_586,CA_2,2013-06-23,35.0,33.88645427285064
FOODS_3_586,TX_1,2013-06-23,72.0,63.91410398788028
FOODS_3_694,WI_3,2013-06-23,44.0,53.43136297113715
FOODS_3_714,CA_3,2013-06-23,27.0,33.264128580549745
FOODS_3_714,TX_1,2013-06-23,39.0,41.382355936656495
FOODS_3_714,TX_3,2013-06-23,55.0,33.47038436204788
FOODS_3_714,WI_3,2013-06-23,55.0,49.208108615026674
FOODS_3_723,WI_3,2013-06-23,27.0,21.067989447359704
FOODS_3_741,CA_1,2013-06-23,3.0,14.0585608343023
FOODS_3_764,CA_3,2013-06-23,44.0,37.44469738749279
FOODS_3_808,CA_3,2013-06-23,94.0,78.4708720507957
FOODS_3_252,CA_3,2013-06-23,46.0,53.4702504246013
FOODS_3_586,TX_3,2013-06-23,102.0,95.46908269747837
FOODS_3_635,CA_3,2013-06-23,102.0,94.55823388732793
FOODS_3_252,WI_3,2013-06-23,21.0,14.906446996827489
FOODS_3_635,WI_3,2013-06-23,36.0,27.081246289445815
FOODS_3_586,TX_2,2013-06-23,149.0,132.8609744835271
FOODS_3_681,CA_3,2013-06-23,29.0,34.2271777920363
FOODS_3_694,WI_2,2013-06-23,27.0,30.601476986862085
FOODS_3_318,CA_3,2013-06-23,16.0,40.72426606707192
FOODS_3_694,TX_1,2013-06-23,31.0,23.838745142390692
FOODS_3_587,CA_3,2013-06-23,3.0,6.2115917669849035
FOODS_3_252,TX_3,2013-06-23,64.0,59.6026814544416
FOODS_3_587,CA_1,2013-06-23,0.0,0.9838639859993431
FOODS_3_635,CA_1,2013-06-23,55.0,29.039446664406118
FOODS_3_099,TX_2,2013-06-23,27.0,23.49830421857884
FOODS_3_555,TX_3,2013-06-23,22.0,50.30457389152327
FOODS_3_491,CA_3,2013-06-23,14.0,26.775661253307987
FOODS_3_752,CA_3,2013-06-23,39.0,18.19511020574908
FOODS_3_711,CA_3,2013-06-23,20.0,18.594208900252756
FOODS_3_252,TX_2,2013-06-23,11.0,91.73180442630547
FOODS_3_376,WI_3,2013-06-23,38.0,18.27603979337818
FOODS_3_376,WI_2,2013-06-23,49.0,32.4939049037932
FOODS_3_586,CA_3,2013-06-23,90.0,88.15787732814961
FOODS_2_360,WI_3,2013-06-23,4.0,11.996719966486841
HOUSEHOLD_1_118,CA_3,2013-06-23,34.0,24.841709210541964
FOODS_3_694,WI_1,2013-06-23,35.0,29.37467805219704
FOODS_3_555,WI_3,2013-06-23,30.0,25.878914824201992
FOODS_3_752,WI_3,2013-06-23,1.0,14.25923167726748
FOODS_3_714,CA_1,2013-06-23,15.0,30.68630910127622
FOODS_3_252,TX_1,2013-06-23,54.0,53.98409615354015
FOODS_3_080,CA_3,2013-06-23,20.0,24.007106572505457
FOODS_3_541,CA_3,2013-06-23,119.0,92.38372179633951
FOODS_3_681,WI_3,2013-06-23,18.0,34.01476310747533
FOODS_3_808,CA_1,2013-06-23,53.0,60.3422068791013
FOODS_3_281,CA_3,2013-06-23,23.0,26.155396953730246
FOODS_3_723,CA_3,2013-06-23,15.0,31.726532155610027
FOODS_3_376,CA_3,2013-06-23,61.0,32.62139571254666
FOODS_3_804,CA_3,2013-06-23,39.0,28.97092434305702
FOODS_3_319,CA_3,2013-06-23,63.0,44.28770284927437
FOODS_3_555,CA_3,2013-06-23,32.0,39.232095549497565
FOODS_3_090,TX_2,2013-06-23,71.0,84.42592938916765
FOODS_3_586,WI_3,2013-06-23,38.0,32.73993513481658
FOODS_3_226,WI_1,2013-06-23,63.0,51.20586426384349
FOODS_3_714,TX_2,2013-06-23,64.0,38.35315716900863
FOODS_3_694,CA_3,2013-06-23,15.0,26.36455414871463
FOODS_3_030,TX_2,2013-06-23,20.0,22.996372213085802
FOODS_3_318,WI_3,2013-06-23,26.0,26.378663507523846
FOODS_3_007,WI_2,2013-06-23,67.0,21.814547478560613
FOODS_3_587,WI_3,2013-06-23,0.0,0.2932067708223696
FOODS_1_218,TX_2,2013-06-24,17.0,20.015197997227677
FOODS_2_197,CA_1,2013-06-24,47.0,19.589331104608313
FOODS_2_197,CA_3,2013-06-24,35.0,24.583833987110605
FOODS_2_244,CA_3,2013-06-24,31.0,19.682971772727957
FOODS_2_276,CA_3,2013-06-24,26.0,20.936994666207802
FOODS_2_360,CA_3,2013-06-24,9.0,17.628516860677063
FOODS_2_360,TX_3,2013-06-24,30.0,17.200340082292545
FOODS_2_360,WI_2,2013-06-24,49.0,23.733474616195714
FOODS_3_030,TX_3,2013-06-24,24.0,18.00057981752764
FOODS_3_080,CA_1,2013-06-24,8.0,20.36854018079677
FOODS_3_080,TX_2,2013-06-24,26.0,20.20754190634989
FOODS_3_090,CA_1,2013-06-24,39.0,74.96377389525186
FOODS_3_090,CA_2,2013-06-24,24.0,29.247520381844115
FOODS_3_090,CA_3,2013-06-24,131.0,203.35636602629515
FOODS_3_090,CA_4,2013-06-24,22.0,30.761626052554405
FOODS_3_090,TX_1,2013-06-24,41.0,59.468057933412844
FOODS_3_090,TX_3,2013-06-24,49.0,58.23843456622838
FOODS_3_090,WI_3,2013-06-24,53.0,57.09389904830301
FOODS_3_120,CA_1,2013-06-24,45.0,52.832921582252894
FOODS_3_120,CA_3,2013-06-24,61.0,55.21199915720854
FOODS_3_202,CA_3,2013-06-24,23.0,29.28949238185921
FOODS_3_202,TX_1,2013-06-24,19.0,22.3575124100235
FOODS_3_202,TX_2,2013-06-24,29.0,31.657709289904226
FOODS_3_202,TX_3,2013-06-24,20.0,25.20226946847201
FOODS_3_226,WI_2,2013-06-24,40.0,36.64087263573115
FOODS_3_226,WI_3,2013-06-24,53.0,42.254175693416954
FOODS_3_234,CA_3,2013-06-24,14.0,16.102415255071538
FOODS_3_234,WI_3,2013-06-24,6.0,13.754734982205752
FOODS_3_252,CA_1,2013-06-24,20.0,42.734771596939964
FOODS_3_252,CA_2,2013-06-24,14.0,26.37313728175792
FOODS_3_377,TX_2,2013-06-24,40.0,29.476908240601094
FOODS_3_377,TX_3,2013-06-24,31.0,34.884851806833105
FOODS_3_498,WI_3,2013-06-24,4.0,14.083411127067206
FOODS_3_501,CA_3,2013-06-24,8.0,24.649212617858442
FOODS_3_541,CA_1,2013-06-24,46.0,29.39702289943097
FOODS_3_541,WI_3,2013-06-24,16.0,22.507565227068547
FOODS_3_547,WI_3,2013-06-24,6.0,10.27463677792948
FOODS_3_555,TX_1,2013-06-24,31.0,40.76403506854152
FOODS_3_555,TX_2,2013-06-24,37.0,39.732737569818475
FOODS_3_586,CA_1,2013-06-24,25.0,41.333662752547994
FOODS_3_586,CA_2,2013-06-24,20.0,24.676771865884877
FOODS_3_586,TX_1,2013-06-24,46.0,51.423943444191266
FOODS_3_694,WI_3,2013-06-24,49.0,40.17556462788033
FOODS_3_714,CA_3,2013-06-24,9.0,24.227754994878907
FOODS_3_714,TX_3,2013-06-24,26.0,26.2621668536962
FOODS_3_714,WI_3,2013-06-24,36.0,36.53511169934155
FOODS_3_723,WI_3,2013-06-24,13.0,16.314477584706207
FOODS_3_741,CA_1,2013-06-24,6.0,12.279283136683084
FOODS_3_764,CA_3,2013-06-24,35.0,31.43008125183936
FOODS_3_808,CA_3,2013-06-24,94.0,66.53269771219207
FOODS_3_252,CA_3,2013-06-24,33.0,38.95026367547081
FOODS_3_586,TX_3,2013-06-24,78.0,76.46397277839667
FOODS_3_635,CA_3,2013-06-24,105.0,80.53788727156409
FOODS_3_252,WI_3,2013-06-24,19.0,12.945525107026251
FOODS_3_635,WI_3,2013-06-24,17.0,22.83048108728043
FOODS_3_586,TX_2,2013-06-24,92.0,100.69484818586918
FOODS_3_681,CA_3,2013-06-24,30.0,25.682332562130995
FOODS_3_694,WI_2,2013-06-24,28.0,24.551194449263264
FOODS_3_281,CA_3,2013-06-24,12.0,20.903446921357308
FOODS_3_318,CA_3,2013-06-24,15.0,25.616193512714194
FOODS_3_694,TX_1,2013-06-24,29.0,19.858181833931997
FOODS_3_587,CA_3,2013-06-24,4.0,5.389331845123837
FOODS_3_252,TX_3,2013-06-24,46.0,45.575620132709965
FOODS_3_587,CA_1,2013-06-24,0.0,0.5535820027246754
FOODS_3_635,CA_1,2013-06-24,27.0,27.72637531383937
FOODS_3_099,TX_2,2013-06-24,28.0,20.1245726509503
FOODS_3_319,CA_3,2013-06-24,46.0,37.997526108067184
FOODS_3_252,TX_1,2013-06-24,43.0,39.30578508907008
FOODS_3_226,WI_1,2013-06-24,46.0,40.49747483140527
FOODS_3_090,TX_2,2013-06-24,49.0,66.66793271969857
FOODS_3_723,CA_3,2013-06-24,15.0,23.307667612672507
FOODS_3_541,CA_3,2013-06-24,105.0,77.32490456682497
FOODS_3_376,CA_3,2013-06-24,43.0,29.979665053750526
FOODS_3_804,CA_3,2013-06-24,20.0,24.420778137493038
FOODS_3_714,TX_2,2013-06-24,27.0,28.641100691175822
FOODS_3_586,WI_3,2013-06-24,28.0,27.31373351057208
FOODS_2_360,WI_3,2013-06-24,9.0,10.506932977578815
FOODS_3_587,WI_3,2013-06-24,0.0,0.02724121110087238
FOODS_3_586,CA_3,2013-06-24,54.0,67.65509808366367
FOODS_3_376,WI_3,2013-06-24,34.0,17.061840949322345
FOODS_3_752,WI_3,2013-06-24,6.0,19.18568317371847
FOODS_3_714,TX_1,2013-06-24,20.0,33.158971919176075
FOODS_3_711,CA_3,2013-06-24,20.0,19.06831463471168
FOODS_3_714,CA_1,2013-06-24,11.0,20.835392271605528
FOODS_3_030,TX_2,2013-06-24,17.0,16.579173182631763
FOODS_3_376,WI_2,2013-06-24,39.0,28.199955130302968
FOODS_3_318,WI_3,2013-06-24,22.0,21.0154666621151
FOODS_3_252,TX_2,2013-06-24,43.0,62.45626889148905
FOODS_3_681,WI_3,2013-06-24,14.0,20.772212948922213
FOODS_3_007,WI_2,2013-06-24,37.0,22.407980665102894
FOODS_3_752,CA_3,2013-06-24,35.0,19.478344706703393
FOODS_3_555,CA_3,2013-06-24,25.0,27.924526608444665
FOODS_3_555,WI_3,2013-06-24,24.0,21.567064620576325
FOODS_3_808,CA_1,2013-06-24,39.0,42.51784767004979
FOODS_3_694,CA_3,2013-06-24,21.0,21.237618858492525
FOODS_3_555,TX_3,2013-06-24,5.0,35.09001055075762
FOODS_3_080,CA_3,2013-06-24,19.0,18.522354794908104
FOODS_3_694,WI_1,2013-06-24,21.0,23.19629043204207
HOUSEHOLD_1_118,CA_3,2013-06-24,23.0,21.20349530881681
FOODS_3_491,CA_3,2013-06-24,5.0,20.49366272562838
FOODS_1_218,TX_2,2013-06-25,27.0,19.546348853756506
FOODS_2_197,CA_1,2013-06-25,19.0,18.67680767604304
FOODS_2_197,CA_3,2013-06-25,23.0,22.173383329910287
FOODS_2_244,CA_3,2013-06-25,18.0,17.084215571504153
FOODS_2_276,CA_3,2013-06-25,13.0,18.89461474431833
FOODS_2_360,CA_3,2013-06-25,17.0,16.807572281015542
FOODS_2_360,TX_3,2013-06-25,22.0,18.280086283936
FOODS_2_360,WI_2,2013-06-25,37.0,26.89119129841144
FOODS_3_030,TX_3,2013-06-25,22.0,17.085358418687655
FOODS_3_080,CA_1,2013-06-25,6.0,17.742419213849143
FOODS_3_080,TX_2,2013-06-25,24.0,20.397087926751272
FOODS_3_090,CA_1,2013-06-25,66.0,59.521356313792246
FOODS_3_090,CA_2,2013-06-25,26.0,25.27720641415922
FOODS_3_090,CA_3,2013-06-25,145.0,184.59799847838943
FOODS_3_090,CA_4,2013-06-25,45.0,26.69613064355063
FOODS_3_090,TX_1,2013-06-25,23.0,53.99595222579587
FOODS_3_090,TX_2,2013-06-25,72.0,52.18289816545799
FOODS_3_090,TX_3,2013-06-25,90.0,51.43734134169252
FOODS_3_090,WI_3,2013-06-25,20.0,50.46460313817017
FOODS_3_120,CA_1,2013-06-25,55.0,44.39200567307965
FOODS_3_120,CA_3,2013-06-25,55.0,44.012386259334164
FOODS_3_202,CA_3,2013-06-25,18.0,24.073898248784623
FOODS_3_202,TX_1,2013-06-25,24.0,17.959376057699092
FOODS_3_202,TX_2,2013-06-25,21.0,26.239223360996682
FOODS_3_202,TX_3,2013-06-25,23.0,21.62964728536703
FOODS_3_226,WI_2,2013-06-25,33.0,36.84896531054722
FOODS_3_226,WI_3,2013-06-25,44.0,42.3551828244567
FOODS_3_234,WI_3,2013-06-25,2.0,13.387031400457904
FOODS_3_252,CA_1,2013-06-25,36.0,36.924617023131056
FOODS_3_252,CA_2,2013-06-25,23.0,21.441172914046437
FOODS_3_377,TX_2,2013-06-25,28.0,27.963172917459374
FOODS_3_377,TX_3,2013-06-25,30.0,29.708851125992645
FOODS_3_498,WI_3,2013-06-25,6.0,11.648642156072027
FOODS_3_501,CA_3,2013-06-25,18.0,22.44797414338705
FOODS_3_541,CA_1,2013-06-25,16.0,28.60275606314442
FOODS_3_541,WI_3,2013-06-25,12.0,19.292959621342984
FOODS_3_547,WI_3,2013-06-25,10.0,9.919998921122435
FOODS_3_555,TX_1,2013-06-25,30.0,36.85301281039342
FOODS_3_555,TX_2,2013-06-25,39.0,37.52662664139087
FOODS_3_586,CA_1,2013-06-25,31.0,36.01688973664629
FOODS_3_586,CA_2,2013-06-25,25.0,21.555388012727725
FOODS_3_586,TX_1,2013-06-25,49.0,49.73612833267035
FOODS_3_694,WI_3,2013-06-25,35.0,39.10232004088929
FOODS_3_714,CA_3,2013-06-25,27.0,20.69524119016761
FOODS_3_714,TX_3,2013-06-25,14.0,24.51198409617916
FOODS_3_714,WI_3,2013-06-25,33.0,33.77096884167027
FOODS_3_723,WI_3,2013-06-25,6.0,15.377261521216939
FOODS_3_741,CA_1,2013-06-25,7.0,10.542072855050344
FOODS_3_764,CA_3,2013-06-25,27.0,29.953030571394827
FOODS_3_808,CA_3,2013-06-25,91.0,61.46196865359821
FOODS_3_252,CA_3,2013-06-25,35.0,33.784963503831214
FOODS_3_586,TX_3,2013-06-25,48.0,65.57109042783017
FOODS_3_635,CA_3,2013-06-25,106.0,66.07403163985953
FOODS_3_252,WI_3,2013-06-25,16.0,12.667136108513574
FOODS_3_635,WI_3,2013-06-25,15.0,20.257128553451082
FOODS_3_586,TX_2,2013-06-25,109.0,89.12279969536291
FOODS_3_681,CA_3,2013-06-25,34.0,22.77492111538311
FOODS_3_694,WI_2,2013-06-25,28.0,24.66567688766013
FOODS_3_281,CA_3,2013-06-25,13.0,20.220962066421514
FOODS_3_318,CA_3,2013-06-25,17.0,20.614427588903744
FOODS_3_694,TX_1,2013-06-25,14.0,18.875451042532553
FOODS_3_252,TX_3,2013-06-25,16.0,41.61115649496373
FOODS_3_587,CA_1,2013-06-25,0.0,0.0
FOODS_3_635,CA_1,2013-06-25,17.0,26.036189569926147
FOODS_3_080,CA_3,2013-06-25,23.0,18.33205406035813
FOODS_3_234,CA_3,2013-06-25,7.0,15.502165516320222
FOODS_3_555,CA_3,2013-06-25,23.0,26.613794191200864
FOODS_3_694,CA_3,2013-06-25,20.0,19.799135551175343
FOODS_3_318,WI_3,2013-06-25,19.0,19.578150977711033
FOODS_3_587,CA_3,2013-06-25,2.0,5.282706903725787
HOUSEHOLD_1_118,CA_3,2013-06-25,11.0,19.61716988859249
FOODS_3_555,TX_3,2013-06-25,27.0,30.475375803926706
FOODS_3_376,CA_3,2013-06-25,28.0,31.61974211958064
FOODS_3_804,CA_3,2013-06-25,19.0,22.736722111750183
FOODS_3_752,WI_3,2013-06-25,9.0,11.997540757001213
FOODS_3_714,CA_1,2013-06-25,18.0,17.805213344418675
FOODS_3_714,TX_1,2013-06-25,35.0,25.896103413591195
FOODS_3_714,TX_2,2013-06-25,24.0,27.20125278680347
FOODS_3_030,TX_2,2013-06-25,8.0,15.36052707366727
FOODS_3_491,CA_3,2013-06-25,24.0,18.432990320931808
FOODS_3_587,WI_3,2013-06-25,0.0,0.0
FOODS_3_681,WI_3,2013-06-25,11.0,17.435207035826675
FOODS_3_586,WI_3,2013-06-25,39.0,21.871253152831468
FOODS_3_252,TX_1,2013-06-25,30.0,34.81708806112057
FOODS_3_376,WI_3,2013-06-25,34.0,18.366295765557627
FOODS_3_711,CA_3,2013-06-25,53.0,16.770842889151922
FOODS_3_555,WI_3,2013-06-25,23.0,20.63110031659653
FOODS_3_808,CA_1,2013-06-25,13.0,36.57631955257121
FOODS_3_723,CA_3,2013-06-25,14.0,21.821430908864457
FOODS_3_752,CA_3,2013-06-25,13.0,19.592874718630828
FOODS_3_226,WI_1,2013-06-25,28.0,38.22940542027541
FOODS_3_694,WI_1,2013-06-25,19.0,22.04491099468967
FOODS_3_252,TX_2,2013-06-25,52.0,47.03509122571058
FOODS_3_541,CA_3,2013-06-25,121.0,71.43649147771168
FOODS_3_319,CA_3,2013-06-25,24.0,36.84004716043879
FOODS_2_360,WI_3,2013-06-25,10.0,10.568607167528395
FOODS_3_099,TX_2,2013-06-25,18.0,19.28019630993656
FOODS_3_586,CA_3,2013-06-25,67.0,59.22823294557589
FOODS_3_007,WI_2,2013-06-25,29.0,14.193666392224689
FOODS_3_376,WI_2,2013-06-25,25.0,28.95725897426919
FOODS_1_218,TX_2,2013-06-26,27.0,20.325552822250447
FOODS_2_197,CA_1,2013-06-26,19.0,18.4116343800071
FOODS_2_197,CA_3,2013-06-26,8.0,21.99634514748004
FOODS_2_276,CA_3,2013-06-26,15.0,18.59485648580766
FOODS_2_360,CA_3,2013-06-26,7.0,16.401031093047802
FOODS_2_360,TX_3,2013-06-26,11.0,17.3376754566741
FOODS_2_360,WI_2,2013-06-26,30.0,26.622348487256577
FOODS_3_030,TX_3,2013-06-26,12.0,17.80194000657978
FOODS_3_080,CA_1,2013-06-26,18.0,17.14836163974644
FOODS_3_080,TX_2,2013-06-26,19.0,20.088435058395884
FOODS_3_090,CA_1,2013-06-26,63.0,56.821078190795475
FOODS_3_090,CA_2,2013-06-26,11.0,25.359287452121997
FOODS_3_090,CA_3,2013-06-26,169.0,153.1603636967657
FOODS_3_090,CA_4,2013-06-26,28.0,29.123556556112316
FOODS_3_090,TX_1,2013-06-26,28.0,48.84424502986931
FOODS_3_090,TX_2,2013-06-26,55.0,55.359694128771416
FOODS_3_090,TX_3,2013-06-26,57.0,56.993604748446145
FOODS_3_090,WI_3,2013-06-26,45.0,48.347864450158724
FOODS_3_120,CA_1,2013-06-26,83.0,39.870723654929684
FOODS_3_120,CA_3,2013-06-26,38.0,43.821359333246086
FOODS_3_202,CA_3,2013-06-26,23.0,23.418006413672874
FOODS_3_202,TX_1,2013-06-26,15.0,21.209664844720738
FOODS_3_202,TX_2,2013-06-26,20.0,25.919427269663725
FOODS_3_202,TX_3,2013-06-26,19.0,21.538423041418454
FOODS_3_226,WI_2,2013-06-26,30.0,40.35386739240415
FOODS_3_226,WI_3,2013-06-26,41.0,46.199703063701435
FOODS_3_234,WI_3,2013-06-26,11.0,11.604544476837567
FOODS_3_252,CA_1,2013-06-26,62.0,37.146034971294824
FOODS_3_252,CA_2,2013-06-26,21.0,22.229531717986053
FOODS_3_377,TX_2,2013-06-26,24.0,29.06702162297683
FOODS_3_377,TX_3,2013-06-26,42.0,30.15713449754398
FOODS_3_498,WI_3,2013-06-26,2.0,9.72431718004624
FOODS_3_501,CA_3,2013-06-26,17.0,22.004045159725553
FOODS_3_541,CA_1,2013-06-26,47.0,26.95948359607864
FOODS_3_541,WI_3,2013-06-26,8.0,16.755540269714146
FOODS_3_547,WI_3,2013-06-26,7.0,10.325235881011492
FOODS_3_555,TX_1,2013-06-26,38.0,37.08574362440193
FOODS_3_555,TX_2,2013-06-26,28.0,37.793223947419484
FOODS_3_586,CA_1,2013-06-26,32.0,35.50575293761166
FOODS_3_586,CA_2,2013-06-26,35.0,21.45223208713431
FOODS_3_586,TX_1,2013-06-26,55.0,48.57947302521947
FOODS_3_694,WI_3,2013-06-26,29.0,41.70138715728488
FOODS_3_714,CA_1,2013-06-26,28.0,18.544002048642582
FOODS_3_714,CA_3,2013-06-26,19.0,20.762631181279026
FOODS_3_714,TX_3,2013-06-26,39.0,22.295642289231882
FOODS_3_714,WI_3,2013-06-26,20.0,34.82158184205515
FOODS_3_723,WI_3,2013-06-26,14.0,15.083310049726347
FOODS_3_741,CA_1,2013-06-26,7.0,10.082267536333802
FOODS_3_764,CA_3,2013-06-26,24.0,27.66350036432077
FOODS_3_808,CA_3,2013-06-26,68.0,59.04717163834348
FOODS_3_252,CA_3,2013-06-26,40.0,34.39516937942264
FOODS_3_586,TX_3,2013-06-26,50.0,62.04382192874187
FOODS_3_635,CA_3,2013-06-26,125.0,64.51763178455164
FOODS_3_252,WI_3,2013-06-26,15.0,13.364872373994483
FOODS_3_635,WI_3,2013-06-26,9.0,19.198254026331423
FOODS_3_586,TX_2,2013-06-26,104.0,91.9091079227289
FOODS_3_681,CA_3,2013-06-26,25.0,23.785247324384837
FOODS_3_694,WI_2,2013-06-26,28.0,26.64006767439627
FOODS_3_281,CA_3,2013-06-26,17.0,19.309618620983475
FOODS_3_318,CA_3,2013-06-26,13.0,20.322907978508105
FOODS_3_694,TX_1,2013-06-26,13.0,19.001528664623176
FOODS_3_007,WI_2,2013-06-26,0.0,22.243393300513496
FOODS_3_252,TX_3,2013-06-26,47.0,39.30618499115651
FOODS_3_587,CA_1,2013-06-26,0.0,0.0
FOODS_3_635,CA_1,2013-06-26,22.0,25.7648182288769
FOODS_3_714,TX_1,2013-06-26,38.0,25.98240963846415
FOODS_3_491,CA_3,2013-06-26,21.0,18.59449535641443
FOODS_3_752,CA_3,2013-06-26,24.0,20.398687793276363
FOODS_3_711,CA_3,2013-06-26,13.0,19.48598152998954
FOODS_3_252,TX_2,2013-06-26,62.0,45.0164819099506
FOODS_3_723,CA_3,2013-06-26,19.0,22.53366394039963
FOODS_3_376,WI_2,2013-06-26,33.0,28.300048250819746
FOODS_3_555,CA_3,2013-06-26,31.0,26.07746939262841
FOODS_3_376,WI_3,2013-06-26,30.0,20.78696328931698
FOODS_3_586,CA_3,2013-06-26,81.0,59.11992224416565
FOODS_2_360,WI_3,2013-06-26,19.0,10.622074205870998
HOUSEHOLD_1_118,CA_3,2013-06-26,24.0,19.58208245967517
FOODS_3_694,WI_1,2013-06-26,19.0,21.863631327372598
FOODS_3_586,WI_3,2013-06-26,30.0,25.037064592601297
FOODS_3_234,CA_3,2013-06-26,7.0,14.992240132714976
FOODS_2_244,CA_3,2013-06-26,11.0,16.82207832404766
FOODS_3_587,WI_3,2013-06-26,0.0,0.0
FOODS_3_318,WI_3,2013-06-26,13.0,17.825326582955025
FOODS_3_694,CA_3,2013-06-26,27.0,20.060253897052522
FOODS_3_681,WI_3,2013-06-26,8.0,16.85619906149472
FOODS_3_099,TX_2,2013-06-26,18.0,18.8870469380576
FOODS_3_752,WI_3,2013-06-26,12.0,18.634534329082996
FOODS_3_808,CA_1,2013-06-26,55.0,34.96809715317692
FOODS_3_080,CA_3,2013-06-26,17.0,18.34184930155405
FOODS_3_376,CA_3,2013-06-26,31.0,30.750664487983304
FOODS_3_555,WI_3,2013-06-26,25.0,22.129515220003093
FOODS_3_555,TX_3,2013-06-26,46.0,30.33412781365445
FOODS_3_804,CA_3,2013-06-26,17.0,23.888236639635
FOODS_3_319,CA_3,2013-06-26,32.0,37.739835015209444
FOODS_3_714,TX_2,2013-06-26,27.0,27.77249054174097
FOODS_3_030,TX_2,2013-06-26,13.0,15.91375641807556
FOODS_3_587,CA_3,2013-06-26,5.0,5.134975232314639
FOODS_3_226,WI_1,2013-06-26,32.0,38.034699142948256
FOODS_3_252,TX_1,2013-06-26,31.0,35.448524810015535
FOODS_3_541,CA_3,2013-06-26,78.0,67.19958768502018
FOODS_1_218,TX_2,2013-06-27,22.0,20.89138064353137
FOODS_2_197,CA_1,2013-06-27,17.0,18.412453165960738
FOODS_2_197,CA_3,2013-06-27,13.0,20.898789857994828
FOODS_2_276,CA_3,2013-06-27,12.0,18.02253768263933
FOODS_2_360,CA_3,2013-06-27,33.0,17.91990606706984
FOODS_2_360,TX_3,2013-06-27,15.0,17.357612816134353
FOODS_2_360,WI_2,2013-06-27,22.0,27.13624198466286
FOODS_3_030,TX_3,2013-06-27,11.0,18.083222293218295
FOODS_3_080,CA_1,2013-06-27,18.0,18.378285273460232
FOODS_3_080,TX_2,2013-06-27,17.0,20.195193732758483
FOODS_3_090,CA_1,2013-06-27,47.0,57.673596255633534
FOODS_3_090,CA_2,2013-06-27,27.0,24.40411401171624
FOODS_3_090,CA_3,2013-06-27,176.0,135.02593867303125
FOODS_3_090,CA_4,2013-06-27,26.0,30.143514508893183
FOODS_3_090,TX_1,2013-06-27,32.0,44.31309465650913
FOODS_3_090,TX_2,2013-06-27,46.0,57.60686212473078
FOODS_3_090,TX_3,2013-06-27,45.0,57.82778558054102
FOODS_3_090,WI_3,2013-06-27,47.0,51.49169144041923
FOODS_3_120,CA_1,2013-06-27,66.0,43.48804679623067
FOODS_3_120,CA_3,2013-06-27,61.0,42.03882420672125
FOODS_3_202,CA_3,2013-06-27,27.0,24.51311786452398
FOODS_3_202,TX_1,2013-06-27,19.0,17.629327414929104
FOODS_3_202,TX_2,2013-06-27,15.0,24.841035295591098
FOODS_3_202,TX_3,2013-06-27,24.0,21.808454266288475
FOODS_3_226,WI_2,2013-06-27,55.0,37.8742349615301
FOODS_3_226,WI_3,2013-06-27,60.0,42.994924745639885
FOODS_3_234,WI_3,2013-06-27,25.0,11.048597957067242
FOODS_3_252,CA_1,2013-06-27,83.0,38.67638806267353
FOODS_3_252,CA_2,2013-06-27,37.0,22.41445363599689
FOODS_3_377,TX_2,2013-06-27,48.0,28.090073034132843
FOODS_3_377,TX_3,2013-06-27,29.0,32.0304318426604
FOODS_3_498,WI_3,2013-06-27,1.0,9.238955381721302
FOODS_3_501,CA_3,2013-06-27,36.0,22.216425074395282
FOODS_3_541,CA_1,2013-06-27,41.0,28.447171010636353
FOODS_3_541,WI_3,2013-06-27,7.0,15.61762799492969
FOODS_3_547,WI_3,2013-06-27,2.0,10.486683617373751
FOODS_3_555,TX_1,2013-06-27,28.0,37.21880323886797
FOODS_3_555,TX_2,2013-06-27,32.0,40.05383822816144
FOODS_3_586,CA_1,2013-06-27,39.0,36.122350213994515
FOODS_3_586,CA_2,2013-06-27,34.0,23.232084876461617
FOODS_3_586,TX_1,2013-06-27,48.0,49.095097760781975
FOODS_3_694,WI_3,2013-06-27,36.0,41.174270999776354
FOODS_3_714,CA_1,2013-06-27,22.0,18.969627650948333
FOODS_3_714,CA_3,2013-06-27,35.0,21.19179472193514
FOODS_3_714,TX_3,2013-06-27,31.0,24.544305510149208
FOODS_3_714,WI_3,2013-06-27,29.0,35.6809754766338
FOODS_3_723,WI_3,2013-06-27,14.0,15.712255782458886
FOODS_3_741,CA_1,2013-06-27,9.0,9.79597183097638
FOODS_3_764,CA_3,2013-06-27,33.0,25.809856782229364
FOODS_3_808,CA_3,2013-06-27,73.0,63.17024142679263
FOODS_3_252,CA_3,2013-06-27,52.0,35.81362195288076
FOODS_3_586,TX_3,2013-06-27,77.0,67.15423394655748
FOODS_3_635,CA_3,2013-06-27,127.0,70.36934515946385
FOODS_3_252,WI_3,2013-06-27,11.0,14.0498159795778
FOODS_3_635,WI_3,2013-06-27,7.0,18.990543784718987
FOODS_3_586,TX_2,2013-06-27,103.0,97.82293907394943
FOODS_3_681,CA_3,2013-06-27,26.0,25.49298057429758
FOODS_3_694,WI_2,2013-06-27,31.0,25.71430052157393
FOODS_3_281,CA_3,2013-06-27,24.0,20.214849299921546
FOODS_3_318,CA_3,2013-06-27,37.0,19.580694056824484
FOODS_3_694,TX_1,2013-06-27,20.0,19.409959046498063
FOODS_3_007,WI_2,2013-06-27,0.0,21.54432450304152
FOODS_3_252,TX_3,2013-06-27,43.0,40.91660468440896
FOODS_3_587,CA_1,2013-06-27,0.0,0.0
FOODS_3_635,CA_1,2013-06-27,24.0,25.49478700400688
FOODS_3_234,CA_3,2013-06-27,26.0,15.048946137450299
FOODS_3_587,CA_3,2013-06-27,2.0,4.825237828563151
FOODS_3_099,TX_2,2013-06-27,17.0,18.81122592542379
FOODS_3_555,TX_3,2013-06-27,33.0,31.990437058206403
FOODS_3_319,CA_3,2013-06-27,22.0,33.299065223781085
FOODS_3_252,TX_1,2013-06-27,35.0,34.99617411402381
FOODS_3_714,TX_1,2013-06-27,35.0,27.994790078069734
FOODS_3_226,WI_1,2013-06-27,42.0,38.09016211340324
FOODS_3_318,WI_3,2013-06-27,15.0,18.159975586420593
FOODS_3_541,CA_3,2013-06-27,109.0,68.72594495741455
FOODS_3_376,CA_3,2013-06-27,33.0,30.4656645308323
FOODS_3_804,CA_3,2013-06-27,41.0,23.219621253178033
FOODS_3_711,CA_3,2013-06-27,5.0,18.750125861230003
FOODS_3_555,WI_3,2013-06-27,28.0,22.337731915087893
FOODS_3_491,CA_3,2013-06-27,31.0,19.95726008426124
FOODS_3_752,CA_3,2013-06-27,30.0,19.88110121156681
FOODS_3_252,TX_2,2013-06-27,38.0,47.336239748968964
FOODS_3_586,WI_3,2013-06-27,27.0,25.174332672932483
FOODS_3_080,CA_3,2013-06-27,18.0,18.975111446210455
HOUSEHOLD_1_118,CA_3,2013-06-27,27.0,19.58619238113173
FOODS_3_376,WI_2,2013-06-27,25.0,28.919050325021647
FOODS_2_244,CA_3,2013-06-27,11.0,16.86855649240162
FOODS_3_587,WI_3,2013-06-27,0.0,0.0
FOODS_3_681,WI_3,2013-06-27,14.0,18.226770877055852
FOODS_3_808,CA_1,2013-06-27,42.0,34.02924125859114
FOODS_3_694,CA_3,2013-06-27,19.0,21.356762582750438
FOODS_3_723,CA_3,2013-06-27,21.0,22.5106636853026
FOODS_3_714,TX_2,2013-06-27,50.0,28.97079607629474
FOODS_2_360,WI_3,2013-06-27,2.0,10.810952499945392
FOODS_3_376,WI_3,2013-06-27,29.0,21.604294564909942
FOODS_3_586,CA_3,2013-06-27,75.0,62.23699443798652
FOODS_3_030,TX_2,2013-06-27,15.0,16.58002374220513
FOODS_3_555,CA_3,2013-06-27,25.0,26.682149620963997
FOODS_3_752,WI_3,2013-06-27,0.0,20.571363027943487
FOODS_3_694,WI_1,2013-06-27,24.0,22.026476839370666
FOODS_1_218,TX_2,2013-06-28,22.0,24.51324758886284
FOODS_2_197,CA_1,2013-06-28,24.0,20.326846230948334
FOODS_2_197,CA_3,2013-06-28,27.0,21.803532880589085
FOODS_2_276,CA_3,2013-06-28,18.0,17.153560635679533
FOODS_2_360,CA_3,2013-06-28,19.0,19.155468098681354
FOODS_2_360,TX_3,2013-06-28,16.0,18.693429610959846
FOODS_2_360,WI_2,2013-06-28,12.0,30.950179176547987
FOODS_3_030,TX_3,2013-06-28,45.0,20.369450982496602
FOODS_3_080,CA_1,2013-06-28,24.0,20.873835382190613
FOODS_3_080,TX_2,2013-06-28,24.0,23.156155561152136
FOODS_3_090,CA_1,2013-06-28,134.0,87.32509903253303
FOODS_3_090,CA_2,2013-06-28,36.0,36.01168285150505
FOODS_3_090,CA_3,2013-06-28,231.0,153.70557519505192
FOODS_3_090,CA_4,2013-06-28,34.0,43.35905669260993
FOODS_3_090,TX_1,2013-06-28,41.0,53.42712444264374
FOODS_3_090,TX_2,2013-06-28,76.0,67.94467982202484
FOODS_3_090,TX_3,2013-06-28,23.0,75.12913991649158
FOODS_3_090,WI_3,2013-06-28,57.0,69.29126779652277
FOODS_3_120,CA_1,2013-06-28,87.0,54.600367539195624
FOODS_3_120,CA_3,2013-06-28,57.0,48.5792392142252
FOODS_3_202,CA_3,2013-06-28,32.0,28.363391636292462
FOODS_3_202,TX_1,2013-06-28,23.0,23.46630952552753
FOODS_3_202,TX_2,2013-06-28,23.0,27.675308810123237
FOODS_3_202,TX_3,2013-06-28,21.0,25.948010039076014
FOODS_3_226,WI_2,2013-06-28,53.0,50.20546644957951
FOODS_3_226,WI_3,2013-06-28,54.0,60.410466810515
FOODS_3_234,WI_3,2013-06-28,5.0,12.650291605762273
FOODS_3_252,CA_1,2013-06-28,94.0,51.41790718561927
FOODS_3_252,CA_2,2013-06-28,52.0,30.213830487257642
FOODS_3_377,TX_2,2013-06-28,42.0,37.19806883258343
FOODS_3_377,TX_3,2013-06-28,48.0,39.54134056793332
FOODS_3_498,WI_3,2013-06-28,5.0,8.477085873501832
FOODS_3_501,CA_3,2013-06-28,33.0,24.61669959155965
FOODS_3_541,CA_1,2013-06-28,61.0,31.652008444286714
FOODS_3_541,WI_3,2013-06-28,26.0,14.630730754307013
FOODS_3_547,WI_3,2013-06-28,5.0,10.55078060391944
FOODS_3_555,TX_1,2013-06-28,29.0,45.01847434003155
FOODS_3_555,TX_2,2013-06-28,37.0,44.56039501996105
FOODS_3_586,CA_1,2013-06-28,73.0,45.41997089040041
FOODS_3_586,CA_2,2013-06-28,34.0,30.371296085306618
FOODS_3_586,TX_1,2013-06-28,55.0,55.97827300056352
FOODS_3_694,WI_3,2013-06-28,50.0,49.786207422192504
FOODS_3_714,CA_1,2013-06-28,41.0,24.967106251955233
FOODS_3_714,CA_3,2013-06-28,43.0,26.26186535638645
FOODS_3_714,TX_3,2013-06-28,33.0,31.37463217604704
FOODS_3_714,WI_3,2013-06-28,31.0,41.03938755764935
FOODS_3_723,WI_3,2013-06-28,23.0,20.460059749416867
FOODS_3_741,CA_1,2013-06-28,4.0,10.428348195462126
FOODS_3_764,CA_3,2013-06-28,19.0,29.10686567662439
FOODS_3_252,CA_3,2013-06-28,86.0,47.558088680251146
FOODS_3_586,TX_3,2013-06-28,80.0,81.16002950265458
FOODS_3_635,CA_3,2013-06-28,129.0,79.85423375393718
FOODS_3_252,WI_3,2013-06-28,15.0,16.58070069492131
FOODS_3_635,WI_3,2013-06-28,38.0,18.20261510272758
FOODS_3_586,TX_2,2013-06-28,92.0,113.72097222303468
FOODS_3_681,CA_3,2013-06-28,31.0,35.47882319091229
FOODS_3_694,WI_2,2013-06-28,33.0,34.3739393884583
FOODS_3_281,CA_3,2013-06-28,19.0,21.4542072197976
FOODS_3_318,CA_3,2013-06-28,25.0,27.101108534436918
FOODS_3_694,TX_1,2013-06-28,12.0,24.019867821054294
FOODS_3_007,WI_2,2013-06-28,0.0,22.609068206272458
FOODS_3_252,TX_3,2013-06-28,60.0,50.85579698309821
FOODS_3_587,CA_1,2013-06-28,0.0,0.1094157508203894
FOODS_3_635,CA_1,2013-06-28,22.0,28.435927989036976
FOODS_3_234,CA_3,2013-06-28,30.0,18.003291619746076
FOODS_3_080,CA_3,2013-06-28,18.0,21.35729087728924
FOODS_3_491,CA_3,2013-06-28,24.0,21.58719981363881
FOODS_3_555,CA_3,2013-06-28,40.0,31.53933971546395
FOODS_3_252,TX_2,2013-06-28,86.0,54.2666329034458
FOODS_3_586,CA_3,2013-06-28,61.0,77.52786433955087
HOUSEHOLD_1_118,CA_3,2013-06-28,22.0,20.67098694626844
FOODS_3_694,WI_1,2013-06-28,26.0,28.68787620757667
FOODS_2_360,WI_3,2013-06-28,10.0,15.396957829196623
FOODS_3_587,CA_3,2013-06-28,5.0,7.336877960943027
FOODS_3_752,CA_3,2013-06-28,14.0,25.734965133059156
FOODS_3_555,TX_3,2013-06-28,46.0,39.48308142545836
FOODS_3_099,TX_2,2013-06-28,22.0,17.60521095417471
FOODS_3_541,CA_3,2013-06-28,201.0,70.19062299673085
FOODS_3_376,CA_3,2013-06-28,33.0,33.500303758933946
FOODS_3_555,WI_3,2013-06-28,21.0,26.538790096245073
FOODS_3_587,WI_3,2013-06-28,0.0,0.0
FOODS_3_376,WI_3,2013-06-28,36.0,25.291852953193093
FOODS_3_318,WI_3,2013-06-28,27.0,24.28686703744626
FOODS_3_714,TX_2,2013-06-28,13.0,39.088112693541476
FOODS_3_808,CA_3,2013-06-28,184.0,68.93870849295276
FOODS_3_711,CA_3,2013-06-28,35.0,18.21749247924737
FOODS_2_244,CA_3,2013-06-28,13.0,15.949534688504363
FOODS_3_586,WI_3,2013-06-28,38.0,34.861229991015044
FOODS_3_723,CA_3,2013-06-28,39.0,30.779102998394855
FOODS_3_808,CA_1,2013-06-28,84.0,39.722308815977115
FOODS_3_376,WI_2,2013-06-28,33.0,30.563978575895558
FOODS_3_804,CA_3,2013-06-28,29.0,30.659184084364888
FOODS_3_694,CA_3,2013-06-28,35.0,24.368082834309376
FOODS_3_752,WI_3,2013-06-28,6.0,14.00043935778755
FOODS_3_714,TX_1,2013-06-28,35.0,38.095787134046496
FOODS_3_030,TX_2,2013-06-28,23.0,18.977148159235377
FOODS_3_319,CA_3,2013-06-28,49.0,33.489993403249954
FOODS_3_226,WI_1,2013-06-28,47.0,49.63227434560703
FOODS_3_681,WI_3,2013-06-28,14.0,21.56846559769807
FOODS_3_252,TX_1,2013-06-28,46.0,41.5831113797212
FOODS_1_218,TX_2,2013-06-29,19.0,29.434823476308267
FOODS_2_197,CA_1,2013-06-29,33.0,26.68393821098804
FOODS_2_197,CA_3,2013-06-29,26.0,26.086014057131933
FOODS_2_276,CA_3,2013-06-29,20.0,22.155766407374106
FOODS_2_360,CA_3,2013-06-29,13.0,19.649144810920316
FOODS_2_360,TX_3,2013-06-29,10.0,20.656418429965356
FOODS_2_360,WI_2,2013-06-29,25.0,31.335182419403946
FOODS_3_030,TX_3,2013-06-29,26.0,26.205499359787176
FOODS_3_080,CA_1,2013-06-29,31.0,25.287128187896954
FOODS_3_080,CA_3,2013-06-29,23.0,24.104152966412762
FOODS_3_080,TX_2,2013-06-29,29.0,26.525200766387353
FOODS_3_090,CA_1,2013-06-29,88.0,105.08543299549864
FOODS_3_090,CA_3,2013-06-29,324.0,219.9510273502248
FOODS_3_090,CA_4,2013-06-29,36.0,44.330825378086324
FOODS_3_090,TX_1,2013-06-29,44.0,59.87391421197194
FOODS_3_090,TX_2,2013-06-29,148.0,93.58614290614997
FOODS_3_090,TX_3,2013-06-29,72.0,76.4298004215102
FOODS_3_090,WI_3,2013-06-29,85.0,70.02865548634745
FOODS_3_120,CA_1,2013-06-29,112.0,82.24216796485567
FOODS_3_120,CA_3,2013-06-29,153.0,63.39543418740214
FOODS_3_202,CA_3,2013-06-29,40.0,37.08515737023464
FOODS_3_202,TX_1,2013-06-29,41.0,31.44672978303052
FOODS_3_202,TX_2,2013-06-29,54.0,35.989539126892694
FOODS_3_202,TX_3,2013-06-29,34.0,34.12890265021091
FOODS_3_226,WI_2,2013-06-29,56.0,52.337314656208584
FOODS_3_226,WI_3,2013-06-29,69.0,62.38900885815167
FOODS_3_234,WI_3,2013-06-29,8.0,13.782881511608052
FOODS_3_252,CA_1,2013-06-29,97.0,74.47825467769114
FOODS_3_252,CA_2,2013-06-29,78.0,42.9676314694616
FOODS_3_377,TX_2,2013-06-29,37.0,45.85975857073977
FOODS_3_377,TX_3,2013-06-29,53.0,43.55722446185675
FOODS_3_498,WI_3,2013-06-29,0.0,8.885410552055804
FOODS_3_501,CA_3,2013-06-29,18.0,30.138915045216603
FOODS_3_541,WI_3,2013-06-29,58.0,23.777603623748668
FOODS_3_547,WI_3,2013-06-29,18.0,12.124932506999777
FOODS_3_555,TX_1,2013-06-29,62.0,52.86523134023138
FOODS_3_555,TX_2,2013-06-29,52.0,52.31497803547221
FOODS_3_586,CA_1,2013-06-29,65.0,63.57174289415923
FOODS_3_586,CA_2,2013-06-29,60.0,41.23636855269478
FOODS_3_586,TX_1,2013-06-29,69.0,72.28661472262995
FOODS_3_694,WI_3,2013-06-29,47.0,49.56684085806202
FOODS_3_714,CA_1,2013-06-29,65.0,35.51115642936448
FOODS_3_714,CA_3,2013-06-29,63.0,35.28880893432434
FOODS_3_714,TX_3,2013-06-29,45.0,40.73390396114657
FOODS_3_714,WI_3,2013-06-29,41.0,44.334418932230854
FOODS_3_723,WI_3,2013-06-29,17.0,24.5220904517857
FOODS_3_741,CA_1,2013-06-29,1.0,9.235500477512073
FOODS_3_764,CA_3,2013-06-29,24.0,35.2764385357448
FOODS_3_252,CA_3,2013-06-29,101.0,67.56701550170801
FOODS_3_586,TX_3,2013-06-29,85.0,94.00353228927162
FOODS_3_635,CA_3,2013-06-29,355.0,111.14233440532965
FOODS_3_252,WI_3,2013-06-29,17.0,20.523416966573876
FOODS_3_635,WI_3,2013-06-29,102.0,25.5389076113129
FOODS_3_586,TX_2,2013-06-29,174.0,148.53930069188812
FOODS_3_681,CA_3,2013-06-29,48.0,35.370456242808224
FOODS_3_694,WI_2,2013-06-29,40.0,33.90954177951409
FOODS_3_281,CA_3,2013-06-29,26.0,21.65742654185661
FOODS_3_318,CA_3,2013-06-29,27.0,30.226358276394095
FOODS_3_694,TX_1,2013-06-29,34.0,26.683988402669303
FOODS_3_007,WI_2,2013-06-29,1.0,22.807457535825158
FOODS_3_252,TX_3,2013-06-29,102.0,63.84560484496078
FOODS_3_587,CA_1,2013-06-29,0.0,0.4948149010247617
FOODS_3_635,CA_1,2013-06-29,40.0,36.538705702269354
FOODS_2_244,CA_3,2013-06-29,13.0,20.62287975409169
FOODS_3_714,TX_1,2013-06-29,42.0,47.60166026391494
FOODS_3_752,CA_3,2013-06-29,16.0,26.2386738623148
FOODS_3_491,CA_3,2013-06-29,53.0,25.96603418551405
FOODS_3_711,CA_3,2013-06-29,13.0,24.551765202764578
FOODS_3_226,WI_1,2013-06-29,63.0,54.41785688444863
FOODS_3_376,WI_3,2013-06-29,36.0,31.162287485035346
FOODS_3_723,CA_3,2013-06-29,33.0,30.236436265481476
FOODS_3_376,WI_2,2013-06-29,30.0,33.48216721272173
FOODS_3_090,CA_2,2013-06-29,40.0,42.433868128650566
FOODS_3_234,CA_3,2013-06-29,103.0,19.688581210911302
FOODS_3_541,CA_3,2013-06-29,306.0,121.00300243053077
FOODS_3_376,CA_3,2013-06-29,63.0,35.09803169690903
FOODS_3_804,CA_3,2013-06-29,67.0,33.918838654848145
FOODS_3_252,TX_2,2013-06-29,142.0,74.02592281127451
FOODS_3_586,CA_3,2013-06-29,105.0,90.51730031506506
FOODS_3_714,TX_2,2013-06-29,52.0,48.733263347835276
FOODS_3_752,WI_3,2013-06-29,0.0,11.788233081874095
FOODS_3_099,TX_2,2013-06-29,21.0,25.985775370899383
FOODS_3_587,CA_3,2013-06-29,0.0,6.1118947949917946
FOODS_3_319,CA_3,2013-06-29,55.0,45.90650410760968
FOODS_3_030,TX_2,2013-06-29,35.0,24.163934059006845
FOODS_2_360,WI_3,2013-06-29,7.0,11.682796233197793
FOODS_3_808,CA_3,2013-06-29,329.0,102.96614134113707
FOODS_3_681,WI_3,2013-06-29,20.0,24.373136865427988
FOODS_3_541,CA_1,2013-06-29,65.0,47.17303519192351
FOODS_3_694,CA_3,2013-06-29,37.0,29.301190022611504
FOODS_3_586,WI_3,2013-06-29,52.0,43.45987720087941
FOODS_3_318,WI_3,2013-06-29,15.0,28.994079898526746
FOODS_3_555,TX_3,2013-06-29,51.0,47.91324707044851
FOODS_3_555,CA_3,2013-06-29,62.0,40.089079050560464
FOODS_3_555,WI_3,2013-06-29,27.0,31.61497876102993
FOODS_3_694,WI_1,2013-06-29,30.0,32.719353689211815
FOODS_3_252,TX_1,2013-06-29,61.0,53.52326625312536
FOODS_3_587,WI_3,2013-06-29,0.0,0.2691830225837491
FOODS_3_808,CA_1,2013-06-29,78.0,58.44896833999781
HOUSEHOLD_1_118,CA_3,2013-06-29,25.0,26.237107920184485
FOODS_1_218,TX_2,2013-06-30,23.0,26.25373052182965
FOODS_2_197,CA_1,2013-06-30,38.0,30.93889787824751
FOODS_2_197,CA_3,2013-06-30,32.0,28.717599110576757
FOODS_2_244,CA_3,2013-06-30,18.0,21.621386702357942
FOODS_2_276,CA_3,2013-06-30,9.0,23.595237648645046
FOODS_2_360,CA_3,2013-06-30,24.0,20.146333920925535
FOODS_2_360,TX_3,2013-06-30,9.0,20.01717216442142
FOODS_2_360,WI_2,2013-06-30,16.0,33.57911149545226
FOODS_3_030,TX_3,2013-06-30,20.0,29.430271162317712
FOODS_3_080,CA_1,2013-06-30,25.0,22.333063292777027
FOODS_3_080,CA_3,2013-06-30,22.0,22.832505707018814
FOODS_3_080,TX_2,2013-06-30,18.0,26.406331963833406
FOODS_3_090,CA_1,2013-06-30,86.0,93.73319847920175
FOODS_3_090,CA_3,2013-06-30,202.0,236.31120869710995
FOODS_3_090,CA_4,2013-06-30,37.0,40.575244141628275
FOODS_3_090,TX_1,2013-06-30,78.0,55.37655228870652
FOODS_3_090,TX_2,2013-06-30,79.0,88.60489529307888
FOODS_3_090,TX_3,2013-06-30,84.0,69.2758941798348
FOODS_3_090,WI_3,2013-06-30,65.0,72.87711899100032
FOODS_3_120,CA_1,2013-06-30,115.0,96.47734512449452
FOODS_3_120,CA_3,2013-06-30,72.0,77.92910818910553
FOODS_3_202,CA_3,2013-06-30,41.0,37.71809913852728
FOODS_3_202,TX_1,2013-06-30,50.0,30.082294026623618
FOODS_3_202,TX_2,2013-06-30,39.0,33.95475985168846
FOODS_3_202,TX_3,2013-06-30,26.0,35.531561992237066
FOODS_3_226,WI_2,2013-06-30,32.0,49.670722834418825
FOODS_3_226,WI_3,2013-06-30,52.0,58.04671478180287
FOODS_3_234,WI_3,2013-06-30,11.0,12.485393286232698
FOODS_3_252,CA_1,2013-06-30,101.0,74.54498126088475
FOODS_3_252,CA_2,2013-06-30,48.0,43.7792572875415
FOODS_3_377,TX_2,2013-06-30,28.0,42.84998873455252
FOODS_3_377,TX_3,2013-06-30,35.0,45.44496663486423
FOODS_3_498,WI_3,2013-06-30,3.0,7.229206131500099
FOODS_3_501,CA_3,2013-06-30,31.0,30.34250897253162
FOODS_3_541,WI_3,2013-06-30,40.0,31.73779223255657
FOODS_3_547,WI_3,2013-06-30,46.0,11.431492306897754
FOODS_3_555,TX_1,2013-06-30,55.0,48.801273639702266
FOODS_3_555,TX_2,2013-06-30,77.0,48.90002150344146
FOODS_3_555,WI_3,2013-06-30,29.0,29.965325130947647
FOODS_3_586,CA_1,2013-06-30,67.0,63.96281827397296
FOODS_3_586,CA_2,2013-06-30,58.0,41.170749382940635
FOODS_3_586,TX_1,2013-06-30,67.0,66.75062920348556
FOODS_3_694,WI_3,2013-06-30,39.0,45.70430244369942
FOODS_3_714,CA_1,2013-06-30,61.0,38.51228434940577
FOODS_3_714,CA_3,2013-06-30,43.0,39.744951552327656
FOODS_3_714,TX_3,2013-06-30,49.0,40.43848130646546
FOODS_3_714,WI_3,2013-06-30,45.0,41.178036844301204
FOODS_3_723,WI_3,2013-06-30,9.0,20.290908216030317
FOODS_3_741,CA_1,2013-06-30,5.0,8.301586882119796
FOODS_3_764,CA_3,2013-06-30,32.0,35.30835618132789
FOODS_3_252,CA_3,2013-06-30,65.0,70.23148088399853
FOODS_3_586,TX_3,2013-06-30,96.0,89.39187164600534
FOODS_3_030,TX_2,2013-06-30,32.0,23.62985189980499
FOODS_3_635,CA_3,2013-06-30,298.0,141.0219725189428
FOODS_3_252,WI_3,2013-06-30,14.0,20.26888687402587
FOODS_3_635,WI_3,2013-06-30,55.0,37.9881910995978
FOODS_3_586,TX_2,2013-06-30,115.0,140.80017059201302
FOODS_3_681,CA_3,2013-06-30,20.0,36.68888340691699
FOODS_3_694,WI_2,2013-06-30,25.0,36.41461986097609
FOODS_3_281,CA_3,2013-06-30,23.0,22.39791838228036
FOODS_3_318,CA_3,2013-06-30,32.0,28.17475452741696
FOODS_3_694,TX_1,2013-06-30,26.0,24.47989028003871
FOODS_3_007,WI_2,2013-06-30,0.0,15.620655288979385
FOODS_3_252,TX_3,2013-06-30,76.0,60.39456564200959
FOODS_3_587,CA_1,2013-06-30,0.0,0.9838639859993431
FOODS_3_635,CA_1,2013-06-30,40.0,37.59871703449276
FOODS_3_808,CA_3,2013-06-30,305.0,136.2218478458718
FOODS_3_587,CA_3,2013-06-30,7.0,5.887389265311279
FOODS_3_714,TX_1,2013-06-30,20.0,40.863569933995784
FOODS_3_099,TX_2,2013-06-30,22.0,23.73621870181659
FOODS_3_555,TX_3,2013-06-30,60.0,40.52593166487682
FOODS_3_319,CA_3,2013-06-30,66.0,48.39568126739939
FOODS_3_252,TX_1,2013-06-30,62.0,49.42248461080198
FOODS_3_694,CA_3,2013-06-30,31.0,30.19146322511212
FOODS_3_491,CA_3,2013-06-30,16.0,28.219339066414374
FOODS_3_318,WI_3,2013-06-30,26.0,26.744165022027353
HOUSEHOLD_1_118,CA_3,2013-06-30,34.0,26.128876671299587
FOODS_3_090,CA_2,2013-06-30,52.0,35.20983566062855
FOODS_3_694,WI_1,2013-06-30,34.0,27.893483179367795
FOODS_3_586,WI_3,2013-06-30,52.0,44.71657165525756
FOODS_3_723,CA_3,2013-06-30,17.0,30.553826021819482
FOODS_3_587,WI_3,2013-06-30,0.0,0.2932067708223696
FOODS_3_714,TX_2,2013-06-30,47.0,43.68955667624418
FOODS_3_376,CA_3,2013-06-30,30.0,36.77880706611572
FOODS_3_752,CA_3,2013-06-30,36.0,24.69997423549899
FOODS_3_234,CA_3,2013-06-30,53.0,29.59718787073584
FOODS_2_360,WI_3,2013-06-30,15.0,11.009523850000528
FOODS_3_555,CA_3,2013-06-30,41.0,40.592567316190255
FOODS_3_541,CA_1,2013-06-30,67.0,54.941914850990116
FOODS_3_226,WI_1,2013-06-30,50.0,51.26995724499057
FOODS_3_376,WI_2,2013-06-30,30.0,32.73307376895623
FOODS_3_681,WI_3,2013-06-30,19.0,20.703614118399468
FOODS_3_541,CA_3,2013-06-30,283.0,133.92461611305055
FOODS_3_586,CA_3,2013-06-30,87.0,95.00676949208997
FOODS_3_804,CA_3,2013-06-30,34.0,36.980504734292865
FOODS_3_752,WI_3,2013-06-30,10.0,11.717022246876358
FOODS_3_808,CA_1,2013-06-30,91.0,66.00478088891833
FOODS_3_711,CA_3,2013-06-30,23.0,23.43205017728402
FOODS_3_376,WI_3,2013-06-30,36.0,31.36027256207488
FOODS_3_252,TX_2,2013-06-30,96.0,80.77878558520791
FOODS_1_218,TX_2,2013-07-01,29.0,20.367555335823717
FOODS_2_197,CA_1,2013-07-01,37.0,32.08658415217078
FOODS_2_197,CA_3,2013-07-01,38.0,30.313442543761948
FOODS_2_244,CA_3,2013-07-01,21.0,22.355058305329685
FOODS_2_276,CA_3,2013-07-01,29.0,22.112889440492943
FOODS_2_360,CA_3,2013-07-01,18.0,30.637537922207855
FOODS_2_360,TX_3,2013-07-01,21.0,24.25596064439478
FOODS_2_360,WI_2,2013-07-01,28.0,24.360701562595292
FOODS_3_030,TX_3,2013-07-01,32.0,22.363411088080184
FOODS_3_080,CA_1,2013-07-01,20.0,18.516164696353233
FOODS_3_080,CA_3,2013-07-01,24.0,21.537466747882185
FOODS_3_080,TX_2,2013-07-01,16.0,23.273122482769224
FOODS_3_090,CA_1,2013-07-01,86.0,67.23845950420808
FOODS_3_090,CA_3,2013-07-01,225.0,231.11264208487776
FOODS_3_090,CA_4,2013-07-01,27.0,30.366170520860532
FOODS_3_090,TX_1,2013-07-01,60.0,44.17488670859019
FOODS_3_090,TX_2,2013-07-01,52.0,70.97178773972051
FOODS_3_090,TX_3,2013-07-01,40.0,61.94363021016351
FOODS_3_090,WI_3,2013-07-01,45.0,48.58549143747428
FOODS_3_120,CA_1,2013-07-01,86.0,73.3173344678726
FOODS_3_120,CA_3,2013-07-01,8.0,67.44001560845591
FOODS_3_202,TX_1,2013-07-01,23.0,25.598815090299233
FOODS_3_202,TX_2,2013-07-01,17.0,30.503357073738016
FOODS_3_202,TX_3,2013-07-01,21.0,25.882377183536015
FOODS_3_226,WI_2,2013-07-01,64.0,39.12939081899264
FOODS_3_226,WI_3,2013-07-01,57.0,50.63983159008174
FOODS_3_234,WI_3,2013-07-01,7.0,11.827755213235651
FOODS_3_252,CA_1,2013-07-01,59.0,58.73733116788166
FOODS_3_252,CA_2,2013-07-01,33.0,33.004914633637384
FOODS_3_377,TX_2,2013-07-01,43.0,33.58345783835514
FOODS_3_377,TX_3,2013-07-01,36.0,39.119189687459475
FOODS_3_498,WI_3,2013-07-01,4.0,6.17415319830197
FOODS_3_501,CA_3,2013-07-01,42.0,26.34842058967665
FOODS_3_541,WI_3,2013-07-01,14.0,20.298581741335866
FOODS_3_547,WI_3,2013-07-01,5.0,14.204454738261349
FOODS_3_555,TX_1,2013-07-01,38.0,41.45846135889291
FOODS_3_555,TX_2,2013-07-01,46.0,41.57846172656347
FOODS_3_555,WI_3,2013-07-01,20.0,23.516926986194022
FOODS_3_586,CA_1,2013-07-01,67.0,47.24628836553647
FOODS_3_586,CA_2,2013-07-01,32.0,34.33301465857093
FOODS_3_586,TX_1,2013-07-01,62.0,62.177150950587915
FOODS_3_694,WI_3,2013-07-01,43.0,39.76633979723408
FOODS_3_714,CA_1,2013-07-01,58.0,30.696892574554
FOODS_3_714,CA_3,2013-07-01,34.0,31.31681297535273
FOODS_3_714,TX_3,2013-07-01,31.0,31.717245618682803
FOODS_3_714,WI_3,2013-07-01,41.0,30.815482528220247
FOODS_3_723,WI_3,2013-07-01,17.0,13.305954074098251
FOODS_3_741,CA_1,2013-07-01,6.0,8.523308035157655
FOODS_3_764,CA_3,2013-07-01,36.0,28.656168368597623
FOODS_3_252,CA_3,2013-07-01,72.0,52.8900529352375
FOODS_3_586,TX_3,2013-07-01,95.0,79.82632851176346
FOODS_3_030,TX_2,2013-07-01,20.0,21.83839985419305
FOODS_3_635,CA_3,2013-07-01,81.0,138.29026254116116
FOODS_3_252,WI_3,2013-07-01,16.0,14.853897353137814
FOODS_3_586,TX_2,2013-07-01,119.0,103.15711961026904
FOODS_3_681,CA_3,2013-07-01,30.0,31.290992098302766
FOODS_3_694,WI_2,2013-07-01,29.0,29.760668872113083
FOODS_3_281,CA_3,2013-07-01,24.0,20.024613995134008
FOODS_3_318,CA_3,2013-07-01,17.0,28.34952797359375
FOODS_3_694,TX_1,2013-07-01,25.0,21.937756634768697
FOODS_3_007,WI_2,2013-07-01,0.0,10.173282744067007
FOODS_3_252,TX_3,2013-07-01,40.0,52.87455114671916
FOODS_3_587,CA_1,2013-07-01,0.0,0.6132996299878897
FOODS_3_635,CA_1,2013-07-01,58.0,29.303015672088986
FOODS_3_541,CA_1,2013-07-01,56.0,46.10546273597717
FOODS_3_234,CA_3,2013-07-01,38.0,34.61367400737198
FOODS_3_202,CA_3,2013-07-01,39.0,31.670108463597426
FOODS_3_808,CA_3,2013-07-01,106.0,145.4167439828509
FOODS_3_555,CA_3,2013-07-01,37.0,36.25016760557713
FOODS_3_252,TX_2,2013-07-01,48.0,69.16603365869814
FOODS_3_376,WI_3,2013-07-01,23.0,26.15945915497464
FOODS_3_723,CA_3,2013-07-01,24.0,25.976564849156695
FOODS_3_586,CA_3,2013-07-01,90.0,73.10491179547454
FOODS_3_099,TX_2,2013-07-01,22.0,22.70141249112297
FOODS_3_714,TX_2,2013-07-01,49.0,31.875065458151628
FOODS_2_360,WI_3,2013-07-01,11.0,10.489201074216979
FOODS_3_252,TX_1,2013-07-01,40.0,41.210982235179316
FOODS_3_318,WI_3,2013-07-01,14.0,19.086447658894762
FOODS_3_319,CA_3,2013-07-01,162.0,45.12045766243783
FOODS_3_635,WI_3,2013-07-01,16.0,29.33612395722109
FOODS_3_694,WI_1,2013-07-01,20.0,22.368063240130095
FOODS_3_714,TX_1,2013-07-01,22.0,32.28704415984425
FOODS_3_586,WI_3,2013-07-01,38.0,32.72115583929376
FOODS_3_541,CA_3,2013-07-01,174.0,140.91029759479235
FOODS_3_555,TX_3,2013-07-01,45.0,40.312895895165084
FOODS_3_694,CA_3,2013-07-01,48.0,27.657959008547206
FOODS_3_587,CA_3,2013-07-01,3.0,6.782647918535407
FOODS_3_681,WI_3,2013-07-01,13.0,16.988900829695133
FOODS_3_711,CA_3,2013-07-01,36.0,30.260642301580702
FOODS_3_587,WI_3,2013-07-01,0.0,0.02724121110087238
HOUSEHOLD_1_118,CA_3,2013-07-01,30.0,25.88166422624126
FOODS_3_376,CA_3,2013-07-01,26.0,37.665925070620176
FOODS_3_752,WI_3,2013-07-01,10.0,9.391310061077156
FOODS_3_491,CA_3,2013-07-01,20.0,22.795752159530885
FOODS_3_752,CA_3,2013-07-01,35.0,33.913750698912764
FOODS_3_804,CA_3,2013-07-01,28.0,32.470358529130685
FOODS_3_376,WI_2,2013-07-01,19.0,26.63692351530608
FOODS_3_808,CA_1,2013-07-01,75.0,54.92427206696438
FOODS_3_090,CA_2,2013-07-01,35.0,28.510138710624933
FOODS_3_226,WI_1,2013-07-01,40.0,37.922483130844086
FOODS_1_218,TX_2,2013-07-02,18.0,18.858349735442225
FOODS_2_197,CA_1,2013-07-02,35.0,27.567333172101996
FOODS_2_197,CA_3,2013-07-02,34.0,28.968523242835047
FOODS_2_244,CA_3,2013-07-02,28.0,19.93835283320724
FOODS_2_276,CA_3,2013-07-02,27.0,20.74212073654585
FOODS_2_360,CA_3,2013-07-02,18.0,30.4796732692098
FOODS_2_360,TX_3,2013-07-02,6.0,15.536609550148768
FOODS_2_360,WI_2,2013-07-02,50.0,50.29505209860356
FOODS_3_030,TX_3,2013-07-02,27.0,19.15867773593458
FOODS_3_080,CA_1,2013-07-02,28.0,18.62944799043529
FOODS_3_080,CA_3,2013-07-02,26.0,20.51825380001854
FOODS_3_080,TX_2,2013-07-02,16.0,19.066512961418677
FOODS_3_090,CA_1,2013-07-02,100.0,68.30094385682163
FOODS_3_090,CA_3,2013-07-02,203.0,242.04232540165356
FOODS_3_090,CA_4,2013-07-02,27.0,28.482736813551334
FOODS_3_090,TX_1,2013-07-02,68.0,38.37129745477522
FOODS_3_090,TX_2,2013-07-02,51.0,66.07894125772191
FOODS_3_090,TX_3,2013-07-02,47.0,55.002939234456015
FOODS_3_090,WI_3,2013-07-02,41.0,51.70052253959601
FOODS_3_120,CA_1,2013-07-02,94.0,63.90619748886109
FOODS_3_120,CA_3,2013-07-02,66.0,57.348525157660994
FOODS_3_202,TX_1,2013-07-02,12.0,22.812896478095055
FOODS_3_202,TX_2,2013-07-02,23.0,22.591432015448838
FOODS_3_202,TX_3,2013-07-02,16.0,20.642735487637772
FOODS_3_226,WI_2,2013-07-02,50.0,46.42128600179934
FOODS_3_226,WI_3,2013-07-02,55.0,51.558850468935105
FOODS_3_234,WI_3,2013-07-02,32.0,20.52662459820383
FOODS_3_252,CA_1,2013-07-02,64.0,57.74282170048373
FOODS_3_252,CA_2,2013-07-02,25.0,33.427305748951596
FOODS_3_377,TX_2,2013-07-02,26.0,31.00062071533381
FOODS_3_377,TX_3,2013-07-02,27.0,32.25986361898863
FOODS_3_498,WI_3,2013-07-02,7.0,10.202345928377673
FOODS_3_501,CA_3,2013-07-02,36.0,25.303109658351683
FOODS_3_541,WI_3,2013-07-02,16.0,21.416812495621514
FOODS_3_547,WI_3,2013-07-02,32.0,21.042928378664286
FOODS_3_555,TX_1,2013-07-02,26.0,35.404201246460445
FOODS_3_555,TX_2,2013-07-02,37.0,38.27827152226398
FOODS_3_555,WI_3,2013-07-02,19.0,25.64139739007951
FOODS_3_586,CA_1,2013-07-02,55.0,46.85828304293394
FOODS_3_586,CA_2,2013-07-02,33.0,32.723381192278545
FOODS_3_586,TX_1,2013-07-02,47.0,53.01645308148816
FOODS_3_694,WI_3,2013-07-02,42.0,42.76365344099048
FOODS_3_714,CA_1,2013-07-02,17.0,32.408976425984
FOODS_3_714,CA_3,2013-07-02,58.0,32.073034496132955
FOODS_3_714,TX_3,2013-07-02,32.0,28.090818525083773
FOODS_3_714,WI_3,2013-07-02,27.0,33.87510664801581
FOODS_3_723,WI_3,2013-07-02,7.0,16.370271204927764
FOODS_3_741,CA_1,2013-07-02,29.0,8.228072246259256
FOODS_3_764,CA_3,2013-07-02,35.0,27.451377227435344
FOODS_3_252,CA_3,2013-07-02,93.0,54.35013146120968
FOODS_3_586,TX_3,2013-07-02,73.0,63.294616006058575
FOODS_3_030,TX_2,2013-07-02,20.0,17.82215632752761
FOODS_3_635,CA_3,2013-07-02,105.0,135.18718407814526
FOODS_3_252,WI_3,2013-07-02,15.0,14.642322709775598
FOODS_3_586,TX_2,2013-07-02,73.0,99.55381077383214
FOODS_3_681,CA_3,2013-07-02,20.0,30.74788555095505
FOODS_3_694,WI_2,2013-07-02,30.0,28.97243341525571
FOODS_3_281,CA_3,2013-07-02,25.0,20.8976915494123
FOODS_3_318,CA_3,2013-07-02,18.0,26.63632692388985
FOODS_3_681,WI_3,2013-07-02,18.0,19.369363954054055
FOODS_3_694,TX_1,2013-07-02,23.0,18.82098377254001
FOODS_3_007,WI_2,2013-07-02,0.0,8.931920464961179
FOODS_3_252,TX_3,2013-07-02,26.0,43.18897702224503
FOODS_3_808,CA_1,2013-07-02,50.0,56.99414701579909
FOODS_3_587,CA_1,2013-07-02,0.0,0.0
FOODS_3_090,CA_2,2013-07-02,30.0,26.357309316766305
FOODS_3_319,CA_3,2013-07-02,129.0,52.9677577095439
FOODS_3_252,TX_1,2013-07-02,43.0,36.85626429478168
FOODS_3_491,CA_3,2013-07-02,13.0,22.110768151094348
FOODS_3_752,CA_3,2013-07-02,27.0,33.389117332780394
FOODS_3_234,CA_3,2013-07-02,35.0,37.9920935220959
FOODS_3_711,CA_3,2013-07-02,25.0,29.79040370627433
FOODS_3_226,WI_1,2013-07-02,32.0,37.9175713720413
FOODS_3_376,WI_2,2013-07-02,40.0,30.320837237370544
FOODS_3_694,CA_3,2013-07-02,31.0,27.950338583117638
FOODS_3_635,CA_1,2013-07-02,39.0,28.761153586490646
FOODS_3_376,WI_3,2013-07-02,34.0,32.54213294545856
FOODS_3_541,CA_1,2013-07-02,22.0,40.73114824338816
FOODS_3_318,WI_3,2013-07-02,31.0,21.78679505135149
FOODS_3_541,CA_3,2013-07-02,104.0,129.41341592614702
FOODS_3_376,CA_3,2013-07-02,33.0,35.692088940253285
FOODS_3_694,WI_1,2013-07-02,30.0,23.915255746146485
FOODS_2_360,WI_3,2013-07-02,15.0,16.685725200762697
FOODS_3_586,WI_3,2013-07-02,41.0,36.717286092809616
FOODS_3_714,TX_1,2013-07-02,29.0,25.896103413591195
FOODS_3_586,CA_3,2013-07-02,85.0,76.74577702208587
FOODS_3_555,TX_3,2013-07-02,23.0,37.44091675344729
FOODS_3_804,CA_3,2013-07-02,48.0,32.7370947434181
FOODS_3_714,TX_2,2013-07-02,19.0,29.470234229412274
FOODS_3_752,WI_3,2013-07-02,17.0,14.344091703935336
FOODS_3_587,WI_3,2013-07-02,0.0,0.0
FOODS_3_587,CA_3,2013-07-02,4.0,5.51108448768597
FOODS_3_202,CA_3,2013-07-02,33.0,31.17232694434138
FOODS_3_635,WI_3,2013-07-02,17.0,32.83190370264507
FOODS_3_555,CA_3,2013-07-02,28.0,36.74878098785167
HOUSEHOLD_1_118,CA_3,2013-07-02,27.0,25.58472497631744
FOODS_3_099,TX_2,2013-07-02,29.0,18.333369274104662
FOODS_3_252,TX_2,2013-07-02,69.0,64.52012879825396
FOODS_3_808,CA_3,2013-07-02,129.0,136.62909825361973
FOODS_3_723,CA_3,2013-07-02,10.0,23.78357699261028
FOODS_1_218,TX_2,2013-07-03,6.0,19.839789897961086
FOODS_2_197,CA_1,2013-07-03,29.0,29.184601563258187
FOODS_2_197,CA_3,2013-07-03,45.0,31.031083511110182
FOODS_2_244,CA_3,2013-07-03,22.0,22.369034912998103
FOODS_2_276,CA_3,2013-07-03,42.0,21.281469939079944
FOODS_2_360,CA_3,2013-07-03,36.0,32.270610486007975
FOODS_2_360,TX_3,2013-07-03,29.0,19.965610797078032
FOODS_2_360,WI_2,2013-07-03,78.0,46.32209442311288
FOODS_3_030,TX_3,2013-07-03,16.0,21.071348413224957
FOODS_3_080,CA_1,2013-07-03,33.0,20.173629035352644
FOODS_3_080,CA_3,2013-07-03,20.0,20.124829118069794
FOODS_3_080,TX_2,2013-07-03,26.0,19.75325656683823
FOODS_3_090,CA_1,2013-07-03,148.0,64.54520019834455
FOODS_3_090,CA_3,2013-07-03,325.0,222.5234294005479
FOODS_3_090,CA_4,2013-07-03,47.0,26.921692114942285
FOODS_3_090,TX_1,2013-07-03,43.0,50.342755970374185
FOODS_3_090,TX_2,2013-07-03,68.0,65.93795447715426
FOODS_3_090,TX_3,2013-07-03,61.0,53.61452500039378
FOODS_3_090,WI_3,2013-07-03,79.0,50.02928937358801
FOODS_3_120,CA_1,2013-07-03,121.0,67.21911800020189
FOODS_3_120,CA_3,2013-07-03,112.0,59.06622241511855
FOODS_3_202,TX_1,2013-07-03,40.0,23.752440389427235
FOODS_3_202,TX_2,2013-07-03,33.0,25.372310755267527
FOODS_3_202,TX_3,2013-07-03,43.0,22.44228632161252
FOODS_3_226,WI_2,2013-07-03,48.0,47.18725897972626
FOODS_3_226,WI_3,2013-07-03,69.0,54.34012044435196
FOODS_3_234,WI_3,2013-07-03,18.0,22.722939801940527
FOODS_3_252,CA_1,2013-07-03,78.0,61.32242916525171
FOODS_3_252,CA_2,2013-07-03,45.0,33.08473191197815
FOODS_3_377,TX_2,2013-07-03,51.0,34.43547724209074
FOODS_3_377,TX_3,2013-07-03,42.0,36.12718021302199
FOODS_3_498,WI_3,2013-07-03,30.0,12.194697240027365
FOODS_3_501,CA_3,2013-07-03,27.0,27.604266585851853
FOODS_3_541,CA_3,2013-07-03,149.0,131.18928739308518
FOODS_3_541,WI_3,2013-07-03,13.0,21.29200628835668
FOODS_3_547,WI_3,2013-07-03,42.0,23.4975272601917
FOODS_3_555,TX_1,2013-07-03,30.0,41.56340203719155
FOODS_3_555,TX_2,2013-07-03,56.0,40.784890867563334
FOODS_3_555,WI_3,2013-07-03,56.0,25.620269313440108
FOODS_3_586,CA_1,2013-07-03,55.0,48.45737950869027
FOODS_3_586,TX_1,2013-07-03,33.0,59.20806423510829
FOODS_3_694,WI_3,2013-07-03,55.0,42.07960857106721
FOODS_3_714,CA_1,2013-07-03,35.0,32.96461258925143
FOODS_3_714,CA_3,2013-07-03,56.0,35.71486547232399
FOODS_3_714,TX_3,2013-07-03,37.0,31.76057771189815
FOODS_3_714,WI_3,2013-07-03,34.0,34.15620766660668
FOODS_3_723,WI_3,2013-07-03,30.0,15.46596074223609
FOODS_3_741,CA_1,2013-07-03,5.0,10.91904989452301
FOODS_3_764,CA_3,2013-07-03,42.0,28.120614913322704
FOODS_3_252,CA_3,2013-07-03,53.0,60.88930425972316
FOODS_3_586,TX_3,2013-07-03,85.0,69.92200954473454
FOODS_3_030,TX_2,2013-07-03,22.0,21.754635605718885
FOODS_3_635,CA_3,2013-07-03,106.0,128.53081656235847
FOODS_3_252,WI_3,2013-07-03,8.0,14.642322709775598
FOODS_3_586,TX_2,2013-07-03,122.0,102.73599132622647
FOODS_3_681,CA_3,2013-07-03,46.0,27.83791301437363
FOODS_3_587,WI_3,2013-07-03,0.0,0.0
FOODS_3_694,WI_2,2013-07-03,41.0,29.13800773057963
FOODS_3_281,CA_3,2013-07-03,59.0,23.252986341723446
FOODS_3_318,CA_3,2013-07-03,64.0,24.812496537976152
FOODS_3_681,WI_3,2013-07-03,16.0,19.630487184978147
FOODS_3_694,TX_1,2013-07-03,20.0,20.145997401097816
FOODS_3_007,WI_2,2013-07-03,0.0,7.147884450566375
FOODS_3_808,CA_1,2013-07-03,50.0,56.12664111817612
FOODS_3_587,CA_1,2013-07-03,0.0,0.0
FOODS_3_202,CA_3,2013-07-03,44.0,33.94543768431291
FOODS_3_635,WI_3,2013-07-03,22.0,35.24789034168386
FOODS_3_808,CA_3,2013-07-03,53.0,133.2557961701927
FOODS_3_714,TX_1,2013-07-03,27.0,30.358102511336202
FOODS_3_555,TX_3,2013-07-03,52.0,40.6487875886727
FOODS_3_099,TX_2,2013-07-03,23.0,21.670249926242565
FOODS_3_319,CA_3,2013-07-03,78.0,57.32578073713384
FOODS_3_090,CA_2,2013-07-03,40.0,27.591860486837046
FOODS_3_226,WI_1,2013-07-03,42.0,40.26102776191074
FOODS_3_586,CA_3,2013-07-03,94.0,74.40992785963653
FOODS_3_252,TX_1,2013-07-03,20.0,39.10679781024433
HOUSEHOLD_1_118,CA_3,2013-07-03,16.0,25.615024140176413
FOODS_3_804,CA_3,2013-07-03,60.0,37.24910743336232
FOODS_3_376,WI_2,2013-07-03,54.0,32.46633917533218
FOODS_3_491,CA_3,2013-07-03,24.0,22.11394183392193
FOODS_3_318,WI_3,2013-07-03,32.0,23.242028352405598
FOODS_2_360,WI_3,2013-07-03,33.0,17.317385127497392
FOODS_3_694,WI_1,2013-07-03,24.0,24.390764426931007
FOODS_3_252,TX_2,2013-07-03,78.0,67.34807450645938
FOODS_3_252,TX_3,2013-07-03,38.0,46.85931031576399
FOODS_3_752,WI_3,2013-07-03,17.0,15.073432511083189
FOODS_3_541,CA_1,2013-07-03,45.0,41.21042618573139
FOODS_3_587,CA_3,2013-07-03,1.0,6.058434683827956
FOODS_3_723,CA_3,2013-07-03,57.0,22.618861799364176
FOODS_3_694,CA_3,2013-07-03,39.0,28.553094071691888
FOODS_3_376,WI_3,2013-07-03,33.0,33.30415600251556
FOODS_3_635,CA_1,2013-07-03,50.0,31.236680028776533
FOODS_3_555,CA_3,2013-07-03,34.0,35.73293141853128
FOODS_3_234,CA_3,2013-07-03,24.0,42.422487804593864
FOODS_3_586,WI_3,2013-07-03,46.0,38.220729467827226
FOODS_3_586,CA_2,2013-07-03,45.0,35.125657094105684
FOODS_3_714,TX_2,2013-07-03,37.0,31.317115257081287
FOODS_3_711,CA_3,2013-07-03,30.0,28.749118951451774
FOODS_3_752,CA_3,2013-07-03,27.0,37.16660749248124
FOODS_3_376,CA_3,2013-07-03,71.0,35.47063063086228
FOODS_1_218,TX_2,2013-07-04,29.0,17.021330414695196
FOODS_2_197,CA_1,2013-07-04,36.0,29.22393628958022
FOODS_2_197,CA_3,2013-07-04,25.0,31.101551288352066
FOODS_2_244,CA_3,2013-07-04,15.0,22.207610881316104
FOODS_2_276,CA_3,2013-07-04,16.0,23.94574386529324
FOODS_2_360,CA_3,2013-07-04,7.0,33.551260308929955
FOODS_2_360,TX_3,2013-07-04,14.0,15.65402818792882
FOODS_2_360,WI_2,2013-07-04,14.0,32.66508307471704
FOODS_3_030,TX_3,2013-07-04,40.0,20.662673560858117
FOODS_3_080,CA_1,2013-07-04,22.0,21.708546101807084
FOODS_3_080,CA_3,2013-07-04,35.0,20.518035551991943
FOODS_3_080,TX_2,2013-07-04,27.0,19.909039490075322
FOODS_3_090,CA_1,2013-07-04,150.0,71.9457287678395
FOODS_3_090,CA_3,2013-07-04,294.0,221.68145906823287
FOODS_3_090,CA_4,2013-07-04,67.0,30.404713999532024
FOODS_3_090,TX_1,2013-07-04,61.0,46.87090395019125
FOODS_3_090,TX_2,2013-07-04,103.0,67.39341724474252
FOODS_3_090,TX_3,2013-07-04,83.0,48.303201021229135
FOODS_3_090,WI_3,2013-07-04,106.0,50.517444094986836
FOODS_3_120,CA_1,2013-07-04,72.0,67.65054336780261
FOODS_3_120,CA_3,2013-07-04,6.0,64.52046364867876
FOODS_3_202,TX_1,2013-07-04,23.0,24.524574874368803
FOODS_3_202,TX_2,2013-07-04,50.0,24.745667750405254
FOODS_3_202,TX_3,2013-07-04,38.0,23.089216849844473
FOODS_3_226,WI_2,2013-07-04,55.0,44.37967561878457
FOODS_3_226,WI_3,2013-07-04,65.0,53.48324478974065
FOODS_3_234,WI_3,2013-07-04,10.0,13.821398557829442
FOODS_3_252,CA_1,2013-07-04,83.0,65.89562305250261
FOODS_3_252,CA_2,2013-07-04,39.0,34.469332843133635
FOODS_3_377,TX_2,2013-07-04,34.0,34.74524082377516
FOODS_3_377,TX_3,2013-07-04,29.0,35.49562597566321
FOODS_3_498,WI_3,2013-07-04,2.0,11.163884490315445
FOODS_3_501,CA_3,2013-07-04,18.0,28.461608466640246
FOODS_3_541,CA_3,2013-07-04,168.0,127.87828642896451
FOODS_3_541,WI_3,2013-07-04,15.0,18.84500398678949
FOODS_3_547,WI_3,2013-07-04,3.0,15.24049813389692
FOODS_3_555,TX_1,2013-07-04,46.0,37.29055067391338
FOODS_3_555,TX_2,2013-07-04,67.0,41.13510455135025
FOODS_3_555,WI_3,2013-07-04,31.0,23.754815098776493
FOODS_3_586,CA_1,2013-07-04,69.0,51.6718615873954
FOODS_3_586,TX_1,2013-07-04,60.0,51.13758439602301
FOODS_3_694,WI_3,2013-07-04,52.0,37.716275660026874
FOODS_3_714,CA_1,2013-07-04,21.0,33.375018593552745
FOODS_3_714,CA_3,2013-07-04,63.0,38.525014254707614
FOODS_3_714,TX_3,2013-07-04,18.0,29.00398593777878
FOODS_3_714,WI_3,2013-07-04,43.0,30.359890191342686
FOODS_3_723,WI_3,2013-07-04,18.0,14.923532857403792
FOODS_3_741,CA_1,2013-07-04,6.0,10.697128889628546
FOODS_3_764,CA_3,2013-07-04,32.0,29.850276508220077
FOODS_3_252,CA_3,2013-07-04,88.0,61.269099377941565
FOODS_3_586,TX_3,2013-07-04,72.0,74.01150403274038
FOODS_3_030,TX_2,2013-07-04,30.0,19.99249722813591
FOODS_3_635,CA_3,2013-07-04,70.0,124.03586302293479
FOODS_3_252,WI_3,2013-07-04,20.0,12.85205802652441
FOODS_3_586,TX_2,2013-07-04,145.0,99.03170155172629
FOODS_3_681,CA_3,2013-07-04,18.0,30.583993204950215
FOODS_3_587,WI_3,2013-07-04,0.0,0.0
FOODS_3_694,WI_2,2013-07-04,31.0,27.725113443073642
FOODS_3_281,CA_3,2013-07-04,31.0,26.851127382090297
FOODS_3_318,CA_3,2013-07-04,27.0,29.430939459121113
FOODS_3_681,WI_3,2013-07-04,49.0,18.328932433921686
FOODS_3_694,TX_1,2013-07-04,17.0,20.583660518244574
FOODS_3_007,WI_2,2013-07-04,0.0,2.1726561650910066
FOODS_3_808,CA_1,2013-07-04,47.0,57.04362414517505
FOODS_3_587,CA_1,2013-07-04,0.0,0.0
FOODS_3_635,CA_1,2013-07-04,61.0,33.53175561366925
FOODS_3_202,CA_3,2013-07-04,71.0,34.70100056796425
FOODS_3_541,CA_1,2013-07-04,59.0,40.95238557993778
FOODS_3_234,CA_3,2013-07-04,28.0,39.04935937567842
FOODS_3_587,CA_3,2013-07-04,3.0,5.345620912912987
FOODS_3_635,WI_3,2013-07-04,12.0,29.74270356827194
FOODS_3_711,CA_3,2013-07-04,31.0,30.074471826595957
FOODS_3_099,TX_2,2013-07-04,22.0,19.08643572737894
FOODS_3_555,CA_3,2013-07-04,45.0,36.21468186236083
FOODS_3_252,TX_2,2013-07-04,99.0,64.55174770585226
FOODS_3_376,WI_2,2013-07-04,61.0,26.98931237898965
FOODS_3_808,CA_3,2013-07-04,160.0,136.7125046438113
FOODS_3_376,WI_3,2013-07-04,68.0,24.737896785096382
FOODS_3_723,CA_3,2013-07-04,53.0,26.666478975065953
FOODS_3_318,WI_3,2013-07-04,30.0,19.31461278305085
FOODS_3_376,CA_3,2013-07-04,77.0,41.189261327311804
FOODS_3_694,WI_1,2013-07-04,32.0,22.379559998155237
FOODS_3_586,CA_2,2013-07-04,56.0,35.884503228510845
FOODS_3_752,WI_3,2013-07-04,9.0,18.715568421290335
FOODS_3_714,TX_1,2013-07-04,41.0,27.229398283450315
FOODS_3_090,CA_2,2013-07-04,41.0,30.468014194412056
FOODS_3_555,TX_3,2013-07-04,47.0,40.595534503685286
FOODS_3_714,TX_2,2013-07-04,46.0,31.310421397026158
FOODS_3_252,TX_3,2013-07-04,48.0,42.00432799386106
FOODS_3_752,CA_3,2013-07-04,48.0,30.76457628980896
FOODS_2_360,WI_3,2013-07-04,3.0,15.290249516748814
FOODS_3_491,CA_3,2013-07-04,29.0,22.704258675287825
FOODS_3_586,CA_3,2013-07-04,124.0,75.08612903448747
FOODS_3_804,CA_3,2013-07-04,42.0,40.3759741343386
FOODS_3_226,WI_1,2013-07-04,58.0,38.059809569331534
FOODS_3_319,CA_3,2013-07-04,95.0,68.25725132907382
HOUSEHOLD_1_118,CA_3,2013-07-04,27.0,24.806132373281397
FOODS_3_694,CA_3,2013-07-04,41.0,30.480188892073343
FOODS_3_252,TX_1,2013-07-04,38.0,36.69611516908473
FOODS_3_586,WI_3,2013-07-04,46.0,33.126244187331714
FOODS_1_218,TX_2,2013-07-05,23.0,21.772652636579924
FOODS_2_197,CA_1,2013-07-05,47.0,32.75338279619192
FOODS_2_197,CA_3,2013-07-05,35.0,33.24239367658335
FOODS_2_244,CA_3,2013-07-05,20.0,22.105966882455462
FOODS_2_276,CA_3,2013-07-05,33.0,24.49046005257172
FOODS_2_360,CA_3,2013-07-05,33.0,30.797122879075104
FOODS_2_360,TX_3,2013-07-05,24.0,21.86444579067338
FOODS_2_360,WI_2,2013-07-05,56.0,51.13004920884172
FOODS_3_030,TX_3,2013-07-05,23.0,28.589130559938436
FOODS_3_080,CA_1,2013-07-05,24.0,26.673156772301837
FOODS_3_080,CA_3,2013-07-05,34.0,24.70992710313298
FOODS_3_080,TX_2,2013-07-05,20.0,25.89865848023082
FOODS_3_090,CA_1,2013-07-05,131.0,120.12006515743785
FOODS_3_090,CA_3,2013-07-05,210.0,276.5944058430493
FOODS_3_090,CA_4,2013-07-05,28.0,43.35509334350336
FOODS_3_090,TX_1,2013-07-05,51.0,64.0071158269924
FOODS_3_090,TX_2,2013-07-05,81.0,86.68014605914603
FOODS_3_090,TX_3,2013-07-05,81.0,69.10772158083718
FOODS_3_090,WI_3,2013-07-05,56.0,80.61430233190882
FOODS_3_120,CA_1,2013-07-05,61.0,83.82776427899648
FOODS_3_120,CA_3,2013-07-05,59.0,64.85337414411951
FOODS_3_202,TX_1,2013-07-05,21.0,30.514682359711802
FOODS_3_202,TX_2,2013-07-05,18.0,33.607737494086905
FOODS_3_202,TX_3,2013-07-05,20.0,28.00476840982883
FOODS_3_226,WI_2,2013-07-05,53.0,59.234770858759774
FOODS_3_226,WI_3,2013-07-05,74.0,70.11014843673648
FOODS_3_234,WI_3,2013-07-05,7.0,22.54797973740845
FOODS_3_252,CA_1,2013-07-05,53.0,82.61527576307707
FOODS_3_252,CA_2,2013-07-05,35.0,44.47137042344357
FOODS_3_376,WI_3,2013-07-05,51.0,40.410703675982234
FOODS_3_377,TX_2,2013-07-05,34.0,41.24682283220184
FOODS_3_377,TX_3,2013-07-05,48.0,41.31977285211636
FOODS_3_498,WI_3,2013-07-05,0.0,16.064087029943313
FOODS_3_501,CA_3,2013-07-05,31.0,30.203224682254262
FOODS_3_541,CA_3,2013-07-05,93.0,191.11546401868407
FOODS_3_541,WI_3,2013-07-05,24.0,23.382137050451178
FOODS_3_547,WI_3,2013-07-05,23.0,25.226489315593707
FOODS_3_555,TX_1,2013-07-05,42.0,46.48729594425025
FOODS_3_555,TX_2,2013-07-05,61.0,56.749315271682306
FOODS_3_555,WI_3,2013-07-05,42.0,32.330105426540335
FOODS_3_586,CA_1,2013-07-05,56.0,62.57528153607675
FOODS_3_586,TX_1,2013-07-05,65.0,62.198835724474606
FOODS_3_694,WI_3,2013-07-05,67.0,53.74205133043957
FOODS_3_714,CA_1,2013-07-05,26.0,40.73572316026414
FOODS_3_714,CA_3,2013-07-05,41.0,47.35762824005918
FOODS_3_714,TX_3,2013-07-05,24.0,35.630998726081906
FOODS_3_723,WI_3,2013-07-05,16.0,22.76042225371659
FOODS_3_741,CA_1,2013-07-05,13.0,11.422151957386768
FOODS_3_752,WI_3,2013-07-05,1.0,18.00531117940449
FOODS_3_764,CA_3,2013-07-05,29.0,30.627020435010213
FOODS_3_252,CA_3,2013-07-05,47.0,82.12074228771546
FOODS_3_586,TX_3,2013-07-05,87.0,88.19069706867006
FOODS_3_030,TX_2,2013-07-05,25.0,26.731937368038075
FOODS_3_635,CA_3,2013-07-05,115.0,126.34493524266996
FOODS_3_252,WI_3,2013-07-05,23.0,17.882418177755365
FOODS_3_586,TX_2,2013-07-05,112.0,123.28947205587808
FOODS_3_681,CA_3,2013-07-05,20.0,37.09832391710763
FOODS_3_587,WI_3,2013-07-05,0.0,0.3839797793851885
FOODS_3_694,WI_2,2013-07-05,38.0,36.70361873641561
FOODS_3_281,CA_3,2013-07-05,23.0,30.97366316514498
FOODS_3_681,WI_3,2013-07-05,18.0,29.110385441645995
FOODS_3_694,TX_1,2013-07-05,17.0,25.46322722374325
FOODS_3_007,WI_2,2013-07-05,0.0,6.389554022708801
FOODS_3_808,CA_1,2013-07-05,28.0,58.47830277342652
FOODS_3_587,CA_1,2013-07-05,0.0,0.17769598731524502
FOODS_3_586,CA_2,2013-07-05,33.0,44.52099977448248
FOODS_3_252,TX_3,2013-07-05,42.0,55.99896326009346
FOODS_3_090,CA_2,2013-07-05,52.0,40.10963874786758
FOODS_3_491,CA_3,2013-07-05,29.0,25.333894117531752
FOODS_3_752,CA_3,2013-07-05,6.0,31.82088131710715
FOODS_3_252,TX_1,2013-07-05,35.0,46.74348028568777
FOODS_3_635,CA_1,2013-07-05,33.0,38.94973389625721
FOODS_3_226,WI_1,2013-07-05,62.0,51.65428865470957
FOODS_3_202,CA_3,2013-07-05,36.0,39.82590455031078
FOODS_3_711,CA_3,2013-07-05,35.0,30.861863730421458
FOODS_3_694,CA_3,2013-07-05,21.0,37.398524566519
FOODS_3_587,CA_3,2013-07-05,1.0,5.116311880615278
HOUSEHOLD_1_118,CA_3,2013-07-05,23.0,28.554486780748665
FOODS_3_234,CA_3,2013-07-05,18.0,39.61485225453082
FOODS_3_252,TX_2,2013-07-05,90.0,88.41153722474321
FOODS_3_714,TX_2,2013-07-05,28.0,39.58097850502503
FOODS_3_714,TX_1,2013-07-05,32.0,36.783598608355256
FOODS_3_808,CA_3,2013-07-05,109.0,109.73282336854788
FOODS_3_694,WI_1,2013-07-05,42.0,29.876156840293447
FOODS_3_318,CA_3,2013-07-05,29.0,35.62205984740162
FOODS_3_376,WI_2,2013-07-05,43.0,40.06930502336215
FOODS_3_318,WI_3,2013-07-05,24.0,31.516800978287588
FOODS_3_376,CA_3,2013-07-05,35.0,45.87322820255706
FOODS_2_360,WI_3,2013-07-05,6.0,18.692518459827717
FOODS_3_586,CA_3,2013-07-05,72.0,88.67126404055406
FOODS_3_714,WI_3,2013-07-05,56.0,44.44844126561812
FOODS_3_555,TX_3,2013-07-05,46.0,49.35431510361436
FOODS_3_099,TX_2,2013-07-05,19.0,22.756812253239694
FOODS_3_541,CA_1,2013-07-05,19.0,41.06539397328927
FOODS_3_723,CA_3,2013-07-05,21.0,38.30208956286857
FOODS_3_635,WI_3,2013-07-05,30.0,34.06142088909638
FOODS_3_555,CA_3,2013-07-05,17.0,46.69055394818964
FOODS_3_804,CA_3,2013-07-05,30.0,41.9895365973256
FOODS_3_586,WI_3,2013-07-05,55.0,46.788526921804326
FOODS_3_319,CA_3,2013-07-05,78.0,70.54532653765744
FOODS_1_218,TX_2,2013-07-06,30.0,26.4937373526329
FOODS_2_197,CA_1,2013-07-06,24.0,42.206622248181375
FOODS_2_197,CA_3,2013-07-06,31.0,38.777475208073696
FOODS_2_244,CA_3,2013-07-06,14.0,27.10684907828781
FOODS_2_276,CA_3,2013-07-06,24.0,29.580812767592928
FOODS_2_360,CA_3,2013-07-06,1.0,32.85747894214897
FOODS_2_360,WI_2,2013-07-06,73.0,59.7589870352532
FOODS_3_030,TX_3,2013-07-06,26.0,32.400209143913024
FOODS_3_080,CA_1,2013-07-06,18.0,33.04897805787027
FOODS_3_080,CA_3,2013-07-06,28.0,32.5363826996617
FOODS_3_080,TX_2,2013-07-06,29.0,28.799069389532367
FOODS_3_090,CA_1,2013-07-06,118.0,131.1924515042059
FOODS_3_090,CA_3,2013-07-06,214.0,389.2745336350131
FOODS_3_090,CA_4,2013-07-06,36.0,50.106101112815125
FOODS_3_090,TX_1,2013-07-06,61.0,77.62309794456291
FOODS_3_090,TX_2,2013-07-06,78.0,110.26913239654863
FOODS_3_090,TX_3,2013-07-06,71.0,87.78905288241451
FOODS_3_090,WI_3,2013-07-06,78.0,95.97723918384905
FOODS_3_120,CA_1,2013-07-06,76.0,111.3028215403508
FOODS_3_120,CA_3,2013-07-06,61.0,87.15928450318196
FOODS_3_202,TX_1,2013-07-06,40.0,37.99287348537308
FOODS_3_202,TX_2,2013-07-06,46.0,42.254437250396634
FOODS_3_202,TX_3,2013-07-06,31.0,37.143924816448965
FOODS_3_226,WI_1,2013-07-06,59.0,63.881858625761424
FOODS_3_226,WI_2,2013-07-06,66.0,58.21208180935598
FOODS_3_226,WI_3,2013-07-06,61.0,73.63119039980067
FOODS_3_234,WI_3,2013-07-06,4.0,26.263735965247054
FOODS_3_252,CA_1,2013-07-06,56.0,97.80256991424696
FOODS_3_376,WI_3,2013-07-06,26.0,46.68341362983822
FOODS_3_377,TX_2,2013-07-06,61.0,46.5006709281837
FOODS_3_377,TX_3,2013-07-06,33.0,46.634595603804264
FOODS_3_498,WI_3,2013-07-06,0.0,22.829987171769417
FOODS_3_501,CA_3,2013-07-06,17.0,32.745543868531186
FOODS_3_541,CA_3,2013-07-06,132.0,185.44369910607782
FOODS_3_541,WI_3,2013-07-06,34.0,32.60829714981061
FOODS_3_547,WI_3,2013-07-06,16.0,33.069083694493365
FOODS_3_555,TX_1,2013-07-06,62.0,56.892888189119475
FOODS_3_555,TX_2,2013-07-06,45.0,75.59672178891549
FOODS_3_555,WI_3,2013-07-06,39.0,40.869317207703034
FOODS_3_586,CA_1,2013-07-06,53.0,78.37308342350642
FOODS_3_586,TX_1,2013-07-06,83.0,74.07819127307425
FOODS_3_694,WI_3,2013-07-06,45.0,61.14353041934533
FOODS_3_714,CA_1,2013-07-06,38.0,51.98404185609643
FOODS_3_714,CA_3,2013-07-06,38.0,55.72105191435221
FOODS_3_714,TX_3,2013-07-06,32.0,42.13318208331786
FOODS_3_723,WI_3,2013-07-06,26.0,25.150187830463622
FOODS_3_741,CA_1,2013-07-06,0.0,15.003766575738195
FOODS_3_752,WI_3,2013-07-06,6.0,30.193842857942027
FOODS_3_764,CA_3,2013-07-06,16.0,36.96631263709649
FOODS_3_252,CA_3,2013-07-06,60.0,95.70126201180271
FOODS_3_586,TX_3,2013-07-06,83.0,105.1559103007743
FOODS_3_030,TX_2,2013-07-06,41.0,31.61647641762566
FOODS_3_635,CA_3,2013-07-06,92.0,129.98634407354865
FOODS_3_252,WI_3,2013-07-06,20.0,23.253957511629167
FOODS_3_586,TX_2,2013-07-06,107.0,159.15925850688564
FOODS_3_681,CA_3,2013-07-06,26.0,40.15990267660507
FOODS_3_587,WI_3,2013-07-06,0.0,0.9388138371069287
FOODS_3_694,WI_2,2013-07-06,35.0,39.34948284016265
FOODS_3_281,CA_3,2013-07-06,27.0,34.48098240867751
FOODS_3_681,WI_3,2013-07-06,40.0,32.418386381426295
FOODS_3_694,TX_1,2013-07-06,28.0,28.788413442052477
FOODS_3_007,WI_2,2013-07-06,0.0,6.201889626186767
FOODS_3_587,CA_1,2013-07-06,0.0,0.9248188636579752
FOODS_3_808,CA_1,2013-07-06,37.0,69.94445902730448
FOODS_3_635,WI_3,2013-07-06,55.0,42.31593599981562
FOODS_3_808,CA_3,2013-07-06,86.0,215.03842051314808
FOODS_3_252,CA_2,2013-07-06,30.0,54.934247235937804
FOODS_3_714,TX_1,2013-07-06,51.0,44.653299858290424
FOODS_3_090,CA_2,2013-07-06,34.0,54.317072116243
FOODS_3_099,TX_2,2013-07-06,21.0,29.606330774099725
FOODS_3_555,TX_3,2013-07-06,55.0,58.026005223680485
FOODS_3_252,TX_3,2013-07-06,62.0,72.67939126690176
FOODS_3_319,CA_3,2013-07-06,57.0,94.79092792665679
FOODS_3_252,TX_1,2013-07-06,36.0,58.05467989003827
FOODS_3_555,CA_3,2013-07-06,31.0,49.89369741369684
FOODS_3_252,TX_2,2013-07-06,70.0,106.83692621946604
FOODS_3_723,CA_3,2013-07-06,37.0,40.82657425836406
FOODS_3_491,CA_3,2013-07-06,37.0,34.09245829426628
FOODS_3_318,WI_3,2013-07-06,26.0,33.931367309227866
FOODS_2_360,WI_3,2013-07-06,16.0,20.270844825053192
FOODS_3_752,CA_3,2013-07-06,46.0,34.1612800669459
FOODS_3_586,WI_3,2013-07-06,52.0,59.737354578741346
FOODS_3_541,CA_1,2013-07-06,40.0,55.068499505545496
FOODS_3_318,CA_3,2013-07-06,19.0,42.09499267514336
FOODS_3_587,CA_3,2013-07-06,0.0,6.76691461875128
FOODS_3_694,CA_3,2013-07-06,26.0,38.99028408003357
FOODS_2_360,TX_3,2013-07-06,15.0,24.626303154680958
FOODS_3_711,CA_3,2013-07-06,81.0,36.22639359168582
FOODS_3_714,WI_3,2013-07-06,63.0,54.211294418471645
FOODS_3_586,CA_2,2013-07-06,41.0,54.91695193823934
FOODS_3_635,CA_1,2013-07-06,38.0,52.38045127370569
FOODS_3_714,TX_2,2013-07-06,14.0,52.19105792952446
FOODS_3_804,CA_3,2013-07-06,28.0,44.92956057344332
FOODS_3_376,CA_3,2013-07-06,52.0,46.632573968382935
FOODS_3_376,WI_2,2013-07-06,27.0,43.844655723766174
FOODS_3_202,CA_3,2013-07-06,29.0,49.406974863386644
FOODS_3_234,CA_3,2013-07-06,45.0,39.7365897684264
HOUSEHOLD_1_118,CA_3,2013-07-06,2.0,31.193101699471317
FOODS_3_586,CA_3,2013-07-06,102.0,107.01111113968352
FOODS_3_694,WI_1,2013-07-06,37.0,38.1544268991256
FOODS_1_218,TX_2,2013-07-07,24.0,27.516038261080425
FOODS_2_197,CA_1,2013-07-07,44.0,43.09242390183153
FOODS_2_197,CA_3,2013-07-07,27.0,40.45622297323586
FOODS_2_244,CA_3,2013-07-07,28.0,27.40965516180769
FOODS_2_276,CA_3,2013-07-07,33.0,34.49172059543078
FOODS_2_360,CA_3,2013-07-07,42.0,30.54340957635566
FOODS_2_360,WI_2,2013-07-07,105.0,51.24545003694204
FOODS_3_030,TX_3,2013-07-07,33.0,32.284010226749025
FOODS_3_080,CA_1,2013-07-07,21.0,28.4349453497866
FOODS_3_080,CA_3,2013-07-07,18.0,28.73313383723125
FOODS_3_080,TX_2,2013-07-07,18.0,25.982081430586828
FOODS_3_090,CA_1,2013-07-07,94.0,124.19039959055367
FOODS_3_090,CA_3,2013-07-07,204.0,252.90082019726245
FOODS_3_090,CA_4,2013-07-07,26.0,50.236586616299654
FOODS_3_090,TX_1,2013-07-07,75.0,74.67901396544848
FOODS_3_090,TX_2,2013-07-07,79.0,90.74125773671877
FOODS_3_090,TX_3,2013-07-07,50.0,84.50339076466906
FOODS_3_090,WI_3,2013-07-07,56.0,77.59589080142769
FOODS_3_120,CA_1,2013-07-07,100.0,115.15469998984815
FOODS_3_120,CA_3,2013-07-07,120.0,73.32366293720823
FOODS_3_202,TX_1,2013-07-07,43.0,38.11304316327567
FOODS_3_202,TX_2,2013-07-07,33.0,42.13723912477166
FOODS_3_202,TX_3,2013-07-07,31.0,36.24071997680032
FOODS_3_226,WI_1,2013-07-07,64.0,56.70943701740676
FOODS_3_226,WI_2,2013-07-07,46.0,57.72737819623744
FOODS_3_226,WI_3,2013-07-07,63.0,67.10418373217567
FOODS_3_234,WI_3,2013-07-07,13.0,16.28460775974566
FOODS_3_252,CA_1,2013-07-07,79.0,91.36824543639507
FOODS_3_376,WI_3,2013-07-07,14.0,35.48935887732403
FOODS_3_377,TX_2,2013-07-07,51.0,46.95863697490123
FOODS_3_377,TX_3,2013-07-07,44.0,42.156074906240526
FOODS_3_498,WI_3,2013-07-07,0.0,9.756588055821135
FOODS_3_501,CA_3,2013-07-07,30.0,33.83455468136175
FOODS_3_541,CA_3,2013-07-07,145.0,155.9841248244613
FOODS_3_541,WI_3,2013-07-07,37.0,29.74124198142383
FOODS_3_547,WI_3,2013-07-07,3.0,22.360493006418658
FOODS_3_555,TX_1,2013-07-07,52.0,53.46328786935345
FOODS_3_555,TX_2,2013-07-07,22.0,66.29477695968745
FOODS_3_555,WI_3,2013-07-07,25.0,36.465001506595016
FOODS_3_586,CA_1,2013-07-07,74.0,79.36860412153007
FOODS_3_586,TX_1,2013-07-07,62.0,77.44385331500524
FOODS_3_694,WI_3,2013-07-07,36.0,54.93794282842613
FOODS_3_714,CA_1,2013-07-07,41.0,45.611845298449644
FOODS_3_714,CA_3,2013-07-07,37.0,51.46426821739111
FOODS_3_714,TX_3,2013-07-07,25.0,38.945387182590885
FOODS_3_723,WI_3,2013-07-07,22.0,21.011452113571227
FOODS_3_741,CA_1,2013-07-07,4.0,11.938533082804247
FOODS_3_752,WI_3,2013-07-07,22.0,13.575123295067398
FOODS_3_764,CA_3,2013-07-07,13.0,36.613035052218606
FOODS_3_252,CA_3,2013-07-07,31.0,78.71749178981727
FOODS_3_586,TX_3,2013-07-07,100.0,105.04444484772834
FOODS_3_030,TX_2,2013-07-07,34.0,30.841548744272984
FOODS_3_635,CA_3,2013-07-07,69.0,168.4851436192933
FOODS_3_252,WI_3,2013-07-07,22.0,20.26888687402587
FOODS_3_586,TX_2,2013-07-07,68.0,139.25020022725528
FOODS_3_587,WI_3,2013-07-07,0.0,0.2932067708223696
FOODS_3_694,WI_2,2013-07-07,32.0,35.76397471423244
FOODS_3_281,CA_3,2013-07-07,35.0,34.978106122760984
FOODS_3_681,WI_3,2013-07-07,60.0,29.510121910793586
FOODS_3_007,WI_2,2013-07-07,0.0,1.4389744039280086
FOODS_3_694,TX_1,2013-07-07,29.0,26.65410112771313
FOODS_3_587,CA_1,2013-07-07,0.0,1.1656629781374126
FOODS_3_808,CA_1,2013-07-07,70.0,71.32879029428823
FOODS_3_714,WI_3,2013-07-07,55.0,49.75733576111667
FOODS_3_318,CA_3,2013-07-07,22.0,39.70864162764771
FOODS_3_635,CA_1,2013-07-07,35.0,55.315674381225534
FOODS_3_202,CA_3,2013-07-07,48.0,49.59803265229177
FOODS_3_541,CA_1,2013-07-07,66.0,55.78851796716844
FOODS_3_587,CA_3,2013-07-07,3.0,5.718360224074706
FOODS_3_234,CA_3,2013-07-07,55.0,41.772870766068316
FOODS_3_808,CA_3,2013-07-07,133.0,168.68664828002144
FOODS_3_752,CA_3,2013-07-07,56.0,37.86292926851299
FOODS_3_681,CA_3,2013-07-07,29.0,31.817615966543013
FOODS_3_711,CA_3,2013-07-07,40.0,42.06141206534433
FOODS_3_376,WI_2,2013-07-07,15.0,36.74152897828538
FOODS_2_360,TX_3,2013-07-07,23.0,26.55737812633639
FOODS_3_694,CA_3,2013-07-07,26.0,37.75199670741294
FOODS_3_555,CA_3,2013-07-07,19.0,42.08290721464139
FOODS_3_586,CA_3,2013-07-07,87.0,108.05806658282319
FOODS_3_804,CA_3,2013-07-07,34.0,42.751094457260166
FOODS_3_252,TX_1,2013-07-07,34.0,52.357072692092885
FOODS_3_555,TX_3,2013-07-07,53.0,58.9097021899182
FOODS_3_586,WI_3,2013-07-07,43.0,52.706818892594676
FOODS_3_099,TX_2,2013-07-07,31.0,29.734279457522927
FOODS_3_635,WI_3,2013-07-07,45.0,35.24681601911437
FOODS_3_694,WI_1,2013-07-07,39.0,33.53933561124444
FOODS_3_252,TX_3,2013-07-07,42.0,59.355676970741364
FOODS_3_376,CA_3,2013-07-07,48.0,50.59217814468094
FOODS_2_360,WI_3,2013-07-07,1.0,14.78258110374024
FOODS_3_586,CA_2,2013-07-07,29.0,50.67474389208051
FOODS_3_491,CA_3,2013-07-07,17.0,28.72813963735952
HOUSEHOLD_1_118,CA_3,2013-07-07,29.0,28.603989657135443
FOODS_3_714,TX_2,2013-07-07,5.0,43.849671980450104
FOODS_3_318,WI_3,2013-07-07,24.0,32.13105422525927
FOODS_3_714,TX_1,2013-07-07,44.0,39.265513737580825
FOODS_3_252,TX_2,2013-07-07,46.0,93.73384266140181
FOODS_3_252,CA_2,2013-07-07,29.0,46.42034964986697
FOODS_3_319,CA_3,2013-07-07,69.0,97.43924342119068
FOODS_3_090,CA_2,2013-07-07,36.0,49.68719809822931
FOODS_3_723,CA_3,2013-07-07,31.0,38.80501044401256
FOODS_1_218,TX_2,2013-07-08,27.0,19.521560864766347
FOODS_2_197,CA_1,2013-07-08,56.0,35.10483405665594
FOODS_2_197,CA_3,2013-07-08,45.0,35.381111647071094
FOODS_2_244,CA_3,2013-07-08,19.0,26.344906749118245
FOODS_2_276,CA_3,2013-07-08,34.0,29.793605839727064
FOODS_2_360,CA_3,2013-07-08,35.0,29.209793465031357
FOODS_2_360,WI_2,2013-07-08,46.0,62.923862086503455
FOODS_3_030,TX_3,2013-07-08,18.0,23.31656504978507
FOODS_3_080,CA_1,2013-07-08,15.0,22.394081100131807
FOODS_3_080,CA_3,2013-07-08,20.0,23.501319962812317
FOODS_3_080,TX_2,2013-07-08,17.0,20.89680948557647
FOODS_3_090,CA_1,2013-07-08,61.0,97.33456134484797
FOODS_3_090,CA_3,2013-07-08,115.0,251.71400477227021
FOODS_3_090,CA_4,2013-07-08,38.0,32.28052462323753
FOODS_3_090,TX_1,2013-07-08,59.0,57.30336637718803
FOODS_3_090,TX_2,2013-07-08,76.0,67.38168693917137
FOODS_3_090,TX_3,2013-07-08,28.0,57.054327487496394
FOODS_3_090,WI_3,2013-07-08,38.0,62.919446271045786
FOODS_3_120,CA_1,2013-07-08,7.0,78.34335075435783
FOODS_3_120,CA_3,2013-07-08,0.0,72.87880760271439
FOODS_3_202,TX_1,2013-07-08,17.0,25.39029141530592
FOODS_3_202,TX_2,2013-07-08,24.0,28.793273064874363
FOODS_3_202,TX_3,2013-07-08,20.0,25.533737216164877
FOODS_3_226,WI_1,2013-07-08,37.0,45.766438457687066
FOODS_3_226,WI_2,2013-07-08,46.0,50.13626495450915
FOODS_3_226,WI_3,2013-07-08,56.0,60.20257406705275
FOODS_3_234,WI_3,2013-07-08,13.0,21.77221737725677
FOODS_3_252,CA_1,2013-07-08,67.0,62.09899869432227
FOODS_3_376,WI_3,2013-07-08,14.0,37.09819984198779
FOODS_3_377,TX_2,2013-07-08,40.0,36.34082592945138
FOODS_3_377,TX_3,2013-07-08,30.0,32.15036386078642
FOODS_3_498,WI_3,2013-07-08,0.0,15.4800022309589
FOODS_3_501,CA_3,2013-07-08,14.0,28.645360509163076
FOODS_3_541,CA_3,2013-07-08,180.0,133.59214008627634
FOODS_3_541,WI_3,2013-07-08,49.0,21.639622657773817
FOODS_3_547,WI_3,2013-07-08,0.0,23.54039707515774
FOODS_3_555,TX_1,2013-07-08,25.0,38.46577132442146
FOODS_3_555,TX_2,2013-07-08,32.0,40.36786313334706
FOODS_3_555,WI_3,2013-07-08,37.0,31.45311699808809
FOODS_3_586,CA_1,2013-07-08,59.0,56.849198986223435
FOODS_3_586,TX_1,2013-07-08,32.0,56.07724250612378
FOODS_3_694,WI_3,2013-07-08,43.0,48.962705140508156
FOODS_3_714,CA_1,2013-07-08,16.0,30.545934055180464
FOODS_3_714,CA_3,2013-07-08,26.0,41.14454864054625
FOODS_3_714,TX_2,2013-07-08,8.0,26.108124757021404
FOODS_3_714,TX_3,2013-07-08,21.0,24.978617656303157
FOODS_3_723,WI_3,2013-07-08,18.0,18.31428465446123
FOODS_3_741,CA_1,2013-07-08,12.0,11.277704030594968
FOODS_3_752,WI_3,2013-07-08,8.0,19.135394643167086
FOODS_3_764,CA_3,2013-07-08,6.0,27.5154763126656
FOODS_3_252,CA_3,2013-07-08,50.0,57.31594860394424
FOODS_3_586,TX_3,2013-07-08,55.0,81.9518742757409
FOODS_3_030,TX_2,2013-07-08,30.0,22.175322609785574
FOODS_3_635,CA_3,2013-07-08,59.0,94.538700141389
FOODS_3_252,WI_3,2013-07-08,17.0,17.426997153290845
FOODS_3_586,TX_2,2013-07-08,74.0,101.10167062242523
FOODS_3_587,WI_3,2013-07-08,0.0,0.5478821025398982
FOODS_3_694,WI_2,2013-07-08,32.0,31.655715999195397
FOODS_3_281,CA_3,2013-07-08,20.0,28.727593109374542
FOODS_3_681,WI_3,2013-07-08,45.0,31.333209755222722
FOODS_3_007,WI_2,2013-07-08,0.0,7.079290281553456
FOODS_3_694,TX_1,2013-07-08,22.0,20.75584202140586
FOODS_3_587,CA_1,2013-07-08,0.0,0.6132996299878897
FOODS_3_252,CA_2,2013-07-08,22.0,30.290766405014015
FOODS_3_252,TX_3,2013-07-08,27.0,38.09349650674148
FOODS_3_090,CA_2,2013-07-08,38.0,32.51153403689263
FOODS_3_635,CA_1,2013-07-08,37.0,43.75776058153154
FOODS_3_318,CA_3,2013-07-08,18.0,28.734717187124037
FOODS_3_202,CA_3,2013-07-08,32.0,40.0744884171566
FOODS_3_099,TX_2,2013-07-08,21.0,20.76983878324568
FOODS_3_319,CA_3,2013-07-08,146.0,70.61351718788826
FOODS_3_252,TX_1,2013-07-08,24.0,35.919694064796865
FOODS_3_491,CA_3,2013-07-08,20.0,22.70785801448328
FOODS_3_234,CA_3,2013-07-08,28.0,38.17926250543255
FOODS_3_752,CA_3,2013-07-08,11.0,35.55658624172853
FOODS_3_318,WI_3,2013-07-08,31.0,25.111024101696785
FOODS_3_376,CA_3,2013-07-08,49.0,48.57558539166839
FOODS_3_694,WI_1,2013-07-08,26.0,28.19114113236526
FOODS_2_360,WI_3,2013-07-08,38.0,17.64470882541039
FOODS_3_711,CA_3,2013-07-08,26.0,37.45718321373261
FOODS_3_681,CA_3,2013-07-08,35.0,29.348277047877627
FOODS_3_714,WI_3,2013-07-08,52.0,43.02052981027066
FOODS_2_360,TX_3,2013-07-08,42.0,17.54992630355284
FOODS_3_635,WI_3,2013-07-08,82.0,28.665271075893774
HOUSEHOLD_1_118,CA_3,2013-07-08,26.0,21.97188286293636
FOODS_3_555,CA_3,2013-07-08,41.0,31.86836591039111
FOODS_3_586,CA_2,2013-07-08,21.0,34.96286919943471
FOODS_3_714,TX_1,2013-07-08,20.0,30.732098103681164
FOODS_3_804,CA_3,2013-07-08,16.0,34.57357128506902
FOODS_3_376,WI_2,2013-07-08,39.0,37.72161819275704
FOODS_3_808,CA_3,2013-07-08,61.0,120.03600418086401
FOODS_3_586,WI_3,2013-07-08,42.0,44.92538461454692
FOODS_3_586,CA_3,2013-07-08,59.0,89.64285594143398
FOODS_3_694,CA_3,2013-07-08,23.0,30.18387710125326
FOODS_3_808,CA_1,2013-07-08,44.0,49.5456471676647
FOODS_3_252,TX_2,2013-07-08,46.0,61.39222529394093
FOODS_3_587,CA_3,2013-07-08,2.0,5.475117814950504
FOODS_3_555,TX_3,2013-07-08,32.0,42.37310675974028
FOODS_3_723,CA_3,2013-07-08,12.0,29.444531521553863
FOODS_3_541,CA_1,2013-07-08,57.0,42.46024535751149
FOODS_1_218,TX_2,2013-07-09,28.0,20.749970433319486
FOODS_2_197,CA_1,2013-07-09,41.0,32.80243280003893
FOODS_2_197,CA_3,2013-07-09,47.0,32.04215307716514
FOODS_2_244,CA_3,2013-07-09,12.0,23.41844292088585
FOODS_2_276,CA_3,2013-07-09,31.0,28.13255864268034
FOODS_2_360,CA_3,2013-07-09,36.0,30.815278929222863
FOODS_2_360,WI_2,2013-07-09,117.0,68.01421917815654
FOODS_3_030,TX_3,2013-07-09,17.0,21.90303138113152
FOODS_3_080,CA_1,2013-07-09,19.0,20.405970636677623
FOODS_3_080,CA_3,2013-07-09,24.0,23.41200700176477
FOODS_3_080,TX_2,2013-07-09,27.0,20.550012347343262
FOODS_3_090,CA_1,2013-07-09,42.0,85.93549500192371
FOODS_3_090,CA_3,2013-07-09,125.0,234.91034297347488
FOODS_3_090,CA_4,2013-07-09,26.0,31.28938281755613
FOODS_3_090,TX_2,2013-07-09,54.0,63.73641576407613
FOODS_3_090,TX_3,2013-07-09,43.0,54.51182726347136
FOODS_3_090,WI_3,2013-07-09,69.0,57.40731200739994
FOODS_3_099,TX_2,2013-07-09,27.0,24.56112124238163
FOODS_3_120,CA_1,2013-07-09,58.0,63.87458702929233
FOODS_3_120,CA_3,2013-07-09,60.0,56.880363091294505
FOODS_3_202,TX_1,2013-07-09,21.0,23.344814137242654
FOODS_3_202,TX_2,2013-07-09,43.0,30.808784547567168
FOODS_3_202,TX_3,2013-07-09,15.0,24.865286026832784
FOODS_3_226,WI_1,2013-07-09,42.0,44.24568050463913
FOODS_3_226,WI_2,2013-07-09,55.0,49.022551995529376
FOODS_3_226,WI_3,2013-07-09,44.0,59.187729117560565
FOODS_3_234,WI_3,2013-07-09,15.0,22.587765033303306
FOODS_3_252,CA_1,2013-07-09,52.0,56.27970344142058
FOODS_3_376,WI_3,2013-07-09,11.0,35.19803912475077
FOODS_3_377,TX_2,2013-07-09,24.0,38.19340226992085
FOODS_3_377,TX_3,2013-07-09,31.0,34.310059712193045
FOODS_3_498,WI_3,2013-07-09,0.0,14.745087901343933
FOODS_3_501,CA_3,2013-07-09,7.0,24.660741716541025
FOODS_3_541,CA_3,2013-07-09,139.0,125.70470211231331
FOODS_3_541,WI_3,2013-07-09,46.0,23.1268373772124
FOODS_3_547,WI_3,2013-07-09,0.0,21.785636879649303
FOODS_3_555,TX_1,2013-07-09,39.0,42.43617920431614
FOODS_3_555,TX_2,2013-07-09,46.0,42.58410179448126
FOODS_3_555,WI_3,2013-07-09,30.0,32.05900999274933
FOODS_3_586,CA_1,2013-07-09,45.0,51.90045822593546
FOODS_3_586,TX_1,2013-07-09,53.0,57.47191515916245
FOODS_3_694,WI_3,2013-07-09,49.0,48.8034469342478
FOODS_3_714,CA_1,2013-07-09,29.0,23.27173569316155
FOODS_3_714,CA_3,2013-07-09,26.0,38.940258892152386
FOODS_3_714,TX_2,2013-07-09,19.0,23.90993170102288
FOODS_3_714,TX_3,2013-07-09,25.0,24.12529356827925
FOODS_3_723,WI_3,2013-07-09,17.0,17.51211181739306
FOODS_3_741,CA_1,2013-07-09,10.0,9.25781488329582
FOODS_3_752,WI_3,2013-07-09,20.0,16.64495767092636
FOODS_3_764,CA_3,2013-07-09,9.0,24.54852871742883
FOODS_3_252,CA_3,2013-07-09,59.0,50.370291873790364
FOODS_3_586,TX_3,2013-07-09,61.0,70.08388959741266
FOODS_3_030,TX_2,2013-07-09,58.0,23.653810173459668
FOODS_3_635,CA_3,2013-07-09,84.0,81.98822814720141
FOODS_3_252,WI_3,2013-07-09,17.0,16.11283672345488
FOODS_3_586,TX_2,2013-07-09,98.0,96.51314210165596
FOODS_3_587,WI_3,2013-07-09,0.0,0.0
FOODS_3_694,WI_2,2013-07-09,32.0,32.811488344300685
FOODS_3_281,CA_3,2013-07-09,19.0,28.008197577137647
FOODS_3_681,WI_3,2013-07-09,34.0,30.908653774716637
FOODS_3_007,WI_2,2013-07-09,96.0,6.614004413382155
FOODS_3_694,TX_1,2013-07-09,19.0,21.774810027292492
FOODS_3_587,CA_1,2013-07-09,0.0,0.0
FOODS_2_360,WI_3,2013-07-09,19.0,21.297260540085325
FOODS_3_681,CA_3,2013-07-09,24.0,27.48683420046622
FOODS_2_360,TX_3,2013-07-09,26.0,27.29925043904437
FOODS_3_586,CA_2,2013-07-09,28.0,31.30771980707095
FOODS_3_635,WI_3,2013-07-09,50.0,34.319736059788674
FOODS_3_541,CA_1,2013-07-09,56.0,36.53794136686386
FOODS_3_808,CA_3,2013-07-09,129.0,98.49143613010588
FOODS_3_714,TX_1,2013-07-09,13.0,29.325297644523914
FOODS_3_555,TX_3,2013-07-09,36.0,41.0796716967581
FOODS_3_711,CA_3,2013-07-09,64.0,35.972513365295015
FOODS_3_635,CA_1,2013-07-09,36.0,37.62890851845839
FOODS_3_491,CA_3,2013-07-09,23.0,22.77397521372634
FOODS_3_555,CA_3,2013-07-09,36.0,31.784694463700998
FOODS_3_252,TX_2,2013-07-09,60.0,59.107694300269195
FOODS_3_376,WI_2,2013-07-09,38.0,40.18894382950563
FOODS_3_694,CA_3,2013-07-09,22.0,26.83925525020487
FOODS_3_723,CA_3,2013-07-09,11.0,26.716668936976767
FOODS_3_586,CA_3,2013-07-09,91.0,79.97708525947964
FOODS_3_252,TX_3,2013-07-09,29.0,36.71530628269114
FOODS_3_252,TX_1,2013-07-09,34.0,33.34341332908414
FOODS_3_090,CA_2,2013-07-09,37.0,30.15911119158019
FOODS_3_318,WI_3,2013-07-09,23.0,25.144613508085783
HOUSEHOLD_1_118,CA_3,2013-07-09,18.0,22.161342226161505
FOODS_3_804,CA_3,2013-07-09,29.0,32.82274665333001
FOODS_3_587,CA_3,2013-07-09,4.0,4.916368155016038
FOODS_3_808,CA_1,2013-07-09,86.0,41.12228815559053
FOODS_3_090,TX_1,2013-07-09,51.0,56.377812379737904
FOODS_3_376,CA_3,2013-07-09,18.0,47.241859621049066
FOODS_3_752,CA_3,2013-07-09,74.0,32.881744507753616
FOODS_3_202,CA_3,2013-07-09,31.0,39.12756102722828
FOODS_3_694,WI_1,2013-07-09,22.0,27.330112559583053
FOODS_3_714,WI_3,2013-07-09,32.0,43.49761226226593
FOODS_3_586,WI_3,2013-07-09,34.0,42.96232357277137
FOODS_3_318,CA_3,2013-07-09,23.0,29.082774821218706
FOODS_3_319,CA_3,2013-07-09,86.0,62.674987683484105
FOODS_3_252,CA_2,2013-07-09,31.0,26.66025055451824
FOODS_3_234,CA_3,2013-07-09,90.0,33.907979933380396
FOODS_1_218,TX_2,2013-07-10,16.0,19.4191143621003
FOODS_2_197,CA_1,2013-07-10,33.0,33.258218765935
FOODS_2_197,CA_3,2013-07-10,41.0,33.08128068189478
FOODS_2_244,CA_3,2013-07-10,24.0,21.01982920244994
FOODS_2_276,CA_3,2013-07-10,33.0,29.68901346772022
FOODS_2_360,CA_3,2013-07-10,52.0,29.851533316316374
FOODS_2_360,WI_2,2013-07-10,49.0,44.48533230885991
FOODS_3_030,TX_3,2013-07-10,25.0,19.695443815658102
FOODS_3_080,CA_1,2013-07-10,22.0,19.47130019453956
FOODS_3_080,CA_3,2013-07-10,20.0,22.49509846244834
FOODS_3_080,TX_2,2013-07-10,22.0,20.099655167363622
FOODS_3_090,CA_1,2013-07-10,66.0,77.27753594473917
FOODS_3_090,CA_3,2013-07-10,207.0,238.46572276181135
FOODS_3_090,CA_4,2013-07-10,29.0,31.45120856812186
FOODS_3_090,TX_2,2013-07-10,68.0,59.92093224650119
FOODS_3_090,TX_3,2013-07-10,51.0,54.06273791907017
FOODS_3_090,WI_3,2013-07-10,77.0,55.68327787720172
FOODS_3_099,TX_2,2013-07-10,20.0,19.652434076023624
FOODS_3_120,CA_1,2013-07-10,41.0,58.76627924049723
FOODS_3_120,CA_3,2013-07-10,56.0,56.39584397353698
FOODS_3_202,TX_1,2013-07-10,17.0,23.165741413247964
FOODS_3_202,TX_2,2013-07-10,23.0,28.093960777175834
FOODS_3_202,TX_3,2013-07-10,21.0,23.798480376717176
FOODS_3_226,WI_1,2013-07-10,29.0,41.13614019376588
FOODS_3_226,WI_2,2013-07-10,50.0,44.04777737676759
FOODS_3_226,WI_3,2013-07-10,57.0,49.69645756666463
FOODS_3_234,WI_3,2013-07-10,13.0,13.387031400457904
FOODS_3_252,CA_1,2013-07-10,41.0,54.823858950971285
FOODS_3_376,WI_3,2013-07-10,18.0,23.811791787429623
FOODS_3_377,TX_2,2013-07-10,42.0,35.266422641352406
FOODS_3_377,TX_3,2013-07-10,34.0,30.74415103890912
FOODS_3_498,WI_3,2013-07-10,0.0,3.658187854957085
FOODS_3_501,CA_3,2013-07-10,33.0,23.599080465241276
FOODS_3_541,CA_3,2013-07-10,47.0,112.32210148042986
FOODS_3_541,WI_3,2013-07-10,45.0,23.295868299726425
FOODS_3_555,TX_1,2013-07-10,19.0,37.44565703931682
FOODS_3_555,TX_2,2013-07-10,37.0,39.45926528570935
FOODS_3_555,WI_3,2013-07-10,33.0,29.244311051602708
FOODS_3_586,CA_1,2013-07-10,56.0,50.30914523853526
FOODS_3_586,TX_1,2013-07-10,40.0,52.53696552423902
FOODS_3_694,WI_3,2013-07-10,49.0,43.17889524870975
FOODS_3_714,CA_1,2013-07-10,18.0,25.47082772036027
FOODS_3_714,CA_3,2013-07-10,29.0,36.27849240452784
FOODS_3_714,TX_2,2013-07-10,31.0,21.843502355001103
FOODS_3_714,TX_3,2013-07-10,26.0,22.487469296573085
FOODS_3_723,WI_3,2013-07-10,20.0,16.344345316336717
FOODS_3_741,CA_1,2013-07-10,10.0,10.737194232169468
FOODS_3_752,WI_3,2013-07-10,18.0,11.848193329727934
FOODS_3_764,CA_3,2013-07-10,29.0,22.809497192794915
FOODS_3_252,CA_3,2013-07-10,54.0,50.248243887434924
FOODS_3_586,TX_3,2013-07-10,76.0,64.94853615848446
FOODS_3_030,TX_2,2013-07-10,25.0,26.052572710705117
FOODS_3_635,CA_3,2013-07-10,22.0,78.84966196273096
FOODS_3_252,WI_3,2013-07-10,12.0,15.233082312587337
FOODS_3_586,TX_2,2013-07-10,93.0,92.44359960842449
FOODS_3_587,WI_3,2013-07-10,0.0,0.0
FOODS_3_694,WI_2,2013-07-10,40.0,29.36432473803492
FOODS_3_281,CA_3,2013-07-10,20.0,27.773097495691037
FOODS_3_681,WI_3,2013-07-10,57.0,28.39693432943493
FOODS_3_007,WI_2,2013-07-10,32.0,21.06446091435081
FOODS_3_694,TX_1,2013-07-10,25.0,18.88175213347336
FOODS_3_587,CA_1,2013-07-10,0.0,0.0
FOODS_2_360,WI_3,2013-07-10,21.0,14.260319544113221
FOODS_3_714,WI_3,2013-07-10,35.0,36.640182471333596
FOODS_3_318,CA_3,2013-07-10,47.0,28.49170091680992
FOODS_3_202,CA_3,2013-07-10,31.0,38.3451358755428
FOODS_3_547,WI_3,2013-07-10,0.0,9.877887199438613
FOODS_3_541,CA_1,2013-07-10,25.0,39.434616400502854
FOODS_3_587,CA_3,2013-07-10,1.0,5.083185392991893
FOODS_3_234,CA_3,2013-07-10,22.0,39.52349415938418
FOODS_3_681,CA_3,2013-07-10,40.0,28.330022443833222
FOODS_2_360,TX_3,2013-07-10,9.0,20.851150000044903
FOODS_3_586,CA_2,2013-07-10,25.0,31.285799053548573
FOODS_3_752,CA_3,2013-07-10,111.0,36.79600488543338
FOODS_3_376,WI_2,2013-07-10,18.0,31.531332002606813
FOODS_3_376,CA_3,2013-07-10,22.0,39.66060001101355
FOODS_3_694,WI_1,2013-07-10,15.0,25.422338742153148
FOODS_3_711,CA_3,2013-07-10,17.0,36.87761435655589
FOODS_3_804,CA_3,2013-07-10,31.0,30.60317046686032
FOODS_3_252,TX_2,2013-07-10,73.0,55.35509553894158
FOODS_3_586,WI_3,2013-07-10,24.0,34.086933183680046
HOUSEHOLD_1_118,CA_3,2013-07-10,27.0,22.247705754442787
FOODS_3_491,CA_3,2013-07-10,32.0,22.87647387403357
FOODS_3_808,CA_1,2013-07-10,43.0,43.85681619182634
FOODS_3_555,TX_3,2013-07-10,33.0,39.62944179215
FOODS_3_319,CA_3,2013-07-10,58.0,63.16660465269348
FOODS_3_252,TX_3,2013-07-10,43.0,38.07890382327645
FOODS_3_252,TX_1,2013-07-10,29.0,30.921894856313717
FOODS_3_635,CA_1,2013-07-10,53.0,37.62266819096509
FOODS_3_723,CA_3,2013-07-10,46.0,29.298923000840617
FOODS_3_555,CA_3,2013-07-10,36.0,31.214944191114405
FOODS_3_714,TX_1,2013-07-10,21.0,25.991305218972414
FOODS_3_586,CA_3,2013-07-10,109.0,79.44373978444631
FOODS_3_252,CA_2,2013-07-10,18.0,27.351398693439034
FOODS_3_318,WI_3,2013-07-10,17.0,20.850298949262072
FOODS_3_635,WI_3,2013-07-10,52.0,32.403209312285036
FOODS_3_808,CA_3,2013-07-10,27.0,94.1830761487344
FOODS_3_090,CA_2,2013-07-10,44.0,32.73292277224239
FOODS_3_694,CA_3,2013-07-10,28.0,26.223754015426824
FOODS_3_090,TX_1,2013-07-10,78.0,47.68619633405706
FOODS_1_218,TX_2,2013-07-11,19.0,23.06382632193011
FOODS_2_197,CA_1,2013-07-11,28.0,27.351207620633787
FOODS_2_197,CA_3,2013-07-11,31.0,25.84151830552345
FOODS_2_244,CA_3,2013-07-11,24.0,16.466418210270266
FOODS_2_276,CA_3,2013-07-11,24.0,22.930406101112087
FOODS_2_360,CA_3,2013-07-11,24.0,23.967400819409246
FOODS_2_360,WI_2,2013-07-11,62.0,78.09324992193909
FOODS_3_030,TX_3,2013-07-11,20.0,22.471831104723616
FOODS_3_080,CA_1,2013-07-11,11.0,19.317503330492507
FOODS_3_080,CA_3,2013-07-11,24.0,21.526798777400238
FOODS_3_080,TX_2,2013-07-11,25.0,22.86154809782499
FOODS_3_090,CA_1,2013-07-11,72.0,85.68639118353323
FOODS_3_090,CA_3,2013-07-11,144.0,190.4115474587859
FOODS_3_090,CA_4,2013-07-11,28.0,30.764775786529633
FOODS_3_090,TX_2,2013-07-11,47.0,67.67368706895913
FOODS_3_090,TX_3,2013-07-11,92.0,55.52472156194156
FOODS_3_090,WI_3,2013-07-11,59.0,62.41108789425297
FOODS_3_099,TX_2,2013-07-11,21.0,23.990400615641725
FOODS_3_120,CA_1,2013-07-11,59.0,47.997388281653464
FOODS_3_120,CA_3,2013-07-11,60.0,50.58060998363328
FOODS_3_202,TX_1,2013-07-11,22.0,23.251732451100267
FOODS_3_202,TX_2,2013-07-11,37.0,31.24105539535646
FOODS_3_226,WI_1,2013-07-11,42.0,44.840121580565445
FOODS_3_226,WI_2,2013-07-11,52.0,48.240013555061104
FOODS_3_226,WI_3,2013-07-11,53.0,58.39815997039167
FOODS_3_234,WI_3,2013-07-11,45.0,18.556166014036574
FOODS_3_252,CA_1,2013-07-11,42.0,51.23425882310704
FOODS_3_376,WI_3,2013-07-11,20.0,30.61378213558889
FOODS_3_377,TX_2,2013-07-11,51.0,37.93518821165948
FOODS_3_377,TX_3,2013-07-11,38.0,33.39311582390294
FOODS_3_498,WI_3,2013-07-11,9.0,7.162531638766713
FOODS_3_501,CA_3,2013-07-11,22.0,20.128551199765543
FOODS_3_541,CA_3,2013-07-11,42.0,74.87259732951196
FOODS_3_541,WI_3,2013-07-11,55.0,32.239623919971095
FOODS_3_555,TX_1,2013-07-11,34.0,42.59993625846679
FOODS_3_555,TX_2,2013-07-11,51.0,43.71917057188537
FOODS_3_555,WI_3,2013-07-11,38.0,30.727207748804993
FOODS_3_586,CA_1,2013-07-11,45.0,44.53579601357012
FOODS_3_586,TX_1,2013-07-11,54.0,58.921213391459254
FOODS_3_694,WI_3,2013-07-11,43.0,46.02570285481747
FOODS_3_714,CA_1,2013-07-11,28.0,21.992226431087534
FOODS_3_714,CA_3,2013-07-11,21.0,29.057488740835957
FOODS_3_714,TX_2,2013-07-11,22.0,23.865891805563194
FOODS_3_714,TX_3,2013-07-11,21.0,24.743092515898297
FOODS_3_723,WI_3,2013-07-11,11.0,18.193619023728864
FOODS_3_741,CA_1,2013-07-11,4.0,10.259286765713277
FOODS_3_752,WI_3,2013-07-11,4.0,18.848887040596196
FOODS_3_764,CA_3,2013-07-11,21.0,19.102764401191255
FOODS_3_252,CA_3,2013-07-11,46.0,44.170832904173416
FOODS_3_586,TX_3,2013-07-11,72.0,73.71111936069846
FOODS_3_030,TX_2,2013-07-11,28.0,28.257889807218444
FOODS_3_635,CA_3,2013-07-11,40.0,66.95399530343987
FOODS_3_252,WI_3,2013-07-11,21.0,16.877914843246696
FOODS_3_586,TX_2,2013-07-11,90.0,106.78906001976407
FOODS_3_587,WI_3,2013-07-11,0.0,0.0
FOODS_3_694,WI_2,2013-07-11,36.0,31.57721545161785
FOODS_3_281,CA_3,2013-07-11,22.0,22.25263914226925
FOODS_3_681,WI_3,2013-07-11,48.0,39.138412892198545
FOODS_3_007,WI_2,2013-07-11,99.0,34.45767303213812
FOODS_3_694,TX_1,2013-07-11,30.0,22.51192238029369
FOODS_3_587,CA_1,2013-07-11,0.0,0.0
FOODS_2_360,WI_3,2013-07-11,25.0,20.536060229229637
FOODS_3_252,CA_2,2013-07-11,38.0,24.77506452871156
FOODS_3_714,WI_3,2013-07-11,29.0,40.79630433355333
FOODS_3_252,TX_3,2013-07-11,47.0,40.97585464895069
FOODS_3_808,CA_1,2013-07-11,66.0,39.58665705960482
FOODS_3_635,CA_1,2013-07-11,29.0,32.542441387776066
FOODS_3_090,CA_2,2013-07-11,33.0,32.637472557119104
FOODS_3_808,CA_3,2013-07-11,38.0,62.83273375025319
FOODS_3_491,CA_3,2013-07-11,20.0,22.1624507039598
FOODS_3_319,CA_3,2013-07-11,44.0,56.33429097902449
FOODS_3_252,TX_1,2013-07-11,35.0,34.61323980148314
FOODS_3_555,CA_3,2013-07-11,44.0,29.349814258244542
FOODS_3_252,TX_2,2013-07-11,63.0,61.06779900976699
FOODS_3_318,CA_3,2013-07-11,12.0,24.5955452308928
FOODS_3_587,CA_3,2013-07-11,2.0,4.54098615739451
FOODS_3_723,CA_3,2013-07-11,23.0,24.27672598552398
FOODS_3_694,CA_3,2013-07-11,27.0,23.182280152768776
FOODS_3_202,TX_3,2013-07-11,37.0,22.97742880768429
FOODS_3_234,CA_3,2013-07-11,18.0,25.560341078223868
FOODS_3_376,CA_3,2013-07-11,14.0,27.104788850353938
FOODS_3_202,CA_3,2013-07-11,28.0,29.007102134708386
FOODS_3_586,CA_2,2013-07-11,31.0,26.06787044982031
FOODS_3_318,WI_3,2013-07-11,22.0,24.557398393109718
FOODS_3_681,CA_3,2013-07-11,22.0,24.775632469066434
FOODS_3_694,WI_1,2013-07-11,27.0,26.483497490850024
FOODS_3_586,CA_3,2013-07-11,87.0,73.58699219492463
FOODS_3_711,CA_3,2013-07-11,31.0,24.98726283223695
FOODS_3_555,TX_3,2013-07-11,39.0,41.96189107684102
FOODS_3_586,WI_3,2013-07-11,27.0,40.66405659741398
FOODS_3_541,CA_1,2013-07-11,31.0,34.894454400635965
FOODS_3_714,TX_1,2013-07-11,41.0,28.25776685688644
FOODS_3_752,CA_3,2013-07-11,16.0,29.105998624505855
FOODS_3_547,WI_3,2013-07-11,0.0,12.939783111637672
HOUSEHOLD_1_118,CA_3,2013-07-11,0.0,20.831676649920478
FOODS_3_635,WI_3,2013-07-11,56.0,43.31604436955709
FOODS_3_376,WI_2,2013-07-11,33.0,32.02192581050982
FOODS_3_804,CA_3,2013-07-11,32.0,24.492198780375354
FOODS_2_360,TX_3,2013-07-11,25.0,26.434784912615005
FOODS_3_090,TX_1,2013-07-11,49.0,55.4787261693636
FOODS_1_218,TX_2,2013-07-12,20.0,26.529513570329364
FOODS_2_197,CA_1,2013-07-12,2.0,29.12229381599416
FOODS_2_197,CA_3,2013-07-12,23.0,29.05141683019632
FOODS_2_244,CA_3,2013-07-12,18.0,16.77891151172875
FOODS_2_276,CA_3,2013-07-12,26.0,24.1294380617104
FOODS_2_360,CA_3,2013-07-12,21.0,26.052758088207195
FOODS_2_360,WI_2,2013-07-12,49.0,66.95969234976161
FOODS_3_030,TX_3,2013-07-12,31.0,24.575296915520912
FOODS_3_080,CA_1,2013-07-12,21.0,20.570891410224704
FOODS_3_080,CA_3,2013-07-12,21.0,22.127802346773002
FOODS_3_080,TX_2,2013-07-12,22.0,25.671532788716405
FOODS_3_090,CA_1,2013-07-12,109.0,94.63592050456253
FOODS_3_090,CA_2,2013-07-12,35.0,43.30443147736987
FOODS_3_090,CA_3,2013-07-12,202.0,179.35788796541243
FOODS_3_090,CA_4,2013-07-12,40.0,36.25173276996799
FOODS_3_090,TX_2,2013-07-12,102.0,75.66030983916663
FOODS_3_090,TX_3,2013-07-12,85.0,67.02714882229866
FOODS_3_090,WI_3,2013-07-12,61.0,78.79561300597007
FOODS_3_099,TX_2,2013-07-12,17.0,22.174356847934813
FOODS_3_120,CA_1,2013-07-12,58.0,56.247086532472885
FOODS_3_120,CA_3,2013-07-12,56.0,56.11081516712838
FOODS_3_202,TX_1,2013-07-12,30.0,26.046882788397877
FOODS_3_202,TX_2,2013-07-12,28.0,33.89060937313428
FOODS_3_226,WI_1,2013-07-12,75.0,51.6541756620556
FOODS_3_226,WI_2,2013-07-12,70.0,58.51239065885147
FOODS_3_226,WI_3,2013-07-12,68.0,68.80877616771784
FOODS_3_234,WI_3,2013-07-12,8.0,24.52498120014218
FOODS_3_252,CA_1,2013-07-12,83.0,62.9177294033302
FOODS_3_376,WI_3,2013-07-12,11.0,29.042949638656353
FOODS_3_377,TX_2,2013-07-12,37.0,44.63799012513376
FOODS_3_377,TX_3,2013-07-12,33.0,39.199459059195
FOODS_3_498,WI_3,2013-07-12,21.0,13.588345549313706
FOODS_3_501,CA_3,2013-07-12,23.0,21.095879585385394
FOODS_3_541,CA_3,2013-07-12,83.0,92.17835736477558
FOODS_3_541,WI_3,2013-07-12,42.0,37.5292761753293
FOODS_3_555,TX_1,2013-07-12,60.0,41.70260002809566
FOODS_3_555,TX_2,2013-07-12,40.0,50.27362440881163
FOODS_3_555,WI_3,2013-07-12,39.0,36.120622643042445
FOODS_3_586,CA_1,2013-07-12,49.0,53.58370317237251
FOODS_3_586,TX_1,2013-07-12,77.0,64.46474784307341
FOODS_3_694,WI_3,2013-07-12,42.0,55.3208447577578
FOODS_3_714,CA_1,2013-07-12,20.0,29.283435192989725
FOODS_3_714,CA_3,2013-07-12,30.0,35.27067161428907
FOODS_3_714,TX_2,2013-07-12,34.0,26.666336291599162
FOODS_3_714,TX_3,2013-07-12,31.0,30.56228224303438
FOODS_3_723,WI_3,2013-07-12,18.0,23.06736120326661
FOODS_3_741,CA_1,2013-07-12,5.0,10.303949844222478
FOODS_3_752,WI_3,2013-07-12,12.0,28.36817371760418
FOODS_3_764,CA_3,2013-07-12,22.0,19.657116134009755
FOODS_3_030,TX_2,2013-07-12,18.0,32.55956801008334
FOODS_3_635,CA_3,2013-07-12,56.0,54.93818805628834
FOODS_3_252,WI_3,2013-07-12,26.0,20.47255980462022
FOODS_3_586,TX_2,2013-07-12,114.0,109.4453490974188
FOODS_3_587,WI_3,2013-07-12,0.0,0.3839797793851885
FOODS_3_694,WI_2,2013-07-12,41.0,39.45456115994165
FOODS_3_281,CA_3,2013-07-12,26.0,24.20994413416
FOODS_3_252,TX_1,2013-07-12,46.0,38.5034912658053
FOODS_3_681,WI_3,2013-07-12,37.0,44.41995926135714
FOODS_3_007,WI_2,2013-07-12,64.0,40.43808344650408
FOODS_3_694,TX_1,2013-07-12,24.0,27.301759556440896
FOODS_3_587,CA_1,2013-07-12,0.0,0.1094157508203894
FOODS_2_360,WI_3,2013-07-12,22.0,22.052853867484256
FOODS_3_547,WI_3,2013-07-12,0.0,11.785730552632238
FOODS_3_090,TX_1,2013-07-12,90.0,67.75579517038125
FOODS_3_681,CA_3,2013-07-12,43.0,28.441375792158816
FOODS_2_360,TX_3,2013-07-12,12.0,26.80236371114638
FOODS_3_586,CA_2,2013-07-12,37.0,31.512236692348246
FOODS_3_252,TX_3,2013-07-12,68.0,49.21318052899209
FOODS_3_635,WI_3,2013-07-12,51.0,47.88903922356225
FOODS_3_808,CA_1,2013-07-12,34.0,45.66502362667312
FOODS_3_808,CA_3,2013-07-12,28.0,70.12042044584553
FOODS_3_714,TX_1,2013-07-12,39.0,35.23391729218746
FOODS_3_252,CA_2,2013-07-12,35.0,33.19730175034439
FOODS_3_555,TX_3,2013-07-12,63.0,47.43300837417407
FOODS_3_752,CA_3,2013-07-12,7.0,33.18520142865079
FOODS_3_714,WI_3,2013-07-12,51.0,51.093504271494545
FOODS_3_319,CA_3,2013-07-12,48.0,50.86932662198123
FOODS_3_252,CA_3,2013-07-12,64.0,53.514446047506944
FOODS_3_711,CA_3,2013-07-12,13.0,25.623189261806463
FOODS_3_586,CA_3,2013-07-12,69.0,84.08961313631227
FOODS_3_555,CA_3,2013-07-12,52.0,36.19618068265665
FOODS_3_318,WI_3,2013-07-12,29.0,30.68644543270728
FOODS_3_694,WI_1,2013-07-12,24.0,31.749644202697045
FOODS_3_586,WI_3,2013-07-12,43.0,43.434175609545846
FOODS_3_586,TX_3,2013-07-12,91.0,84.50292591866474
FOODS_3_541,CA_1,2013-07-12,27.0,34.53092695988138
FOODS_3_252,TX_2,2013-07-12,84.0,77.65835958038672
FOODS_3_318,CA_3,2013-07-12,17.0,28.590882467316707
FOODS_3_202,CA_3,2013-07-12,36.0,34.485428623717375
FOODS_3_234,CA_3,2013-07-12,29.0,28.0465787385596
FOODS_3_376,CA_3,2013-07-12,7.0,32.511629237260806
FOODS_3_491,CA_3,2013-07-12,20.0,25.208270838025037
FOODS_3_587,CA_3,2013-07-12,1.0,5.166554311266404
FOODS_3_635,CA_1,2013-07-12,40.0,34.20727207982447
HOUSEHOLD_1_118,CA_3,2013-07-12,0.0,19.502709200803956
FOODS_3_202,TX_3,2013-07-12,36.0,26.26241073327846
FOODS_3_694,CA_3,2013-07-12,27.0,27.098989733112695
FOODS_3_723,CA_3,2013-07-12,34.0,29.245119618840324
FOODS_3_804,CA_3,2013-07-12,59.0,30.339418703482693
FOODS_3_376,WI_2,2013-07-12,16.0,36.90940117880519
FOODS_1_218,TX_2,2013-07-13,32.0,30.531167886916336
FOODS_2_197,CA_1,2013-07-13,42.0,33.46047902026124
FOODS_2_197,CA_3,2013-07-13,0.0,33.37557651090662
FOODS_2_244,CA_3,2013-07-13,17.0,21.53098519974017
FOODS_2_276,CA_3,2013-07-13,0.0,31.963729716611212
FOODS_2_360,CA_3,2013-07-13,39.0,30.36327387718596
FOODS_2_360,TX_3,2013-07-13,36.0,28.017272138979305
FOODS_2_360,WI_2,2013-07-13,57.0,63.151677535794974
FOODS_3_030,TX_3,2013-07-13,19.0,31.7627604602133
FOODS_3_080,CA_1,2013-07-13,28.0,26.79464070279806
FOODS_3_080,CA_3,2013-07-13,23.0,25.392150828036016
FOODS_3_080,TX_2,2013-07-13,27.0,30.96437300316698
FOODS_3_090,CA_1,2013-07-13,79.0,112.75818741290061
FOODS_3_090,CA_2,2013-07-13,55.0,46.50924269754277
FOODS_3_090,CA_3,2013-07-13,212.0,223.90432457636703
FOODS_3_090,CA_4,2013-07-13,28.0,43.84347943108265
FOODS_3_090,TX_2,2013-07-13,118.0,90.61006918107637
FOODS_3_090,TX_3,2013-07-13,96.0,82.2103899971506
FOODS_3_090,WI_3,2013-07-13,100.0,79.58888254333505
FOODS_3_099,TX_2,2013-07-13,36.0,28.310915692281554
FOODS_3_120,CA_1,2013-07-13,50.0,69.90402487087324
FOODS_3_120,CA_3,2013-07-13,61.0,70.2033251702517
FOODS_3_202,TX_1,2013-07-13,48.0,36.52655831137946
FOODS_3_202,TX_2,2013-07-13,41.0,42.507704277205086
FOODS_3_226,WI_1,2013-07-13,71.0,57.14945291585918
FOODS_3_226,WI_2,2013-07-13,65.0,55.085993922158124
FOODS_3_226,WI_3,2013-07-13,60.0,66.42380177461479
FOODS_3_234,WI_3,2013-07-13,32.0,22.24128053366618
FOODS_3_252,CA_1,2013-07-13,89.0,74.66316887093477
FOODS_3_376,WI_3,2013-07-13,23.0,21.84965347571865
FOODS_3_377,TX_2,2013-07-13,65.0,53.22516417988671
FOODS_3_377,TX_3,2013-07-13,55.0,43.062577818642374
FOODS_3_498,WI_3,2013-07-13,20.0,12.90966418584554
FOODS_3_501,CA_3,2013-07-13,22.0,24.901604671033777
FOODS_3_541,CA_3,2013-07-13,59.0,126.36463139693113
FOODS_3_541,WI_3,2013-07-13,38.0,47.201265645556575
FOODS_3_555,TX_1,2013-07-13,50.0,55.32186102749575
FOODS_3_555,TX_2,2013-07-13,100.0,58.20039616903773
FOODS_3_555,WI_3,2013-07-13,42.0,38.357170235465496
FOODS_3_586,CA_1,2013-07-13,69.0,66.88253662241132
FOODS_3_586,CA_3,2013-07-13,90.0,101.18794236307538
FOODS_3_586,TX_1,2013-07-13,66.0,78.69656792294892
FOODS_3_714,CA_1,2013-07-13,38.0,38.0639364393053
FOODS_3_714,CA_3,2013-07-13,45.0,39.486813204979974
FOODS_3_714,TX_2,2013-07-13,40.0,33.4552994803485
FOODS_3_714,TX_3,2013-07-13,31.0,38.141120133228156
FOODS_3_723,WI_3,2013-07-13,48.0,24.09835836605884
FOODS_3_741,CA_1,2013-07-13,5.0,12.930521964016044
FOODS_3_752,WI_3,2013-07-13,9.0,17.724419713739053
FOODS_3_764,CA_3,2013-07-13,26.0,24.04258348690571
FOODS_3_030,TX_2,2013-07-13,26.0,38.847837038028096
FOODS_3_635,CA_3,2013-07-13,47.0,80.04589084195065
FOODS_3_586,WI_3,2013-07-13,56.0,49.011138139197584
FOODS_3_252,WI_3,2013-07-13,26.0,24.174840264545136
FOODS_3_586,TX_2,2013-07-13,153.0,124.65477771616807
FOODS_3_587,WI_3,2013-07-13,0.0,0.2691830225837491
FOODS_3_694,WI_2,2013-07-13,34.0,37.86204001663016
FOODS_3_281,CA_3,2013-07-13,41.0,27.357866817798552
FOODS_3_252,TX_1,2013-07-13,43.0,49.35041121679798
FOODS_3_681,WI_3,2013-07-13,44.0,54.89356679391733
FOODS_3_007,WI_2,2013-07-13,27.0,43.77485319497041
FOODS_3_694,TX_1,2013-07-13,35.0,32.8352049155688
FOODS_3_587,CA_1,2013-07-13,0.0,0.4948149010247617
FOODS_2_360,WI_3,2013-07-13,34.0,21.997953734874297
FOODS_3_202,TX_3,2013-07-13,66.0,36.497728195351456
FOODS_3_318,CA_3,2013-07-13,20.0,31.64957554397146
FOODS_3_586,CA_2,2013-07-13,49.0,42.89794366981103
FOODS_3_202,CA_3,2013-07-13,36.0,38.191738401975456
FOODS_3_694,WI_3,2013-07-13,44.0,53.844870001094634
FOODS_3_541,CA_1,2013-07-13,30.0,50.03450745902121
FOODS_3_234,CA_3,2013-07-13,35.0,35.74952665105047
FOODS_3_587,CA_3,2013-07-13,0.0,5.777241944120173
FOODS_3_491,CA_3,2013-07-13,14.0,29.313166198490105
FOODS_3_808,CA_3,2013-07-13,27.0,84.75621664627216
FOODS_3_555,TX_3,2013-07-13,64.0,58.62944615156069
FOODS_3_681,CA_3,2013-07-13,48.0,38.323882675408946
FOODS_3_090,TX_1,2013-07-13,100.0,81.75896042414165
FOODS_3_723,CA_3,2013-07-13,60.0,34.02377641348395
FOODS_3_376,WI_2,2013-07-13,23.0,28.810558203639438
FOODS_3_694,CA_3,2013-07-13,36.0,28.156042918237333
FOODS_3_252,CA_3,2013-07-13,77.0,61.31306422496723
FOODS_3_635,WI_3,2013-07-13,42.0,59.613708523492136
FOODS_3_752,CA_3,2013-07-13,22.0,35.63170453096424
FOODS_3_714,TX_1,2013-07-13,48.0,45.73902181723542
FOODS_3_635,CA_1,2013-07-13,61.0,42.77861212511578
FOODS_3_804,CA_3,2013-07-13,44.0,32.95998391480882
FOODS_3_586,TX_3,2013-07-13,80.0,102.51030076935271
FOODS_3_318,WI_3,2013-07-13,23.0,33.570476067077884
FOODS_3_694,WI_1,2013-07-13,24.0,34.25104604973252
FOODS_3_319,CA_3,2013-07-13,24.0,71.75565585175853
FOODS_3_252,CA_2,2013-07-13,59.0,42.52273245036061
FOODS_3_252,TX_3,2013-07-13,66.0,64.49671082417423
FOODS_3_808,CA_1,2013-07-13,73.0,60.506429637090534
FOODS_3_555,CA_3,2013-07-13,55.0,42.70300383546134
FOODS_3_711,CA_3,2013-07-13,21.0,30.38320368599917
FOODS_3_376,CA_3,2013-07-13,22.0,30.468925774900743
FOODS_3_714,WI_3,2013-07-13,47.0,56.23293693747667
FOODS_3_547,WI_3,2013-07-13,0.0,6.341002558825075
HOUSEHOLD_1_118,CA_3,2013-07-13,0.0,18.903184215602458
FOODS_3_252,TX_2,2013-07-13,125.0,86.57675161502073
FOODS_1_218,TX_2,2013-07-14,15.0,28.216448382605588
FOODS_2_197,CA_1,2013-07-14,39.0,35.26301146095476
FOODS_2_197,CA_3,2013-07-14,25.0,32.272133759891474
FOODS_2_244,CA_3,2013-07-14,16.0,23.146806764364555
FOODS_2_276,CA_3,2013-07-14,26.0,28.499304050930828
FOODS_2_360,CA_3,2013-07-14,23.0,31.554918709930053
FOODS_2_360,TX_3,2013-07-14,26.0,23.17267524556033
FOODS_2_360,WI_2,2013-07-14,70.0,76.56745734199164
FOODS_3_030,TX_3,2013-07-14,27.0,29.316848640916465
FOODS_3_080,CA_1,2013-07-14,20.0,24.668409780273617
FOODS_3_080,CA_3,2013-07-14,24.0,23.74722312007843
FOODS_3_080,TX_2,2013-07-14,19.0,26.986631324773477
FOODS_3_090,CA_1,2013-07-14,106.0,103.3798880119481
FOODS_3_090,CA_2,2013-07-14,74.0,48.01042827305824
FOODS_3_090,CA_3,2013-07-14,173.0,198.05098716079303
FOODS_3_090,CA_4,2013-07-14,45.0,41.83914324427847
FOODS_3_090,TX_2,2013-07-14,72.0,91.25739765713276
FOODS_3_090,TX_3,2013-07-14,82.0,75.77991299283376
FOODS_3_090,WI_3,2013-07-14,71.0,79.1657186323403
FOODS_3_099,TX_2,2013-07-14,22.0,25.24632793504168
FOODS_3_120,CA_1,2013-07-14,89.0,77.94649930371226
FOODS_3_120,CA_3,2013-07-14,67.0,73.71553625889608
FOODS_3_202,TX_1,2013-07-14,47.0,36.6890343979475
FOODS_3_202,TX_2,2013-07-14,41.0,40.09162986166323
FOODS_3_226,WI_1,2013-07-14,60.0,61.66371804471137
FOODS_3_226,WI_2,2013-07-14,60.0,62.67710798485524
FOODS_3_226,WI_3,2013-07-14,67.0,66.88686625342272
FOODS_3_234,WI_3,2013-07-14,30.0,29.039190337918612
FOODS_3_252,CA_1,2013-07-14,73.0,78.90436338792499
FOODS_3_376,WI_3,2013-07-14,9.0,25.366724890819512
FOODS_3_377,TX_2,2013-07-14,51.0,49.45045964364068
FOODS_3_377,TX_3,2013-07-14,39.0,45.03813419840415
FOODS_3_498,WI_3,2013-07-14,16.0,26.034641016809534
FOODS_3_501,CA_3,2013-07-14,32.0,26.01699074844142
FOODS_3_541,CA_3,2013-07-14,133.0,114.8366694936557
FOODS_3_541,WI_3,2013-07-14,75.0,52.09779208730063
FOODS_3_555,TX_1,2013-07-14,34.0,51.614322759869545
FOODS_3_555,TX_2,2013-07-14,50.0,58.87463053821053
FOODS_3_555,WI_3,2013-07-14,43.0,40.872928600273276
FOODS_3_586,CA_1,2013-07-14,84.0,71.45754950196827
FOODS_3_586,CA_3,2013-07-14,84.0,98.07260424660781
FOODS_3_586,TX_1,2013-07-14,64.0,63.889622927606176
FOODS_3_714,CA_1,2013-07-14,45.0,36.380250572895086
FOODS_3_714,CA_3,2013-07-14,41.0,38.95305696924892
FOODS_3_714,TX_2,2013-07-14,21.0,32.3753769160835
FOODS_3_714,TX_3,2013-07-14,27.0,33.70541426897481
FOODS_3_723,WI_3,2013-07-14,20.0,26.977499911638542
FOODS_3_741,CA_1,2013-07-14,6.0,10.79630327607545
FOODS_3_752,WI_3,2013-07-14,11.0,21.319664254286614
FOODS_3_764,CA_3,2013-07-14,48.0,25.068988800932306
FOODS_3_030,TX_2,2013-07-14,19.0,35.72530943225801
FOODS_3_635,CA_3,2013-07-14,71.0,67.67348601643221
FOODS_3_586,WI_3,2013-07-14,42.0,50.93386417003582
FOODS_3_252,WI_3,2013-07-14,33.0,25.667490751644745
FOODS_3_586,TX_2,2013-07-14,142.0,111.41895916330573
FOODS_3_587,WI_3,2013-07-14,0.0,0.8834144977109946
FOODS_3_694,WI_2,2013-07-14,54.0,39.06299578191204
FOODS_3_281,CA_3,2013-07-14,17.0,28.049229817015522
FOODS_3_252,TX_1,2013-07-14,38.0,46.81745108424077
FOODS_3_681,WI_3,2013-07-14,52.0,57.76052223936072
FOODS_3_007,WI_2,2013-07-14,72.0,64.18264872528094
FOODS_3_694,TX_1,2013-07-14,30.0,31.13990387380842
FOODS_3_587,CA_1,2013-07-14,0.0,0.9838639859993431
FOODS_2_360,WI_3,2013-07-14,29.0,30.574611232375045
FOODS_3_586,TX_3,2013-07-14,93.0,94.71659407505906
FOODS_3_202,TX_3,2013-07-14,35.0,39.27891937754733
FOODS_3_252,CA_3,2013-07-14,58.0,61.59573396123181
FOODS_3_252,CA_2,2013-07-14,35.0,41.93059581674289
FOODS_3_714,WI_3,2013-07-14,62.0,54.4457465980033
FOODS_3_635,WI_3,2013-07-14,48.0,61.876457145429505
FOODS_3_808,CA_1,2013-07-14,73.0,75.39217102688205
FOODS_3_635,CA_1,2013-07-14,90.0,48.876090204994405
FOODS_3_714,TX_1,2013-07-14,53.0,40.794588659012256
FOODS_3_318,CA_3,2013-07-14,25.0,28.614547378621307
FOODS_3_319,CA_3,2013-07-14,48.0,68.5154281853269
FOODS_3_711,CA_3,2013-07-14,7.0,29.223938033266965
FOODS_3_234,CA_3,2013-07-14,13.0,35.14339838813852
FOODS_3_252,TX_2,2013-07-14,104.0,84.71134933047016
FOODS_3_586,CA_2,2013-07-14,51.0,39.60380742523273
FOODS_3_723,CA_3,2013-07-14,28.0,35.136379594595596
FOODS_3_318,WI_3,2013-07-14,31.0,34.03109154828644
FOODS_3_376,WI_2,2013-07-14,39.0,35.2751909239485
HOUSEHOLD_1_118,CA_3,2013-07-14,11.0,17.106142275006338
FOODS_3_376,CA_3,2013-07-14,30.0,27.773916085010423
FOODS_3_694,WI_1,2013-07-14,24.0,31.58361398198017
FOODS_3_694,WI_3,2013-07-14,85.0,49.4909513893184
FOODS_3_587,CA_3,2013-07-14,0.0,5.519551870667173
FOODS_3_090,TX_1,2013-07-14,89.0,81.51846710116578
FOODS_3_555,TX_3,2013-07-14,43.0,54.35871525533286
FOODS_3_808,CA_3,2013-07-14,11.0,82.47560588472336
FOODS_3_555,CA_3,2013-07-14,25.0,45.2578209184075
FOODS_3_202,CA_3,2013-07-14,56.0,41.39670584918335
FOODS_3_681,CA_3,2013-07-14,17.0,39.06215470768831
FOODS_3_694,CA_3,2013-07-14,30.0,29.031378758884074
FOODS_3_752,CA_3,2013-07-14,17.0,32.09666187378343
FOODS_3_541,CA_1,2013-07-14,90.0,52.762174203522584
FOODS_3_252,TX_3,2013-07-14,52.0,58.72588126553679
FOODS_3_491,CA_3,2013-07-14,15.0,24.96910677119623
FOODS_3_547,WI_3,2013-07-14,0.0,6.2691514112228
FOODS_3_804,CA_3,2013-07-14,26.0,35.094869483669704
FOODS_1_218,TX_2,2013-07-15,26.0,23.03370994023411
FOODS_2_197,CA_1,2013-07-15,33.0,28.607235763126518
FOODS_2_197,CA_3,2013-07-15,29.0,27.4239218555888
FOODS_2_244,CA_3,2013-07-15,13.0,18.41416469165144
FOODS_2_276,CA_3,2013-07-15,22.0,23.45157624299995
FOODS_2_360,CA_3,2013-07-15,32.0,24.838641245580504
FOODS_3_080,CA_1,2013-07-15,15.0,18.114877990823608
FOODS_3_080,CA_3,2013-07-15,24.0,20.43296570209149
FOODS_3_080,TX_2,2013-07-15,28.0,22.59774836867511
FOODS_3_090,CA_1,2013-07-15,57.0,63.932653754927294
FOODS_3_090,CA_2,2013-07-15,36.0,34.60909422525248
FOODS_3_090,CA_3,2013-07-15,184.0,171.7564083406624
FOODS_3_090,CA_4,2013-07-15,33.0,30.238474411908822
FOODS_3_090,TX_2,2013-07-15,70.0,72.98114452043043
FOODS_3_099,TX_2,2013-07-15,32.0,25.66533525545142
FOODS_3_120,CA_1,2013-07-15,48.0,53.39086645902802
FOODS_3_120,CA_3,2013-07-15,45.0,68.22977313683826
FOODS_3_202,TX_1,2013-07-15,31.0,28.917550462582494
FOODS_3_202,TX_2,2013-07-15,27.0,31.937490729073016
FOODS_3_252,CA_1,2013-07-15,62.0,52.42829094949606
FOODS_3_377,TX_2,2013-07-15,32.0,40.11764126308804
FOODS_3_501,CA_3,2013-07-15,21.0,21.125105970123045
FOODS_3_541,CA_3,2013-07-15,76.0,76.27751102290502
FOODS_3_555,TX_1,2013-07-15,26.0,38.12931049631238
FOODS_3_555,TX_2,2013-07-15,47.0,47.28467376012123
FOODS_3_586,CA_1,2013-07-15,44.0,47.59816368962818
FOODS_3_586,CA_3,2013-07-15,82.0,78.3381774566583
FOODS_3_586,TX_1,2013-07-15,48.0,59.52058613166673
FOODS_3_714,CA_1,2013-07-15,12.0,25.336499609827225
FOODS_3_714,CA_3,2013-07-15,24.0,29.27547800937459
FOODS_3_714,TX_2,2013-07-15,27.0,25.55786247064587
FOODS_3_741,CA_1,2013-07-15,5.0,10.259259438212446
FOODS_3_764,CA_3,2013-07-15,31.0,24.331745656645307
FOODS_3_030,TX_2,2013-07-15,24.0,25.71452082630653
FOODS_3_635,CA_3,2013-07-15,73.0,61.6425034455604
FOODS_3_586,TX_2,2013-07-15,101.0,99.62523137847583
FOODS_3_281,CA_3,2013-07-15,5.0,21.172095873295195
FOODS_3_252,TX_1,2013-07-15,28.0,37.290373066342994
FOODS_3_694,TX_1,2013-07-15,21.0,25.01096971537062
FOODS_3_587,CA_1,2013-07-15,0.0,0.5535820027246754
FOODS_3_090,TX_1,2013-07-15,62.0,69.66547930889229
FOODS_3_681,CA_3,2013-07-15,28.0,28.548069696657173
FOODS_3_586,CA_2,2013-07-15,18.0,29.372041989760607
FOODS_3_808,CA_3,2013-07-15,41.0,48.63920831438745
FOODS_3_752,CA_3,2013-07-15,30.0,28.910589983209636
FOODS_3_714,TX_1,2013-07-15,15.0,31.862583465282356
FOODS_3_555,CA_3,2013-07-15,27.0,36.260956820979786
FOODS_3_252,CA_3,2013-07-15,45.0,51.31385438954656
FOODS_3_808,CA_1,2013-07-15,44.0,54.453435045870386
FOODS_3_694,CA_3,2013-07-15,20.0,24.02082990775881
FOODS_3_804,CA_3,2013-07-15,25.0,28.629558266392248
FOODS_3_202,CA_3,2013-07-15,35.0,32.096506147315075
FOODS_3_376,CA_3,2013-07-15,12.0,20.517602950071222
FOODS_3_491,CA_3,2013-07-15,12.0,20.174564347896016
FOODS_3_234,CA_3,2013-07-15,29.0,24.95057002082016
FOODS_3_318,CA_3,2013-07-15,23.0,23.662182958751785
FOODS_3_635,CA_1,2013-07-15,42.0,43.74984548802112
FOODS_3_711,CA_3,2013-07-15,27.0,21.030331068829845
FOODS_3_252,CA_2,2013-07-15,15.0,29.39158506449438
FOODS_3_587,CA_3,2013-07-15,7.0,5.736813091200503
HOUSEHOLD_1_118,CA_3,2013-07-15,37.0,15.764446917154313
FOODS_3_723,CA_3,2013-07-15,11.0,25.063898306485584
FOODS_3_252,TX_2,2013-07-15,52.0,74.41301332675162
FOODS_3_541,CA_1,2013-07-15,32.0,41.1837775501575
FOODS_3_319,CA_3,2013-07-15,36.0,44.478277587774436
